CITY,UF,IGR,CITY_STANDARD
Alta Floresta D'Oeste,RO,Cacoal,ALTA FLORESTA DOESTE
Alto Alegre dos Parecis,RO,Cacoal,ALTO ALEGRE DOS PARECIS
Alto Paraíso,RO,Ariquemes,ALTO PARAISO
Alvorada D'Oeste,RO,Ji-Paraná,ALVORADA DOESTE
Ariquemes,RO,Ariquemes,ARIQUEMES
Buritis,RO,Ariquemes,BURITIS
Cabixi,RO,Vilhena,CABIXI
Cacaulândia,RO,Ariquemes,CACAULANDIA
Cacoal,RO,Cacoal,CACOAL
Campo Novo de Rondônia,RO,Ariquemes,CAMPO NOVO DE RONDONIA
Candeias do Jamari,RO,Porto Velho,CANDEIAS DO JAMARI
Castanheiras,RO,Cacoal,CASTANHEIRAS
Cerejeiras,RO,Vilhena,CEREJEIRAS
Chupinguaia,RO,Vilhena,CHUPINGUAIA
Colorado do Oeste,RO,Vilhena,COLORADO DO OESTE
Corumbiara,RO,Vilhena,CORUMBIARA
Costa Marques,RO,Ji-Paraná,COSTA MARQUES
Cujubim,RO,Ariquemes,CUJUBIM
Espigão D'Oeste,RO,Cacoal,ESPIGAO DOESTE
Governador Jorge Teixeira,RO,Jaru,GOVERNADOR JORGE TEIXEIRA
Guajará-Mirim,RO,Porto Velho,GUAJARAMIRIM
Itapuã do Oeste,RO,Porto Velho,ITAPUA DO OESTE
Jaru,RO,Jaru,JARU
Ji-Paraná,RO,Ji-Paraná,JIPARANA
Machadinho D'Oeste,RO,Jaru,MACHADINHO DOESTE
Ministro Andreazza,RO,Cacoal,MINISTRO ANDREAZZA
Mirante da Serra,RO,Ji-Paraná,MIRANTE DA SERRA
Monte Negro,RO,Ariquemes,MONTE NEGRO
Nova Brasilândia D'Oeste,RO,Cacoal,NOVA BRASILANDIA DOESTE
Nova Mamoré,RO,Porto Velho,NOVA MAMORE
Nova União,RO,Ji-Paraná,NOVA UNIAO
Novo Horizonte do Oeste,RO,Cacoal,NOVO HORIZONTE DO OESTE
Ouro Preto do Oeste,RO,Ji-Paraná,OURO PRETO DO OESTE
Parecis,RO,Cacoal,PARECIS
Pimenta Bueno,RO,Cacoal,PIMENTA BUENO
Pimenteiras do Oeste,RO,Vilhena,PIMENTEIRAS DO OESTE
Porto Velho,RO,Porto Velho,PORTO VELHO
Presidente Médici,RO,Ji-Paraná,PRESIDENTE MEDICI
Primavera de Rondônia,RO,Cacoal,PRIMAVERA DE RONDONIA
Rio Crespo,RO,Ariquemes,RIO CRESPO
Rolim de Moura,RO,Cacoal,ROLIM DE MOURA
Santa Luzia D'Oeste,RO,Cacoal,SANTA LUZIA DOESTE
São Felipe D'Oeste,RO,Cacoal,SAO FELIPE DOESTE
São Francisco do Guaporé,RO,Ji-Paraná,SAO FRANCISCO DO GUAPORE
São Miguel do Guaporé,RO,Ji-Paraná,SAO MIGUEL DO GUAPORE
Seringueiras,RO,Ji-Paraná,SERINGUEIRAS
Teixeirópolis,RO,Ji-Paraná,TEIXEIROPOLIS
Theobroma,RO,Jaru,THEOBROMA
Urupá,RO,Ji-Paraná,URUPA
Vale do Anari,RO,Jaru,VALE DO ANARI
Vale do Paraíso,RO,Ji-Paraná,VALE DO PARAISO
Vilhena,RO,Vilhena,VILHENA
Acrelândia,AC,Rio Branco,ACRELANDIA
Assis Brasil,AC,Brasiléia,ASSIS BRASIL
Brasiléia,AC,Brasiléia,BRASILEIA
Bujari,AC,Rio Branco,BUJARI
Capixaba,AC,Rio Branco,CAPIXABA
Cruzeiro do Sul,AC,Cruzeiro do Sul,CRUZEIRO DO SUL
Epitaciolândia,AC,Brasiléia,EPITACIOLANDIA
Feijó,AC,Tarauacá,FEIJO
Jordão,AC,Tarauacá,JORDAO
Mâncio Lima,AC,Cruzeiro do Sul,MANCIO LIMA
Manoel Urbano,AC,Sena Madureira,MANOEL URBANO
Marechal Thaumaturgo,AC,Cruzeiro do Sul,MARECHAL THAUMATURGO
Plácido de Castro,AC,Rio Branco,PLACIDO DE CASTRO
Porto Acre,AC,Rio Branco,PORTO ACRE
Porto Walter,AC,Cruzeiro do Sul,PORTO WALTER
Rio Branco,AC,Rio Branco,RIO BRANCO
Rodrigues Alves,AC,Cruzeiro do Sul,RODRIGUES ALVES
Santa Rosa do Purus,AC,Sena Madureira,SANTA ROSA DO PURUS
Sena Madureira,AC,Sena Madureira,SENA MADUREIRA
Senador Guiomard,AC,Rio Branco,SENADOR GUIOMARD
Tarauacá,AC,Tarauacá,TARAUACA
Xapuri,AC,Brasiléia,XAPURI
Alvarães,AM,Tefé,ALVARAES
Amaturá,AM,Tabatinga,AMATURA
Anamã,AM,Manacapuru,ANAMA
Anori,AM,Coari,ANORI
Apuí,AM,Manicoré,APUI
Atalaia do Norte,AM,Tabatinga,ATALAIA DO NORTE
Autazes,AM,Manaus,AUTAZES
Barcelos,AM,São Gabriel da Cachoeira,BARCELOS
Barreirinha,AM,Parintins,BARREIRINHA
Benjamin Constant,AM,Tabatinga,BENJAMIN CONSTANT
Beruri,AM,Coari,BERURI
Boa Vista do Ramos,AM,Parintins,BOA VISTA DO RAMOS
Boca do Acre,AM,Lábrea,BOCA DO ACRE
Borba,AM,Manaus,BORBA
Caapiranga,AM,Manacapuru,CAAPIRANGA
Canutama,AM,Lábrea,CANUTAMA
Carauari,AM,Tefé,CARAUARI
Careiro,AM,Manaus,CAREIRO
Careiro da Várzea,AM,Manaus,CAREIRO DA VARZEA
Coari,AM,Coari,COARI
Codajás,AM,Coari,CODAJAS
Eirunepé,AM,Eirunepé,EIRUNEPE
Envira,AM,Eirunepé,ENVIRA
Fonte Boa,AM,Tefé,FONTE BOA
Guajará,AM,Eirunepé,GUAJARA
Humaitá,AM,Manicoré,HUMAITA
Ipixuna,AM,Eirunepé,IPIXUNA
Iranduba,AM,Manaus,IRANDUBA
Itacoatiara,AM,Itacoatiara,ITACOATIARA
Itamarati,AM,Eirunepé,ITAMARATI
Itapiranga,AM,Itacoatiara,ITAPIRANGA
Japurá,AM,Tefé,JAPURA
Juruá,AM,Tefé,JURUA
Jutaí,AM,Tefé,JUTAI
Lábrea,AM,Lábrea,LABREA
Manacapuru,AM,Manacapuru,MANACAPURU
Manaquiri,AM,Manaus,MANAQUIRI
Manaus,AM,Manaus,MANAUS
Manicoré,AM,Manicoré,MANICORE
Maraã,AM,Tefé,MARAA
Maués,AM,Parintins,MAUES
Nhamundá,AM,Parintins,NHAMUNDA
Nova Olinda do Norte,AM,Manaus,NOVA OLINDA DO NORTE
Novo Airão,AM,Manacapuru,NOVO AIRAO
Novo Aripuanã,AM,Manicoré,NOVO ARIPUANA
Parintins,AM,Parintins,PARINTINS
Pauini,AM,Lábrea,PAUINI
Presidente Figueiredo,AM,Manaus,PRESIDENTE FIGUEIREDO
Rio Preto da Eva,AM,Manaus,RIO PRETO DA EVA
Santa Isabel do Rio Negro,AM,São Gabriel da Cachoeira,SANTA ISABEL DO RIO NEGRO
Santo Antônio do Içá,AM,Tabatinga,SANTO ANTONIO DO ICA
São Gabriel da Cachoeira,AM,São Gabriel da Cachoeira,SAO GABRIEL DA CACHOEIRA
São Paulo de Olivença,AM,Tabatinga,SAO PAULO DE OLIVENCA
São Sebastião do Uatumã,AM,Itacoatiara,SAO SEBASTIAO DO UATUMA
Silves,AM,Itacoatiara,SILVES
Tabatinga,AM,Tabatinga,TABATINGA
Tapauá,AM,Lábrea,TAPAUA
Tefé,AM,Tefé,TEFE
Tonantins,AM,Tabatinga,TONANTINS
Uarini,AM,Tefé,UARINI
Urucará,AM,Itacoatiara,URUCARA
Urucurituba,AM,Itacoatiara,URUCURITUBA
Alto Alegre,RR,Boa Vista,ALTO ALEGRE
Amajari,RR,Pacaraima,AMAJARI
Boa Vista,RR,Boa Vista,BOA VISTA
Bonfim,RR,Boa Vista,BONFIM
Cantá,RR,Boa Vista,CANTA
Caracaraí,RR,Caracaraí,CARACARAI
Caroebe,RR,Rorainópolis,CAROEBE
Iracema,RR,Caracaraí,IRACEMA
Mucajaí,RR,Boa Vista,MUCAJAI
Normandia,RR,Pacaraima,NORMANDIA
Pacaraima,RR,Pacaraima,PACARAIMA
Rorainópolis,RR,Rorainópolis,RORAINOPOLIS
São João da Baliza,RR,Rorainópolis,SAO JOAO DA BALIZA
São Luiz,RR,Rorainópolis,SAO LUIZ
Uiramutã,RR,Pacaraima,UIRAMUTA
Abaetetuba,PA,Abaetetuba,ABAETETUBA
Abel Figueiredo,PA,Marabá,ABEL FIGUEIREDO
Acará,PA,Belém,ACARA
Afuá,PA,Breves,AFUA
Água Azul do Norte,PA,Xinguara,AGUA AZUL DO NORTE
Alenquer,PA,Santarém,ALENQUER
Almeirim,PA,Almeirim - Porto de Moz,ALMEIRIM
Altamira,PA,Altamira,ALTAMIRA
Anajás,PA,Breves,ANAJAS
Ananindeua,PA,Belém,ANANINDEUA
Anapu,PA,Altamira,ANAPU
Augusto Corrêa,PA,Bragança,AUGUSTO CORREA
Aurora do Pará,PA,Paragominas,AURORA DO PARA
Aveiro,PA,Itaituba,AVEIRO
Bagre,PA,Breves,BAGRE
Baião,PA,Tucuruí,BAIAO
Bannach,PA,Redenção,BANNACH
Barcarena,PA,Belém,BARCARENA
Belém,PA,Belém,BELEM
Belterra,PA,Santarém,BELTERRA
Benevides,PA,Belém,BENEVIDES
Bom Jesus do Tocantins,PA,Marabá,BOM JESUS DO TOCANTINS
Bonito,PA,Capanema,BONITO
Bragança,PA,Bragança,BRAGANCA
Brasil Novo,PA,Altamira,BRASIL NOVO
Brejo Grande do Araguaia,PA,Marabá,BREJO GRANDE DO ARAGUAIA
Breu Branco,PA,Tucuruí,BREU BRANCO
Breves,PA,Breves,BREVES
Bujaru,PA,Belém,BUJARU
Cachoeira do Arari,PA,Soure-Salvaterra,CACHOEIRA DO ARARI
Cachoeira do Piriá,PA,Bragança,CACHOEIRA DO PIRIA
Cametá,PA,Cametá,CAMETA
Canaã dos Carajás,PA,Parauapebas,CANAA DOS CARAJAS
Capanema,PA,Capanema,CAPANEMA
Capitão Poço,PA,Capitão Poço,CAPITAO POCO
Castanhal,PA,Castanhal,CASTANHAL
Chaves,PA,Breves,CHAVES
Colares,PA,Belém,COLARES
Conceição do Araguaia,PA,Redenção,CONCEICAO DO ARAGUAIA
Concórdia do Pará,PA,Belém,CONCORDIA DO PARA
Cumaru do Norte,PA,Redenção,CUMARU DO NORTE
Curionópolis,PA,Parauapebas,CURIONOPOLIS
Curralinho,PA,Breves,CURRALINHO
Curuá,PA,Oriximiná,CURUA
Curuçá,PA,Castanhal,CURUCA
Dom Eliseu,PA,Paragominas,DOM ELISEU
Eldorado do Carajás,PA,Parauapebas,ELDORADO DO CARAJAS
Faro,PA,Oriximiná,FARO
Floresta do Araguaia,PA,Redenção,FLORESTA DO ARAGUAIA
Garrafão do Norte,PA,Capitão Poço,GARRAFAO DO NORTE
Goianésia do Pará,PA,Tucuruí,GOIANESIA DO PARA
Gurupá,PA,Breves,GURUPA
Igarapé-Açu,PA,Castanhal,IGARAPEACU
Igarapé-Miri,PA,Abaetetuba,IGARAPEMIRI
Inhangapi,PA,Castanhal,INHANGAPI
Ipixuna do Pará,PA,Paragominas,IPIXUNA DO PARA
Irituia,PA,Castanhal,IRITUIA
Itaituba,PA,Itaituba,ITAITUBA
Itupiranga,PA,Marabá,ITUPIRANGA
Jacareacanga,PA,Itaituba,JACAREACANGA
Jacundá,PA,Marabá,JACUNDA
Juruti,PA,Oriximiná,JURUTI
Limoeiro do Ajuru,PA,Cametá,LIMOEIRO DO AJURU
Mãe do Rio,PA,Paragominas,MAE DO RIO
Magalhães Barata,PA,Castanhal,MAGALHAES BARATA
Marabá,PA,Marabá,MARABA
Maracanã,PA,Castanhal,MARACANA
Marapanim,PA,Castanhal,MARAPANIM
Marituba,PA,Belém,MARITUBA
Medicilândia,PA,Altamira,MEDICILANDIA
Melgaço,PA,Breves,MELGACO
Mocajuba,PA,Cametá,MOCAJUBA
Moju,PA,Abaetetuba,MOJU
Mojuí dos Campos,PA,Santarém,MOJUI DOS CAMPOS
Monte Alegre,PA,Santarém,MONTE ALEGRE
Muaná,PA,Soure-Salvaterra,MUANA
Nova Esperança do Piriá,PA,Capitão Poço,NOVA ESPERANCA DO PIRIA
Nova Ipixuna,PA,Marabá,NOVA IPIXUNA
Nova Timboteua,PA,Capanema,NOVA TIMBOTEUA
Novo Progresso,PA,Itaituba,NOVO PROGRESSO
Novo Repartimento,PA,Tucuruí,NOVO REPARTIMENTO
Óbidos,PA,Oriximiná,OBIDOS
Oeiras do Pará,PA,Cametá,OEIRAS DO PARA
Oriximiná,PA,Oriximiná,ORIXIMINA
Ourém,PA,Capitão Poço,OUREM
Ourilândia do Norte,PA,Tucumã - São Félix do Xingu,OURILANDIA DO NORTE
Pacajá,PA,Tucuruí,PACAJA
Palestina do Pará,PA,Marabá,PALESTINA DO PARA
Paragominas,PA,Paragominas,PARAGOMINAS
Parauapebas,PA,Parauapebas,PARAUAPEBAS
Pau D'Arco,PA,Redenção,PAU DARCO
Peixe-Boi,PA,Capanema,PEIXEBOI
Piçarra,PA,Marabá,PICARRA
Placas,PA,Itaituba,PLACAS
Ponta de Pedras,PA,Soure-Salvaterra,PONTA DE PEDRAS
Portel,PA,Breves,PORTEL
Porto de Moz,PA,Almeirim - Porto de Moz,PORTO DE MOZ
Prainha,PA,Santarém,PRAINHA
Primavera,PA,Capanema,PRIMAVERA
Quatipuru,PA,Capanema,QUATIPURU
Redenção,PA,Redenção,REDENCAO
Rio Maria,PA,Xinguara,RIO MARIA
Rondon do Pará,PA,Marabá,RONDON DO PARA
Rurópolis,PA,Itaituba,RUROPOLIS
Salinópolis,PA,Capanema,SALINOPOLIS
Salvaterra,PA,Soure-Salvaterra,SALVATERRA
Santa Bárbara do Pará,PA,Belém,SANTA BARBARA DO PARA
Santa Cruz do Arari,PA,Soure-Salvaterra,SANTA CRUZ DO ARARI
Santa Izabel do Pará,PA,Belém,SANTA IZABEL DO PARA
Santa Luzia do Pará,PA,Bragança,SANTA LUZIA DO PARA
Santa Maria das Barreiras,PA,Redenção,SANTA MARIA DAS BARREIRAS
Santa Maria do Pará,PA,Castanhal,SANTA MARIA DO PARA
Santana do Araguaia,PA,Redenção,SANTANA DO ARAGUAIA
Santarém,PA,Santarém,SANTAREM
Santarém Novo,PA,Capanema,SANTAREM NOVO
Santo Antônio do Tauá,PA,Belém,SANTO ANTONIO DO TAUA
São Caetano de Odivelas,PA,Belém,SAO CAETANO DE ODIVELAS
São Domingos do Araguaia,PA,Marabá,SAO DOMINGOS DO ARAGUAIA
São Domingos do Capim,PA,Castanhal,SAO DOMINGOS DO CAPIM
São Félix do Xingu,PA,Tucumã - São Félix do Xingu,SAO FELIX DO XINGU
São Francisco do Pará,PA,Castanhal,SAO FRANCISCO DO PARA
São Geraldo do Araguaia,PA,Marabá,SAO GERALDO DO ARAGUAIA
São João da Ponta,PA,Castanhal,SAO JOAO DA PONTA
São João de Pirabas,PA,Capanema,SAO JOAO DE PIRABAS
São João do Araguaia,PA,Marabá,SAO JOAO DO ARAGUAIA
São Miguel do Guamá,PA,Castanhal,SAO MIGUEL DO GUAMA
São Sebastião da Boa Vista,PA,Breves,SAO SEBASTIAO DA BOA VISTA
Sapucaia,PA,Xinguara,SAPUCAIA
Senador José Porfírio,PA,Altamira,SENADOR JOSE PORFIRIO
Soure,PA,Soure-Salvaterra,SOURE
Tailândia,PA,Abaetetuba,TAILANDIA
Terra Alta,PA,Castanhal,TERRA ALTA
Terra Santa,PA,Oriximiná,TERRA SANTA
Tomé-Açu,PA,Belém,TOMEACU
Tracuateua,PA,Bragança,TRACUATEUA
Trairão,PA,Itaituba,TRAIRAO
Tucumã,PA,Tucumã - São Félix do Xingu,TUCUMA
Tucuruí,PA,Tucuruí,TUCURUI
Ulianópolis,PA,Paragominas,ULIANOPOLIS
Uruará,PA,Altamira,URUARA
Vigia,PA,Belém,VIGIA
Viseu,PA,Bragança,VISEU
Vitória do Xingu,PA,Altamira,VITORIA DO XINGU
Xinguara,PA,Xinguara,XINGUARA
Amapá,AP,Oiapoque,AMAPA
Calçoene,AP,Oiapoque,CALCOENE
Cutias,AP,Oiapoque,CUTIAS
Ferreira Gomes,AP,Porto Grande,FERREIRA GOMES
Itaubal,AP,Macapá,ITAUBAL
Laranjal do Jari,AP,Laranjal do Jari,LARANJAL DO JARI
Macapá,AP,Macapá,MACAPA
Mazagão,AP,Macapá,MAZAGAO
Oiapoque,AP,Oiapoque,OIAPOQUE
Pedra Branca do Amapari,AP,Porto Grande,PEDRA BRANCA DO AMAPARI
Porto Grande,AP,Porto Grande,PORTO GRANDE
Pracuúba,AP,Oiapoque,PRACUUBA
Santana,AP,Macapá,SANTANA
Serra do Navio,AP,Porto Grande,SERRA DO NAVIO
Tartarugalzinho,AP,Oiapoque,TARTARUGALZINHO
Vitória do Jari,AP,Laranjal do Jari,VITORIA DO JARI
Abreulândia,TO,Paraíso do Tocantins,ABREULANDIA
Aguiarnópolis,TO,Tocantinópolis,AGUIARNOPOLIS
Aliança do Tocantins,TO,Gurupi,ALIANCA DO TOCANTINS
Almas,TO,Dianópolis,ALMAS
Alvorada,TO,Gurupi,ALVORADA
Ananás,TO,Araguaína,ANANAS
Angico,TO,Araguaína,ANGICO
Aparecida do Rio Negro,TO,Palmas,APARECIDA DO RIO NEGRO
Aragominas,TO,Araguaína,ARAGOMINAS
Araguacema,TO,Paraíso do Tocantins,ARAGUACEMA
Araguaçu,TO,Gurupi,ARAGUACU
Araguaína,TO,Araguaína,ARAGUAINA
Araguanã,TO,Araguaína,ARAGUANA
Araguatins,TO,Araguatins,ARAGUATINS
Arapoema,TO,Araguaína,ARAPOEMA
Arraias,TO,Dianópolis,ARRAIAS
Augustinópolis,TO,Araguatins,AUGUSTINOPOLIS
Aurora do Tocantins,TO,Dianópolis,AURORA DO TOCANTINS
Axixá do Tocantins,TO,Araguatins,AXIXA DO TOCANTINS
Babaçulândia,TO,Araguaína,BABACULANDIA
Bandeirantes do Tocantins,TO,Colinas do Tocantins,BANDEIRANTES DO TOCANTINS
Barra do Ouro,TO,Araguaína,BARRA DO OURO
Barrolândia,TO,Paraíso do Tocantins,BARROLANDIA
Bernardo Sayão,TO,Colinas do Tocantins,BERNARDO SAYAO
Bom Jesus do Tocantins,TO,Guaraí,BOM JESUS DO TOCANTINS
Brasilândia do Tocantins,TO,Colinas do Tocantins,BRASILANDIA DO TOCANTINS
Brejinho de Nazaré,TO,Porto Nacional,BREJINHO DE NAZARE
Buriti do Tocantins,TO,Araguatins,BURITI DO TOCANTINS
Cachoeirinha,TO,Tocantinópolis,CACHOEIRINHA
Campos Lindos,TO,Araguaína,CAMPOS LINDOS
Cariri do Tocantins,TO,Gurupi,CARIRI DO TOCANTINS
Carmolândia,TO,Araguaína,CARMOLANDIA
Carrasco Bonito,TO,Araguatins,CARRASCO BONITO
Caseara,TO,Paraíso do Tocantins,CASEARA
Centenário,TO,Guaraí,CENTENARIO
Chapada da Natividade,TO,Porto Nacional,CHAPADA DA NATIVIDADE
Chapada de Areia,TO,Paraíso do Tocantins,CHAPADA DE AREIA
Colinas do Tocantins,TO,Colinas do Tocantins,COLINAS DO TOCANTINS
Colméia,TO,Guaraí,COLMEIA
Combinado,TO,Dianópolis,COMBINADO
Conceição do Tocantins,TO,Dianópolis,CONCEICAO DO TOCANTINS
Couto Magalhães,TO,Guaraí,COUTO MAGALHAES
Cristalândia,TO,Paraíso do Tocantins,CRISTALANDIA
Crixás do Tocantins,TO,Gurupi,CRIXAS DO TOCANTINS
Darcinópolis,TO,Araguaína,DARCINOPOLIS
Dianópolis,TO,Dianópolis,DIANOPOLIS
Divinópolis do Tocantins,TO,Paraíso do Tocantins,DIVINOPOLIS DO TOCANTINS
Dois Irmãos do Tocantins,TO,Miracema do Tocantins,DOIS IRMAOS DO TOCANTINS
Dueré,TO,Gurupi,DUERE
Esperantina,TO,Araguatins,ESPERANTINA
Fátima,TO,Porto Nacional,FATIMA
Figueirópolis,TO,Gurupi,FIGUEIROPOLIS
Filadélfia,TO,Araguaína,FILADELFIA
Formoso do Araguaia,TO,Gurupi,FORMOSO DO ARAGUAIA
Goianorte,TO,Guaraí,GOIANORTE
Goiatins,TO,Araguaína,GOIATINS
Guaraí,TO,Guaraí,GUARAI
Gurupi,TO,Gurupi,GURUPI
Ipueiras,TO,Porto Nacional,IPUEIRAS
Itacajá,TO,Colinas do Tocantins,ITACAJA
Itaguatins,TO,Araguatins,ITAGUATINS
Itapiratins,TO,Colinas do Tocantins,ITAPIRATINS
Itaporã do Tocantins,TO,Guaraí,ITAPORA DO TOCANTINS
Jaú do Tocantins,TO,Gurupi,JAU DO TOCANTINS
Juarina,TO,Colinas do Tocantins,JUARINA
Lagoa da Confusão,TO,Paraíso do Tocantins,LAGOA DA CONFUSAO
Lagoa do Tocantins,TO,Palmas,LAGOA DO TOCANTINS
Lajeado,TO,Palmas,LAJEADO
Lavandeira,TO,Dianópolis,LAVANDEIRA
Lizarda,TO,Palmas,LIZARDA
Luzinópolis,TO,Tocantinópolis,LUZINOPOLIS
Marianópolis do Tocantins,TO,Paraíso do Tocantins,MARIANOPOLIS DO TOCANTINS
Mateiros,TO,Palmas,MATEIROS
Maurilândia do Tocantins,TO,Tocantinópolis,MAURILANDIA DO TOCANTINS
Miracema do Tocantins,TO,Miracema do Tocantins,MIRACEMA DO TOCANTINS
Miranorte,TO,Miracema do Tocantins,MIRANORTE
Monte do Carmo,TO,Porto Nacional,MONTE DO CARMO
Monte Santo do Tocantins,TO,Paraíso do Tocantins,MONTE SANTO DO TOCANTINS
Muricilândia,TO,Araguaína,MURICILANDIA
Natividade,TO,Porto Nacional,NATIVIDADE
Nazaré,TO,Tocantinópolis,NAZARE
Nova Olinda,TO,Araguaína,NOVA OLINDA
Nova Rosalândia,TO,Paraíso do Tocantins,NOVA ROSALANDIA
Novo Acordo,TO,Palmas,NOVO ACORDO
Novo Alegre,TO,Dianópolis,NOVO ALEGRE
Novo Jardim,TO,Dianópolis,NOVO JARDIM
Oliveira de Fátima,TO,Porto Nacional,OLIVEIRA DE FATIMA
Palmas,TO,Palmas,PALMAS
Palmeirante,TO,Colinas do Tocantins,PALMEIRANTE
Palmeiras do Tocantins,TO,Tocantinópolis,PALMEIRAS DO TOCANTINS
Palmeirópolis,TO,Gurupi,PALMEIROPOLIS
Paraíso do Tocantins,TO,Paraíso do Tocantins,PARAISO DO TOCANTINS
Paranã,TO,Gurupi,PARANA
Pau D'Arco,TO,Araguaína,PAU DARCO
Pedro Afonso,TO,Guaraí,PEDRO AFONSO
Peixe,TO,Gurupi,PEIXE
Pequizeiro,TO,Guaraí,PEQUIZEIRO
Pindorama do Tocantins,TO,Porto Nacional,PINDORAMA DO TOCANTINS
Piraquê,TO,Araguaína,PIRAQUE
Pium,TO,Paraíso do Tocantins,PIUM
Ponte Alta do Bom Jesus,TO,Dianópolis,PONTE ALTA DO BOM JESUS
Ponte Alta do Tocantins,TO,Porto Nacional,PONTE ALTA DO TOCANTINS
Porto Alegre do Tocantins,TO,Dianópolis,PORTO ALEGRE DO TOCANTINS
Porto Nacional,TO,Porto Nacional,PORTO NACIONAL
Praia Norte,TO,Araguatins,PRAIA NORTE
Presidente Kennedy,TO,Guaraí,PRESIDENTE KENNEDY
Pugmil,TO,Paraíso do Tocantins,PUGMIL
Recursolândia,TO,Guaraí,RECURSOLANDIA
Riachinho,TO,Araguaína,RIACHINHO
Rio da Conceição,TO,Dianópolis,RIO DA CONCEICAO
Rio dos Bois,TO,Miracema do Tocantins,RIO DOS BOIS
Rio Sono,TO,Palmas,RIO SONO
Sampaio,TO,Araguatins,SAMPAIO
Sandolândia,TO,Gurupi,SANDOLANDIA
Santa Fé do Araguaia,TO,Araguaína,SANTA FE DO ARAGUAIA
Santa Maria do Tocantins,TO,Guaraí,SANTA MARIA DO TOCANTINS
Santa Rita do Tocantins,TO,Porto Nacional,SANTA RITA DO TOCANTINS
Santa Rosa do Tocantins,TO,Porto Nacional,SANTA ROSA DO TOCANTINS
Santa Tereza do Tocantins,TO,Palmas,SANTA TEREZA DO TOCANTINS
Santa Terezinha do Tocantins,TO,Tocantinópolis,SANTA TEREZINHA DO TOCANTINS
São Bento do Tocantins,TO,Araguatins,SAO BENTO DO TOCANTINS
São Félix do Tocantins,TO,Palmas,SAO FELIX DO TOCANTINS
São Miguel do Tocantins,TO,Araguatins,SAO MIGUEL DO TOCANTINS
São Salvador do Tocantins,TO,Gurupi,SAO SALVADOR DO TOCANTINS
São Sebastião do Tocantins,TO,Araguatins,SAO SEBASTIAO DO TOCANTINS
São Valério,TO,Gurupi,SAO VALERIO
Silvanópolis,TO,Porto Nacional,SILVANOPOLIS
Sítio Novo do Tocantins,TO,Araguatins,SITIO NOVO DO TOCANTINS
Sucupira,TO,Gurupi,SUCUPIRA
Tabocão,TO,Guaraí,TABOCAO
Taguatinga,TO,Dianópolis,TAGUATINGA
Taipas do Tocantins,TO,Dianópolis,TAIPAS DO TOCANTINS
Talismã,TO,Gurupi,TALISMA
Tocantínia,TO,Miracema do Tocantins,TOCANTINIA
Tocantinópolis,TO,Tocantinópolis,TOCANTINOPOLIS
Tupirama,TO,Guaraí,TUPIRAMA
Tupiratins,TO,Colinas do Tocantins,TUPIRATINS
Wanderlândia,TO,Araguaína,WANDERLANDIA
Xambioá,TO,Araguaína,XAMBIOA
Açailândia,MA,Açailândia,ACAILANDIA
Afonso Cunha,MA,Caxias,AFONSO CUNHA
Água Doce do Maranhão,MA,Tutóia - Araioses,AGUA DOCE DO MARANHAO
Alcântara,MA,São Luís,ALCANTARA
Aldeias Altas,MA,Caxias,ALDEIAS ALTAS
Altamira do Maranhão,MA,Bacabal,ALTAMIRA DO MARANHAO
Alto Alegre do Maranhão,MA,Bacabal,ALTO ALEGRE DO MARANHAO
Alto Alegre do Pindaré,MA,Santa Inês,ALTO ALEGRE DO PINDARE
Alto Parnaíba,MA,Balsas,ALTO PARNAIBA
Amapá do Maranhão,MA,Governador Nunes Freire,AMAPA DO MARANHAO
Amarante do Maranhão,MA,Imperatriz,AMARANTE DO MARANHAO
Anajatuba,MA,Itapecuru Mirim,ANAJATUBA
Anapurus,MA,Chapadinha,ANAPURUS
Apicum-Açu,MA,Cururupu,APICUMACU
Araguanã,MA,Santa Inês,ARAGUANA
Araioses,MA,Tutóia - Araioses,ARAIOSES
Arame,MA,Barra do Corda,ARAME
Arari,MA,Viana,ARARI
Axixá,MA,São Luís,AXIXA
Bacabal,MA,Bacabal,BACABAL
Bacabeira,MA,São Luís,BACABEIRA
Bacuri,MA,Cururupu,BACURI
Bacurituba,MA,Pinheiro,BACURITUBA
Balsas,MA,Balsas,BALSAS
Barão de Grajaú,MA,São João dos Patos,BARAO DE GRAJAU
Barra do Corda,MA,Barra do Corda,BARRA DO CORDA
Barreirinhas,MA,Barreirinhas,BARREIRINHAS
Bela Vista do Maranhão,MA,Santa Inês,BELA VISTA DO MARANHAO
Belágua,MA,Chapadinha,BELAGUA
Benedito Leite,MA,São João dos Patos,BENEDITO LEITE
Bequimão,MA,Pinheiro,BEQUIMAO
Bernardo do Mearim,MA,Pedreiras,BERNARDO DO MEARIM
Boa Vista do Gurupi,MA,Governador Nunes Freire,BOA VISTA DO GURUPI
Bom Jardim,MA,Santa Inês,BOM JARDIM
Bom Jesus das Selvas,MA,Açailândia,BOM JESUS DAS SELVAS
Bom Lugar,MA,Bacabal,BOM LUGAR
Brejo,MA,Chapadinha,BREJO
Brejo de Areia,MA,Bacabal,BREJO DE AREIA
Buriti,MA,Chapadinha,BURITI
Buriti Bravo,MA,Timon,BURITI BRAVO
Buriticupu,MA,Açailândia,BURITICUPU
Buritirana,MA,Imperatriz,BURITIRANA
Cachoeira Grande,MA,São Luís,CACHOEIRA GRANDE
Cajapió,MA,Viana,CAJAPIO
Cajari,MA,Viana,CAJARI
Campestre do Maranhão,MA,Imperatriz,CAMPESTRE DO MARANHAO
Cândido Mendes,MA,Governador Nunes Freire,CANDIDO MENDES
Cantanhede,MA,Itapecuru Mirim,CANTANHEDE
Capinzal do Norte,MA,Pedreiras,CAPINZAL DO NORTE
Carolina,MA,Balsas,CAROLINA
Carutapera,MA,Governador Nunes Freire,CARUTAPERA
Caxias,MA,Caxias,CAXIAS
Cedral,MA,Cururupu,CEDRAL
Central do Maranhão,MA,Cururupu,CENTRAL DO MARANHAO
Centro do Guilherme,MA,Governador Nunes Freire,CENTRO DO GUILHERME
Centro Novo do Maranhão,MA,Governador Nunes Freire,CENTRO NOVO DO MARANHAO
Chapadinha,MA,Chapadinha,CHAPADINHA
Cidelândia,MA,Imperatriz,CIDELANDIA
Codó,MA,Codó,CODO
Coelho Neto,MA,Caxias,COELHO NETO
Colinas,MA,Colinas,COLINAS
Conceição do Lago-Açu,MA,Bacabal,CONCEICAO DO LAGOACU
Coroatá,MA,Codó,COROATA
Cururupu,MA,Cururupu,CURURUPU
Davinópolis,MA,Imperatriz,DAVINOPOLIS
Dom Pedro,MA,Presidente Dutra,DOM PEDRO
Duque Bacelar,MA,Caxias,DUQUE BACELAR
Esperantinópolis,MA,Pedreiras,ESPERANTINOPOLIS
Estreito,MA,Imperatriz,ESTREITO
Feira Nova do Maranhão,MA,Balsas,FEIRA NOVA DO MARANHAO
Fernando Falcão,MA,Barra do Corda,FERNANDO FALCAO
Formosa da Serra Negra,MA,Barra do Corda,FORMOSA DA SERRA NEGRA
Fortaleza dos Nogueiras,MA,Balsas,FORTALEZA DOS NOGUEIRAS
Fortuna,MA,Presidente Dutra,FORTUNA
Godofredo Viana,MA,Governador Nunes Freire,GODOFREDO VIANA
Gonçalves Dias,MA,Presidente Dutra,GONCALVES DIAS
Governador Archer,MA,Presidente Dutra,GOVERNADOR ARCHER
Governador Edison Lobão,MA,Imperatriz,GOVERNADOR EDISON LOBAO
Governador Eugênio Barros,MA,Presidente Dutra,GOVERNADOR EUGENIO BARROS
Governador Luiz Rocha,MA,Presidente Dutra,GOVERNADOR LUIZ ROCHA
Governador Newton Bello,MA,Santa Inês,GOVERNADOR NEWTON BELLO
Governador Nunes Freire,MA,Governador Nunes Freire,GOVERNADOR NUNES FREIRE
Graça Aranha,MA,Presidente Dutra,GRACA ARANHA
Grajaú,MA,Barra do Corda,GRAJAU
Guimarães,MA,Cururupu,GUIMARAES
Humberto de Campos,MA,Barreirinhas,HUMBERTO DE CAMPOS
Icatu,MA,São Luís,ICATU
Igarapé do Meio,MA,Santa Inês,IGARAPE DO MEIO
Igarapé Grande,MA,Pedreiras,IGARAPE GRANDE
Imperatriz,MA,Imperatriz,IMPERATRIZ
Itaipava do Grajaú,MA,Barra do Corda,ITAIPAVA DO GRAJAU
Itapecuru Mirim,MA,Itapecuru Mirim,ITAPECURU MIRIM
Itinga do Maranhão,MA,Açailândia,ITINGA DO MARANHAO
Jatobá,MA,Colinas,JATOBA
Jenipapo dos Vieiras,MA,Barra do Corda,JENIPAPO DOS VIEIRAS
João Lisboa,MA,Imperatriz,JOAO LISBOA
Joselândia,MA,Pedreiras,JOSELANDIA
Junco do Maranhão,MA,Governador Nunes Freire,JUNCO DO MARANHAO
Lago da Pedra,MA,Bacabal,LAGO DA PEDRA
Lago do Junco,MA,Pedreiras,LAGO DO JUNCO
Lago dos Rodrigues,MA,Pedreiras,LAGO DOS RODRIGUES
Lago Verde,MA,Bacabal,LAGO VERDE
Lagoa do Mato,MA,São João dos Patos,LAGOA DO MATO
Lagoa Grande do Maranhão,MA,Bacabal,LAGOA GRANDE DO MARANHAO
Lajeado Novo,MA,Imperatriz,LAJEADO NOVO
Lima Campos,MA,Pedreiras,LIMA CAMPOS
Loreto,MA,Balsas,LORETO
Luís Domingues,MA,Governador Nunes Freire,LUIS DOMINGUES
Magalhães de Almeida,MA,Tutóia - Araioses,MAGALHAES DE ALMEIDA
Maracaçumé,MA,Governador Nunes Freire,MARACACUME
Marajá do Sena,MA,Bacabal,MARAJA DO SENA
Maranhãozinho,MA,Governador Nunes Freire,MARANHAOZINHO
Mata Roma,MA,Chapadinha,MATA ROMA
Matinha,MA,Viana,MATINHA
Matões,MA,Timon,MATOES
Matões do Norte,MA,Itapecuru Mirim,MATOES DO NORTE
Milagres do Maranhão,MA,Chapadinha,MILAGRES DO MARANHAO
Mirador,MA,Colinas,MIRADOR
Miranda do Norte,MA,Itapecuru Mirim,MIRANDA DO NORTE
Mirinzal,MA,Cururupu,MIRINZAL
Monção,MA,Santa Inês,MONCAO
Montes Altos,MA,Imperatriz,MONTES ALTOS
Morros,MA,São Luís,MORROS
Nina Rodrigues,MA,Itapecuru Mirim,NINA RODRIGUES
Nova Colinas,MA,Balsas,NOVA COLINAS
Nova Iorque,MA,São João dos Patos,NOVA IORQUE
Nova Olinda do Maranhão,MA,Santa Inês,NOVA OLINDA DO MARANHAO
Olho d'Água das Cunhãs,MA,Bacabal,OLHO DAGUA DAS CUNHAS
Olinda Nova do Maranhão,MA,Viana,OLINDA NOVA DO MARANHAO
Paço do Lumiar,MA,São Luís,PACO DO LUMIAR
Palmeirândia,MA,Pinheiro,PALMEIRANDIA
Paraibano,MA,São João dos Patos,PARAIBANO
Parnarama,MA,Timon,PARNARAMA
Passagem Franca,MA,São João dos Patos,PASSAGEM FRANCA
Pastos Bons,MA,São João dos Patos,PASTOS BONS
Paulino Neves,MA,Tutóia - Araioses,PAULINO NEVES
Paulo Ramos,MA,Bacabal,PAULO RAMOS
Pedreiras,MA,Pedreiras,PEDREIRAS
Pedro do Rosário,MA,Pinheiro,PEDRO DO ROSARIO
Penalva,MA,Viana,PENALVA
Peri Mirim,MA,Pinheiro,PERI MIRIM
Peritoró,MA,Codó,PERITORO
Pindaré-Mirim,MA,Santa Inês,PINDAREMIRIM
Pinheiro,MA,Pinheiro,PINHEIRO
Pio XII,MA,Santa Inês,PIO XII
Pirapemas,MA,Itapecuru Mirim,PIRAPEMAS
Poção de Pedras,MA,Pedreiras,POCAO DE PEDRAS
Porto Franco,MA,Imperatriz,PORTO FRANCO
Porto Rico do Maranhão,MA,Cururupu,PORTO RICO DO MARANHAO
Presidente Dutra,MA,Presidente Dutra,PRESIDENTE DUTRA
Presidente Juscelino,MA,São Luís,PRESIDENTE JUSCELINO
Presidente Médici,MA,Governador Nunes Freire,PRESIDENTE MEDICI
Presidente Sarney,MA,Pinheiro,PRESIDENTE SARNEY
Presidente Vargas,MA,Itapecuru Mirim,PRESIDENTE VARGAS
Primeira Cruz,MA,Barreirinhas,PRIMEIRA CRUZ
Raposa,MA,São Luís,RAPOSA
Riachão,MA,Balsas,RIACHAO
Ribamar Fiquene,MA,Imperatriz,RIBAMAR FIQUENE
Rosário,MA,São Luís,ROSARIO
Sambaíba,MA,Balsas,SAMBAIBA
Santa Filomena do Maranhão,MA,Presidente Dutra,SANTA FILOMENA DO MARANHAO
Santa Helena,MA,Pinheiro,SANTA HELENA
Santa Inês,MA,Santa Inês,SANTA INES
Santa Luzia,MA,Santa Inês,SANTA LUZIA
Santa Luzia do Paruá,MA,Governador Nunes Freire,SANTA LUZIA DO PARUA
Santa Quitéria do Maranhão,MA,Chapadinha,SANTA QUITERIA DO MARANHAO
Santa Rita,MA,São Luís,SANTA RITA
Santana do Maranhão,MA,Tutóia - Araioses,SANTANA DO MARANHAO
Santo Amaro do Maranhão,MA,Barreirinhas,SANTO AMARO DO MARANHAO
Santo Antônio dos Lopes,MA,Pedreiras,SANTO ANTONIO DOS LOPES
São Benedito do Rio Preto,MA,Chapadinha,SAO BENEDITO DO RIO PRETO
São Bento,MA,Pinheiro,SAO BENTO
São Bernardo,MA,Tutóia - Araioses,SAO BERNARDO
São Domingos do Azeitão,MA,São João dos Patos,SAO DOMINGOS DO AZEITAO
São Domingos do Maranhão,MA,Presidente Dutra,SAO DOMINGOS DO MARANHAO
São Félix de Balsas,MA,Balsas,SAO FELIX DE BALSAS
São Francisco do Brejão,MA,Açailândia,SAO FRANCISCO DO BREJAO
São Francisco do Maranhão,MA,São João dos Patos,SAO FRANCISCO DO MARANHAO
São João Batista,MA,Viana,SAO JOAO BATISTA
São João do Carú,MA,Santa Inês,SAO JOAO DO CARU
São João do Paraíso,MA,Imperatriz,SAO JOAO DO PARAISO
São João do Soter,MA,Caxias,SAO JOAO DO SOTER
São João dos Patos,MA,São João dos Patos,SAO JOAO DOS PATOS
São José de Ribamar,MA,São Luís,SAO JOSE DE RIBAMAR
São José dos Basílios,MA,Presidente Dutra,SAO JOSE DOS BASILIOS
São Luís,MA,São Luís,SAO LUIS
São Luís Gonzaga do Maranhão,MA,Bacabal,SAO LUIS GONZAGA DO MARANHAO
São Mateus do Maranhão,MA,Bacabal,SAO MATEUS DO MARANHAO
São Pedro da Água Branca,MA,Imperatriz,SAO PEDRO DA AGUA BRANCA
São Pedro dos Crentes,MA,Barra do Corda,SAO PEDRO DOS CRENTES
São Raimundo das Mangabeiras,MA,Balsas,SAO RAIMUNDO DAS MANGABEIRAS
São Raimundo do Doca Bezerra,MA,Pedreiras,SAO RAIMUNDO DO DOCA BEZERRA
São Roberto,MA,Pedreiras,SAO ROBERTO
São Vicente Ferrer,MA,Viana,SAO VICENTE FERRER
Satubinha,MA,Bacabal,SATUBINHA
Senador Alexandre Costa,MA,Presidente Dutra,SENADOR ALEXANDRE COSTA
Senador La Rocque,MA,Imperatriz,SENADOR LA ROCQUE
Serrano do Maranhão,MA,Cururupu,SERRANO DO MARANHAO
Sítio Novo,MA,Barra do Corda,SITIO NOVO
Sucupira do Norte,MA,Colinas,SUCUPIRA DO NORTE
Sucupira do Riachão,MA,São João dos Patos,SUCUPIRA DO RIACHAO
Tasso Fragoso,MA,Balsas,TASSO FRAGOSO
Timbiras,MA,Codó,TIMBIRAS
Timon,MA,Timon,TIMON
Trizidela do Vale,MA,Pedreiras,TRIZIDELA DO VALE
Tufilândia,MA,Santa Inês,TUFILANDIA
Tuntum,MA,Presidente Dutra,TUNTUM
Turiaçu,MA,Pinheiro,TURIACU
Turilândia,MA,Pinheiro,TURILANDIA
Tutóia,MA,Tutóia - Araioses,TUTOIA
Urbano Santos,MA,Chapadinha,URBANO SANTOS
Vargem Grande,MA,Itapecuru Mirim,VARGEM GRANDE
Viana,MA,Viana,VIANA
Vila Nova dos Martírios,MA,Imperatriz,VILA NOVA DOS MARTIRIOS
Vitória do Mearim,MA,Viana,VITORIA DO MEARIM
Vitorino Freire,MA,Bacabal,VITORINO FREIRE
Zé Doca,MA,Santa Inês,ZE DOCA
Acauã,PI,Paulistana,ACAUA
Agricolândia,PI,Amarante - Água Branca - Regeneração,AGRICOLANDIA
Água Branca,PI,Amarante - Água Branca - Regeneração,AGUA BRANCA
Alagoinha do Piauí,PI,Picos,ALAGOINHA DO PIAUI
Alegrete do Piauí,PI,Picos,ALEGRETE DO PIAUI
Alto Longá,PI,Teresina,ALTO LONGA
Altos,PI,Teresina,ALTOS
Alvorada do Gurguéia,PI,Bom Jesus,ALVORADA DO GURGUEIA
Amarante,PI,Amarante - Água Branca - Regeneração,AMARANTE
Angical do Piauí,PI,Amarante - Água Branca - Regeneração,ANGICAL DO PIAUI
Anísio de Abreu,PI,São Raimundo Nonato,ANISIO DE ABREU
Antônio Almeida,PI,Uruçuí,ANTONIO ALMEIDA
Aroazes,PI,Valença do Piauí,AROAZES
Aroeiras do Itaim,PI,Picos,AROEIRAS DO ITAIM
Arraial,PI,Floriano,ARRAIAL
Assunção do Piauí,PI,Campo Maior,ASSUNCAO DO PIAUI
Avelino Lopes,PI,Corrente,AVELINO LOPES
Baixa Grande do Ribeiro,PI,Uruçuí,BAIXA GRANDE DO RIBEIRO
Barra D'Alcântara,PI,Valença do Piauí,BARRA DALCANTARA
Barras,PI,Barras,BARRAS
Barreiras do Piauí,PI,Corrente,BARREIRAS DO PIAUI
Barro Duro,PI,Amarante - Água Branca - Regeneração,BARRO DURO
Batalha,PI,Esperantina,BATALHA
Bela Vista do Piauí,PI,Simplício Mendes,BELA VISTA DO PIAUI
Belém do Piauí,PI,Picos,BELEM DO PIAUI
Beneditinos,PI,Teresina,BENEDITINOS
Bertolínia,PI,Uruçuí,BERTOLINIA
Betânia do Piauí,PI,Paulistana,BETANIA DO PIAUI
Boa Hora,PI,Barras,BOA HORA
Bocaina,PI,Picos,BOCAINA
Bom Jesus,PI,Bom Jesus,BOM JESUS
Bom Princípio do Piauí,PI,Parnaíba,BOM PRINCIPIO DO PIAUI
Bonfim do Piauí,PI,São Raimundo Nonato,BONFIM DO PIAUI
Boqueirão do Piauí,PI,Campo Maior,BOQUEIRAO DO PIAUI
Brasileira,PI,Piripiri,BRASILEIRA
Brejo do Piauí,PI,Canto do Buriti,BREJO DO PIAUI
Buriti dos Lopes,PI,Parnaíba,BURITI DOS LOPES
Buriti dos Montes,PI,Campo Maior,BURITI DOS MONTES
Cabeceiras do Piauí,PI,Barras,CABECEIRAS DO PIAUI
Cajazeiras do Piauí,PI,Oeiras,CAJAZEIRAS DO PIAUI
Cajueiro da Praia,PI,Parnaíba,CAJUEIRO DA PRAIA
Caldeirão Grande do Piauí,PI,Picos,CALDEIRAO GRANDE DO PIAUI
Campinas do Piauí,PI,Simplício Mendes,CAMPINAS DO PIAUI
Campo Alegre do Fidalgo,PI,São João do Piauí,CAMPO ALEGRE DO FIDALGO
Campo Grande do Piauí,PI,Picos,CAMPO GRANDE DO PIAUI
Campo Largo do Piauí,PI,Barras,CAMPO LARGO DO PIAUI
Campo Maior,PI,Campo Maior,CAMPO MAIOR
Canavieira,PI,Floriano,CANAVIEIRA
Canto do Buriti,PI,Canto do Buriti,CANTO DO BURITI
Capitão de Campos,PI,Piripiri,CAPITAO DE CAMPOS
Capitão Gervásio Oliveira,PI,São João do Piauí,CAPITAO GERVASIO OLIVEIRA
Caracol,PI,São Raimundo Nonato,CARACOL
Caraúbas do Piauí,PI,Parnaíba,CARAUBAS DO PIAUI
Caridade do Piauí,PI,Paulistana,CARIDADE DO PIAUI
Castelo do Piauí,PI,Campo Maior,CASTELO DO PIAUI
Caxingó,PI,Parnaíba,CAXINGO
Cocal,PI,Parnaíba,COCAL
Cocal de Telha,PI,Campo Maior,COCAL DE TELHA
Cocal dos Alves,PI,Parnaíba,COCAL DOS ALVES
Coivaras,PI,Teresina,COIVARAS
Colônia do Gurguéia,PI,Bom Jesus,COLONIA DO GURGUEIA
Colônia do Piauí,PI,Oeiras,COLONIA DO PIAUI
Conceição do Canindé,PI,Simplício Mendes,CONCEICAO DO CANINDE
Coronel José Dias,PI,São Raimundo Nonato,CORONEL JOSE DIAS
Corrente,PI,Corrente,CORRENTE
Cristalândia do Piauí,PI,Corrente,CRISTALANDIA DO PIAUI
Cristino Castro,PI,Bom Jesus,CRISTINO CASTRO
Curimatá,PI,Corrente,CURIMATA
Currais,PI,Bom Jesus,CURRAIS
Curral Novo do Piauí,PI,Paulistana,CURRAL NOVO DO PIAUI
Curralinhos,PI,Teresina,CURRALINHOS
Demerval Lobão,PI,Teresina,DEMERVAL LOBAO
Dirceu Arcoverde,PI,São Raimundo Nonato,DIRCEU ARCOVERDE
Dom Expedito Lopes,PI,Picos,DOM EXPEDITO LOPES
Dom Inocêncio,PI,São Raimundo Nonato,DOM INOCENCIO
Domingos Mourão,PI,Piripiri,DOMINGOS MOURAO
Elesbão Veloso,PI,Amarante - Água Branca - Regeneração,ELESBAO VELOSO
Eliseu Martins,PI,Canto do Buriti,ELISEU MARTINS
Esperantina,PI,Esperantina,ESPERANTINA
Fartura do Piauí,PI,São Raimundo Nonato,FARTURA DO PIAUI
Flores do Piauí,PI,Canto do Buriti,FLORES DO PIAUI
Floresta do Piauí,PI,Oeiras,FLORESTA DO PIAUI
Floriano,PI,Floriano,FLORIANO
Francinópolis,PI,Amarante - Água Branca - Regeneração,FRANCINOPOLIS
Francisco Ayres,PI,Floriano,FRANCISCO AYRES
Francisco Macedo,PI,Picos,FRANCISCO MACEDO
Francisco Santos,PI,Picos,FRANCISCO SANTOS
Fronteiras,PI,Picos,FRONTEIRAS
Geminiano,PI,Picos,GEMINIANO
Gilbués,PI,Corrente,GILBUES
Guadalupe,PI,Floriano,GUADALUPE
Guaribas,PI,São Raimundo Nonato,GUARIBAS
Hugo Napoleão,PI,Amarante - Água Branca - Regeneração,HUGO NAPOLEAO
Ilha Grande,PI,Parnaíba,ILHA GRANDE
Inhuma,PI,Valença do Piauí,INHUMA
Ipiranga do Piauí,PI,Valença do Piauí,IPIRANGA DO PIAUI
Isaías Coelho,PI,Picos,ISAIAS COELHO
Itainópolis,PI,Picos,ITAINOPOLIS
Itaueira,PI,Floriano,ITAUEIRA
Jacobina do Piauí,PI,Paulistana,JACOBINA DO PIAUI
Jaicós,PI,Picos,JAICOS
Jardim do Mulato,PI,Amarante - Água Branca - Regeneração,JARDIM DO MULATO
Jatobá do Piauí,PI,Campo Maior,JATOBA DO PIAUI
Jerumenha,PI,Floriano,JERUMENHA
João Costa,PI,São João do Piauí,JOAO COSTA
Joaquim Pires,PI,Esperantina,JOAQUIM PIRES
Joca Marques,PI,Esperantina,JOCA MARQUES
José de Freitas,PI,Teresina,JOSE DE FREITAS
Juazeiro do Piauí,PI,Campo Maior,JUAZEIRO DO PIAUI
Júlio Borges,PI,Corrente,JULIO BORGES
Jurema,PI,São Raimundo Nonato,JUREMA
Lagoa Alegre,PI,Teresina,LAGOA ALEGRE
Lagoa de São Francisco,PI,Piripiri,LAGOA DE SAO FRANCISCO
Lagoa do Barro do Piauí,PI,São João do Piauí,LAGOA DO BARRO DO PIAUI
Lagoa do Piauí,PI,Teresina,LAGOA DO PIAUI
Lagoa do Sítio,PI,Valença do Piauí,LAGOA DO SITIO
Lagoinha do Piauí,PI,Amarante - Água Branca - Regeneração,LAGOINHA DO PIAUI
Landri Sales,PI,Floriano,LANDRI SALES
Luís Correia,PI,Parnaíba,LUIS CORREIA
Luzilândia,PI,Esperantina,LUZILANDIA
Madeiro,PI,Esperantina,MADEIRO
Manoel Emídio,PI,Uruçuí,MANOEL EMIDIO
Marcolândia,PI,Picos,MARCOLANDIA
Marcos Parente,PI,Floriano,MARCOS PARENTE
Massapê do Piauí,PI,Picos,MASSAPE DO PIAUI
Matias Olímpio,PI,Esperantina,MATIAS OLIMPIO
Miguel Alves,PI,Teresina,MIGUEL ALVES
Miguel Leão,PI,Amarante - Água Branca - Regeneração,MIGUEL LEAO
Milton Brandão,PI,Piripiri,MILTON BRANDAO
Monsenhor Gil,PI,Teresina,MONSENHOR GIL
Monsenhor Hipólito,PI,Picos,MONSENHOR HIPOLITO
Monte Alegre do Piauí,PI,Corrente,MONTE ALEGRE DO PIAUI
Morro Cabeça no Tempo,PI,Corrente,MORRO CABECA NO TEMPO
Morro do Chapéu do Piauí,PI,Esperantina,MORRO DO CHAPEU DO PIAUI
Murici dos Portelas,PI,Parnaíba,MURICI DOS PORTELAS
Nazaré do Piauí,PI,Floriano,NAZARE DO PIAUI
Nazária,PI,Teresina,NAZARIA
Nossa Senhora de Nazaré,PI,Campo Maior,NOSSA SENHORA DE NAZARE
Nossa Senhora dos Remédios,PI,Barras,NOSSA SENHORA DOS REMEDIOS
Nova Santa Rita,PI,São João do Piauí,NOVA SANTA RITA
Novo Oriente do Piauí,PI,Valença do Piauí,NOVO ORIENTE DO PIAUI
Novo Santo Antônio,PI,Teresina,NOVO SANTO ANTONIO
Oeiras,PI,Oeiras,OEIRAS
Olho D'Água do Piauí,PI,Amarante - Água Branca - Regeneração,OLHO DAGUA DO PIAUI
Padre Marcos,PI,Picos,PADRE MARCOS
Paes Landim,PI,Simplício Mendes,PAES LANDIM
Pajeú do Piauí,PI,Canto do Buriti,PAJEU DO PIAUI
Palmeira do Piauí,PI,Bom Jesus,PALMEIRA DO PIAUI
Palmeirais,PI,Amarante - Água Branca - Regeneração,PALMEIRAIS
Paquetá,PI,Picos,PAQUETA
Parnaguá,PI,Corrente,PARNAGUA
Parnaíba,PI,Parnaíba,PARNAIBA
Passagem Franca do Piauí,PI,Amarante - Água Branca - Regeneração,PASSAGEM FRANCA DO PIAUI
Patos do Piauí,PI,Paulistana,PATOS DO PIAUI
Pau D'Arco do Piauí,PI,Teresina,PAU DARCO DO PIAUI
Paulistana,PI,Paulistana,PAULISTANA
Pavussu,PI,Canto do Buriti,PAVUSSU
Pedro II,PI,Piripiri,PEDRO II
Pedro Laurentino,PI,São João do Piauí,PEDRO LAURENTINO
Picos,PI,Picos,PICOS
Pimenteiras,PI,Valença do Piauí,PIMENTEIRAS
Pio IX,PI,Picos,PIO IX
Piracuruca,PI,Piripiri,PIRACURUCA
Piripiri,PI,Piripiri,PIRIPIRI
Porto,PI,Barras,PORTO
Porto Alegre do Piauí,PI,Floriano,PORTO ALEGRE DO PIAUI
Prata do Piauí,PI,Amarante - Água Branca - Regeneração,PRATA DO PIAUI
Queimada Nova,PI,Paulistana,QUEIMADA NOVA
Redenção do Gurguéia,PI,Bom Jesus,REDENCAO DO GURGUEIA
Regeneração,PI,Amarante - Água Branca - Regeneração,REGENERACAO
Riacho Frio,PI,Corrente,RIACHO FRIO
Ribeira do Piauí,PI,São João do Piauí,RIBEIRA DO PIAUI
Ribeiro Gonçalves,PI,Uruçuí,RIBEIRO GONCALVES
Rio Grande do Piauí,PI,Canto do Buriti,RIO GRANDE DO PIAUI
Santa Cruz do Piauí,PI,Picos,SANTA CRUZ DO PIAUI
Santa Cruz dos Milagres,PI,Valença do Piauí,SANTA CRUZ DOS MILAGRES
Santa Filomena,PI,Corrente,SANTA FILOMENA
Santa Luz,PI,Bom Jesus,SANTA LUZ
Santa Rosa do Piauí,PI,Oeiras,SANTA ROSA DO PIAUI
Santana do Piauí,PI,Picos,SANTANA DO PIAUI
Santo Antônio de Lisboa,PI,Picos,SANTO ANTONIO DE LISBOA
Santo Antônio dos Milagres,PI,Amarante - Água Branca - Regeneração,SANTO ANTONIO DOS MILAGRES
Santo Inácio do Piauí,PI,Oeiras,SANTO INACIO DO PIAUI
São Braz do Piauí,PI,São Raimundo Nonato,SAO BRAZ DO PIAUI
São Félix do Piauí,PI,Amarante - Água Branca - Regeneração,SAO FELIX DO PIAUI
São Francisco de Assis do Piauí,PI,Simplício Mendes,SAO FRANCISCO DE ASSIS DO PIAUI
São Francisco do Piauí,PI,Floriano,SAO FRANCISCO DO PIAUI
São Gonçalo do Gurguéia,PI,Corrente,SAO GONCALO DO GURGUEIA
São Gonçalo do Piauí,PI,Amarante - Água Branca - Regeneração,SAO GONCALO DO PIAUI
São João da Canabrava,PI,Picos,SAO JOAO DA CANABRAVA
São João da Fronteira,PI,Piripiri,SAO JOAO DA FRONTEIRA
São João da Serra,PI,Campo Maior,SAO JOAO DA SERRA
São João da Varjota,PI,Oeiras,SAO JOAO DA VARJOTA
São João do Arraial,PI,Esperantina,SAO JOAO DO ARRAIAL
São João do Piauí,PI,São João do Piauí,SAO JOAO DO PIAUI
São José do Divino,PI,Piripiri,SAO JOSE DO DIVINO
São José do Peixe,PI,Floriano,SAO JOSE DO PEIXE
São José do Piauí,PI,Picos,SAO JOSE DO PIAUI
São Julião,PI,Picos,SAO JULIAO
São Lourenço do Piauí,PI,São Raimundo Nonato,SAO LOURENCO DO PIAUI
São Luis do Piauí,PI,Picos,SAO LUIS DO PIAUI
São Miguel da Baixa Grande,PI,Amarante - Água Branca - Regeneração,SAO MIGUEL DA BAIXA GRANDE
São Miguel do Fidalgo,PI,Oeiras,SAO MIGUEL DO FIDALGO
São Miguel do Tapuio,PI,Campo Maior,SAO MIGUEL DO TAPUIO
São Pedro do Piauí,PI,Amarante - Água Branca - Regeneração,SAO PEDRO DO PIAUI
São Raimundo Nonato,PI,São Raimundo Nonato,SAO RAIMUNDO NONATO
Sebastião Barros,PI,Corrente,SEBASTIAO BARROS
Sebastião Leal,PI,Uruçuí,SEBASTIAO LEAL
Sigefredo Pacheco,PI,Campo Maior,SIGEFREDO PACHECO
Simões,PI,Paulistana,SIMOES
Simplício Mendes,PI,Simplício Mendes,SIMPLICIO MENDES
Socorro do Piauí,PI,Simplício Mendes,SOCORRO DO PIAUI
Sussuapara,PI,Picos,SUSSUAPARA
Tamboril do Piauí,PI,Canto do Buriti,TAMBORIL DO PIAUI
Tanque do Piauí,PI,Oeiras,TANQUE DO PIAUI
Teresina,PI,Teresina,TERESINA
União,PI,Teresina,UNIAO
Uruçuí,PI,Uruçuí,URUCUI
Valença do Piauí,PI,Valença do Piauí,VALENCA DO PIAUI
Várzea Branca,PI,São Raimundo Nonato,VARZEA BRANCA
Várzea Grande,PI,Amarante - Água Branca - Regeneração,VARZEA GRANDE
Vera Mendes,PI,Picos,VERA MENDES
Vila Nova do Piauí,PI,Picos,VILA NOVA DO PIAUI
Wall Ferraz,PI,Picos,WALL FERRAZ
Abaiara,CE,Brejo Santo,ABAIARA
Acarape,CE,Redenção-Acarape,ACARAPE
Acaraú,CE,Acaraú,ACARAU
Acopiara,CE,Iguatu,ACOPIARA
Aiuaba,CE,Juazeiro do Norte,AIUABA
Alcântaras,CE,Sobral,ALCANTARAS
Altaneira,CE,Juazeiro do Norte,ALTANEIRA
Alto Santo,CE,Russas - Limoeiro do Norte,ALTO SANTO
Amontada,CE,Itapipoca,AMONTADA
Antonina do Norte,CE,Juazeiro do Norte,ANTONINA DO NORTE
Apuiarés,CE,Itapagé,APUIARES
Aquiraz,CE,Fortaleza,AQUIRAZ
Aracati,CE,Aracati,ARACATI
Aracoiaba,CE,Redenção-Acarape,ARACOIABA
Ararendá,CE,Crateús,ARARENDA
Araripe,CE,Juazeiro do Norte,ARARIPE
Aratuba,CE,Redenção-Acarape,ARATUBA
Arneiroz,CE,Tauá,ARNEIROZ
Assaré,CE,Juazeiro do Norte,ASSARE
Aurora,CE,Juazeiro do Norte,AURORA
Baixio,CE,Icó,BAIXIO
Banabuiú,CE,Quixadá,BANABUIU
Barbalha,CE,Juazeiro do Norte,BARBALHA
Barreira,CE,Redenção-Acarape,BARREIRA
Barro,CE,Brejo Santo,BARRO
Barroquinha,CE,Camocim,BARROQUINHA
Baturité,CE,Redenção-Acarape,BATURITE
Beberibe,CE,Fortaleza,BEBERIBE
Bela Cruz,CE,Acaraú,BELA CRUZ
Boa Viagem,CE,Canindé,BOA VIAGEM
Brejo Santo,CE,Brejo Santo,BREJO SANTO
Camocim,CE,Camocim,CAMOCIM
Campos Sales,CE,Juazeiro do Norte,CAMPOS SALES
Canindé,CE,Canindé,CANINDE
Capistrano,CE,Redenção-Acarape,CAPISTRANO
Caridade,CE,Canindé,CARIDADE
Cariré,CE,Sobral,CARIRE
Caririaçu,CE,Juazeiro do Norte,CARIRIACU
Cariús,CE,Iguatu,CARIUS
Carnaubal,CE,São Benedito - Ipu - Guaraciaba do Norte - Tianguá,CARNAUBAL
Cascavel,CE,Fortaleza,CASCAVEL
Catarina,CE,Iguatu,CATARINA
Catunda,CE,Sobral,CATUNDA
Caucaia,CE,Fortaleza,CAUCAIA
Cedro,CE,Iguatu,CEDRO
Chaval,CE,Camocim,CHAVAL
Choró,CE,Quixadá,CHORO
Chorozinho,CE,Fortaleza,CHOROZINHO
Coreaú,CE,Sobral,COREAU
Crateús,CE,Crateús,CRATEUS
Crato,CE,Juazeiro do Norte,CRATO
Croatá,CE,São Benedito - Ipu - Guaraciaba do Norte - Tianguá,CROATA
Cruz,CE,Acaraú,CRUZ
Deputado Irapuan Pinheiro,CE,Quixadá,DEPUTADO IRAPUAN PINHEIRO
Ereré,CE,Russas - Limoeiro do Norte,ERERE
Eusébio,CE,Fortaleza,EUSEBIO
Farias Brito,CE,Juazeiro do Norte,FARIAS BRITO
Forquilha,CE,Sobral,FORQUILHA
Fortaleza,CE,Fortaleza,FORTALEZA
Fortim,CE,Aracati,FORTIM
Frecheirinha,CE,Sobral,FRECHEIRINHA
General Sampaio,CE,Itapagé,GENERAL SAMPAIO
Graça,CE,Sobral,GRACA
Granja,CE,Camocim,GRANJA
Granjeiro,CE,Juazeiro do Norte,GRANJEIRO
Groaíras,CE,Sobral,GROAIRAS
Guaiúba,CE,Fortaleza,GUAIUBA
Guaraciaba do Norte,CE,São Benedito - Ipu - Guaraciaba do Norte - Tianguá,GUARACIABA DO NORTE
Guaramiranga,CE,Redenção-Acarape,GUARAMIRANGA
Hidrolândia,CE,Sobral,HIDROLANDIA
Horizonte,CE,Fortaleza,HORIZONTE
Ibaretama,CE,Quixadá,IBARETAMA
Ibiapina,CE,São Benedito - Ipu - Guaraciaba do Norte - Tianguá,IBIAPINA
Ibicuitinga,CE,Quixadá,IBICUITINGA
Icapuí,CE,Aracati,ICAPUI
Icó,CE,Icó,ICO
Iguatu,CE,Iguatu,IGUATU
Independência,CE,Crateús,INDEPENDENCIA
Ipaporanga,CE,Crateús,IPAPORANGA
Ipaumirim,CE,Icó,IPAUMIRIM
Ipu,CE,São Benedito - Ipu - Guaraciaba do Norte - Tianguá,IPU
Ipueiras,CE,São Benedito - Ipu - Guaraciaba do Norte - Tianguá,IPUEIRAS
Iracema,CE,Russas - Limoeiro do Norte,IRACEMA
Irauçuba,CE,Itapagé,IRAUCUBA
Itaiçaba,CE,Aracati,ITAICABA
Itaitinga,CE,Fortaleza,ITAITINGA
Itapajé,CE,Itapagé,ITAPAJE
Itapipoca,CE,Itapipoca,ITAPIPOCA
Itapiúna,CE,Redenção-Acarape,ITAPIUNA
Itarema,CE,Acaraú,ITAREMA
Itatira,CE,Canindé,ITATIRA
Jaguaretama,CE,Russas - Limoeiro do Norte,JAGUARETAMA
Jaguaribara,CE,Russas - Limoeiro do Norte,JAGUARIBARA
Jaguaribe,CE,Russas - Limoeiro do Norte,JAGUARIBE
Jaguaruana,CE,Aracati,JAGUARUANA
Jardim,CE,Juazeiro do Norte,JARDIM
Jati,CE,Brejo Santo,JATI
Jijoca de Jericoacoara,CE,Acaraú,JIJOCA DE JERICOACOARA
Juazeiro do Norte,CE,Juazeiro do Norte,JUAZEIRO DO NORTE
Jucás,CE,Iguatu,JUCAS
Lavras da Mangabeira,CE,Juazeiro do Norte,LAVRAS DA MANGABEIRA
Limoeiro do Norte,CE,Russas - Limoeiro do Norte,LIMOEIRO DO NORTE
Madalena,CE,Canindé,MADALENA
Maracanaú,CE,Fortaleza,MARACANAU
Maranguape,CE,Fortaleza,MARANGUAPE
Marco,CE,Acaraú,MARCO
Martinópole,CE,Sobral,MARTINOPOLE
Massapê,CE,Sobral,MASSAPE
Mauriti,CE,Brejo Santo,MAURITI
Meruoca,CE,Sobral,MERUOCA
Milagres,CE,Brejo Santo,MILAGRES
Milhã,CE,Quixadá,MILHA
Miraíma,CE,Itapipoca,MIRAIMA
Missão Velha,CE,Juazeiro do Norte,MISSAO VELHA
Mombaça,CE,Iguatu,MOMBACA
Monsenhor Tabosa,CE,Crateús,MONSENHOR TABOSA
Morada Nova,CE,Russas - Limoeiro do Norte,MORADA NOVA
Moraújo,CE,Sobral,MORAUJO
Morrinhos,CE,Sobral,MORRINHOS
Mucambo,CE,Sobral,MUCAMBO
Mulungu,CE,Redenção-Acarape,MULUNGU
Nova Olinda,CE,Juazeiro do Norte,NOVA OLINDA
Nova Russas,CE,Crateús,NOVA RUSSAS
Novo Oriente,CE,Crateús,NOVO ORIENTE
Ocara,CE,Redenção-Acarape,OCARA
Orós,CE,Icó,OROS
Pacajus,CE,Fortaleza,PACAJUS
Pacatuba,CE,Fortaleza,PACATUBA
Pacoti,CE,Redenção-Acarape,PACOTI
Pacujá,CE,Sobral,PACUJA
Palhano,CE,Russas - Limoeiro do Norte,PALHANO
Palmácia,CE,Fortaleza,PALMACIA
Paracuru,CE,Fortaleza,PARACURU
Paraipaba,CE,Fortaleza,PARAIPABA
Parambu,CE,Tauá,PARAMBU
Paramoti,CE,Canindé,PARAMOTI
Pedra Branca,CE,Quixadá,PEDRA BRANCA
Penaforte,CE,Brejo Santo,PENAFORTE
Pentecoste,CE,Itapagé,PENTECOSTE
Pereiro,CE,Russas - Limoeiro do Norte,PEREIRO
Pindoretama,CE,Fortaleza,PINDORETAMA
Piquet Carneiro,CE,Iguatu,PIQUET CARNEIRO
Pires Ferreira,CE,São Benedito - Ipu - Guaraciaba do Norte - Tianguá,PIRES FERREIRA
Poranga,CE,Crateús,PORANGA
Porteiras,CE,Brejo Santo,PORTEIRAS
Potengi,CE,Juazeiro do Norte,POTENGI
Potiretama,CE,Russas - Limoeiro do Norte,POTIRETAMA
Quiterianópolis,CE,Crateús,QUITERIANOPOLIS
Quixadá,CE,Quixadá,QUIXADA
Quixelô,CE,Iguatu,QUIXELO
Quixeramobim,CE,Quixadá,QUIXERAMOBIM
Quixeré,CE,Russas - Limoeiro do Norte,QUIXERE
Redenção,CE,Redenção-Acarape,REDENCAO
Reriutaba,CE,Sobral,RERIUTABA
Russas,CE,Russas - Limoeiro do Norte,RUSSAS
Saboeiro,CE,Iguatu,SABOEIRO
Salitre,CE,Juazeiro do Norte,SALITRE
Santa Quitéria,CE,Sobral,SANTA QUITERIA
Santana do Acaraú,CE,Sobral,SANTANA DO ACARAU
Santana do Cariri,CE,Juazeiro do Norte,SANTANA DO CARIRI
São Benedito,CE,São Benedito - Ipu - Guaraciaba do Norte - Tianguá,SAO BENEDITO
São Gonçalo do Amarante,CE,Fortaleza,SAO GONCALO DO AMARANTE
São João do Jaguaribe,CE,Russas - Limoeiro do Norte,SAO JOAO DO JAGUARIBE
São Luís do Curu,CE,Fortaleza,SAO LUIS DO CURU
Senador Pompeu,CE,Quixadá,SENADOR POMPEU
Senador Sá,CE,Sobral,SENADOR SA
Sobral,CE,Sobral,SOBRAL
Solonópole,CE,Quixadá,SOLONOPOLE
Tabuleiro do Norte,CE,Russas - Limoeiro do Norte,TABULEIRO DO NORTE
Tamboril,CE,Crateús,TAMBORIL
Tarrafas,CE,Juazeiro do Norte,TARRAFAS
Tauá,CE,Tauá,TAUA
Tejuçuoca,CE,Itapagé,TEJUCUOCA
Tianguá,CE,São Benedito - Ipu - Guaraciaba do Norte - Tianguá,TIANGUA
Trairi,CE,Itapipoca,TRAIRI
Tururu,CE,Itapipoca,TURURU
Ubajara,CE,São Benedito - Ipu - Guaraciaba do Norte - Tianguá,UBAJARA
Umari,CE,Icó,UMARI
Umirim,CE,Itapipoca,UMIRIM
Uruburetama,CE,Itapipoca,URUBURETAMA
Uruoca,CE,Sobral,URUOCA
Varjota,CE,Sobral,VARJOTA
Várzea Alegre,CE,Juazeiro do Norte,VARZEA ALEGRE
Viçosa do Ceará,CE,São Benedito - Ipu - Guaraciaba do Norte - Tianguá,VICOSA DO CEARA
Acari,RN,Currais Novos,ACARI
Açu,RN,Açu,ACU
Afonso Bezerra,RN,Açu,AFONSO BEZERRA
Água Nova,RN,Pau dos Ferros,AGUA NOVA
Alexandria,RN,Pau dos Ferros,ALEXANDRIA
Almino Afonso,RN,Pau dos Ferros,ALMINO AFONSO
Alto do Rodrigues,RN,Açu,ALTO DO RODRIGUES
Angicos,RN,Açu,ANGICOS
Antônio Martins,RN,Pau dos Ferros,ANTONIO MARTINS
Apodi,RN,Mossoró,APODI
Areia Branca,RN,Mossoró,AREIA BRANCA
Arês,RN,Canguaretama,ARES
Baía Formosa,RN,Canguaretama,BAIA FORMOSA
Baraúna,RN,Mossoró,BARAUNA
Barcelona,RN,São Paulo do Potengi,BARCELONA
Bento Fernandes,RN,Natal,BENTO FERNANDES
Bodó,RN,Currais Novos,BODO
Bom Jesus,RN,Natal,BOM JESUS
Brejinho,RN,Natal,BREJINHO
Caiçara do Norte,RN,João Câmara,CAICARA DO NORTE
Caiçara do Rio do Vento,RN,São Paulo do Potengi,CAICARA DO RIO DO VENTO
Caicó,RN,Caicó,CAICO
Campo Grande,RN,Mossoró,CAMPO GRANDE
Campo Redondo,RN,Santa Cruz,CAMPO REDONDO
Canguaretama,RN,Canguaretama,CANGUARETAMA
Caraúbas,RN,Mossoró,CARAUBAS
Carnaúba dos Dantas,RN,Currais Novos,CARNAUBA DOS DANTAS
Carnaubais,RN,Açu,CARNAUBAIS
Ceará-Mirim,RN,Natal,CEARAMIRIM
Cerro Corá,RN,Currais Novos,CERRO CORA
Coronel Ezequiel,RN,Santa Cruz,CORONEL EZEQUIEL
Coronel João Pessoa,RN,Pau dos Ferros,CORONEL JOAO PESSOA
Cruzeta,RN,Caicó,CRUZETA
Currais Novos,RN,Currais Novos,CURRAIS NOVOS
Doutor Severiano,RN,Pau dos Ferros,DOUTOR SEVERIANO
Encanto,RN,Pau dos Ferros,ENCANTO
Equador,RN,Caicó,EQUADOR
Espírito Santo,RN,Canguaretama,ESPIRITO SANTO
Extremoz,RN,Natal,EXTREMOZ
Felipe Guerra,RN,Mossoró,FELIPE GUERRA
Fernando Pedroza,RN,Açu,FERNANDO PEDROZA
Florânia,RN,Currais Novos,FLORANIA
Francisco Dantas,RN,Pau dos Ferros,FRANCISCO DANTAS
Frutuoso Gomes,RN,Pau dos Ferros,FRUTUOSO GOMES
Galinhos,RN,João Câmara,GALINHOS
Goianinha,RN,Canguaretama,GOIANINHA
Governador Dix-Sept Rosado,RN,Mossoró,GOVERNADOR DIXSEPT ROSADO
Grossos,RN,Mossoró,GROSSOS
Guamaré,RN,Açu,GUAMARE
Ielmo Marinho,RN,Natal,IELMO MARINHO
Ipanguaçu,RN,Açu,IPANGUACU
Ipueira,RN,Caicó,IPUEIRA
Itajá,RN,Açu,ITAJA
Itaú,RN,Mossoró,ITAU
Jaçanã,RN,Santa Cruz,JACANA
Jandaíra,RN,João Câmara,JANDAIRA
Janduís,RN,Mossoró,JANDUIS
Januário Cicco,RN,Santo Antônio - Passa e Fica - Nova Cruz,JANUARIO CICCO
Japi,RN,Santa Cruz,JAPI
Jardim de Angicos,RN,João Câmara,JARDIM DE ANGICOS
Jardim de Piranhas,RN,Caicó,JARDIM DE PIRANHAS
Jardim do Seridó,RN,Caicó,JARDIM DO SERIDO
João Câmara,RN,João Câmara,JOAO CAMARA
João Dias,RN,Pau dos Ferros,JOAO DIAS
José da Penha,RN,Pau dos Ferros,JOSE DA PENHA
Jucurutu,RN,Caicó,JUCURUTU
Jundiá,RN,Natal,JUNDIA
Lagoa d'Anta,RN,Santo Antônio - Passa e Fica - Nova Cruz,LAGOA DANTA
Lagoa de Pedras,RN,Santo Antônio - Passa e Fica - Nova Cruz,LAGOA DE PEDRAS
Lagoa de Velhos,RN,São Paulo do Potengi,LAGOA DE VELHOS
Lagoa Nova,RN,Currais Novos,LAGOA NOVA
Lagoa Salgada,RN,Natal,LAGOA SALGADA
Lajes,RN,Açu,LAJES
Lajes Pintadas,RN,Santa Cruz,LAJES PINTADAS
Lucrécia,RN,Pau dos Ferros,LUCRECIA
Luís Gomes,RN,Pau dos Ferros,LUIS GOMES
Macaíba,RN,Natal,MACAIBA
Macau,RN,Açu,MACAU
Major Sales,RN,Pau dos Ferros,MAJOR SALES
Marcelino Vieira,RN,Pau dos Ferros,MARCELINO VIEIRA
Martins,RN,Pau dos Ferros,MARTINS
Maxaranguape,RN,Natal,MAXARANGUAPE
Messias Targino,RN,Mossoró,MESSIAS TARGINO
Montanhas,RN,Canguaretama,MONTANHAS
Monte Alegre,RN,Natal,MONTE ALEGRE
Monte das Gameleiras,RN,Santo Antônio - Passa e Fica - Nova Cruz,MONTE DAS GAMELEIRAS
Mossoró,RN,Mossoró,MOSSORO
Natal,RN,Natal,NATAL
Nísia Floresta,RN,Natal,NISIA FLORESTA
Nova Cruz,RN,Santo Antônio - Passa e Fica - Nova Cruz,NOVA CRUZ
Olho d'Água do Borges,RN,Pau dos Ferros,OLHO DAGUA DO BORGES
Ouro Branco,RN,Caicó,OURO BRANCO
Paraná,RN,Pau dos Ferros,PARANA
Paraú,RN,Açu,PARAU
Parazinho,RN,João Câmara,PARAZINHO
Parelhas,RN,Caicó,PARELHAS
Parnamirim,RN,Natal,PARNAMIRIM
Passa e Fica,RN,Santo Antônio - Passa e Fica - Nova Cruz,PASSA E FICA
Passagem,RN,Santo Antônio - Passa e Fica - Nova Cruz,PASSAGEM
Patu,RN,Pau dos Ferros,PATU
Pau dos Ferros,RN,Pau dos Ferros,PAU DOS FERROS
Pedra Grande,RN,João Câmara,PEDRA GRANDE
Pedra Preta,RN,João Câmara,PEDRA PRETA
Pedro Avelino,RN,João Câmara,PEDRO AVELINO
Pedro Velho,RN,Canguaretama,PEDRO VELHO
Pendências,RN,Açu,PENDENCIAS
Pilões,RN,Pau dos Ferros,PILOES
Poço Branco,RN,Natal,POCO BRANCO
Portalegre,RN,Pau dos Ferros,PORTALEGRE
Porto do Mangue,RN,Açu,PORTO DO MANGUE
Pureza,RN,Natal,PUREZA
Rafael Fernandes,RN,Pau dos Ferros,RAFAEL FERNANDES
Rafael Godeiro,RN,Pau dos Ferros,RAFAEL GODEIRO
Riacho da Cruz,RN,Pau dos Ferros,RIACHO DA CRUZ
Riacho de Santana,RN,Pau dos Ferros,RIACHO DE SANTANA
Riachuelo,RN,São Paulo do Potengi,RIACHUELO
Rio do Fogo,RN,Natal,RIO DO FOGO
Rodolfo Fernandes,RN,Mossoró,RODOLFO FERNANDES
Ruy Barbosa,RN,São Paulo do Potengi,RUY BARBOSA
Santa Cruz,RN,Santa Cruz,SANTA CRUZ
Santa Maria,RN,São Paulo do Potengi,SANTA MARIA
Santana do Matos,RN,Açu,SANTANA DO MATOS
Santana do Seridó,RN,Caicó,SANTANA DO SERIDO
Santo Antônio,RN,Santo Antônio - Passa e Fica - Nova Cruz,SANTO ANTONIO
São Bento do Norte,RN,João Câmara,SAO BENTO DO NORTE
São Bento do Trairí,RN,Santa Cruz,SAO BENTO DO TRAIRI
São Fernando,RN,Caicó,SAO FERNANDO
São Francisco do Oeste,RN,Pau dos Ferros,SAO FRANCISCO DO OESTE
São Gonçalo do Amarante,RN,Natal,SAO GONCALO DO AMARANTE
São João do Sabugi,RN,Caicó,SAO JOAO DO SABUGI
São José de Mipibu,RN,Natal,SAO JOSE DE MIPIBU
São José do Campestre,RN,Santo Antônio - Passa e Fica - Nova Cruz,SAO JOSE DO CAMPESTRE
São José do Seridó,RN,Caicó,SAO JOSE DO SERIDO
São Miguel,RN,Pau dos Ferros,SAO MIGUEL
São Miguel do Gostoso,RN,Natal,SAO MIGUEL DO GOSTOSO
São Paulo do Potengi,RN,São Paulo do Potengi,SAO PAULO DO POTENGI
São Pedro,RN,São Paulo do Potengi,SAO PEDRO
São Rafael,RN,Açu,SAO RAFAEL
São Tomé,RN,São Paulo do Potengi,SAO TOME
São Vicente,RN,Currais Novos,SAO VICENTE
Senador Elói de Souza,RN,São Paulo do Potengi,SENADOR ELOI DE SOUZA
Senador Georgino Avelino,RN,Natal,SENADOR GEORGINO AVELINO
Serra Caiada,RN,Santo Antônio - Passa e Fica - Nova Cruz,SERRA CAIADA
Serra de São Bento,RN,Santo Antônio - Passa e Fica - Nova Cruz,SERRA DE SAO BENTO
Serra do Mel,RN,Mossoró,SERRA DO MEL
Serra Negra do Norte,RN,Caicó,SERRA NEGRA DO NORTE
Serrinha,RN,Santo Antônio - Passa e Fica - Nova Cruz,SERRINHA
Serrinha dos Pintos,RN,Pau dos Ferros,SERRINHA DOS PINTOS
Severiano Melo,RN,Mossoró,SEVERIANO MELO
Sítio Novo,RN,Santa Cruz,SITIO NOVO
Taboleiro Grande,RN,Pau dos Ferros,TABOLEIRO GRANDE
Taipu,RN,Natal,TAIPU
Tangará,RN,Santa Cruz,TANGARA
Tenente Ananias,RN,Pau dos Ferros,TENENTE ANANIAS
Tenente Laurentino Cruz,RN,Currais Novos,TENENTE LAURENTINO CRUZ
Tibau,RN,Mossoró,TIBAU
Tibau do Sul,RN,Canguaretama,TIBAU DO SUL
Timbaúba dos Batistas,RN,Caicó,TIMBAUBA DOS BATISTAS
Touros,RN,Natal,TOUROS
Triunfo Potiguar,RN,Açu,TRIUNFO POTIGUAR
Umarizal,RN,Pau dos Ferros,UMARIZAL
Upanema,RN,Mossoró,UPANEMA
Várzea,RN,Santo Antônio - Passa e Fica - Nova Cruz,VARZEA
Venha-Ver,RN,Pau dos Ferros,VENHAVER
Vera Cruz,RN,Natal,VERA CRUZ
Viçosa,RN,Pau dos Ferros,VICOSA
Vila Flor,RN,Canguaretama,VILA FLOR
Água Branca,PB,Patos,AGUA BRANCA
Aguiar,PB,Itaporanga,AGUIAR
Alagoa Grande,PB,Campina Grande,ALAGOA GRANDE
Alagoa Nova,PB,Campina Grande,ALAGOA NOVA
Alagoinha,PB,Guarabira,ALAGOINHA
Alcantil,PB,Campina Grande,ALCANTIL
Algodão de Jandaíra,PB,Campina Grande,ALGODAO DE JANDAIRA
Alhandra,PB,João Pessoa,ALHANDRA
Amparo,PB,Sumé,AMPARO
Aparecida,PB,Sousa,APARECIDA
Araçagi,PB,Guarabira,ARACAGI
Arara,PB,Guarabira,ARARA
Araruna,PB,Guarabira,ARARUNA
Areia,PB,Campina Grande,AREIA
Areia de Baraúnas,PB,Patos,AREIA DE BARAUNAS
Areial,PB,Campina Grande,AREIAL
Aroeiras,PB,Campina Grande,AROEIRAS
Assunção,PB,Campina Grande,ASSUNCAO
Baía da Traição,PB,Mamanguape - Rio Tinto,BAIA DA TRAICAO
Bananeiras,PB,Guarabira,BANANEIRAS
Baraúna,PB,Cuité - Nova Floresta,BARAUNA
Barra de Santa Rosa,PB,Cuité - Nova Floresta,BARRA DE SANTA ROSA
Barra de Santana,PB,Campina Grande,BARRA DE SANTANA
Barra de São Miguel,PB,Campina Grande,BARRA DE SAO MIGUEL
Bayeux,PB,João Pessoa,BAYEUX
Belém,PB,Guarabira,BELEM
Belém do Brejo do Cruz,PB,Catolé do Rocha - São Bento,BELEM DO BREJO DO CRUZ
Bernardino Batista,PB,Sousa,BERNARDINO BATISTA
Boa Ventura,PB,Itaporanga,BOA VENTURA
Boa Vista,PB,Campina Grande,BOA VISTA
Bom Jesus,PB,Cajazeiras,BOM JESUS
Bom Sucesso,PB,Catolé do Rocha - São Bento,BOM SUCESSO
Bonito de Santa Fé,PB,Cajazeiras,BONITO DE SANTA FE
Boqueirão,PB,Campina Grande,BOQUEIRAO
Borborema,PB,Guarabira,BORBOREMA
Brejo do Cruz,PB,Catolé do Rocha - São Bento,BREJO DO CRUZ
Brejo dos Santos,PB,Catolé do Rocha - São Bento,BREJO DOS SANTOS
Caaporã,PB,João Pessoa,CAAPORA
Cabaceiras,PB,Campina Grande,CABACEIRAS
Cabedelo,PB,João Pessoa,CABEDELO
Cachoeira dos Índios,PB,Cajazeiras,CACHOEIRA DOS INDIOS
Cacimba de Areia,PB,Patos,CACIMBA DE AREIA
Cacimba de Dentro,PB,Guarabira,CACIMBA DE DENTRO
Cacimbas,PB,Patos,CACIMBAS
Caiçara,PB,Guarabira,CAICARA
Cajazeiras,PB,Cajazeiras,CAJAZEIRAS
Cajazeirinhas,PB,Pombal,CAJAZEIRINHAS
Caldas Brandão,PB,João Pessoa,CALDAS BRANDAO
Camalaú,PB,Monteiro,CAMALAU
Campina Grande,PB,Campina Grande,CAMPINA GRANDE
Capim,PB,Mamanguape - Rio Tinto,CAPIM
Caraúbas,PB,Campina Grande,CARAUBAS
Carrapateira,PB,Cajazeiras,CARRAPATEIRA
Casserengue,PB,Guarabira,CASSERENGUE
Catingueira,PB,Patos,CATINGUEIRA
Catolé do Rocha,PB,Catolé do Rocha - São Bento,CATOLE DO ROCHA
Caturité,PB,Campina Grande,CATURITE
Conceição,PB,Itaporanga,CONCEICAO
Condado,PB,Pombal,CONDADO
Conde,PB,João Pessoa,CONDE
Congo,PB,Sumé,CONGO
Coremas,PB,Patos,COREMAS
Coxixola,PB,Sumé,COXIXOLA
Cruz do Espírito Santo,PB,João Pessoa,CRUZ DO ESPIRITO SANTO
Cubati,PB,Campina Grande,CUBATI
Cuité,PB,Cuité - Nova Floresta,CUITE
Cuité de Mamanguape,PB,João Pessoa,CUITE DE MAMANGUAPE
Cuitegi,PB,Guarabira,CUITEGI
Curral de Cima,PB,Mamanguape - Rio Tinto,CURRAL DE CIMA
Curral Velho,PB,Itaporanga,CURRAL VELHO
Damião,PB,Cuité - Nova Floresta,DAMIAO
Desterro,PB,Patos,DESTERRO
Diamante,PB,Itaporanga,DIAMANTE
Dona Inês,PB,Guarabira,DONA INES
Duas Estradas,PB,Guarabira,DUAS ESTRADAS
Emas,PB,Patos,EMAS
Esperança,PB,Campina Grande,ESPERANCA
Fagundes,PB,Campina Grande,FAGUNDES
Frei Martinho,PB,Cuité - Nova Floresta,FREI MARTINHO
Gado Bravo,PB,Campina Grande,GADO BRAVO
Guarabira,PB,Guarabira,GUARABIRA
Gurinhém,PB,João Pessoa,GURINHEM
Gurjão,PB,Campina Grande,GURJAO
Ibiara,PB,Itaporanga,IBIARA
Igaracy,PB,Itaporanga,IGARACY
Imaculada,PB,Patos,IMACULADA
Ingá,PB,Campina Grande,INGA
Itabaiana,PB,Itabaiana,ITABAIANA
Itaporanga,PB,Itaporanga,ITAPORANGA
Itapororoca,PB,Mamanguape - Rio Tinto,ITAPOROROCA
Itatuba,PB,Campina Grande,ITATUBA
Jacaraú,PB,Mamanguape - Rio Tinto,JACARAU
Jericó,PB,Catolé do Rocha - São Bento,JERICO
João Pessoa,PB,João Pessoa,JOAO PESSOA
Joca Claudino,PB,Sousa,JOCA CLAUDINO
Juarez Távora,PB,João Pessoa,JUAREZ TAVORA
Juazeirinho,PB,Campina Grande,JUAZEIRINHO
Junco do Seridó,PB,Campina Grande,JUNCO DO SERIDO
Juripiranga,PB,João Pessoa,JURIPIRANGA
Juru,PB,Princesa Isabel,JURU
Lagoa,PB,Pombal,LAGOA
Lagoa de Dentro,PB,Guarabira,LAGOA DE DENTRO
Lagoa Seca,PB,Campina Grande,LAGOA SECA
Lastro,PB,Sousa,LASTRO
Livramento,PB,Sumé,LIVRAMENTO
Logradouro,PB,Guarabira,LOGRADOURO
Lucena,PB,João Pessoa,LUCENA
Mãe d'Água,PB,Patos,MAE DAGUA
Malta,PB,Patos,MALTA
Mamanguape,PB,Mamanguape - Rio Tinto,MAMANGUAPE
Manaíra,PB,Princesa Isabel,MANAIRA
Marcação,PB,Mamanguape - Rio Tinto,MARCACAO
Mari,PB,João Pessoa,MARI
Marizópolis,PB,Sousa,MARIZOPOLIS
Massaranduba,PB,Campina Grande,MASSARANDUBA
Mataraca,PB,Mamanguape - Rio Tinto,MATARACA
Matinhas,PB,Campina Grande,MATINHAS
Mato Grosso,PB,Catolé do Rocha - São Bento,MATO GROSSO
Maturéia,PB,Patos,MATUREIA
Mogeiro,PB,Itabaiana,MOGEIRO
Montadas,PB,Campina Grande,MONTADAS
Monte Horebe,PB,Cajazeiras,MONTE HOREBE
Monteiro,PB,Monteiro,MONTEIRO
Mulungu,PB,Guarabira,MULUNGU
Natuba,PB,Itabaiana,NATUBA
Nazarezinho,PB,Sousa,NAZAREZINHO
Nova Floresta,PB,Cuité - Nova Floresta,NOVA FLORESTA
Nova Olinda,PB,Itaporanga,NOVA OLINDA
Nova Palmeira,PB,Cuité - Nova Floresta,NOVA PALMEIRA
Olho d'Água,PB,Patos,OLHO DAGUA
Olivedos,PB,Campina Grande,OLIVEDOS
Ouro Velho,PB,Monteiro,OURO VELHO
Parari,PB,Sumé,PARARI
Passagem,PB,Patos,PASSAGEM
Patos,PB,Patos,PATOS
Paulista,PB,Pombal,PAULISTA
Pedra Branca,PB,Itaporanga,PEDRA BRANCA
Pedra Lavrada,PB,Cuité - Nova Floresta,PEDRA LAVRADA
Pedras de Fogo,PB,João Pessoa,PEDRAS DE FOGO
Pedro Régis,PB,Mamanguape - Rio Tinto,PEDRO REGIS
Piancó,PB,Itaporanga,PIANCO
Picuí,PB,Cuité - Nova Floresta,PICUI
Pilar,PB,João Pessoa,PILAR
Pilões,PB,Guarabira,PILOES
Pilõezinhos,PB,Guarabira,PILOEZINHOS
Pirpirituba,PB,Guarabira,PIRPIRITUBA
Pitimbu,PB,João Pessoa,PITIMBU
Pocinhos,PB,Campina Grande,POCINHOS
Poço Dantas,PB,Sousa,POCO DANTAS
Poço de José de Moura,PB,Cajazeiras,POCO DE JOSE DE MOURA
Pombal,PB,Pombal,POMBAL
Prata,PB,Monteiro,PRATA
Princesa Isabel,PB,Princesa Isabel,PRINCESA ISABEL
Puxinanã,PB,Campina Grande,PUXINANA
Queimadas,PB,Campina Grande,QUEIMADAS
Quixaba,PB,Patos,QUIXABA
Remígio,PB,Campina Grande,REMIGIO
Riachão,PB,Guarabira,RIACHAO
Riachão do Bacamarte,PB,Campina Grande,RIACHAO DO BACAMARTE
Riachão do Poço,PB,João Pessoa,RIACHAO DO POCO
Riacho de Santo Antônio,PB,Campina Grande,RIACHO DE SANTO ANTONIO
Riacho dos Cavalos,PB,Catolé do Rocha - São Bento,RIACHO DOS CAVALOS
Rio Tinto,PB,Mamanguape - Rio Tinto,RIO TINTO
Salgadinho,PB,Patos,SALGADINHO
Salgado de São Félix,PB,Itabaiana,SALGADO DE SAO FELIX
Santa Cecília,PB,Campina Grande,SANTA CECILIA
Santa Cruz,PB,Sousa,SANTA CRUZ
Santa Helena,PB,Cajazeiras,SANTA HELENA
Santa Inês,PB,Itaporanga,SANTA INES
Santa Luzia,PB,Patos,SANTA LUZIA
Santa Rita,PB,João Pessoa,SANTA RITA
Santa Teresinha,PB,Patos,SANTA TERESINHA
Santana de Mangueira,PB,Itaporanga,SANTANA DE MANGUEIRA
Santana dos Garrotes,PB,Itaporanga,SANTANA DOS GARROTES
Santo André,PB,Campina Grande,SANTO ANDRE
São Bentinho,PB,Pombal,SAO BENTINHO
São Bento,PB,Catolé do Rocha - São Bento,SAO BENTO
São Domingos,PB,Pombal,SAO DOMINGOS
São Domingos do Cariri,PB,Campina Grande,SAO DOMINGOS DO CARIRI
São Francisco,PB,Sousa,SAO FRANCISCO
São João do Cariri,PB,Campina Grande,SAO JOAO DO CARIRI
São João do Rio do Peixe,PB,Cajazeiras,SAO JOAO DO RIO DO PEIXE
São João do Tigre,PB,Monteiro,SAO JOAO DO TIGRE
São José da Lagoa Tapada,PB,Sousa,SAO JOSE DA LAGOA TAPADA
São José de Caiana,PB,Itaporanga,SAO JOSE DE CAIANA
São José de Espinharas,PB,Patos,SAO JOSE DE ESPINHARAS
São José de Piranhas,PB,Cajazeiras,SAO JOSE DE PIRANHAS
São José de Princesa,PB,Princesa Isabel,SAO JOSE DE PRINCESA
São José do Bonfim,PB,Patos,SAO JOSE DO BONFIM
São José do Brejo do Cruz,PB,Catolé do Rocha - São Bento,SAO JOSE DO BREJO DO CRUZ
São José do Sabugi,PB,Patos,SAO JOSE DO SABUGI
São José dos Cordeiros,PB,Sumé,SAO JOSE DOS CORDEIROS
São José dos Ramos,PB,Itabaiana,SAO JOSE DOS RAMOS
São Mamede,PB,Patos,SAO MAMEDE
São Miguel de Taipu,PB,João Pessoa,SAO MIGUEL DE TAIPU
São Sebastião de Lagoa de Roça,PB,Campina Grande,SAO SEBASTIAO DE LAGOA DE ROCA
São Sebastião do Umbuzeiro,PB,Monteiro,SAO SEBASTIAO DO UMBUZEIRO
São Vicente do Seridó,PB,Campina Grande,SAO VICENTE DO SERIDO
Sapé,PB,João Pessoa,SAPE
Serra Branca,PB,Sumé,SERRA BRANCA
Serra da Raiz,PB,Guarabira,SERRA DA RAIZ
Serra Grande,PB,Cajazeiras,SERRA GRANDE
Serra Redonda,PB,Campina Grande,SERRA REDONDA
Serraria,PB,Guarabira,SERRARIA
Sertãozinho,PB,Guarabira,SERTAOZINHO
Sobrado,PB,João Pessoa,SOBRADO
Solânea,PB,Guarabira,SOLANEA
Soledade,PB,Campina Grande,SOLEDADE
Sossêgo,PB,Cuité - Nova Floresta,SOSSEGO
Sousa,PB,Sousa,SOUSA
Sumé,PB,Sumé,SUME
Tacima,PB,Guarabira,TACIMA
Taperoá,PB,Campina Grande,TAPEROA
Tavares,PB,Princesa Isabel,TAVARES
Teixeira,PB,Patos,TEIXEIRA
Tenório,PB,Campina Grande,TENORIO
Triunfo,PB,Cajazeiras,TRIUNFO
Uiraúna,PB,Sousa,UIRAUNA
Umbuzeiro,PB,Campina Grande,UMBUZEIRO
Várzea,PB,Patos,VARZEA
Vieirópolis,PB,Sousa,VIEIROPOLIS
Vista Serrana,PB,Patos,VISTA SERRANA
Zabelê,PB,Monteiro,ZABELE
Abreu e Lima,PE,Recife,ABREU E LIMA
Afogados da Ingazeira,PE,Afogados da Ingazeira,AFOGADOS DA INGAZEIRA
Afrânio,PE,Petrolina,AFRANIO
Agrestina,PE,Caruaru,AGRESTINA
Água Preta,PE,Palmares,AGUA PRETA
Águas Belas,PE,Garanhuns,AGUAS BELAS
Alagoinha,PE,Belo Jardim ¿ Pesqueira,ALAGOINHA
Aliança,PE,Goiana ¿ Timbaúba,ALIANCA
Altinho,PE,Caruaru,ALTINHO
Amaraji,PE,Escada - Ribeirão,AMARAJI
Angelim,PE,Garanhuns,ANGELIM
Araçoiaba,PE,Recife,ARACOIABA
Araripina,PE,Araripina,ARARIPINA
Arcoverde,PE,Arcoverde,ARCOVERDE
Barra de Guabiraba,PE,Caruaru,BARRA DE GUABIRABA
Barreiros,PE,Barreiros - Sirinhaém,BARREIROS
Belém de Maria,PE,Palmares,BELEM DE MARIA
Belém do São Francisco,PE,Salgueiro,BELEM DO SAO FRANCISCO
Belo Jardim,PE,Belo Jardim ¿ Pesqueira,BELO JARDIM
Betânia,PE,Serra Talhada,BETANIA
Bezerros,PE,Caruaru,BEZERROS
Bodocó,PE,Araripina,BODOCO
Bom Conselho,PE,Garanhuns,BOM CONSELHO
Bom Jardim,PE,Limoeiro,BOM JARDIM
Bonito,PE,Caruaru,BONITO
Brejão,PE,Garanhuns,BREJAO
Brejinho,PE,Afogados da Ingazeira,BREJINHO
Brejo da Madre de Deus,PE,Caruaru,BREJO DA MADRE DE DEUS
Buenos Aires,PE,Carpina,BUENOS AIRES
Buíque,PE,Arcoverde,BUIQUE
Cabo de Santo Agostinho,PE,Recife,CABO DE SANTO AGOSTINHO
Cabrobó,PE,Salgueiro,CABROBO
Cachoeirinha,PE,Caruaru,CACHOEIRINHA
Caetés,PE,Garanhuns,CAETES
Calçado,PE,Garanhuns,CALCADO
Calumbi,PE,Serra Talhada,CALUMBI
Camaragibe,PE,Recife,CAMARAGIBE
Camocim de São Félix,PE,Caruaru,CAMOCIM DE SAO FELIX
Camutanga,PE,Goiana ¿ Timbaúba,CAMUTANGA
Canhotinho,PE,Garanhuns,CANHOTINHO
Capoeiras,PE,Garanhuns,CAPOEIRAS
Carnaíba,PE,Afogados da Ingazeira,CARNAIBA
Carnaubeira da Penha,PE,Serra Talhada,CARNAUBEIRA DA PENHA
Carpina,PE,Carpina,CARPINA
Caruaru,PE,Caruaru,CARUARU
Casinhas,PE,Surubim,CASINHAS
Catende,PE,Palmares,CATENDE
Cedro,PE,Salgueiro,CEDRO
Chã de Alegria,PE,Vitória de Santo Antão,CHA DE ALEGRIA
Chã Grande,PE,Caruaru,CHA GRANDE
Condado,PE,Goiana ¿ Timbaúba,CONDADO
Correntes,PE,Garanhuns,CORRENTES
Cortês,PE,Escada - Ribeirão,CORTES
Cumaru,PE,Caruaru,CUMARU
Cupira,PE,Caruaru,CUPIRA
Custódia,PE,Arcoverde,CUSTODIA
Dormentes,PE,Petrolina,DORMENTES
Escada,PE,Escada - Ribeirão,ESCADA
Exu,PE,Araripina,EXU
Feira Nova,PE,Limoeiro,FEIRA NOVA
Fernando de Noronha,PE,Recife,FERNANDO DE NORONHA
Ferreiros,PE,Goiana ¿ Timbaúba,FERREIROS
Flores,PE,Serra Talhada,FLORES
Floresta,PE,Serra Talhada,FLORESTA
Frei Miguelinho,PE,Surubim,FREI MIGUELINHO
Gameleira,PE,Palmares,GAMELEIRA
Garanhuns,PE,Garanhuns,GARANHUNS
Glória do Goitá,PE,Vitória de Santo Antão,GLORIA DO GOITA
Goiana,PE,Goiana ¿ Timbaúba,GOIANA
Granito,PE,Araripina,GRANITO
Gravatá,PE,Caruaru,GRAVATA
Iati,PE,Garanhuns,IATI
Ibimirim,PE,Arcoverde,IBIMIRIM
Ibirajuba,PE,Caruaru,IBIRAJUBA
Igarassu,PE,Recife,IGARASSU
Iguaracy,PE,Afogados da Ingazeira,IGUARACY
Ilha de Itamaracá,PE,Recife,ILHA DE ITAMARACA
Inajá,PE,Arcoverde,INAJA
Ingazeira,PE,Afogados da Ingazeira,INGAZEIRA
Ipojuca,PE,Recife,IPOJUCA
Ipubi,PE,Araripina,IPUBI
Itacuruba,PE,Salgueiro,ITACURUBA
Itaíba,PE,Arcoverde,ITAIBA
Itambé,PE,Goiana ¿ Timbaúba,ITAMBE
Itapetim,PE,Afogados da Ingazeira,ITAPETIM
Itapissuma,PE,Recife,ITAPISSUMA
Itaquitinga,PE,Goiana ¿ Timbaúba,ITAQUITINGA
Jaboatão dos Guararapes,PE,Recife,JABOATAO DOS GUARARAPES
Jaqueira,PE,Palmares,JAQUEIRA
Jataúba,PE,Caruaru,JATAUBA
Jatobá,PE,Serra Talhada,JATOBA
João Alfredo,PE,Limoeiro,JOAO ALFREDO
Joaquim Nabuco,PE,Palmares,JOAQUIM NABUCO
Jucati,PE,Garanhuns,JUCATI
Jupi,PE,Garanhuns,JUPI
Jurema,PE,Garanhuns,JUREMA
Lagoa de Itaenga,PE,Carpina,LAGOA DE ITAENGA
Lagoa do Carro,PE,Carpina,LAGOA DO CARRO
Lagoa do Ouro,PE,Garanhuns,LAGOA DO OURO
Lagoa dos Gatos,PE,Caruaru,LAGOA DOS GATOS
Lagoa Grande,PE,Petrolina,LAGOA GRANDE
Lajedo,PE,Garanhuns,LAJEDO
Limoeiro,PE,Limoeiro,LIMOEIRO
Macaparana,PE,Goiana ¿ Timbaúba,MACAPARANA
Machados,PE,Limoeiro,MACHADOS
Manari,PE,Arcoverde,MANARI
Maraial,PE,Palmares,MARAIAL
Mirandiba,PE,Serra Talhada,MIRANDIBA
Moreilândia,PE,Araripina,MOREILANDIA
Moreno,PE,Recife,MORENO
Nazaré da Mata,PE,Carpina,NAZARE DA MATA
Olinda,PE,Recife,OLINDA
Orobó,PE,Limoeiro,OROBO
Orocó,PE,Petrolina,OROCO
Ouricuri,PE,Araripina,OURICURI
Palmares,PE,Palmares,PALMARES
Palmeirina,PE,Garanhuns,PALMEIRINA
Panelas,PE,Caruaru,PANELAS
Paranatama,PE,Garanhuns,PARANATAMA
Parnamirim,PE,Salgueiro,PARNAMIRIM
Passira,PE,Limoeiro,PASSIRA
Paudalho,PE,Recife,PAUDALHO
Paulista,PE,Recife,PAULISTA
Pedra,PE,Arcoverde,PEDRA
Pesqueira,PE,Belo Jardim ¿ Pesqueira,PESQUEIRA
Petrolândia,PE,Serra Talhada,PETROLANDIA
Petrolina,PE,Petrolina,PETROLINA
Poção,PE,Belo Jardim ¿ Pesqueira,POCAO
Pombos,PE,Vitória de Santo Antão,POMBOS
Primavera,PE,Escada - Ribeirão,PRIMAVERA
Quipapá,PE,Garanhuns,QUIPAPA
Quixaba,PE,Afogados da Ingazeira,QUIXABA
Recife,PE,Recife,RECIFE
Riacho das Almas,PE,Caruaru,RIACHO DAS ALMAS
Ribeirão,PE,Escada - Ribeirão,RIBEIRAO
Rio Formoso,PE,Barreiros - Sirinhaém,RIO FORMOSO
Sairé,PE,Caruaru,SAIRE
Salgadinho,PE,Limoeiro,SALGADINHO
Salgueiro,PE,Salgueiro,SALGUEIRO
Saloá,PE,Garanhuns,SALOA
Sanharó,PE,Belo Jardim ¿ Pesqueira,SANHARO
Santa Cruz,PE,Araripina,SANTA CRUZ
Santa Cruz da Baixa Verde,PE,Serra Talhada,SANTA CRUZ DA BAIXA VERDE
Santa Cruz do Capibaribe,PE,Caruaru,SANTA CRUZ DO CAPIBARIBE
Santa Filomena,PE,Araripina,SANTA FILOMENA
Santa Maria da Boa Vista,PE,Petrolina,SANTA MARIA DA BOA VISTA
Santa Maria do Cambucá,PE,Surubim,SANTA MARIA DO CAMBUCA
Santa Terezinha,PE,Afogados da Ingazeira,SANTA TEREZINHA
São Benedito do Sul,PE,Palmares,SAO BENEDITO DO SUL
São Bento do Una,PE,Belo Jardim ¿ Pesqueira,SAO BENTO DO UNA
São Caitano,PE,Caruaru,SAO CAITANO
São João,PE,Garanhuns,SAO JOAO
São Joaquim do Monte,PE,Caruaru,SAO JOAQUIM DO MONTE
São José da Coroa Grande,PE,Barreiros - Sirinhaém,SAO JOSE DA COROA GRANDE
São José do Belmonte,PE,Serra Talhada,SAO JOSE DO BELMONTE
São José do Egito,PE,Afogados da Ingazeira,SAO JOSE DO EGITO
São Lourenço da Mata,PE,Recife,SAO LOURENCO DA MATA
São Vicente Férrer,PE,Goiana ¿ Timbaúba,SAO VICENTE FERRER
Serra Talhada,PE,Serra Talhada,SERRA TALHADA
Serrita,PE,Salgueiro,SERRITA
Sertânia,PE,Arcoverde,SERTANIA
Sirinhaém,PE,Barreiros - Sirinhaém,SIRINHAEM
Solidão,PE,Afogados da Ingazeira,SOLIDAO
Surubim,PE,Surubim,SURUBIM
Tabira,PE,Afogados da Ingazeira,TABIRA
Tacaimbó,PE,Belo Jardim ¿ Pesqueira,TACAIMBO
Tacaratu,PE,Serra Talhada,TACARATU
Tamandaré,PE,Barreiros - Sirinhaém,TAMANDARE
Taquaritinga do Norte,PE,Caruaru,TAQUARITINGA DO NORTE
Terezinha,PE,Garanhuns,TEREZINHA
Terra Nova,PE,Salgueiro,TERRA NOVA
Timbaúba,PE,Goiana ¿ Timbaúba,TIMBAUBA
Toritama,PE,Caruaru,TORITAMA
Tracunhaém,PE,Carpina,TRACUNHAEM
Trindade,PE,Araripina,TRINDADE
Triunfo,PE,Serra Talhada,TRIUNFO
Tupanatinga,PE,Arcoverde,TUPANATINGA
Tuparetama,PE,Afogados da Ingazeira,TUPARETAMA
Venturosa,PE,Arcoverde,VENTUROSA
Verdejante,PE,Salgueiro,VERDEJANTE
Vertente do Lério,PE,Surubim,VERTENTE DO LERIO
Vertentes,PE,Surubim,VERTENTES
Vicência,PE,Goiana ¿ Timbaúba,VICENCIA
Vitória de Santo Antão,PE,Vitória de Santo Antão,VITORIA DE SANTO ANTAO
Xexéu,PE,Palmares,XEXEU
Água Branca,AL,Delmiro Gouveia,AGUA BRANCA
Anadia,AL,São Miguel dos Campos,ANADIA
Arapiraca,AL,Arapiraca,ARAPIRACA
Atalaia,AL,Atalaia,ATALAIA
Barra de Santo Antônio,AL,Maceió,BARRA DE SANTO ANTONIO
Barra de São Miguel,AL,Maceió,BARRA DE SAO MIGUEL
Batalha,AL,Pão de Açúcar - Olho d'Água das Flores ¿ Batalha,BATALHA
Belém,AL,Palmeira dos Índios,BELEM
Belo Monte,AL,Pão de Açúcar - Olho d'Água das Flores ¿ Batalha,BELO MONTE
Boca da Mata,AL,São Miguel dos Campos,BOCA DA MATA
Branquinha,AL,União dos Palmares,BRANQUINHA
Cacimbinhas,AL,Palmeira dos Índios,CACIMBINHAS
Cajueiro,AL,Atalaia,CAJUEIRO
Campestre,AL,Porto Calvo - São Luís do Quitunde,CAMPESTRE
Campo Alegre,AL,São Miguel dos Campos,CAMPO ALEGRE
Campo Grande,AL,Arapiraca,CAMPO GRANDE
Canapi,AL,Santana do Ipanema,CANAPI
Capela,AL,Atalaia,CAPELA
Carneiros,AL,Santana do Ipanema,CARNEIROS
Chã Preta,AL,Atalaia,CHA PRETA
Coité do Nóia,AL,Arapiraca,COITE DO NOIA
Colônia Leopoldina,AL,Porto Calvo - São Luís do Quitunde,COLONIA LEOPOLDINA
Coqueiro Seco,AL,Maceió,COQUEIRO SECO
Coruripe,AL,Penedo,CORURIPE
Craíbas,AL,Arapiraca,CRAIBAS
Delmiro Gouveia,AL,Delmiro Gouveia,DELMIRO GOUVEIA
Dois Riachos,AL,Santana do Ipanema,DOIS RIACHOS
Estrela de Alagoas,AL,Palmeira dos Índios,ESTRELA DE ALAGOAS
Feira Grande,AL,Arapiraca,FEIRA GRANDE
Feliz Deserto,AL,Penedo,FELIZ DESERTO
Flexeiras,AL,Maceió,FLEXEIRAS
Girau do Ponciano,AL,Arapiraca,GIRAU DO PONCIANO
Ibateguara,AL,União dos Palmares,IBATEGUARA
Igaci,AL,Palmeira dos Índios,IGACI
Igreja Nova,AL,Penedo,IGREJA NOVA
Inhapi,AL,Delmiro Gouveia,INHAPI
Jacaré dos Homens,AL,Pão de Açúcar - Olho d'Água das Flores ¿ Batalha,JACARE DOS HOMENS
Jacuípe,AL,Porto Calvo - São Luís do Quitunde,JACUIPE
Japaratinga,AL,Porto Calvo - São Luís do Quitunde,JAPARATINGA
Jaramataia,AL,Arapiraca,JARAMATAIA
Jequiá da Praia,AL,São Miguel dos Campos,JEQUIA DA PRAIA
Joaquim Gomes,AL,Maceió,JOAQUIM GOMES
Jundiá,AL,Porto Calvo - São Luís do Quitunde,JUNDIA
Junqueiro,AL,Arapiraca,JUNQUEIRO
Lagoa da Canoa,AL,Arapiraca,LAGOA DA CANOA
Limoeiro de Anadia,AL,Arapiraca,LIMOEIRO DE ANADIA
Maceió,AL,Maceió,MACEIO
Major Isidoro,AL,Palmeira dos Índios,MAJOR ISIDORO
Mar Vermelho,AL,Atalaia,MAR VERMELHO
Maragogi,AL,Porto Calvo - São Luís do Quitunde,MARAGOGI
Maravilha,AL,Santana do Ipanema,MARAVILHA
Marechal Deodoro,AL,Maceió,MARECHAL DEODORO
Maribondo,AL,Arapiraca,MARIBONDO
Mata Grande,AL,Delmiro Gouveia,MATA GRANDE
Matriz de Camaragibe,AL,Porto Calvo - São Luís do Quitunde,MATRIZ DE CAMARAGIBE
Messias,AL,Maceió,MESSIAS
Minador do Negrão,AL,Palmeira dos Índios,MINADOR DO NEGRAO
Monteirópolis,AL,Pão de Açúcar - Olho d'Água das Flores ¿ Batalha,MONTEIROPOLIS
Murici,AL,União dos Palmares,MURICI
Novo Lino,AL,Porto Calvo - São Luís do Quitunde,NOVO LINO
Olho d'Água das Flores,AL,Pão de Açúcar - Olho d'Água das Flores ¿ Batalha,OLHO DAGUA DAS FLORES
Olho d'Água do Casado,AL,Delmiro Gouveia,OLHO DAGUA DO CASADO
Olho d'Água Grande,AL,Arapiraca,OLHO DAGUA GRANDE
Olivença,AL,Santana do Ipanema,OLIVENCA
Ouro Branco,AL,Santana do Ipanema,OURO BRANCO
Palestina,AL,Pão de Açúcar - Olho d'Água das Flores ¿ Batalha,PALESTINA
Palmeira dos Índios,AL,Palmeira dos Índios,PALMEIRA DOS INDIOS
Pão de Açúcar,AL,Pão de Açúcar - Olho d'Água das Flores ¿ Batalha,PAO DE ACUCAR
Pariconha,AL,Delmiro Gouveia,PARICONHA
Paripueira,AL,Maceió,PARIPUEIRA
Passo de Camaragibe,AL,Porto Calvo - São Luís do Quitunde,PASSO DE CAMARAGIBE
Paulo Jacinto,AL,Palmeira dos Índios,PAULO JACINTO
Penedo,AL,Penedo,PENEDO
Piaçabuçu,AL,Penedo,PIACABUCU
Pilar,AL,Maceió,PILAR
Pindoba,AL,Atalaia,PINDOBA
Piranhas,AL,Delmiro Gouveia,PIRANHAS
Poço das Trincheiras,AL,Santana do Ipanema,POCO DAS TRINCHEIRAS
Porto Calvo,AL,Porto Calvo - São Luís do Quitunde,PORTO CALVO
Porto de Pedras,AL,Porto Calvo - São Luís do Quitunde,PORTO DE PEDRAS
Porto Real do Colégio,AL,Penedo,PORTO REAL DO COLEGIO
Quebrangulo,AL,Palmeira dos Índios,QUEBRANGULO
Rio Largo,AL,Maceió,RIO LARGO
Roteiro,AL,São Miguel dos Campos,ROTEIRO
Santa Luzia do Norte,AL,Maceió,SANTA LUZIA DO NORTE
Santana do Ipanema,AL,Santana do Ipanema,SANTANA DO IPANEMA
Santana do Mundaú,AL,União dos Palmares,SANTANA DO MUNDAU
São Brás,AL,Penedo,SAO BRAS
São José da Laje,AL,União dos Palmares,SAO JOSE DA LAJE
São José da Tapera,AL,Pão de Açúcar - Olho d'Água das Flores ¿ Batalha,SAO JOSE DA TAPERA
São Luís do Quitunde,AL,Porto Calvo - São Luís do Quitunde,SAO LUIS DO QUITUNDE
São Miguel dos Campos,AL,São Miguel dos Campos,SAO MIGUEL DOS CAMPOS
São Miguel dos Milagres,AL,Porto Calvo - São Luís do Quitunde,SAO MIGUEL DOS MILAGRES
São Sebastião,AL,Arapiraca,SAO SEBASTIAO
Satuba,AL,Maceió,SATUBA
Senador Rui Palmeira,AL,Santana do Ipanema,SENADOR RUI PALMEIRA
Tanque d'Arca,AL,Arapiraca,TANQUE DARCA
Taquarana,AL,Arapiraca,TAQUARANA
Teotônio Vilela,AL,Arapiraca,TEOTONIO VILELA
Traipu,AL,Arapiraca,TRAIPU
União dos Palmares,AL,União dos Palmares,UNIAO DOS PALMARES
Viçosa,AL,Atalaia,VICOSA
Amparo do São Francisco,SE,Propriá,AMPARO DO SAO FRANCISCO
Aquidabã,SE,Propriá,AQUIDABA
Aracaju,SE,Aracaju,ARACAJU
Arauá,SE,Estância,ARAUA
Areia Branca,SE,Itabaiana,AREIA BRANCA
Barra dos Coqueiros,SE,Aracaju,BARRA DOS COQUEIROS
Boquim,SE,Estância,BOQUIM
Brejo Grande,SE,Propriá,BREJO GRANDE
Campo do Brito,SE,Itabaiana,CAMPO DO BRITO
Canhoba,SE,Propriá,CANHOBA
Canindé de São Francisco,SE,Nossa Senhora da Glória,CANINDE DE SAO FRANCISCO
Capela,SE,Aracaju,CAPELA
Carira,SE,Itabaiana,CARIRA
Carmópolis,SE,Aracaju,CARMOPOLIS
Cedro de São João,SE,Propriá,CEDRO DE SAO JOAO
Cristinápolis,SE,Estância,CRISTINAPOLIS
Cumbe,SE,Aracaju,CUMBE
Divina Pastora,SE,Aracaju,DIVINA PASTORA
Estância,SE,Estância,ESTANCIA
Feira Nova,SE,Nossa Senhora da Glória,FEIRA NOVA
Frei Paulo,SE,Itabaiana,FREI PAULO
Gararu,SE,Nossa Senhora da Glória,GARARU
General Maynard,SE,Aracaju,GENERAL MAYNARD
Graccho Cardoso,SE,Nossa Senhora da Glória,GRACCHO CARDOSO
Ilha das Flores,SE,Propriá,ILHA DAS FLORES
Indiaroba,SE,Estância,INDIAROBA
Itabaiana,SE,Itabaiana,ITABAIANA
Itabaianinha,SE,Estância,ITABAIANINHA
Itabi,SE,Nossa Senhora da Glória,ITABI
Itaporanga d'Ajuda,SE,Aracaju,ITAPORANGA DAJUDA
Japaratuba,SE,Aracaju,JAPARATUBA
Japoatã,SE,Propriá,JAPOATA
Lagarto,SE,Lagarto,LAGARTO
Laranjeiras,SE,Aracaju,LARANJEIRAS
Macambira,SE,Itabaiana,MACAMBIRA
Malhada dos Bois,SE,Propriá,MALHADA DOS BOIS
Malhador,SE,Itabaiana,MALHADOR
Maruim,SE,Aracaju,MARUIM
Moita Bonita,SE,Itabaiana,MOITA BONITA
Monte Alegre de Sergipe,SE,Nossa Senhora da Glória,MONTE ALEGRE DE SERGIPE
Muribeca,SE,Propriá,MURIBECA
Neópolis,SE,Propriá,NEOPOLIS
Nossa Senhora Aparecida,SE,Itabaiana,NOSSA SENHORA APARECIDA
Nossa Senhora da Glória,SE,Nossa Senhora da Glória,NOSSA SENHORA DA GLORIA
Nossa Senhora das Dores,SE,Aracaju,NOSSA SENHORA DAS DORES
Nossa Senhora de Lourdes,SE,Propriá,NOSSA SENHORA DE LOURDES
Nossa Senhora do Socorro,SE,Aracaju,NOSSA SENHORA DO SOCORRO
Pacatuba,SE,Propriá,PACATUBA
Pedra Mole,SE,Itabaiana,PEDRA MOLE
Pedrinhas,SE,Estância,PEDRINHAS
Pinhão,SE,Itabaiana,PINHAO
Pirambu,SE,Aracaju,PIRAMBU
Poço Redondo,SE,Nossa Senhora da Glória,POCO REDONDO
Poço Verde,SE,Lagarto,POCO VERDE
Porto da Folha,SE,Nossa Senhora da Glória,PORTO DA FOLHA
Propriá,SE,Propriá,PROPRIA
Riachão do Dantas,SE,Lagarto,RIACHAO DO DANTAS
Riachuelo,SE,Aracaju,RIACHUELO
Ribeirópolis,SE,Itabaiana,RIBEIROPOLIS
Rosário do Catete,SE,Aracaju,ROSARIO DO CATETE
Salgado,SE,Lagarto,SALGADO
Santa Luzia do Itanhy,SE,Estância,SANTA LUZIA DO ITANHY
Santa Rosa de Lima,SE,Aracaju,SANTA ROSA DE LIMA
Santana do São Francisco,SE,Propriá,SANTANA DO SAO FRANCISCO
Santo Amaro das Brotas,SE,Aracaju,SANTO AMARO DAS BROTAS
São Cristóvão,SE,Aracaju,SAO CRISTOVAO
São Domingos,SE,Itabaiana,SAO DOMINGOS
São Francisco,SE,Propriá,SAO FRANCISCO
São Miguel do Aleixo,SE,Itabaiana,SAO MIGUEL DO ALEIXO
Simão Dias,SE,Lagarto,SIMAO DIAS
Siriri,SE,Aracaju,SIRIRI
Telha,SE,Propriá,TELHA
Tobias Barreto,SE,Lagarto,TOBIAS BARRETO
Tomar do Geru,SE,Estância,TOMAR DO GERU
Umbaúba,SE,Estância,UMBAUBA
Abaíra,BA,Brumado,ABAIRA
Abaré,BA,Paulo Afonso,ABARE
Acajutiba,BA,Alagoinhas,ACAJUTIBA
Adustina,BA,Cícero Dantas,ADUSTINA
Água Fria,BA,Feira de Santana,AGUA FRIA
Aiquara,BA,Jequié,AIQUARA
Alagoinhas,BA,Alagoinhas,ALAGOINHAS
Alcobaça,BA,Teixeira de Freitas,ALCOBACA
Almadina,BA,Ilhéus ¿ Itabuna,ALMADINA
Amargosa,BA,Santo Antônio de Jesus,AMARGOSA
Amélia Rodrigues,BA,Feira de Santana,AMELIA RODRIGUES
América Dourada,BA,Irecê,AMERICA DOURADA
Anagé,BA,Vitória da Conquista,ANAGE
Andaraí,BA,Itaberaba,ANDARAI
Andorinha,BA,Senhor do Bonfim,ANDORINHA
Angical,BA,Barreiras,ANGICAL
Anguera,BA,Feira de Santana,ANGUERA
Antas,BA,Cícero Dantas,ANTAS
Antônio Cardoso,BA,Feira de Santana,ANTONIO CARDOSO
Antônio Gonçalves,BA,Senhor do Bonfim,ANTONIO GONCALVES
Aporá,BA,Alagoinhas,APORA
Apuarema,BA,Jequié,APUAREMA
Araçás,BA,Alagoinhas,ARACAS
Aracatu,BA,Brumado,ARACATU
Araci,BA,Serrinha,ARACI
Aramari,BA,Alagoinhas,ARAMARI
Arataca,BA,Camacan,ARATACA
Aratuípe,BA,Nazaré ¿ Maragogipe,ARATUIPE
Aurelino Leal,BA,Ilhéus ¿ Itabuna,AURELINO LEAL
Baianópolis,BA,Barreiras,BAIANOPOLIS
Baixa Grande,BA,Feira de Santana,BAIXA GRANDE
Banzaê,BA,Ribeira do Pombal,BANZAE
Barra,BA,Xique-Xique ¿ Barra,BARRA
Barra da Estiva,BA,Vitória da Conquista,BARRA DA ESTIVA
Barra do Choça,BA,Vitória da Conquista,BARRA DO CHOCA
Barra do Mendes,BA,Irecê,BARRA DO MENDES
Barra do Rocha,BA,Ipiaú,BARRA DO ROCHA
Barreiras,BA,Barreiras,BARREIRAS
Barro Alto,BA,Irecê,BARRO ALTO
Barro Preto,BA,Ilhéus ¿ Itabuna,BARRO PRETO
Barrocas,BA,Serrinha,BARROCAS
Belmonte,BA,Eunápolis - Porto Seguro,BELMONTE
Belo Campo,BA,Vitória da Conquista,BELO CAMPO
Biritinga,BA,Serrinha,BIRITINGA
Boa Nova,BA,Vitória da Conquista,BOA NOVA
Boa Vista do Tupim,BA,Itaberaba,BOA VISTA DO TUPIM
Bom Jesus da Lapa,BA,Bom Jesus da Lapa,BOM JESUS DA LAPA
Bom Jesus da Serra,BA,Vitória da Conquista,BOM JESUS DA SERRA
Boninal,BA,Seabra,BONINAL
Bonito,BA,Irecê,BONITO
Boquira,BA,Bom Jesus da Lapa,BOQUIRA
Botuporã,BA,Guanambi,BOTUPORA
Brejões,BA,Santo Antônio de Jesus,BREJOES
Brejolândia,BA,Barreiras,BREJOLANDIA
Brotas de Macaúbas,BA,Xique-Xique ¿ Barra,BROTAS DE MACAUBAS
Brumado,BA,Brumado,BRUMADO
Buerarema,BA,Ilhéus ¿ Itabuna,BUERAREMA
Buritirama,BA,Xique-Xique ¿ Barra,BURITIRAMA
Caatiba,BA,Vitória da Conquista,CAATIBA
Cabaceiras do Paraguaçu,BA,Cruz das Almas,CABACEIRAS DO PARAGUACU
Cachoeira,BA,Cruz das Almas,CACHOEIRA
Caculé,BA,Guanambi,CACULE
Caém,BA,Jacobina,CAEM
Caetanos,BA,Vitória da Conquista,CAETANOS
Caetité,BA,Guanambi,CAETITE
Cafarnaum,BA,Irecê,CAFARNAUM
Cairu,BA,Valença,CAIRU
Caldeirão Grande,BA,Jacobina,CALDEIRAO GRANDE
Camacan,BA,Camacan,CAMACAN
Camaçari,BA,Salvador,CAMACARI
Camamu,BA,Valença,CAMAMU
Campo Alegre de Lourdes,BA,Juazeiro,CAMPO ALEGRE DE LOURDES
Campo Formoso,BA,Senhor do Bonfim,CAMPO FORMOSO
Canápolis,BA,Santa Maria da Vitoria,CANAPOLIS
Canarana,BA,Irecê,CANARANA
Canavieiras,BA,Camacan,CANAVIEIRAS
Candeal,BA,Feira de Santana,CANDEAL
Candeias,BA,Salvador,CANDEIAS
Candiba,BA,Guanambi,CANDIBA
Cândido Sales,BA,Vitória da Conquista,CANDIDO SALES
Cansanção,BA,Euclides da Cunha,CANSANCAO
Canudos,BA,Euclides da Cunha,CANUDOS
Capela do Alto Alegre,BA,Feira de Santana,CAPELA DO ALTO ALEGRE
Capim Grosso,BA,Jacobina,CAPIM GROSSO
Caraíbas,BA,Vitória da Conquista,CARAIBAS
Caravelas,BA,Teixeira de Freitas,CARAVELAS
Cardeal da Silva,BA,Alagoinhas,CARDEAL DA SILVA
Carinhanha,BA,Guanambi,CARINHANHA
Casa Nova,BA,Juazeiro,CASA NOVA
Castro Alves,BA,Cruz das Almas,CASTRO ALVES
Catolândia,BA,Barreiras,CATOLANDIA
Catu,BA,Salvador,CATU
Caturama,BA,Brumado,CATURAMA
Central,BA,Irecê,CENTRAL
Chorrochó,BA,Paulo Afonso,CHORROCHO
Cícero Dantas,BA,Cícero Dantas,CICERO DANTAS
Cipó,BA,Ribeira do Pombal,CIPO
Coaraci,BA,Ilhéus ¿ Itabuna,COARACI
Cocos,BA,Santa Maria da Vitoria,COCOS
Conceição da Feira,BA,Feira de Santana,CONCEICAO DA FEIRA
Conceição do Almeida,BA,Cruz das Almas,CONCEICAO DO ALMEIDA
Conceição do Coité,BA,Conceição do Coité,CONCEICAO DO COITE
Conceição do Jacuípe,BA,Feira de Santana,CONCEICAO DO JACUIPE
Conde,BA,Alagoinhas,CONDE
Condeúba,BA,Vitória da Conquista,CONDEUBA
Contendas do Sincorá,BA,Vitória da Conquista,CONTENDAS DO SINCORA
Coração de Maria,BA,Feira de Santana,CORACAO DE MARIA
Cordeiros,BA,Vitória da Conquista,CORDEIROS
Coribe,BA,Santa Maria da Vitoria,CORIBE
Coronel João Sá,BA,Jeremoabo,CORONEL JOAO SA
Correntina,BA,Santa Maria da Vitoria,CORRENTINA
Cotegipe,BA,Barreiras,COTEGIPE
Cravolândia,BA,Jequié,CRAVOLANDIA
Crisópolis,BA,Alagoinhas,CRISOPOLIS
Cristópolis,BA,Barreiras,CRISTOPOLIS
Cruz das Almas,BA,Cruz das Almas,CRUZ DAS ALMAS
Curaçá,BA,Juazeiro,CURACA
Dário Meira,BA,Ipiaú,DARIO MEIRA
Dias d'Ávila,BA,Salvador,DIAS DAVILA
Dom Basílio,BA,Brumado,DOM BASILIO
Dom Macedo Costa,BA,Santo Antônio de Jesus,DOM MACEDO COSTA
Elísio Medrado,BA,Santo Antônio de Jesus,ELISIO MEDRADO
Encruzilhada,BA,Vitória da Conquista,ENCRUZILHADA
Entre Rios,BA,Alagoinhas,ENTRE RIOS
Érico Cardoso,BA,Brumado,ERICO CARDOSO
Esplanada,BA,Alagoinhas,ESPLANADA
Euclides da Cunha,BA,Euclides da Cunha,EUCLIDES DA CUNHA
Eunápolis,BA,Eunápolis - Porto Seguro,EUNAPOLIS
Fátima,BA,Cícero Dantas,FATIMA
Feira da Mata,BA,Guanambi,FEIRA DA MATA
Feira de Santana,BA,Feira de Santana,FEIRA DE SANTANA
Filadélfia,BA,Senhor do Bonfim,FILADELFIA
Firmino Alves,BA,Ilhéus ¿ Itabuna,FIRMINO ALVES
Floresta Azul,BA,Ilhéus ¿ Itabuna,FLORESTA AZUL
Formosa do Rio Preto,BA,Barreiras,FORMOSA DO RIO PRETO
Gandu,BA,Ipiaú,GANDU
Gavião,BA,Feira de Santana,GAVIAO
Gentio do Ouro,BA,Xique-Xique ¿ Barra,GENTIO DO OURO
Glória,BA,Paulo Afonso,GLORIA
Gongogi,BA,Ipiaú,GONGOGI
Governador Mangabeira,BA,Cruz das Almas,GOVERNADOR MANGABEIRA
Guajeru,BA,Guanambi,GUAJERU
Guanambi,BA,Guanambi,GUANAMBI
Guaratinga,BA,Eunápolis - Porto Seguro,GUARATINGA
Heliópolis,BA,Cícero Dantas,HELIOPOLIS
Iaçu,BA,Itaberaba,IACU
Ibiassucê,BA,Guanambi,IBIASSUCE
Ibicaraí,BA,Ilhéus ¿ Itabuna,IBICARAI
Ibicoara,BA,Vitória da Conquista,IBICOARA
Ibicuí,BA,Ilhéus ¿ Itabuna,IBICUI
Ibipeba,BA,Irecê,IBIPEBA
Ibipitanga,BA,Bom Jesus da Lapa,IBIPITANGA
Ibiquera,BA,Itaberaba,IBIQUERA
Ibirapitanga,BA,Ilhéus ¿ Itabuna,IBIRAPITANGA
Ibirapuã,BA,Teixeira de Freitas,IBIRAPUA
Ibirataia,BA,Ipiaú,IBIRATAIA
Ibitiara,BA,Seabra,IBITIARA
Ibititá,BA,Irecê,IBITITA
Ibotirama,BA,Xique-Xique ¿ Barra,IBOTIRAMA
Ichu,BA,Feira de Santana,ICHU
Igaporã,BA,Guanambi,IGAPORA
Igrapiúna,BA,Valença,IGRAPIUNA
Iguaí,BA,Vitória da Conquista,IGUAI
Ilhéus,BA,Ilhéus ¿ Itabuna,ILHEUS
Inhambupe,BA,Alagoinhas,INHAMBUPE
Ipecaetá,BA,Feira de Santana,IPECAETA
Ipiaú,BA,Ipiaú,IPIAU
Ipirá,BA,Feira de Santana,IPIRA
Ipupiara,BA,Xique-Xique ¿ Barra,IPUPIARA
Irajuba,BA,Jequié,IRAJUBA
Iramaia,BA,Vitória da Conquista,IRAMAIA
Iraquara,BA,Seabra,IRAQUARA
Irará,BA,Feira de Santana,IRARA
Irecê,BA,Irecê,IRECE
Itabela,BA,Eunápolis - Porto Seguro,ITABELA
Itaberaba,BA,Itaberaba,ITABERABA
Itabuna,BA,Ilhéus ¿ Itabuna,ITABUNA
Itacaré,BA,Ilhéus ¿ Itabuna,ITACARE
Itaeté,BA,Itaberaba,ITAETE
Itagi,BA,Jequié,ITAGI
Itagibá,BA,Ipiaú,ITAGIBA
Itagimirim,BA,Eunápolis - Porto Seguro,ITAGIMIRIM
Itaguaçu da Bahia,BA,Irecê,ITAGUACU DA BAHIA
Itaju do Colônia,BA,Ilhéus ¿ Itabuna,ITAJU DO COLONIA
Itajuípe,BA,Ilhéus ¿ Itabuna,ITAJUIPE
Itamaraju,BA,Teixeira de Freitas,ITAMARAJU
Itamari,BA,Ipiaú,ITAMARI
Itambé,BA,Vitória da Conquista,ITAMBE
Itanagra,BA,Salvador,ITANAGRA
Itanhém,BA,Teixeira de Freitas,ITANHEM
Itaparica,BA,Nazaré ¿ Maragogipe,ITAPARICA
Itapé,BA,Ilhéus ¿ Itabuna,ITAPE
Itapebi,BA,Eunápolis - Porto Seguro,ITAPEBI
Itapetinga,BA,Itapetinga,ITAPETINGA
Itapicuru,BA,Alagoinhas,ITAPICURU
Itapitanga,BA,Ilhéus ¿ Itabuna,ITAPITANGA
Itaquara,BA,Jequié,ITAQUARA
Itarantim,BA,Itapetinga,ITARANTIM
Itatim,BA,Cruz das Almas,ITATIM
Itiruçu,BA,Jequié,ITIRUCU
Itiúba,BA,Senhor do Bonfim,ITIUBA
Itororó,BA,Itapetinga,ITORORO
Ituaçu,BA,Vitória da Conquista,ITUACU
Ituberá,BA,Valença,ITUBERA
Iuiu,BA,Guanambi,IUIU
Jaborandi,BA,Santa Maria da Vitoria,JABORANDI
Jacaraci,BA,Guanambi,JACARACI
Jacobina,BA,Jacobina,JACOBINA
Jaguaquara,BA,Jequié,JAGUAQUARA
Jaguarari,BA,Senhor do Bonfim,JAGUARARI
Jaguaripe,BA,Nazaré ¿ Maragogipe,JAGUARIPE
Jandaíra,BA,Alagoinhas,JANDAIRA
Jequié,BA,Jequié,JEQUIE
Jeremoabo,BA,Jeremoabo,JEREMOABO
Jiquiriçá,BA,Santo Antônio de Jesus,JIQUIRICA
Jitaúna,BA,Jequié,JITAUNA
João Dourado,BA,Irecê,JOAO DOURADO
Juazeiro,BA,Juazeiro,JUAZEIRO
Jucuruçu,BA,Teixeira de Freitas,JUCURUCU
Jussara,BA,Irecê,JUSSARA
Jussari,BA,Camacan,JUSSARI
Jussiape,BA,Brumado,JUSSIAPE
Lafaiete Coutinho,BA,Jequié,LAFAIETE COUTINHO
Lagoa Real,BA,Guanambi,LAGOA REAL
Laje,BA,Santo Antônio de Jesus,LAJE
Lajedão,BA,Teixeira de Freitas,LAJEDAO
Lajedinho,BA,Itaberaba,LAJEDINHO
Lajedo do Tabocal,BA,Jequié,LAJEDO DO TABOCAL
Lamarão,BA,Feira de Santana,LAMARAO
Lapão,BA,Irecê,LAPAO
Lauro de Freitas,BA,Salvador,LAURO DE FREITAS
Lençóis,BA,Seabra,LENCOIS
Licínio de Almeida,BA,Guanambi,LICINIO DE ALMEIDA
Livramento de Nossa Senhora,BA,Brumado,LIVRAMENTO DE NOSSA SENHORA
Luís Eduardo Magalhães,BA,Barreiras,LUIS EDUARDO MAGALHAES
Macajuba,BA,Feira de Santana,MACAJUBA
Macarani,BA,Itapetinga,MACARANI
Macaúbas,BA,Bom Jesus da Lapa,MACAUBAS
Macururé,BA,Paulo Afonso,MACURURE
Madre de Deus,BA,Salvador,MADRE DE DEUS
Maetinga,BA,Vitória da Conquista,MAETINGA
Maiquinique,BA,Itapetinga,MAIQUINIQUE
Mairi,BA,Feira de Santana,MAIRI
Malhada,BA,Guanambi,MALHADA
Malhada de Pedras,BA,Brumado,MALHADA DE PEDRAS
Manoel Vitorino,BA,Jequié,MANOEL VITORINO
Mansidão,BA,Barreiras,MANSIDAO
Maracás,BA,Jequié,MARACAS
Maragogipe,BA,Nazaré ¿ Maragogipe,MARAGOGIPE
Maraú,BA,Ilhéus ¿ Itabuna,MARAU
Marcionílio Souza,BA,Itaberaba,MARCIONILIO SOUZA
Mascote,BA,Camacan,MASCOTE
Mata de São João,BA,Salvador,MATA DE SAO JOAO
Matina,BA,Guanambi,MATINA
Medeiros Neto,BA,Teixeira de Freitas,MEDEIROS NETO
Miguel Calmon,BA,Jacobina,MIGUEL CALMON
Milagres,BA,Santo Antônio de Jesus,MILAGRES
Mirangaba,BA,Jacobina,MIRANGABA
Mirante,BA,Vitória da Conquista,MIRANTE
Monte Santo,BA,Euclides da Cunha,MONTE SANTO
Morpará,BA,Xique-Xique ¿ Barra,MORPARA
Morro do Chapéu,BA,Irecê,MORRO DO CHAPEU
Mortugaba,BA,Guanambi,MORTUGABA
Mucugê,BA,Seabra,MUCUGE
Mucuri,BA,Teixeira de Freitas,MUCURI
Mulungu do Morro,BA,Irecê,MULUNGU DO MORRO
Mundo Novo,BA,Feira de Santana,MUNDO NOVO
Muniz Ferreira,BA,Santo Antônio de Jesus,MUNIZ FERREIRA
Muquém do São Francisco,BA,Xique-Xique ¿ Barra,MUQUEM DO SAO FRANCISCO
Muritiba,BA,Cruz das Almas,MURITIBA
Mutuípe,BA,Santo Antônio de Jesus,MUTUIPE
Nazaré,BA,Nazaré ¿ Maragogipe,NAZARE
Nilo Peçanha,BA,Valença,NILO PECANHA
Nordestina,BA,Conceição do Coité,NORDESTINA
Nova Canaã,BA,Vitória da Conquista,NOVA CANAA
Nova Fátima,BA,Feira de Santana,NOVA FATIMA
Nova Ibiá,BA,Ipiaú,NOVA IBIA
Nova Itarana,BA,Santo Antônio de Jesus,NOVA ITARANA
Nova Redenção,BA,Itaberaba,NOVA REDENCAO
Nova Soure,BA,Ribeira do Pombal,NOVA SOURE
Nova Viçosa,BA,Teixeira de Freitas,NOVA VICOSA
Novo Horizonte,BA,Seabra,NOVO HORIZONTE
Novo Triunfo,BA,Jeremoabo,NOVO TRIUNFO
Olindina,BA,Ribeira do Pombal,OLINDINA
Oliveira dos Brejinhos,BA,Xique-Xique ¿ Barra,OLIVEIRA DOS BREJINHOS
Ouriçangas,BA,Feira de Santana,OURICANGAS
Ourolândia,BA,Jacobina,OUROLANDIA
Palmas de Monte Alto,BA,Guanambi,PALMAS DE MONTE ALTO
Palmeiras,BA,Seabra,PALMEIRAS
Paramirim,BA,Brumado,PARAMIRIM
Paratinga,BA,Bom Jesus da Lapa,PARATINGA
Paripiranga,BA,Cícero Dantas,PARIPIRANGA
Pau Brasil,BA,Camacan,PAU BRASIL
Paulo Afonso,BA,Paulo Afonso,PAULO AFONSO
Pé de Serra,BA,Feira de Santana,PE DE SERRA
Pedrão,BA,Alagoinhas,PEDRAO
Pedro Alexandre,BA,Jeremoabo,PEDRO ALEXANDRE
Piatã,BA,Seabra,PIATA
Pilão Arcado,BA,Juazeiro,PILAO ARCADO
Pindaí,BA,Guanambi,PINDAI
Pindobaçu,BA,Senhor do Bonfim,PINDOBACU
Pintadas,BA,Feira de Santana,PINTADAS
Piraí do Norte,BA,Ipiaú,PIRAI DO NORTE
Piripá,BA,Vitória da Conquista,PIRIPA
Piritiba,BA,Jacobina,PIRITIBA
Planaltino,BA,Jequié,PLANALTINO
Planalto,BA,Vitória da Conquista,PLANALTO
Poções,BA,Vitória da Conquista,POCOES
Pojuca,BA,Salvador,POJUCA
Ponto Novo,BA,Senhor do Bonfim,PONTO NOVO
Porto Seguro,BA,Eunápolis - Porto Seguro,PORTO SEGURO
Potiraguá,BA,Itapetinga,POTIRAGUA
Prado,BA,Teixeira de Freitas,PRADO
Presidente Dutra,BA,Irecê,PRESIDENTE DUTRA
Presidente Jânio Quadros,BA,Vitória da Conquista,PRESIDENTE JANIO QUADROS
Presidente Tancredo Neves,BA,Valença,PRESIDENTE TANCREDO NEVES
Queimadas,BA,Conceição do Coité,QUEIMADAS
Quijingue,BA,Euclides da Cunha,QUIJINGUE
Quixabeira,BA,Jacobina,QUIXABEIRA
Rafael Jambeiro,BA,Feira de Santana,RAFAEL JAMBEIRO
Remanso,BA,Juazeiro,REMANSO
Retirolândia,BA,Conceição do Coité,RETIROLANDIA
Riachão das Neves,BA,Barreiras,RIACHAO DAS NEVES
Riachão do Jacuípe,BA,Feira de Santana,RIACHAO DO JACUIPE
Riacho de Santana,BA,Guanambi,RIACHO DE SANTANA
Ribeira do Amparo,BA,Ribeira do Pombal,RIBEIRA DO AMPARO
Ribeira do Pombal,BA,Ribeira do Pombal,RIBEIRA DO POMBAL
Ribeirão do Largo,BA,Vitória da Conquista,RIBEIRAO DO LARGO
Rio de Contas,BA,Brumado,RIO DE CONTAS
Rio do Antônio,BA,Guanambi,RIO DO ANTONIO
Rio do Pires,BA,Brumado,RIO DO PIRES
Rio Real,BA,Alagoinhas,RIO REAL
Rodelas,BA,Paulo Afonso,RODELAS
Ruy Barbosa,BA,Itaberaba,RUY BARBOSA
Salinas da Margarida,BA,Nazaré ¿ Maragogipe,SALINAS DA MARGARIDA
Salvador,BA,Salvador,SALVADOR
Santa Bárbara,BA,Feira de Santana,SANTA BARBARA
Santa Brígida,BA,Paulo Afonso,SANTA BRIGIDA
Santa Cruz Cabrália,BA,Eunápolis - Porto Seguro,SANTA CRUZ CABRALIA
Santa Cruz da Vitória,BA,Ilhéus ¿ Itabuna,SANTA CRUZ DA VITORIA
Santa Inês,BA,Jequié,SANTA INES
Santa Luzia,BA,Camacan,SANTA LUZIA
Santa Maria da Vitória,BA,Santa Maria da Vitoria,SANTA MARIA DA VITORIA
Santa Rita de Cássia,BA,Barreiras,SANTA RITA DE CASSIA
Santa Terezinha,BA,Cruz das Almas,SANTA TEREZINHA
Santaluz,BA,Conceição do Coité,SANTALUZ
Santana,BA,Barreiras,SANTANA
Santanópolis,BA,Feira de Santana,SANTANOPOLIS
Santo Amaro,BA,Salvador,SANTO AMARO
Santo Antônio de Jesus,BA,Santo Antônio de Jesus,SANTO ANTONIO DE JESUS
Santo Estêvão,BA,Feira de Santana,SANTO ESTEVAO
São Desidério,BA,Barreiras,SAO DESIDERIO
São Domingos,BA,Conceição do Coité,SAO DOMINGOS
São Felipe,BA,Cruz das Almas,SAO FELIPE
São Félix,BA,Cruz das Almas,SAO FELIX
São Félix do Coribe,BA,Santa Maria da Vitoria,SAO FELIX DO CORIBE
São Francisco do Conde,BA,Salvador,SAO FRANCISCO DO CONDE
São Gabriel,BA,Irecê,SAO GABRIEL
São Gonçalo dos Campos,BA,Feira de Santana,SAO GONCALO DOS CAMPOS
São José da Vitória,BA,Ilhéus ¿ Itabuna,SAO JOSE DA VITORIA
São José do Jacuípe,BA,Jacobina,SAO JOSE DO JACUIPE
São Miguel das Matas,BA,Santo Antônio de Jesus,SAO MIGUEL DAS MATAS
São Sebastião do Passé,BA,Salvador,SAO SEBASTIAO DO PASSE
Sapeaçu,BA,Cruz das Almas,SAPEACU
Sátiro Dias,BA,Alagoinhas,SATIRO DIAS
Saubara,BA,Salvador,SAUBARA
Saúde,BA,Jacobina,SAUDE
Seabra,BA,Seabra,SEABRA
Sebastião Laranjeiras,BA,Guanambi,SEBASTIAO LARANJEIRAS
Senhor do Bonfim,BA,Senhor do Bonfim,SENHOR DO BONFIM
Sento Sé,BA,Juazeiro,SENTO SE
Serra do Ramalho,BA,Bom Jesus da Lapa,SERRA DO RAMALHO
Serra Dourada,BA,Barreiras,SERRA DOURADA
Serra Preta,BA,Feira de Santana,SERRA PRETA
Serrinha,BA,Serrinha,SERRINHA
Serrolândia,BA,Jacobina,SERROLANDIA
Simões Filho,BA,Salvador,SIMOES FILHO
Sítio do Mato,BA,Bom Jesus da Lapa,SITIO DO MATO
Sítio do Quinto,BA,Jeremoabo,SITIO DO QUINTO
Sobradinho,BA,Juazeiro,SOBRADINHO
Souto Soares,BA,Seabra,SOUTO SOARES
Tabocas do Brejo Velho,BA,Barreiras,TABOCAS DO BREJO VELHO
Tanhaçu,BA,Vitória da Conquista,TANHACU
Tanque Novo,BA,Guanambi,TANQUE NOVO
Tanquinho,BA,Feira de Santana,TANQUINHO
Taperoá,BA,Valença,TAPEROA
Tapiramutá,BA,Jacobina,TAPIRAMUTA
Teixeira de Freitas,BA,Teixeira de Freitas,TEIXEIRA DE FREITAS
Teodoro Sampaio,BA,Alagoinhas,TEODORO SAMPAIO
Teofilândia,BA,Serrinha,TEOFILANDIA
Teolândia,BA,Ipiaú,TEOLANDIA
Terra Nova,BA,Salvador,TERRA NOVA
Tremedal,BA,Vitória da Conquista,TREMEDAL
Tucano,BA,Ribeira do Pombal,TUCANO
Uauá,BA,Juazeiro,UAUA
Ubaíra,BA,Santo Antônio de Jesus,UBAIRA
Ubaitaba,BA,Ilhéus ¿ Itabuna,UBAITABA
Ubatã,BA,Ipiaú,UBATA
Uibaí,BA,Irecê,UIBAI
Umburanas,BA,Jacobina,UMBURANAS
Una,BA,Camacan,UNA
Urandi,BA,Guanambi,URANDI
Uruçuca,BA,Ilhéus ¿ Itabuna,URUCUCA
Utinga,BA,Itaberaba,UTINGA
Valença,BA,Valença,VALENCA
Valente,BA,Conceição do Coité,VALENTE
Várzea da Roça,BA,Feira de Santana,VARZEA DA ROCA
Várzea do Poço,BA,Jacobina,VARZEA DO POCO
Várzea Nova,BA,Jacobina,VARZEA NOVA
Varzedo,BA,Santo Antônio de Jesus,VARZEDO
Vera Cruz,BA,Nazaré ¿ Maragogipe,VERA CRUZ
Vereda,BA,Teixeira de Freitas,VEREDA
Vitória da Conquista,BA,Vitória da Conquista,VITORIA DA CONQUISTA
Wagner,BA,Itaberaba,WAGNER
Wanderley,BA,Barreiras,WANDERLEY
Wenceslau Guimarães,BA,Ipiaú,WENCESLAU GUIMARAES
Xique-Xique,BA,Xique-Xique ¿ Barra,XIQUEXIQUE
Abadia dos Dourados,MG,Monte Carmelo,ABADIA DOS DOURADOS
Abaeté,MG,Abaeté,ABAETE
Abre Campo,MG,Manhuaçu,ABRE CAMPO
Acaiaca,MG,Ponte Nova,ACAIACA
Açucena,MG,Ipatinga,ACUCENA
Água Boa,MG,Capelinha,AGUA BOA
Água Comprida,MG,Uberaba,AGUA COMPRIDA
Aguanil,MG,Campo Belo,AGUANIL
Águas Formosas,MG,Águas Formosas,AGUAS FORMOSAS
Águas Vermelhas,MG,Pedra Azul,AGUAS VERMELHAS
Aimorés,MG,Aimorés - Resplendor,AIMORES
Aiuruoca,MG,Caxambu - Baependi,AIURUOCA
Alagoa,MG,São Lourenço,ALAGOA
Albertina,MG,Pouso Alegre,ALBERTINA
Além Paraíba,MG,Além Paraíba,ALEM PARAIBA
Alfenas,MG,Alfenas,ALFENAS
Alfredo Vasconcelos,MG,Barbacena,ALFREDO VASCONCELOS
Almenara,MG,Almenara,ALMENARA
Alpercata,MG,Governador Valadares,ALPERCATA
Alpinópolis,MG,Passos,ALPINOPOLIS
Alterosa,MG,Alfenas,ALTEROSA
Alto Caparaó,MG,Manhuaçu,ALTO CAPARAO
Alto Jequitibá,MG,Manhuaçu,ALTO JEQUITIBA
Alto Rio Doce,MG,Barbacena,ALTO RIO DOCE
Alvarenga,MG,Caratinga,ALVARENGA
Alvinópolis,MG,Ponte Nova,ALVINOPOLIS
Alvorada de Minas,MG,Diamantina,ALVORADA DE MINAS
Amparo do Serra,MG,Ponte Nova,AMPARO DO SERRA
Andradas,MG,Poços de Caldas,ANDRADAS
Andrelândia,MG,Juiz de Fora,ANDRELANDIA
Angelândia,MG,Capelinha,ANGELANDIA
Antônio Carlos,MG,Barbacena,ANTONIO CARLOS
Antônio Dias,MG,Ipatinga,ANTONIO DIAS
Antônio Prado de Minas,MG,Muriaé,ANTONIO PRADO DE MINAS
Araçaí,MG,Sete Lagoas,ARACAI
Aracitaba,MG,Juiz de Fora,ARACITABA
Araçuaí,MG,Araçuaí,ARACUAI
Araguari,MG,Uberlândia,ARAGUARI
Arantina,MG,Juiz de Fora,ARANTINA
Araponga,MG,Viçosa,ARAPONGA
Araporã,MG,Uberlândia,ARAPORA
Arapuá,MG,Patos de Minas,ARAPUA
Araújos,MG,Divinópolis,ARAUJOS
Araxá,MG,Araxá,ARAXA
Arceburgo,MG,Guaxupé,ARCEBURGO
Arcos,MG,Formiga,ARCOS
Areado,MG,Alfenas,AREADO
Argirita,MG,Cataguases,ARGIRITA
Aricanduva,MG,Capelinha,ARICANDUVA
Arinos,MG,Unaí,ARINOS
Astolfo Dutra,MG,Cataguases,ASTOLFO DUTRA
Ataléia,MG,Teófilo Otoni,ATALEIA
Augusto de Lima,MG,Curvelo,AUGUSTO DE LIMA
Baependi,MG,Caxambu - Baependi,BAEPENDI
Baldim,MG,Sete Lagoas,BALDIM
Bambuí,MG,Formiga,BAMBUI
Bandeira,MG,Almenara,BANDEIRA
Bandeira do Sul,MG,Poços de Caldas,BANDEIRA DO SUL
Barão de Cocais,MG,Santa Bárbara - Ouro Preto,BARAO DE COCAIS
Barão do Monte Alto,MG,Muriaé,BARAO DO MONTE ALTO
Barbacena,MG,Barbacena,BARBACENA
Barra Longa,MG,Ponte Nova,BARRA LONGA
Barroso,MG,Barbacena,BARROSO
Bela Vista de Minas,MG,João Monlevade,BELA VISTA DE MINAS
Belmiro Braga,MG,Juiz de Fora,BELMIRO BRAGA
Belo Horizonte,MG,Belo Horizonte,BELO HORIZONTE
Belo Oriente,MG,Ipatinga,BELO ORIENTE
Belo Vale,MG,Conselheiro Lafaiete,BELO VALE
Berilo,MG,Araçuaí,BERILO
Berizal,MG,Salinas,BERIZAL
Bertópolis,MG,Águas Formosas,BERTOPOLIS
Betim,MG,Belo Horizonte,BETIM
Bias Fortes,MG,Juiz de Fora,BIAS FORTES
Bicas,MG,São João Nepomuceno - Bicas,BICAS
Biquinhas,MG,Abaeté,BIQUINHAS
Boa Esperança,MG,Três Pontas - Boa Esperança,BOA ESPERANCA
Bocaina de Minas,MG,Juiz de Fora,BOCAINA DE MINAS
Bocaiúva,MG,Montes Claros,BOCAIUVA
Bom Despacho,MG,Dores do Indaiá,BOM DESPACHO
Bom Jardim de Minas,MG,Juiz de Fora,BOM JARDIM DE MINAS
Bom Jesus da Penha,MG,Passos,BOM JESUS DA PENHA
Bom Jesus do Amparo,MG,Itabira,BOM JESUS DO AMPARO
Bom Jesus do Galho,MG,Caratinga,BOM JESUS DO GALHO
Bom Repouso,MG,Pouso Alegre,BOM REPOUSO
Bom Sucesso,MG,Lavras,BOM SUCESSO
Bonfim,MG,Oliveira,BONFIM
Bonfinópolis de Minas,MG,Unaí,BONFINOPOLIS DE MINAS
Bonito de Minas,MG,Januária,BONITO DE MINAS
Borda da Mata,MG,Pouso Alegre,BORDA DA MATA
Botelhos,MG,Poços de Caldas,BOTELHOS
Botumirim,MG,Montes Claros,BOTUMIRIM
Brás Pires,MG,Ubá,BRAS PIRES
Brasilândia de Minas,MG,Patos de Minas,BRASILANDIA DE MINAS
Brasília de Minas,MG,Montes Claros,BRASILIA DE MINAS
Braúnas,MG,Ipatinga,BRAUNAS
Brazópolis,MG,Itajubá,BRAZOPOLIS
Brumadinho,MG,Belo Horizonte,BRUMADINHO
Bueno Brandão,MG,Pouso Alegre,BUENO BRANDAO
Buenópolis,MG,Curvelo,BUENOPOLIS
Bugre,MG,Ipatinga,BUGRE
Buritis,MG,Unaí,BURITIS
Buritizeiro,MG,Pirapora,BURITIZEIRO
Cabeceira Grande,MG,Unaí,CABECEIRA GRANDE
Cabo Verde,MG,Guaxupé,CABO VERDE
Cachoeira da Prata,MG,Sete Lagoas,CACHOEIRA DA PRATA
Cachoeira de Minas,MG,Pouso Alegre,CACHOEIRA DE MINAS
Cachoeira de Pajeú,MG,Pedra Azul,CACHOEIRA DE PAJEU
Cachoeira Dourada,MG,Ituiutaba,CACHOEIRA DOURADA
Caetanópolis,MG,Sete Lagoas,CAETANOPOLIS
Caeté,MG,Belo Horizonte,CAETE
Caiana,MG,Carangola,CAIANA
Cajuri,MG,Viçosa,CAJURI
Caldas,MG,Poços de Caldas,CALDAS
Camacho,MG,Divinópolis,CAMACHO
Camanducaia,MG,Pouso Alegre,CAMANDUCAIA
Cambuí,MG,Pouso Alegre,CAMBUI
Cambuquira,MG,Três Corações,CAMBUQUIRA
Campanário,MG,Teófilo Otoni,CAMPANARIO
Campanha,MG,Três Corações,CAMPANHA
Campestre,MG,Poços de Caldas,CAMPESTRE
Campina Verde,MG,Uberlândia,CAMPINA VERDE
Campo Azul,MG,Montes Claros,CAMPO AZUL
Campo Belo,MG,Campo Belo,CAMPO BELO
Campo do Meio,MG,Alfenas,CAMPO DO MEIO
Campo Florido,MG,Uberaba,CAMPO FLORIDO
Campos Altos,MG,Araxá,CAMPOS ALTOS
Campos Gerais,MG,Alfenas,CAMPOS GERAIS
Cana Verde,MG,Lavras,CANA VERDE
Canaã,MG,Viçosa,CANAA
Canápolis,MG,Uberlândia,CANAPOLIS
Candeias,MG,Campo Belo,CANDEIAS
Cantagalo,MG,Guanhães,CANTAGALO
Caparaó,MG,Manhuaçu,CAPARAO
Capela Nova,MG,Conselheiro Lafaiete,CAPELA NOVA
Capelinha,MG,Capelinha,CAPELINHA
Capetinga,MG,Passos,CAPETINGA
Capim Branco,MG,Sete Lagoas,CAPIM BRANCO
Capinópolis,MG,Ituiutaba,CAPINOPOLIS
Capitão Andrade,MG,Governador Valadares,CAPITAO ANDRADE
Capitão Enéas,MG,Montes Claros,CAPITAO ENEAS
Capitólio,MG,Piumhi,CAPITOLIO
Caputira,MG,Manhuaçu,CAPUTIRA
Caraí,MG,Teófilo Otoni,CARAI
Caranaíba,MG,Conselheiro Lafaiete,CARANAIBA
Carandaí,MG,Conselheiro Lafaiete,CARANDAI
Carangola,MG,Carangola,CARANGOLA
Caratinga,MG,Caratinga,CARATINGA
Carbonita,MG,Diamantina,CARBONITA
Careaçu,MG,Pouso Alegre,CAREACU
Carlos Chagas,MG,Teófilo Otoni,CARLOS CHAGAS
Carmésia,MG,Itabira,CARMESIA
Carmo da Cachoeira,MG,Três Corações,CARMO DA CACHOEIRA
Carmo da Mata,MG,Divinópolis,CARMO DA MATA
Carmo de Minas,MG,São Lourenço,CARMO DE MINAS
Carmo do Cajuru,MG,Divinópolis,CARMO DO CAJURU
Carmo do Paranaíba,MG,Patos de Minas,CARMO DO PARANAIBA
Carmo do Rio Claro,MG,Passos,CARMO DO RIO CLARO
Carmópolis de Minas,MG,Oliveira,CARMOPOLIS DE MINAS
Carneirinho,MG,Iturama,CARNEIRINHO
Carrancas,MG,Lavras,CARRANCAS
Carvalhópolis,MG,Alfenas,CARVALHOPOLIS
Carvalhos,MG,Caxambu - Baependi,CARVALHOS
Casa Grande,MG,Conselheiro Lafaiete,CASA GRANDE
Cascalho Rico,MG,Uberlândia,CASCALHO RICO
Cássia,MG,Passos,CASSIA
Cataguases,MG,Cataguases,CATAGUASES
Catas Altas,MG,Santa Bárbara - Ouro Preto,CATAS ALTAS
Catas Altas da Noruega,MG,Conselheiro Lafaiete,CATAS ALTAS DA NORUEGA
Catuji,MG,Teófilo Otoni,CATUJI
Catuti,MG,Espinosa,CATUTI
Caxambu,MG,Caxambu - Baependi,CAXAMBU
Cedro do Abaeté,MG,Abaeté,CEDRO DO ABAETE
Central de Minas,MG,Mantena,CENTRAL DE MINAS
Centralina,MG,Uberlândia,CENTRALINA
Chácara,MG,Juiz de Fora,CHACARA
Chalé,MG,Manhuaçu,CHALE
Chapada do Norte,MG,Capelinha,CHAPADA DO NORTE
Chapada Gaúcha,MG,São Francisco,CHAPADA GAUCHA
Chiador,MG,Juiz de Fora,CHIADOR
Cipotânea,MG,Barbacena,CIPOTANEA
Claraval,MG,Passos,CLARAVAL
Claro dos Poções,MG,Montes Claros,CLARO DOS POCOES
Cláudio,MG,Divinópolis,CLAUDIO
Coimbra,MG,Viçosa,COIMBRA
Coluna,MG,Guanhães,COLUNA
Comendador Gomes,MG,Frutal,COMENDADOR GOMES
Comercinho,MG,Pedra Azul,COMERCINHO
Conceição da Aparecida,MG,Alfenas,CONCEICAO DA APARECIDA
Conceição da Barra de Minas,MG,São João del Rei,CONCEICAO DA BARRA DE MINAS
Conceição das Alagoas,MG,Uberaba,CONCEICAO DAS ALAGOAS
Conceição das Pedras,MG,Itajubá,CONCEICAO DAS PEDRAS
Conceição de Ipanema,MG,Manhuaçu,CONCEICAO DE IPANEMA
Conceição do Mato Dentro,MG,Sete Lagoas,CONCEICAO DO MATO DENTRO
Conceição do Pará,MG,Divinópolis,CONCEICAO DO PARA
Conceição do Rio Verde,MG,São Lourenço,CONCEICAO DO RIO VERDE
Conceição dos Ouros,MG,Pouso Alegre,CONCEICAO DOS OUROS
Cônego Marinho,MG,Januária,CONEGO MARINHO
Confins,MG,Belo Horizonte,CONFINS
Congonhal,MG,Pouso Alegre,CONGONHAL
Congonhas,MG,Conselheiro Lafaiete,CONGONHAS
Congonhas do Norte,MG,Sete Lagoas,CONGONHAS DO NORTE
Conquista,MG,Uberaba,CONQUISTA
Conselheiro Lafaiete,MG,Conselheiro Lafaiete,CONSELHEIRO LAFAIETE
Conselheiro Pena,MG,Governador Valadares,CONSELHEIRO PENA
Consolação,MG,Pouso Alegre,CONSOLACAO
Contagem,MG,Belo Horizonte,CONTAGEM
Coqueiral,MG,Três Pontas - Boa Esperança,COQUEIRAL
Coração de Jesus,MG,Montes Claros,CORACAO DE JESUS
Cordisburgo,MG,Sete Lagoas,CORDISBURGO
Cordislândia,MG,Varginha,CORDISLANDIA
Corinto,MG,Curvelo,CORINTO
Coroaci,MG,Governador Valadares,COROACI
Coromandel,MG,Patrocínio,COROMANDEL
Coronel Fabriciano,MG,Ipatinga,CORONEL FABRICIANO
Coronel Murta,MG,Araçuaí,CORONEL MURTA
Coronel Pacheco,MG,Juiz de Fora,CORONEL PACHECO
Coronel Xavier Chaves,MG,São João del Rei,CORONEL XAVIER CHAVES
Córrego Danta,MG,Formiga,CORREGO DANTA
Córrego do Bom Jesus,MG,Pouso Alegre,CORREGO DO BOM JESUS
Córrego Fundo,MG,Formiga,CORREGO FUNDO
Córrego Novo,MG,Caratinga,CORREGO NOVO
Couto de Magalhães de Minas,MG,Diamantina,COUTO DE MAGALHAES DE MINAS
Crisólita,MG,Águas Formosas,CRISOLITA
Cristais,MG,Campo Belo,CRISTAIS
Cristália,MG,Montes Claros,CRISTALIA
Cristiano Otoni,MG,Conselheiro Lafaiete,CRISTIANO OTONI
Cristina,MG,São Lourenço,CRISTINA
Crucilândia,MG,Oliveira,CRUCILANDIA
Cruzeiro da Fortaleza,MG,Patrocínio,CRUZEIRO DA FORTALEZA
Cruzília,MG,Caxambu - Baependi,CRUZILIA
Cuparaque,MG,Aimorés - Resplendor,CUPARAQUE
Curral de Dentro,MG,Salinas,CURRAL DE DENTRO
Curvelo,MG,Curvelo,CURVELO
Datas,MG,Diamantina,DATAS
Delfim Moreira,MG,Itajubá,DELFIM MOREIRA
Delfinópolis,MG,Passos,DELFINOPOLIS
Delta,MG,Uberaba,DELTA
Descoberto,MG,São João Nepomuceno - Bicas,DESCOBERTO
Desterro de Entre Rios,MG,Conselheiro Lafaiete,DESTERRO DE ENTRE RIOS
Desterro do Melo,MG,Barbacena,DESTERRO DO MELO
Diamantina,MG,Diamantina,DIAMANTINA
Diogo de Vasconcelos,MG,Ponte Nova,DIOGO DE VASCONCELOS
Dionísio,MG,Ipatinga,DIONISIO
Divinésia,MG,Ubá,DIVINESIA
Divino,MG,Carangola,DIVINO
Divino das Laranjeiras,MG,Governador Valadares,DIVINO DAS LARANJEIRAS
Divinolândia de Minas,MG,Guanhães,DIVINOLANDIA DE MINAS
Divinópolis,MG,Divinópolis,DIVINOPOLIS
Divisa Alegre,MG,Pedra Azul,DIVISA ALEGRE
Divisa Nova,MG,Alfenas,DIVISA NOVA
Divisópolis,MG,Pedra Azul,DIVISOPOLIS
Dom Bosco,MG,Unaí,DOM BOSCO
Dom Cavati,MG,Ipatinga,DOM CAVATI
Dom Joaquim,MG,Guanhães,DOM JOAQUIM
Dom Silvério,MG,Ponte Nova,DOM SILVERIO
Dom Viçoso,MG,São Lourenço,DOM VICOSO
Dona Euzébia,MG,Cataguases,DONA EUZEBIA
Dores de Campos,MG,Barbacena,DORES DE CAMPOS
Dores de Guanhães,MG,Guanhães,DORES DE GUANHAES
Dores do Indaiá,MG,Dores do Indaiá,DORES DO INDAIA
Dores do Turvo,MG,Ubá,DORES DO TURVO
Doresópolis,MG,Piumhi,DORESOPOLIS
Douradoquara,MG,Monte Carmelo,DOURADOQUARA
Durandé,MG,Manhuaçu,DURANDE
Elói Mendes,MG,Varginha,ELOI MENDES
Engenheiro Caldas,MG,Governador Valadares,ENGENHEIRO CALDAS
Engenheiro Navarro,MG,Montes Claros,ENGENHEIRO NAVARRO
Entre Folhas,MG,Caratinga,ENTRE FOLHAS
Entre Rios de Minas,MG,Conselheiro Lafaiete,ENTRE RIOS DE MINAS
Ervália,MG,Viçosa,ERVALIA
Esmeraldas,MG,Belo Horizonte,ESMERALDAS
Espera Feliz,MG,Carangola,ESPERA FELIZ
Espinosa,MG,Espinosa,ESPINOSA
Espírito Santo do Dourado,MG,Pouso Alegre,ESPIRITO SANTO DO DOURADO
Estiva,MG,Pouso Alegre,ESTIVA
Estrela Dalva,MG,Além Paraíba,ESTRELA DALVA
Estrela do Indaiá,MG,Dores do Indaiá,ESTRELA DO INDAIA
Estrela do Sul,MG,Monte Carmelo,ESTRELA DO SUL
Eugenópolis,MG,Muriaé,EUGENOPOLIS
Ewbank da Câmara,MG,Juiz de Fora,EWBANK DA CAMARA
Extrema,MG,Pouso Alegre,EXTREMA
Fama,MG,Alfenas,FAMA
Faria Lemos,MG,Carangola,FARIA LEMOS
Felício dos Santos,MG,Diamantina,FELICIO DOS SANTOS
Felisburgo,MG,Almenara,FELISBURGO
Felixlândia,MG,Curvelo,FELIXLANDIA
Fernandes Tourinho,MG,Governador Valadares,FERNANDES TOURINHO
Ferros,MG,Itabira,FERROS
Fervedouro,MG,Muriaé,FERVEDOURO
Florestal,MG,Belo Horizonte,FLORESTAL
Formiga,MG,Formiga,FORMIGA
Formoso,MG,Unaí,FORMOSO
Fortaleza de Minas,MG,Passos,FORTALEZA DE MINAS
Fortuna de Minas,MG,Sete Lagoas,FORTUNA DE MINAS
Francisco Badaró,MG,Araçuaí,FRANCISCO BADARO
Francisco Dumont,MG,Montes Claros,FRANCISCO DUMONT
Francisco Sá,MG,Montes Claros,FRANCISCO SA
Franciscópolis,MG,Teófilo Otoni,FRANCISCOPOLIS
Frei Gaspar,MG,Teófilo Otoni,FREI GASPAR
Frei Inocêncio,MG,Governador Valadares,FREI INOCENCIO
Frei Lagonegro,MG,Guanhães,FREI LAGONEGRO
Fronteira,MG,Frutal,FRONTEIRA
Fronteira dos Vales,MG,Águas Formosas,FRONTEIRA DOS VALES
Fruta de Leite,MG,Salinas,FRUTA DE LEITE
Frutal,MG,Frutal,FRUTAL
Funilândia,MG,Sete Lagoas,FUNILANDIA
Galiléia,MG,Governador Valadares,GALILEIA
Gameleiras,MG,Espinosa,GAMELEIRAS
Glaucilândia,MG,Montes Claros,GLAUCILANDIA
Goiabeira,MG,Governador Valadares,GOIABEIRA
Goianá,MG,Juiz de Fora,GOIANA
Gonçalves,MG,Itajubá,GONCALVES
Gonzaga,MG,Governador Valadares,GONZAGA
Gouveia,MG,Diamantina,GOUVEIA
Governador Valadares,MG,Governador Valadares,GOVERNADOR VALADARES
Grão Mogol,MG,Montes Claros,GRAO MOGOL
Grupiara,MG,Monte Carmelo,GRUPIARA
Guanhães,MG,Guanhães,GUANHAES
Guapé,MG,Passos,GUAPE
Guaraciaba,MG,Ponte Nova,GUARACIABA
Guaraciama,MG,Montes Claros,GUARACIAMA
Guaranésia,MG,Guaxupé,GUARANESIA
Guarani,MG,Ubá,GUARANI
Guarará,MG,São João Nepomuceno - Bicas,GUARARA
Guarda-Mor,MG,Patos de Minas,GUARDAMOR
Guaxupé,MG,Guaxupé,GUAXUPE
Guidoval,MG,Ubá,GUIDOVAL
Guimarânia,MG,Patrocínio,GUIMARANIA
Guiricema,MG,Ubá,GUIRICEMA
Gurinhatã,MG,Ituiutaba,GURINHATA
Heliodora,MG,Pouso Alegre,HELIODORA
Iapu,MG,Ipatinga,IAPU
Ibertioga,MG,Barbacena,IBERTIOGA
Ibiá,MG,Araxá,IBIA
Ibiaí,MG,Pirapora,IBIAI
Ibiracatu,MG,Montes Claros,IBIRACATU
Ibiraci,MG,Passos,IBIRACI
Ibirité,MG,Belo Horizonte,IBIRITE
Ibitiúra de Minas,MG,Poços de Caldas,IBITIURA DE MINAS
Ibituruna,MG,Lavras,IBITURUNA
Icaraí de Minas,MG,São Francisco,ICARAI DE MINAS
Igarapé,MG,Belo Horizonte,IGARAPE
Igaratinga,MG,Pará de Minas,IGARATINGA
Iguatama,MG,Formiga,IGUATAMA
Ijaci,MG,Lavras,IJACI
Ilicínea,MG,Três Pontas - Boa Esperança,ILICINEA
Imbé de Minas,MG,Caratinga,IMBE DE MINAS
Inconfidentes,MG,Pouso Alegre,INCONFIDENTES
Indaiabira,MG,Salinas,INDAIABIRA
Indianópolis,MG,Uberlândia,INDIANOPOLIS
Ingaí,MG,Lavras,INGAI
Inhapim,MG,Caratinga,INHAPIM
Inhaúma,MG,Sete Lagoas,INHAUMA
Inimutaba,MG,Curvelo,INIMUTABA
Ipaba,MG,Ipatinga,IPABA
Ipanema,MG,Manhuaçu,IPANEMA
Ipatinga,MG,Ipatinga,IPATINGA
Ipiaçu,MG,Ituiutaba,IPIACU
Ipuiúna,MG,Pouso Alegre,IPUIUNA
Iraí de Minas,MG,Monte Carmelo,IRAI DE MINAS
Itabira,MG,Itabira,ITABIRA
Itabirinha,MG,Mantena,ITABIRINHA
Itabirito,MG,Santa Bárbara - Ouro Preto,ITABIRITO
Itacambira,MG,Montes Claros,ITACAMBIRA
Itacarambi,MG,Januária,ITACARAMBI
Itaguara,MG,Oliveira,ITAGUARA
Itaipé,MG,Teófilo Otoni,ITAIPE
Itajubá,MG,Itajubá,ITAJUBA
Itamarandiba,MG,Capelinha,ITAMARANDIBA
Itamarati de Minas,MG,Cataguases,ITAMARATI DE MINAS
Itambacuri,MG,Teófilo Otoni,ITAMBACURI
Itambé do Mato Dentro,MG,Itabira,ITAMBE DO MATO DENTRO
Itamogi,MG,São Sebastião do Paraíso,ITAMOGI
Itamonte,MG,São Lourenço,ITAMONTE
Itanhandu,MG,São Lourenço,ITANHANDU
Itanhomi,MG,Governador Valadares,ITANHOMI
Itaobim,MG,Teófilo Otoni,ITAOBIM
Itapagipe,MG,Frutal,ITAPAGIPE
Itapecerica,MG,Divinópolis,ITAPECERICA
Itapeva,MG,Pouso Alegre,ITAPEVA
Itatiaiuçu,MG,Divinópolis,ITATIAIUCU
Itaú de Minas,MG,Passos,ITAU DE MINAS
Itaúna,MG,Divinópolis,ITAUNA
Itaverava,MG,Conselheiro Lafaiete,ITAVERAVA
Itinga,MG,Araçuaí,ITINGA
Itueta,MG,Aimorés - Resplendor,ITUETA
Ituiutaba,MG,Ituiutaba,ITUIUTABA
Itumirim,MG,Lavras,ITUMIRIM
Iturama,MG,Iturama,ITURAMA
Itutinga,MG,Lavras,ITUTINGA
Jaboticatubas,MG,Belo Horizonte,JABOTICATUBAS
Jacinto,MG,Almenara,JACINTO
Jacuí,MG,São Sebastião do Paraíso,JACUI
Jacutinga,MG,Pouso Alegre,JACUTINGA
Jaguaraçu,MG,Ipatinga,JAGUARACU
Jaíba,MG,Janaúba,JAIBA
Jampruca,MG,Governador Valadares,JAMPRUCA
Janaúba,MG,Janaúba,JANAUBA
Januária,MG,Januária,JANUARIA
Japaraíba,MG,Divinópolis,JAPARAIBA
Japonvar,MG,Montes Claros,JAPONVAR
Jeceaba,MG,Conselheiro Lafaiete,JECEABA
Jenipapo de Minas,MG,Araçuaí,JENIPAPO DE MINAS
Jequeri,MG,Ponte Nova,JEQUERI
Jequitaí,MG,Montes Claros,JEQUITAI
Jequitibá,MG,Sete Lagoas,JEQUITIBA
Jequitinhonha,MG,Almenara,JEQUITINHONHA
Jesuânia,MG,São Lourenço,JESUANIA
Joaíma,MG,Almenara,JOAIMA
Joanésia,MG,Ipatinga,JOANESIA
João Monlevade,MG,João Monlevade,JOAO MONLEVADE
João Pinheiro,MG,Patos de Minas,JOAO PINHEIRO
Joaquim Felício,MG,Montes Claros,JOAQUIM FELICIO
Jordânia,MG,Almenara,JORDANIA
José Gonçalves de Minas,MG,Araçuaí,JOSE GONCALVES DE MINAS
José Raydan,MG,Guanhães,JOSE RAYDAN
Josenópolis,MG,Montes Claros,JOSENOPOLIS
Juatuba,MG,Belo Horizonte,JUATUBA
Juiz de Fora,MG,Juiz de Fora,JUIZ DE FORA
Juramento,MG,Montes Claros,JURAMENTO
Juruaia,MG,Guaxupé,JURUAIA
Juvenília,MG,Januária,JUVENILIA
Ladainha,MG,Teófilo Otoni,LADAINHA
Lagamar,MG,Patos de Minas,LAGAMAR
Lagoa da Prata,MG,Divinópolis,LAGOA DA PRATA
Lagoa dos Patos,MG,Montes Claros,LAGOA DOS PATOS
Lagoa Dourada,MG,São João del Rei,LAGOA DOURADA
Lagoa Formosa,MG,Patos de Minas,LAGOA FORMOSA
Lagoa Grande,MG,Patos de Minas,LAGOA GRANDE
Lagoa Santa,MG,Belo Horizonte,LAGOA SANTA
Lajinha,MG,Manhuaçu,LAJINHA
Lambari,MG,São Lourenço,LAMBARI
Lamim,MG,Conselheiro Lafaiete,LAMIM
Laranjal,MG,Cataguases,LARANJAL
Lassance,MG,Pirapora,LASSANCE
Lavras,MG,Lavras,LAVRAS
Leandro Ferreira,MG,Divinópolis,LEANDRO FERREIRA
Leme do Prado,MG,Capelinha,LEME DO PRADO
Leopoldina,MG,Cataguases,LEOPOLDINA
Liberdade,MG,Juiz de Fora,LIBERDADE
Lima Duarte,MG,Juiz de Fora,LIMA DUARTE
Limeira do Oeste,MG,Iturama,LIMEIRA DO OESTE
Lontra,MG,Montes Claros,LONTRA
Luisburgo,MG,Manhuaçu,LUISBURGO
Luislândia,MG,Montes Claros,LUISLANDIA
Luminárias,MG,Lavras,LUMINARIAS
Luz,MG,Dores do Indaiá,LUZ
Machacalis,MG,Águas Formosas,MACHACALIS
Machado,MG,Alfenas,MACHADO
Madre de Deus de Minas,MG,São João del Rei,MADRE DE DEUS DE MINAS
Malacacheta,MG,Teófilo Otoni,MALACACHETA
Mamonas,MG,Espinosa,MAMONAS
Manga,MG,Janaúba,MANGA
Manhuaçu,MG,Manhuaçu,MANHUACU
Manhumirim,MG,Manhuaçu,MANHUMIRIM
Mantena,MG,Mantena,MANTENA
Mar de Espanha,MG,São João Nepomuceno - Bicas,MAR DE ESPANHA
Maravilhas,MG,Pará de Minas,MARAVILHAS
Maria da Fé,MG,Itajubá,MARIA DA FE
Mariana,MG,Santa Bárbara - Ouro Preto,MARIANA
Marilac,MG,Governador Valadares,MARILAC
Mário Campos,MG,Belo Horizonte,MARIO CAMPOS
Maripá de Minas,MG,São João Nepomuceno - Bicas,MARIPA DE MINAS
Marliéria,MG,Ipatinga,MARLIERIA
Marmelópolis,MG,Itajubá,MARMELOPOLIS
Martinho Campos,MG,Dores do Indaiá,MARTINHO CAMPOS
Martins Soares,MG,Manhuaçu,MARTINS SOARES
Mata Verde,MG,Almenara,MATA VERDE
Materlândia,MG,Guanhães,MATERLANDIA
Mateus Leme,MG,Belo Horizonte,MATEUS LEME
Mathias Lobato,MG,Governador Valadares,MATHIAS LOBATO
Matias Barbosa,MG,Juiz de Fora,MATIAS BARBOSA
Matias Cardoso,MG,Janaúba,MATIAS CARDOSO
Matipó,MG,Manhuaçu,MATIPO
Mato Verde,MG,Espinosa,MATO VERDE
Matozinhos,MG,Sete Lagoas,MATOZINHOS
Matutina,MG,Patos de Minas,MATUTINA
Medeiros,MG,Formiga,MEDEIROS
Medina,MG,Pedra Azul,MEDINA
Mendes Pimentel,MG,Mantena,MENDES PIMENTEL
Mercês,MG,Ubá,MERCES
Mesquita,MG,Ipatinga,MESQUITA
Minas Novas,MG,Capelinha,MINAS NOVAS
Minduri,MG,Caxambu - Baependi,MINDURI
Mirabela,MG,Montes Claros,MIRABELA
Miradouro,MG,Muriaé,MIRADOURO
Miraí,MG,Muriaé,MIRAI
Miravânia,MG,Janaúba,MIRAVANIA
Moeda,MG,Belo Horizonte,MOEDA
Moema,MG,Dores do Indaiá,MOEMA
Monjolos,MG,Curvelo,MONJOLOS
Monsenhor Paulo,MG,Varginha,MONSENHOR PAULO
Montalvânia,MG,Januária,MONTALVANIA
Monte Alegre de Minas,MG,Uberlândia,MONTE ALEGRE DE MINAS
Monte Azul,MG,Espinosa,MONTE AZUL
Monte Belo,MG,Guaxupé,MONTE BELO
Monte Carmelo,MG,Monte Carmelo,MONTE CARMELO
Monte Formoso,MG,Teófilo Otoni,MONTE FORMOSO
Monte Santo de Minas,MG,São Sebastião do Paraíso,MONTE SANTO DE MINAS
Monte Sião,MG,Pouso Alegre,MONTE SIAO
Montes Claros,MG,Montes Claros,MONTES CLAROS
Montezuma,MG,Espinosa,MONTEZUMA
Morada Nova de Minas,MG,Abaeté,MORADA NOVA DE MINAS
Morro da Garça,MG,Curvelo,MORRO DA GARCA
Morro do Pilar,MG,Sete Lagoas,MORRO DO PILAR
Munhoz,MG,Pouso Alegre,MUNHOZ
Muriaé,MG,Muriaé,MURIAE
Mutum,MG,Manhuaçu,MUTUM
Muzambinho,MG,Guaxupé,MUZAMBINHO
Nacip Raydan,MG,Governador Valadares,NACIP RAYDAN
Nanuque,MG,Teófilo Otoni,NANUQUE
Naque,MG,Ipatinga,NAQUE
Natalândia,MG,Unaí,NATALANDIA
Natércia,MG,Pouso Alegre,NATERCIA
Nazareno,MG,São João del Rei,NAZARENO
Nepomuceno,MG,Lavras,NEPOMUCENO
Ninheira,MG,Salinas,NINHEIRA
Nova Belém,MG,Mantena,NOVA BELEM
Nova Era,MG,João Monlevade,NOVA ERA
Nova Lima,MG,Belo Horizonte,NOVA LIMA
Nova Módica,MG,Teófilo Otoni,NOVA MODICA
Nova Ponte,MG,Uberaba,NOVA PONTE
Nova Porteirinha,MG,Janaúba,NOVA PORTEIRINHA
Nova Resende,MG,Guaxupé,NOVA RESENDE
Nova Serrana,MG,Divinópolis,NOVA SERRANA
Nova União,MG,Belo Horizonte,NOVA UNIAO
Novo Cruzeiro,MG,Teófilo Otoni,NOVO CRUZEIRO
Novo Oriente de Minas,MG,Teófilo Otoni,NOVO ORIENTE DE MINAS
Novorizonte,MG,Salinas,NOVORIZONTE
Olaria,MG,Juiz de Fora,OLARIA
Olhos-d'Água,MG,Montes Claros,OLHOSDAGUA
Olímpio Noronha,MG,São Lourenço,OLIMPIO NORONHA
Oliveira,MG,Oliveira,OLIVEIRA
Oliveira Fortes,MG,Juiz de Fora,OLIVEIRA FORTES
Onça de Pitangui,MG,Pará de Minas,ONCA DE PITANGUI
Oratórios,MG,Ponte Nova,ORATORIOS
Orizânia,MG,Carangola,ORIZANIA
Ouro Branco,MG,Conselheiro Lafaiete,OURO BRANCO
Ouro Fino,MG,Pouso Alegre,OURO FINO
Ouro Preto,MG,Santa Bárbara - Ouro Preto,OURO PRETO
Ouro Verde de Minas,MG,Teófilo Otoni,OURO VERDE DE MINAS
Padre Carvalho,MG,Salinas,PADRE CARVALHO
Padre Paraíso,MG,Teófilo Otoni,PADRE PARAISO
Pai Pedro,MG,Janaúba,PAI PEDRO
Paineiras,MG,Abaeté,PAINEIRAS
Pains,MG,Formiga,PAINS
Paiva,MG,Juiz de Fora,PAIVA
Palma,MG,Cataguases,PALMA
Palmópolis,MG,Almenara,PALMOPOLIS
Papagaios,MG,Pará de Minas,PAPAGAIOS
Pará de Minas,MG,Pará de Minas,PARA DE MINAS
Paracatu,MG,Patos de Minas,PARACATU
Paraguaçu,MG,Alfenas,PARAGUACU
Paraisópolis,MG,Itajubá,PARAISOPOLIS
Paraopeba,MG,Sete Lagoas,PARAOPEBA
Passa Quatro,MG,São Lourenço,PASSA QUATRO
Passa Tempo,MG,Oliveira,PASSA TEMPO
Passa Vinte,MG,Juiz de Fora,PASSA VINTE
Passabém,MG,Itabira,PASSABEM
Passos,MG,Passos,PASSOS
Patis,MG,Montes Claros,PATIS
Patos de Minas,MG,Patos de Minas,PATOS DE MINAS
Patrocínio,MG,Patrocínio,PATROCINIO
Patrocínio do Muriaé,MG,Muriaé,PATROCINIO DO MURIAE
Paula Cândido,MG,Viçosa,PAULA CANDIDO
Paulistas,MG,Guanhães,PAULISTAS
Pavão,MG,Teófilo Otoni,PAVAO
Peçanha,MG,Guanhães,PECANHA
Pedra Azul,MG,Pedra Azul,PEDRA AZUL
Pedra Bonita,MG,Carangola,PEDRA BONITA
Pedra do Anta,MG,Viçosa,PEDRA DO ANTA
Pedra do Indaiá,MG,Divinópolis,PEDRA DO INDAIA
Pedra Dourada,MG,Carangola,PEDRA DOURADA
Pedralva,MG,Itajubá,PEDRALVA
Pedras de Maria da Cruz,MG,Januária,PEDRAS DE MARIA DA CRUZ
Pedrinópolis,MG,Araxá,PEDRINOPOLIS
Pedro Leopoldo,MG,Belo Horizonte,PEDRO LEOPOLDO
Pedro Teixeira,MG,Juiz de Fora,PEDRO TEIXEIRA
Pequeri,MG,São João Nepomuceno - Bicas,PEQUERI
Pequi,MG,Pará de Minas,PEQUI
Perdigão,MG,Divinópolis,PERDIGAO
Perdizes,MG,Araxá,PERDIZES
Perdões,MG,Lavras,PERDOES
Periquito,MG,Ipatinga,PERIQUITO
Pescador,MG,Teófilo Otoni,PESCADOR
Piau,MG,Juiz de Fora,PIAU
Piedade de Caratinga,MG,Caratinga,PIEDADE DE CARATINGA
Piedade de Ponte Nova,MG,Ponte Nova,PIEDADE DE PONTE NOVA
Piedade do Rio Grande,MG,São João del Rei,PIEDADE DO RIO GRANDE
Piedade dos Gerais,MG,Oliveira,PIEDADE DOS GERAIS
Pimenta,MG,Formiga,PIMENTA
Pingo-d'Água,MG,Ipatinga,PINGODAGUA
Pintópolis,MG,São Francisco,PINTOPOLIS
Piracema,MG,Oliveira,PIRACEMA
Pirajuba,MG,Frutal,PIRAJUBA
Piranga,MG,Conselheiro Lafaiete,PIRANGA
Piranguçu,MG,Itajubá,PIRANGUCU
Piranguinho,MG,Itajubá,PIRANGUINHO
Pirapetinga,MG,Além Paraíba,PIRAPETINGA
Pirapora,MG,Pirapora,PIRAPORA
Piraúba,MG,Ubá,PIRAUBA
Pitangui,MG,Divinópolis,PITANGUI
Piumhi,MG,Piumhi,PIUMHI
Planura,MG,Frutal,PLANURA
Poço Fundo,MG,Alfenas,POCO FUNDO
Poços de Caldas,MG,Poços de Caldas,POCOS DE CALDAS
Pocrane,MG,Manhuaçu,POCRANE
Pompéu,MG,Dores do Indaiá,POMPEU
Ponte Nova,MG,Ponte Nova,PONTE NOVA
Ponto Chique,MG,Pirapora,PONTO CHIQUE
Ponto dos Volantes,MG,Teófilo Otoni,PONTO DOS VOLANTES
Porteirinha,MG,Janaúba,PORTEIRINHA
Porto Firme,MG,Viçosa,PORTO FIRME
Poté,MG,Teófilo Otoni,POTE
Pouso Alegre,MG,Pouso Alegre,POUSO ALEGRE
Pouso Alto,MG,São Lourenço,POUSO ALTO
Prados,MG,São João del Rei,PRADOS
Prata,MG,Uberlândia,PRATA
Pratápolis,MG,Passos,PRATAPOLIS
Pratinha,MG,Araxá,PRATINHA
Presidente Bernardes,MG,Viçosa,PRESIDENTE BERNARDES
Presidente Juscelino,MG,Curvelo,PRESIDENTE JUSCELINO
Presidente Kubitschek,MG,Diamantina,PRESIDENTE KUBITSCHEK
Presidente Olegário,MG,Patos de Minas,PRESIDENTE OLEGARIO
Prudente de Morais,MG,Sete Lagoas,PRUDENTE DE MORAIS
Quartel Geral,MG,Dores do Indaiá,QUARTEL GERAL
Queluzito,MG,Conselheiro Lafaiete,QUELUZITO
Raposos,MG,Belo Horizonte,RAPOSOS
Raul Soares,MG,Caratinga,RAUL SOARES
Recreio,MG,Cataguases,RECREIO
Reduto,MG,Manhuaçu,REDUTO
Resende Costa,MG,São João del Rei,RESENDE COSTA
Resplendor,MG,Aimorés - Resplendor,RESPLENDOR
Ressaquinha,MG,Barbacena,RESSAQUINHA
Riachinho,MG,Unaí,RIACHINHO
Riacho dos Machados,MG,Janaúba,RIACHO DOS MACHADOS
Ribeirão das Neves,MG,Belo Horizonte,RIBEIRAO DAS NEVES
Ribeirão Vermelho,MG,Lavras,RIBEIRAO VERMELHO
Rio Acima,MG,Belo Horizonte,RIO ACIMA
Rio Casca,MG,Ponte Nova,RIO CASCA
Rio do Prado,MG,Almenara,RIO DO PRADO
Rio Doce,MG,Ponte Nova,RIO DOCE
Rio Espera,MG,Conselheiro Lafaiete,RIO ESPERA
Rio Manso,MG,Oliveira,RIO MANSO
Rio Novo,MG,Juiz de Fora,RIO NOVO
Rio Paranaíba,MG,Patos de Minas,RIO PARANAIBA
Rio Pardo de Minas,MG,Salinas,RIO PARDO DE MINAS
Rio Piracicaba,MG,João Monlevade,RIO PIRACICABA
Rio Pomba,MG,Ubá,RIO POMBA
Rio Preto,MG,Juiz de Fora,RIO PRETO
Rio Vermelho,MG,Guanhães,RIO VERMELHO
Ritápolis,MG,São João del Rei,RITAPOLIS
Rochedo de Minas,MG,São João Nepomuceno - Bicas,ROCHEDO DE MINAS
Rodeiro,MG,Ubá,RODEIRO
Romaria,MG,Monte Carmelo,ROMARIA
Rosário da Limeira,MG,Muriaé,ROSARIO DA LIMEIRA
Rubelita,MG,Salinas,RUBELITA
Rubim,MG,Almenara,RUBIM
Sabará,MG,Belo Horizonte,SABARA
Sabinópolis,MG,Guanhães,SABINOPOLIS
Sacramento,MG,Uberaba,SACRAMENTO
Salinas,MG,Salinas,SALINAS
Salto da Divisa,MG,Almenara,SALTO DA DIVISA
Santa Bárbara,MG,Santa Bárbara - Ouro Preto,SANTA BARBARA
Santa Bárbara do Leste,MG,Caratinga,SANTA BARBARA DO LESTE
Santa Bárbara do Monte Verde,MG,Juiz de Fora,SANTA BARBARA DO MONTE VERDE
Santa Bárbara do Tugúrio,MG,Barbacena,SANTA BARBARA DO TUGURIO
Santa Cruz de Minas,MG,São João del Rei,SANTA CRUZ DE MINAS
Santa Cruz de Salinas,MG,Salinas,SANTA CRUZ DE SALINAS
Santa Cruz do Escalvado,MG,Ponte Nova,SANTA CRUZ DO ESCALVADO
Santa Efigênia de Minas,MG,Governador Valadares,SANTA EFIGENIA DE MINAS
Santa Fé de Minas,MG,Pirapora,SANTA FE DE MINAS
Santa Helena de Minas,MG,Águas Formosas,SANTA HELENA DE MINAS
Santa Juliana,MG,Uberaba,SANTA JULIANA
Santa Luzia,MG,Belo Horizonte,SANTA LUZIA
Santa Margarida,MG,Manhuaçu,SANTA MARGARIDA
Santa Maria de Itabira,MG,Itabira,SANTA MARIA DE ITABIRA
Santa Maria do Salto,MG,Almenara,SANTA MARIA DO SALTO
Santa Maria do Suaçuí,MG,Guanhães,SANTA MARIA DO SUACUI
Santa Rita de Caldas,MG,Poços de Caldas,SANTA RITA DE CALDAS
Santa Rita de Ibitipoca,MG,Barbacena,SANTA RITA DE IBITIPOCA
Santa Rita de Jacutinga,MG,Juiz de Fora,SANTA RITA DE JACUTINGA
Santa Rita de Minas,MG,Caratinga,SANTA RITA DE MINAS
Santa Rita do Itueto,MG,Aimorés - Resplendor,SANTA RITA DO ITUETO
Santa Rita do Sapucaí,MG,Pouso Alegre,SANTA RITA DO SAPUCAI
Santa Rosa da Serra,MG,Araxá,SANTA ROSA DA SERRA
Santa Vitória,MG,Ituiutaba,SANTA VITORIA
Santana da Vargem,MG,Três Pontas - Boa Esperança,SANTANA DA VARGEM
Santana de Cataguases,MG,Cataguases,SANTANA DE CATAGUASES
Santana de Pirapama,MG,Sete Lagoas,SANTANA DE PIRAPAMA
Santana do Deserto,MG,Juiz de Fora,SANTANA DO DESERTO
Santana do Garambéu,MG,Barbacena,SANTANA DO GARAMBEU
Santana do Jacaré,MG,Campo Belo,SANTANA DO JACARE
Santana do Manhuaçu,MG,Manhuaçu,SANTANA DO MANHUACU
Santana do Paraíso,MG,Ipatinga,SANTANA DO PARAISO
Santana do Riacho,MG,Sete Lagoas,SANTANA DO RIACHO
Santana dos Montes,MG,Conselheiro Lafaiete,SANTANA DOS MONTES
Santo Antônio do Amparo,MG,Lavras,SANTO ANTONIO DO AMPARO
Santo Antônio do Aventureiro,MG,Além Paraíba,SANTO ANTONIO DO AVENTUREIRO
Santo Antônio do Grama,MG,Ponte Nova,SANTO ANTONIO DO GRAMA
Santo Antônio do Itambé,MG,Diamantina,SANTO ANTONIO DO ITAMBE
Santo Antônio do Jacinto,MG,Almenara,SANTO ANTONIO DO JACINTO
Santo Antônio do Monte,MG,Divinópolis,SANTO ANTONIO DO MONTE
Santo Antônio do Retiro,MG,Espinosa,SANTO ANTONIO DO RETIRO
Santo Antônio do Rio Abaixo,MG,Itabira,SANTO ANTONIO DO RIO ABAIXO
Santo Hipólito,MG,Curvelo,SANTO HIPOLITO
Santos Dumont,MG,Juiz de Fora,SANTOS DUMONT
São Bento Abade,MG,Três Corações,SAO BENTO ABADE
São Brás do Suaçuí,MG,Conselheiro Lafaiete,SAO BRAS DO SUACUI
São Domingos das Dores,MG,Caratinga,SAO DOMINGOS DAS DORES
São Domingos do Prata,MG,João Monlevade,SAO DOMINGOS DO PRATA
São Félix de Minas,MG,Mantena,SAO FELIX DE MINAS
São Francisco,MG,São Francisco,SAO FRANCISCO
São Francisco de Paula,MG,Oliveira,SAO FRANCISCO DE PAULA
São Francisco de Sales,MG,Iturama,SAO FRANCISCO DE SALES
São Francisco do Glória,MG,Muriaé,SAO FRANCISCO DO GLORIA
São Geraldo,MG,Ubá,SAO GERALDO
São Geraldo da Piedade,MG,Governador Valadares,SAO GERALDO DA PIEDADE
São Geraldo do Baixio,MG,Governador Valadares,SAO GERALDO DO BAIXIO
São Gonçalo do Abaeté,MG,Patos de Minas,SAO GONCALO DO ABAETE
São Gonçalo do Pará,MG,Divinópolis,SAO GONCALO DO PARA
São Gonçalo do Rio Abaixo,MG,João Monlevade,SAO GONCALO DO RIO ABAIXO
São Gonçalo do Rio Preto,MG,Diamantina,SAO GONCALO DO RIO PRETO
São Gonçalo do Sapucaí,MG,Varginha,SAO GONCALO DO SAPUCAI
São Gotardo,MG,Patos de Minas,SAO GOTARDO
São João Batista do Glória,MG,Passos,SAO JOAO BATISTA DO GLORIA
São João da Lagoa,MG,Montes Claros,SAO JOAO DA LAGOA
São João da Mata,MG,Pouso Alegre,SAO JOAO DA MATA
São João da Ponte,MG,Montes Claros,SAO JOAO DA PONTE
São João das Missões,MG,Januária,SAO JOAO DAS MISSOES
São João del Rei,MG,São João del Rei,SAO JOAO DEL REI
São João do Manhuaçu,MG,Manhuaçu,SAO JOAO DO MANHUACU
São João do Manteninha,MG,Mantena,SAO JOAO DO MANTENINHA
São João do Oriente,MG,Ipatinga,SAO JOAO DO ORIENTE
São João do Pacuí,MG,Montes Claros,SAO JOAO DO PACUI
São João do Paraíso,MG,Salinas,SAO JOAO DO PARAISO
São João Evangelista,MG,Guanhães,SAO JOAO EVANGELISTA
São João Nepomuceno,MG,São João Nepomuceno - Bicas,SAO JOAO NEPOMUCENO
São Joaquim de Bicas,MG,Belo Horizonte,SAO JOAQUIM DE BICAS
São José da Barra,MG,Passos,SAO JOSE DA BARRA
São José da Lapa,MG,Belo Horizonte,SAO JOSE DA LAPA
São José da Safira,MG,Governador Valadares,SAO JOSE DA SAFIRA
São José da Varginha,MG,Pará de Minas,SAO JOSE DA VARGINHA
São José do Alegre,MG,Itajubá,SAO JOSE DO ALEGRE
São José do Divino,MG,Teófilo Otoni,SAO JOSE DO DIVINO
São José do Goiabal,MG,Ipatinga,SAO JOSE DO GOIABAL
São José do Jacuri,MG,Guanhães,SAO JOSE DO JACURI
São José do Mantimento,MG,Manhuaçu,SAO JOSE DO MANTIMENTO
São Lourenço,MG,São Lourenço,SAO LOURENCO
São Miguel do Anta,MG,Viçosa,SAO MIGUEL DO ANTA
São Pedro da União,MG,Guaxupé,SAO PEDRO DA UNIAO
São Pedro do Suaçuí,MG,Guanhães,SAO PEDRO DO SUACUI
São Pedro dos Ferros,MG,Ponte Nova,SAO PEDRO DOS FERROS
São Romão,MG,São Francisco,SAO ROMAO
São Roque de Minas,MG,Piumhi,SAO ROQUE DE MINAS
São Sebastião da Bela Vista,MG,Pouso Alegre,SAO SEBASTIAO DA BELA VISTA
São Sebastião da Vargem Alegre,MG,Muriaé,SAO SEBASTIAO DA VARGEM ALEGRE
São Sebastião do Anta,MG,Caratinga,SAO SEBASTIAO DO ANTA
São Sebastião do Maranhão,MG,Guanhães,SAO SEBASTIAO DO MARANHAO
São Sebastião do Oeste,MG,Divinópolis,SAO SEBASTIAO DO OESTE
São Sebastião do Paraíso,MG,São Sebastião do Paraíso,SAO SEBASTIAO DO PARAISO
São Sebastião do Rio Preto,MG,Itabira,SAO SEBASTIAO DO RIO PRETO
São Sebastião do Rio Verde,MG,São Lourenço,SAO SEBASTIAO DO RIO VERDE
São Tiago,MG,São João del Rei,SAO TIAGO
São Tomás de Aquino,MG,São Sebastião do Paraíso,SAO TOMAS DE AQUINO
São Tomé das Letras,MG,Três Corações,SAO TOME DAS LETRAS
São Vicente de Minas,MG,São João del Rei,SAO VICENTE DE MINAS
Sapucaí-Mirim,MG,Itajubá,SAPUCAIMIRIM
Sardoá,MG,Governador Valadares,SARDOA
Sarzedo,MG,Belo Horizonte,SARZEDO
Sem-Peixe,MG,Ponte Nova,SEMPEIXE
Senador Amaral,MG,Pouso Alegre,SENADOR AMARAL
Senador Cortes,MG,São João Nepomuceno - Bicas,SENADOR CORTES
Senador Firmino,MG,Ubá,SENADOR FIRMINO
Senador José Bento,MG,Pouso Alegre,SENADOR JOSE BENTO
Senador Modestino Gonçalves,MG,Diamantina,SENADOR MODESTINO GONCALVES
Senhora de Oliveira,MG,Conselheiro Lafaiete,SENHORA DE OLIVEIRA
Senhora do Porto,MG,Guanhães,SENHORA DO PORTO
Senhora dos Remédios,MG,Barbacena,SENHORA DOS REMEDIOS
Sericita,MG,Ponte Nova,SERICITA
Seritinga,MG,Caxambu - Baependi,SERITINGA
Serra Azul de Minas,MG,Diamantina,SERRA AZUL DE MINAS
Serra da Saudade,MG,Dores do Indaiá,SERRA DA SAUDADE
Serra do Salitre,MG,Patrocínio,SERRA DO SALITRE
Serra dos Aimorés,MG,Teófilo Otoni,SERRA DOS AIMORES
Serrania,MG,Alfenas,SERRANIA
Serranópolis de Minas,MG,Janaúba,SERRANOPOLIS DE MINAS
Serranos,MG,Caxambu - Baependi,SERRANOS
Serro,MG,Diamantina,SERRO
Sete Lagoas,MG,Sete Lagoas,SETE LAGOAS
Setubinha,MG,Teófilo Otoni,SETUBINHA
Silveirânia,MG,Ubá,SILVEIRANIA
Silvianópolis,MG,Pouso Alegre,SILVIANOPOLIS
Simão Pereira,MG,Juiz de Fora,SIMAO PEREIRA
Simonésia,MG,Manhuaçu,SIMONESIA
Sobrália,MG,Governador Valadares,SOBRALIA
Soledade de Minas,MG,São Lourenço,SOLEDADE DE MINAS
Tabuleiro,MG,Ubá,TABULEIRO
Taiobeiras,MG,Salinas,TAIOBEIRAS
Taparuba,MG,Manhuaçu,TAPARUBA
Tapira,MG,Araxá,TAPIRA
Tapiraí,MG,Formiga,TAPIRAI
Taquaraçu de Minas,MG,Belo Horizonte,TAQUARACU DE MINAS
Tarumirim,MG,Governador Valadares,TARUMIRIM
Teixeiras,MG,Viçosa,TEIXEIRAS
Teófilo Otoni,MG,Teófilo Otoni,TEOFILO OTONI
Timóteo,MG,Ipatinga,TIMOTEO
Tiradentes,MG,São João del Rei,TIRADENTES
Tiros,MG,Patos de Minas,TIROS
Tocantins,MG,Ubá,TOCANTINS
Tocos do Moji,MG,Pouso Alegre,TOCOS DO MOJI
Toledo,MG,Pouso Alegre,TOLEDO
Tombos,MG,Carangola,TOMBOS
Três Corações,MG,Três Corações,TRES CORACOES
Três Marias,MG,Curvelo,TRES MARIAS
Três Pontas,MG,Três Pontas - Boa Esperança,TRES PONTAS
Tumiritinga,MG,Governador Valadares,TUMIRITINGA
Tupaciguara,MG,Uberlândia,TUPACIGUARA
Turmalina,MG,Capelinha,TURMALINA
Turvolândia,MG,Pouso Alegre,TURVOLANDIA
Ubá,MG,Ubá,UBA
Ubaí,MG,São Francisco,UBAI
Ubaporanga,MG,Caratinga,UBAPORANGA
Uberaba,MG,Uberaba,UBERABA
Uberlândia,MG,Uberlândia,UBERLANDIA
Umburatiba,MG,Águas Formosas,UMBURATIBA
Unaí,MG,Unaí,UNAI
União de Minas,MG,Iturama,UNIAO DE MINAS
Uruana de Minas,MG,Unaí,URUANA DE MINAS
Urucânia,MG,Ponte Nova,URUCANIA
Urucuia,MG,Unaí,URUCUIA
Vargem Alegre,MG,Caratinga,VARGEM ALEGRE
Vargem Bonita,MG,Piumhi,VARGEM BONITA
Vargem Grande do Rio Pardo,MG,Salinas,VARGEM GRANDE DO RIO PARDO
Varginha,MG,Varginha,VARGINHA
Varjão de Minas,MG,Patos de Minas,VARJAO DE MINAS
Várzea da Palma,MG,Pirapora,VARZEA DA PALMA
Varzelândia,MG,Montes Claros,VARZELANDIA
Vazante,MG,Patos de Minas,VAZANTE
Verdelândia,MG,Janaúba,VERDELANDIA
Veredinha,MG,Capelinha,VEREDINHA
Veríssimo,MG,Uberaba,VERISSIMO
Vermelho Novo,MG,Caratinga,VERMELHO NOVO
Vespasiano,MG,Belo Horizonte,VESPASIANO
Viçosa,MG,Viçosa,VICOSA
Vieiras,MG,Muriaé,VIEIRAS
Virgem da Lapa,MG,Araçuaí,VIRGEM DA LAPA
Virgínia,MG,São Lourenço,VIRGINIA
Virginópolis,MG,Guanhães,VIRGINOPOLIS
Virgolândia,MG,Governador Valadares,VIRGOLANDIA
Visconde do Rio Branco,MG,Ubá,VISCONDE DO RIO BRANCO
Volta Grande,MG,Além Paraíba,VOLTA GRANDE
Wenceslau Braz,MG,Itajubá,WENCESLAU BRAZ
Afonso Cláudio,ES,Afonso Cláudio - Venda Nova do Imigrante - Santa Maria de Jetibá,AFONSO CLAUDIO
Água Doce do Norte,ES,Nova Venécia,AGUA DOCE DO NORTE
Águia Branca,ES,Colatina,AGUIA BRANCA
Alegre,ES,Alegre,ALEGRE
Alfredo Chaves,ES,Vitória,ALFREDO CHAVES
Alto Rio Novo,ES,Colatina,ALTO RIO NOVO
Anchieta,ES,Vitória,ANCHIETA
Apiacá,ES,Alegre,APIACA
Aracruz,ES,Linhares,ARACRUZ
Atílio Vivácqua,ES,Cachoeiro de Itapemirim,ATILIO VIVACQUA
Baixo Guandu,ES,Colatina,BAIXO GUANDU
Barra de São Francisco,ES,Nova Venécia,BARRA DE SAO FRANCISCO
Boa Esperança,ES,São Mateus,BOA ESPERANCA
Bom Jesus do Norte,ES,Alegre,BOM JESUS DO NORTE
Brejetuba,ES,Afonso Cláudio - Venda Nova do Imigrante - Santa Maria de Jetibá,BREJETUBA
Cachoeiro de Itapemirim,ES,Cachoeiro de Itapemirim,CACHOEIRO DE ITAPEMIRIM
Cariacica,ES,Vitória,CARIACICA
Castelo,ES,Cachoeiro de Itapemirim,CASTELO
Colatina,ES,Colatina,COLATINA
Conceição da Barra,ES,São Mateus,CONCEICAO DA BARRA
Conceição do Castelo,ES,Afonso Cláudio - Venda Nova do Imigrante - Santa Maria de Jetibá,CONCEICAO DO CASTELO
Divino de São Lourenço,ES,Alegre,DIVINO DE SAO LOURENCO
Domingos Martins,ES,Afonso Cláudio - Venda Nova do Imigrante - Santa Maria de Jetibá,DOMINGOS MARTINS
Dores do Rio Preto,ES,Alegre,DORES DO RIO PRETO
Ecoporanga,ES,Nova Venécia,ECOPORANGA
Fundão,ES,Vitória,FUNDAO
Governador Lindenberg,ES,Colatina,GOVERNADOR LINDENBERG
Guaçuí,ES,Alegre,GUACUI
Guarapari,ES,Vitória,GUARAPARI
Ibatiba,ES,Alegre,IBATIBA
Ibiraçu,ES,Linhares,IBIRACU
Ibitirama,ES,Alegre,IBITIRAMA
Iconha,ES,Cachoeiro de Itapemirim,ICONHA
Irupi,ES,Alegre,IRUPI
Itaguaçu,ES,Colatina,ITAGUACU
Itapemirim,ES,Cachoeiro de Itapemirim,ITAPEMIRIM
Itarana,ES,Afonso Cláudio - Venda Nova do Imigrante - Santa Maria de Jetibá,ITARANA
Iúna,ES,Alegre,IUNA
Jaguaré,ES,São Mateus,JAGUARE
Jerônimo Monteiro,ES,Cachoeiro de Itapemirim,JERONIMO MONTEIRO
João Neiva,ES,Linhares,JOAO NEIVA
Laranja da Terra,ES,Afonso Cláudio - Venda Nova do Imigrante - Santa Maria de Jetibá,LARANJA DA TERRA
Linhares,ES,Linhares,LINHARES
Mantenópolis,ES,Colatina,MANTENOPOLIS
Marataízes,ES,Cachoeiro de Itapemirim,MARATAIZES
Marechal Floriano,ES,Afonso Cláudio - Venda Nova do Imigrante - Santa Maria de Jetibá,MARECHAL FLORIANO
Marilândia,ES,Colatina,MARILANDIA
Mimoso do Sul,ES,Cachoeiro de Itapemirim,MIMOSO DO SUL
Montanha,ES,São Mateus,MONTANHA
Mucurici,ES,São Mateus,MUCURICI
Muniz Freire,ES,Alegre,MUNIZ FREIRE
Muqui,ES,Cachoeiro de Itapemirim,MUQUI
Nova Venécia,ES,Nova Venécia,NOVA VENECIA
Pancas,ES,Colatina,PANCAS
Pedro Canário,ES,São Mateus,PEDRO CANARIO
Pinheiros,ES,São Mateus,PINHEIROS
Piúma,ES,Vitória,PIUMA
Ponto Belo,ES,São Mateus,PONTO BELO
Presidente Kennedy,ES,Cachoeiro de Itapemirim,PRESIDENTE KENNEDY
Rio Bananal,ES,Linhares,RIO BANANAL
Rio Novo do Sul,ES,Cachoeiro de Itapemirim,RIO NOVO DO SUL
Santa Leopoldina,ES,Afonso Cláudio - Venda Nova do Imigrante - Santa Maria de Jetibá,SANTA LEOPOLDINA
Santa Maria de Jetibá,ES,Afonso Cláudio - Venda Nova do Imigrante - Santa Maria de Jetibá,SANTA MARIA DE JETIBA
Santa Teresa,ES,Afonso Cláudio - Venda Nova do Imigrante - Santa Maria de Jetibá,SANTA TERESA
São Domingos do Norte,ES,Colatina,SAO DOMINGOS DO NORTE
São Gabriel da Palha,ES,Colatina,SAO GABRIEL DA PALHA
São José do Calçado,ES,Alegre,SAO JOSE DO CALCADO
São Mateus,ES,São Mateus,SAO MATEUS
São Roque do Canaã,ES,Colatina,SAO ROQUE DO CANAA
Serra,ES,Vitória,SERRA
Sooretama,ES,Linhares,SOORETAMA
Vargem Alta,ES,Cachoeiro de Itapemirim,VARGEM ALTA
Venda Nova do Imigrante,ES,Afonso Cláudio - Venda Nova do Imigrante - Santa Maria de Jetibá,VENDA NOVA DO IMIGRANTE
Viana,ES,Vitória,VIANA
Vila Pavão,ES,Nova Venécia,VILA PAVAO
Vila Valério,ES,Colatina,VILA VALERIO
Vila Velha,ES,Vitória,VILA VELHA
Vitória,ES,Vitória,VITORIA
Angra dos Reis,RJ,Angra dos Reis,ANGRA DOS REIS
Aperibé,RJ,Santo Antônio de Pádua,APERIBE
Araruama,RJ,Cabo Frio,ARARUAMA
Areal,RJ,Petrópolis,AREAL
Armação dos Búzios,RJ,Cabo Frio,ARMACAO DOS BUZIOS
Arraial do Cabo,RJ,Cabo Frio,ARRAIAL DO CABO
Barra do Piraí,RJ,Volta Redonda - Barra Mansa,BARRA DO PIRAI
Barra Mansa,RJ,Volta Redonda - Barra Mansa,BARRA MANSA
Belford Roxo,RJ,Rio de Janeiro,BELFORD ROXO
Bom Jardim,RJ,Nova Friburgo,BOM JARDIM
Bom Jesus do Itabapoana,RJ,Itaperuna,BOM JESUS DO ITABAPOANA
Cabo Frio,RJ,Cabo Frio,CABO FRIO
Cachoeiras de Macacu,RJ,Rio Bonito,CACHOEIRAS DE MACACU
Cambuci,RJ,Santo Antônio de Pádua,CAMBUCI
Campos dos Goytacazes,RJ,Campos dos Goytacazes,CAMPOS DOS GOYTACAZES
Cantagalo,RJ,Nova Friburgo,CANTAGALO
Carapebus,RJ,Macaé - Rio das Ostras,CARAPEBUS
Cardoso Moreira,RJ,Campos dos Goytacazes,CARDOSO MOREIRA
Carmo,RJ,Nova Friburgo,CARMO
Casimiro de Abreu,RJ,Macaé - Rio das Ostras,CASIMIRO DE ABREU
Comendador Levy Gasparian,RJ,Três Rios - Paraíba do Sul,COMENDADOR LEVY GASPARIAN
Conceição de Macabu,RJ,Macaé - Rio das Ostras,CONCEICAO DE MACABU
Cordeiro,RJ,Nova Friburgo,CORDEIRO
Duas Barras,RJ,Nova Friburgo,DUAS BARRAS
Duque de Caxias,RJ,Rio de Janeiro,DUQUE DE CAXIAS
Engenheiro Paulo de Frontin,RJ,Volta Redonda - Barra Mansa,ENGENHEIRO PAULO DE FRONTIN
Guapimirim,RJ,Rio de Janeiro,GUAPIMIRIM
Iguaba Grande,RJ,Cabo Frio,IGUABA GRANDE
Itaboraí,RJ,Rio de Janeiro,ITABORAI
Itaguaí,RJ,Rio de Janeiro,ITAGUAI
Italva,RJ,Campos dos Goytacazes,ITALVA
Itaocara,RJ,Santo Antônio de Pádua,ITAOCARA
Itaperuna,RJ,Itaperuna,ITAPERUNA
Itatiaia,RJ,Resende,ITATIAIA
Japeri,RJ,Rio de Janeiro,JAPERI
Laje do Muriaé,RJ,Itaperuna,LAJE DO MURIAE
Macaé,RJ,Macaé - Rio das Ostras,MACAE
Macuco,RJ,Nova Friburgo,MACUCO
Magé,RJ,Rio de Janeiro,MAGE
Mangaratiba,RJ,Rio de Janeiro,MANGARATIBA
Maricá,RJ,Rio de Janeiro,MARICA
Mendes,RJ,Volta Redonda - Barra Mansa,MENDES
Mesquita,RJ,Rio de Janeiro,MESQUITA
Miguel Pereira,RJ,Valença,MIGUEL PEREIRA
Miracema,RJ,Santo Antônio de Pádua,MIRACEMA
Natividade,RJ,Itaperuna,NATIVIDADE
Nilópolis,RJ,Rio de Janeiro,NILOPOLIS
Niterói,RJ,Rio de Janeiro,NITEROI
Nova Friburgo,RJ,Nova Friburgo,NOVA FRIBURGO
Nova Iguaçu,RJ,Rio de Janeiro,NOVA IGUACU
Paracambi,RJ,Rio de Janeiro,PARACAMBI
Paraíba do Sul,RJ,Três Rios - Paraíba do Sul,PARAIBA DO SUL
Paraty,RJ,Angra dos Reis,PARATY
Paty do Alferes,RJ,Valença,PATY DO ALFERES
Petrópolis,RJ,Petrópolis,PETROPOLIS
Pinheiral,RJ,Volta Redonda - Barra Mansa,PINHEIRAL
Piraí,RJ,Volta Redonda - Barra Mansa,PIRAI
Porciúncula,RJ,Itaperuna,PORCIUNCULA
Porto Real,RJ,Resende,PORTO REAL
Quatis,RJ,Resende,QUATIS
Queimados,RJ,Rio de Janeiro,QUEIMADOS
Quissamã,RJ,Macaé - Rio das Ostras,QUISSAMA
Resende,RJ,Resende,RESENDE
Rio Bonito,RJ,Rio Bonito,RIO BONITO
Rio Claro,RJ,Volta Redonda - Barra Mansa,RIO CLARO
Rio das Flores,RJ,Valença,RIO DAS FLORES
Rio das Ostras,RJ,Macaé - Rio das Ostras,RIO DAS OSTRAS
Rio de Janeiro,RJ,Rio de Janeiro,RIO DE JANEIRO
Santa Maria Madalena,RJ,Nova Friburgo,SANTA MARIA MADALENA
Santo Antônio de Pádua,RJ,Santo Antônio de Pádua,SANTO ANTONIO DE PADUA
São Fidélis,RJ,Campos dos Goytacazes,SAO FIDELIS
São Francisco de Itabapoana,RJ,Campos dos Goytacazes,SAO FRANCISCO DE ITABAPOANA
São Gonçalo,RJ,Rio de Janeiro,SAO GONCALO
São João da Barra,RJ,Campos dos Goytacazes,SAO JOAO DA BARRA
São João de Meriti,RJ,Rio de Janeiro,SAO JOAO DE MERITI
São José de Ubá,RJ,Itaperuna,SAO JOSE DE UBA
São José do Vale do Rio Preto,RJ,Petrópolis,SAO JOSE DO VALE DO RIO PRETO
São Pedro da Aldeia,RJ,Cabo Frio,SAO PEDRO DA ALDEIA
São Sebastião do Alto,RJ,Nova Friburgo,SAO SEBASTIAO DO ALTO
Sapucaia,RJ,Três Rios - Paraíba do Sul,SAPUCAIA
Saquarema,RJ,Rio de Janeiro,SAQUAREMA
Seropédica,RJ,Rio de Janeiro,SEROPEDICA
Silva Jardim,RJ,Rio Bonito,SILVA JARDIM
Sumidouro,RJ,Nova Friburgo,SUMIDOURO
Tanguá,RJ,Rio de Janeiro,TANGUA
Teresópolis,RJ,Petrópolis,TERESOPOLIS
Trajano de Moraes,RJ,Nova Friburgo,TRAJANO DE MORAES
Três Rios,RJ,Três Rios - Paraíba do Sul,TRES RIOS
Valença,RJ,Valença,VALENCA
Varre-Sai,RJ,Itaperuna,VARRESAI
Vassouras,RJ,Valença,VASSOURAS
Volta Redonda,RJ,Volta Redonda - Barra Mansa,VOLTA REDONDA
Adamantina,SP,Adamantina - Lucélia,ADAMANTINA
Adolfo,SP,São José do Rio Preto,ADOLFO
Aguaí,SP,São João da Boa Vista,AGUAI
Águas da Prata,SP,São João da Boa Vista,AGUAS DA PRATA
Águas de Lindóia,SP,Amparo,AGUAS DE LINDOIA
Águas de Santa Bárbara,SP,Avaré,AGUAS DE SANTA BARBARA
Águas de São Pedro,SP,Piracicaba,AGUAS DE SAO PEDRO
Agudos,SP,Bauru,AGUDOS
Alambari,SP,Itapetininga,ALAMBARI
Alfredo Marcondes,SP,Presidente Prudente,ALFREDO MARCONDES
Altair,SP,São José do Rio Preto,ALTAIR
Altinópolis,SP,Ribeirão Preto,ALTINOPOLIS
Alto Alegre,SP,Birigui - Penápolis,ALTO ALEGRE
Alumínio,SP,Sorocaba,ALUMINIO
Álvares Florence,SP,Votuporanga,ALVARES FLORENCE
Álvares Machado,SP,Presidente Prudente,ALVARES MACHADO
Álvaro de Carvalho,SP,Marília,ALVARO DE CARVALHO
Alvinlândia,SP,Marília,ALVINLANDIA
Americana,SP,Campinas,AMERICANA
Américo Brasiliense,SP,Araraquara,AMERICO BRASILIENSE
Américo de Campos,SP,Votuporanga,AMERICO DE CAMPOS
Amparo,SP,Amparo,AMPARO
Analândia,SP,Rio Claro,ANALANDIA
Andradina,SP,Andradina,ANDRADINA
Angatuba,SP,Itapetininga,ANGATUBA
Anhembi,SP,Botucatu,ANHEMBI
Anhumas,SP,Presidente Prudente,ANHUMAS
Aparecida,SP,Guaratinguetá,APARECIDA
Aparecida d'Oeste,SP,Jales,APARECIDA DOESTE
Apiaí,SP,Itapeva,APIAI
Araçariguama,SP,Sorocaba,ARACARIGUAMA
Araçatuba,SP,Araçatuba,ARACATUBA
Araçoiaba da Serra,SP,Sorocaba,ARACOIABA DA SERRA
Aramina,SP,Ituverava,ARAMINA
Arandu,SP,Avaré,ARANDU
Arapeí,SP,Cruzeiro,ARAPEI
Araraquara,SP,Araraquara,ARARAQUARA
Araras,SP,Araras,ARARAS
Arco-Íris,SP,Tupã,ARCOIRIS
Arealva,SP,Bauru,AREALVA
Areias,SP,Cruzeiro,AREIAS
Areiópolis,SP,Botucatu,AREIOPOLIS
Ariranha,SP,Catanduva,ARIRANHA
Artur Nogueira,SP,Campinas,ARTUR NOGUEIRA
Arujá,SP,São Paulo,ARUJA
Aspásia,SP,Jales,ASPASIA
Assis,SP,Assis,ASSIS
Atibaia,SP,Bragança Paulista,ATIBAIA
Auriflama,SP,Araçatuba,AURIFLAMA
Avaí,SP,Bauru,AVAI
Avanhandava,SP,Birigui - Penápolis,AVANHANDAVA
Avaré,SP,Avaré,AVARE
Bady Bassitt,SP,São José do Rio Preto,BADY BASSITT
Balbinos,SP,Bauru,BALBINOS
Bálsamo,SP,São José do Rio Preto,BALSAMO
Bananal,SP,Cruzeiro,BANANAL
Barão de Antonina,SP,Itapeva,BARAO DE ANTONINA
Barbosa,SP,Birigui - Penápolis,BARBOSA
Bariri,SP,Jaú,BARIRI
Barra Bonita,SP,Jaú,BARRA BONITA
Barra do Chapéu,SP,Itapeva,BARRA DO CHAPEU
Barra do Turvo,SP,Registro,BARRA DO TURVO
Barretos,SP,Barretos,BARRETOS
Barrinha,SP,Ribeirão Preto,BARRINHA
Barueri,SP,São Paulo,BARUERI
Bastos,SP,Tupã,BASTOS
Batatais,SP,Ribeirão Preto,BATATAIS
Bauru,SP,Bauru,BAURU
Bebedouro,SP,Barretos,BEBEDOURO
Bento de Abreu,SP,Araçatuba,BENTO DE ABREU
Bernardino de Campos,SP,Ourinhos,BERNARDINO DE CAMPOS
Bertioga,SP,Santos,BERTIOGA
Bilac,SP,Birigui - Penápolis,BILAC
Birigui,SP,Birigui - Penápolis,BIRIGUI
Biritiba Mirim,SP,São Paulo,BIRITIBA MIRIM
Boa Esperança do Sul,SP,Araraquara,BOA ESPERANCA DO SUL
Bocaina,SP,Jaú,BOCAINA
Bofete,SP,Botucatu,BOFETE
Boituva,SP,Sorocaba,BOITUVA
Bom Jesus dos Perdões,SP,Bragança Paulista,BOM JESUS DOS PERDOES
Bom Sucesso de Itararé,SP,Itapeva,BOM SUCESSO DE ITARARE
Borá,SP,Assis,BORA
Boracéia,SP,Jaú,BORACEIA
Borborema,SP,Araraquara,BORBOREMA
Borebi,SP,Bauru,BOREBI
Botucatu,SP,Botucatu,BOTUCATU
Bragança Paulista,SP,Bragança Paulista,BRAGANCA PAULISTA
Braúna,SP,Birigui - Penápolis,BRAUNA
Brejo Alegre,SP,Birigui - Penápolis,BREJO ALEGRE
Brodowski,SP,Ribeirão Preto,BRODOWSKI
Brotas,SP,Jaú,BROTAS
Buri,SP,Itapeva,BURI
Buritama,SP,Birigui - Penápolis,BURITAMA
Buritizal,SP,Ituverava,BURITIZAL
Cabrália Paulista,SP,Bauru,CABRALIA PAULISTA
Cabreúva,SP,Jundiaí,CABREUVA
Caçapava,SP,São José dos Campos,CACAPAVA
Cachoeira Paulista,SP,Cruzeiro,CACHOEIRA PAULISTA
Caconde,SP,São José do Rio Pardo - Mococa,CACONDE
Cafelândia,SP,Lins,CAFELANDIA
Caiabu,SP,Presidente Prudente,CAIABU
Caieiras,SP,São Paulo,CAIEIRAS
Caiuá,SP,Presidente Epitácio-Presidente Venceslau,CAIUA
Cajamar,SP,São Paulo,CAJAMAR
Cajati,SP,Registro,CAJATI
Cajobi,SP,Barretos,CAJOBI
Cajuru,SP,Ribeirão Preto,CAJURU
Campina do Monte Alegre,SP,Itapetininga,CAMPINA DO MONTE ALEGRE
Campinas,SP,Campinas,CAMPINAS
Campo Limpo Paulista,SP,Jundiaí,CAMPO LIMPO PAULISTA
Campos do Jordão,SP,Taubaté - Pindamonhangaba,CAMPOS DO JORDAO
Campos Novos Paulista,SP,Marília,CAMPOS NOVOS PAULISTA
Cananéia,SP,Registro,CANANEIA
Canas,SP,Guaratinguetá,CANAS
Cândido Mota,SP,Assis,CANDIDO MOTA
Cândido Rodrigues,SP,Araraquara,CANDIDO RODRIGUES
Canitar,SP,Ourinhos,CANITAR
Capão Bonito,SP,Itapeva,CAPAO BONITO
Capela do Alto,SP,Sorocaba,CAPELA DO ALTO
Capivari,SP,Piracicaba,CAPIVARI
Caraguatatuba,SP,Caraguatatuba - Ubatuba - São Sebastião,CARAGUATATUBA
Carapicuíba,SP,São Paulo,CARAPICUIBA
Cardoso,SP,Votuporanga,CARDOSO
Casa Branca,SP,São João da Boa Vista,CASA BRANCA
Cássia dos Coqueiros,SP,Ribeirão Preto,CASSIA DOS COQUEIROS
Castilho,SP,Andradina,CASTILHO
Catanduva,SP,Catanduva,CATANDUVA
Catiguá,SP,Catanduva,CATIGUA
Cedral,SP,São José do Rio Preto,CEDRAL
Cerqueira César,SP,Avaré,CERQUEIRA CESAR
Cerquilho,SP,Sorocaba,CERQUILHO
Cesário Lange,SP,Tatuí,CESARIO LANGE
Charqueada,SP,Piracicaba,CHARQUEADA
Chavantes,SP,Ourinhos,CHAVANTES
Clementina,SP,Birigui - Penápolis,CLEMENTINA
Colina,SP,Barretos,COLINA
Colômbia,SP,Barretos,COLOMBIA
Conchal,SP,Araras,CONCHAL
Conchas,SP,Botucatu,CONCHAS
Cordeirópolis,SP,Limeira,CORDEIROPOLIS
Coroados,SP,Birigui - Penápolis,COROADOS
Coronel Macedo,SP,Avaré,CORONEL MACEDO
Corumbataí,SP,Rio Claro,CORUMBATAI
Cosmópolis,SP,Campinas,COSMOPOLIS
Cosmorama,SP,Votuporanga,COSMORAMA
Cotia,SP,São Paulo,COTIA
Cravinhos,SP,Ribeirão Preto,CRAVINHOS
Cristais Paulista,SP,Franca,CRISTAIS PAULISTA
Cruzália,SP,Assis,CRUZALIA
Cruzeiro,SP,Cruzeiro,CRUZEIRO
Cubatão,SP,Santos,CUBATAO
Cunha,SP,Guaratinguetá,CUNHA
Descalvado,SP,São Carlos,DESCALVADO
Diadema,SP,São Paulo,DIADEMA
Dirce Reis,SP,Jales,DIRCE REIS
Divinolândia,SP,São José do Rio Pardo - Mococa,DIVINOLANDIA
Dobrada,SP,Araraquara,DOBRADA
Dois Córregos,SP,Jaú,DOIS CORREGOS
Dolcinópolis,SP,Jales,DOLCINOPOLIS
Dourado,SP,São Carlos,DOURADO
Dracena,SP,Dracena,DRACENA
Duartina,SP,Bauru,DUARTINA
Dumont,SP,Ribeirão Preto,DUMONT
Echaporã,SP,Marília,ECHAPORA
Eldorado,SP,Registro,ELDORADO
Elias Fausto,SP,Campinas,ELIAS FAUSTO
Elisiário,SP,Catanduva,ELISIARIO
Embaúba,SP,Catanduva,EMBAUBA
Embu das Artes,SP,São Paulo,EMBU DAS ARTES
Embu-Guaçu,SP,São Paulo,EMBUGUACU
Emilianópolis,SP,Presidente Prudente,EMILIANOPOLIS
Engenheiro Coelho,SP,Limeira,ENGENHEIRO COELHO
Espírito Santo do Pinhal,SP,São João da Boa Vista,ESPIRITO SANTO DO PINHAL
Espírito Santo do Turvo,SP,Ourinhos,ESPIRITO SANTO DO TURVO
Estiva Gerbi,SP,Mogi Guaçu,ESTIVA GERBI
Estrela do Norte,SP,Presidente Prudente,ESTRELA DO NORTE
Estrela d'Oeste,SP,Fernandópolis,ESTRELA DOESTE
Euclides da Cunha Paulista,SP,Presidente Prudente,EUCLIDES DA CUNHA PAULISTA
Fartura,SP,Piraju,FARTURA
Fernando Prestes,SP,Catanduva,FERNANDO PRESTES
Fernandópolis,SP,Fernandópolis,FERNANDOPOLIS
Fernão,SP,Marília,FERNAO
Ferraz de Vasconcelos,SP,São Paulo,FERRAZ DE VASCONCELOS
Flora Rica,SP,Dracena,FLORA RICA
Floreal,SP,Votuporanga,FLOREAL
Flórida Paulista,SP,Adamantina - Lucélia,FLORIDA PAULISTA
Florínea,SP,Assis,FLORINEA
Franca,SP,Franca,FRANCA
Francisco Morato,SP,São Paulo,FRANCISCO MORATO
Franco da Rocha,SP,São Paulo,FRANCO DA ROCHA
Gabriel Monteiro,SP,Birigui - Penápolis,GABRIEL MONTEIRO
Gália,SP,Marília,GALIA
Garça,SP,Marília,GARCA
Gastão Vidigal,SP,Araçatuba,GASTAO VIDIGAL
Gavião Peixoto,SP,Araraquara,GAVIAO PEIXOTO
General Salgado,SP,Araçatuba,GENERAL SALGADO
Getulina,SP,Marília,GETULINA
Glicério,SP,Birigui - Penápolis,GLICERIO
Guaiçara,SP,Lins,GUAICARA
Guaimbê,SP,Marília,GUAIMBE
Guaíra,SP,Barretos,GUAIRA
Guapiaçu,SP,São José do Rio Preto,GUAPIACU
Guapiara,SP,Itapeva,GUAPIARA
Guará,SP,Ituverava,GUARA
Guaraçaí,SP,Andradina,GUARACAI
Guaraci,SP,Barretos,GUARACI
Guarani d'Oeste,SP,Fernandópolis,GUARANI DOESTE
Guarantã,SP,Lins,GUARANTA
Guararapes,SP,Araçatuba,GUARARAPES
Guararema,SP,São Paulo,GUARAREMA
Guaratinguetá,SP,Guaratinguetá,GUARATINGUETA
Guareí,SP,Itapetininga,GUAREI
Guariba,SP,Ribeirão Preto,GUARIBA
Guarujá,SP,Santos,GUARUJA
Guarulhos,SP,São Paulo,GUARULHOS
Guatapará,SP,Ribeirão Preto,GUATAPARA
Guzolândia,SP,Araçatuba,GUZOLANDIA
Herculândia,SP,Tupã,HERCULANDIA
Holambra,SP,Campinas,HOLAMBRA
Hortolândia,SP,Campinas,HORTOLANDIA
Iacanga,SP,Bauru,IACANGA
Iacri,SP,Tupã,IACRI
Iaras,SP,Avaré,IARAS
Ibaté,SP,São Carlos,IBATE
Ibirá,SP,São José do Rio Preto,IBIRA
Ibirarema,SP,Ourinhos,IBIRAREMA
Ibitinga,SP,Araraquara,IBITINGA
Ibiúna,SP,Sorocaba,IBIUNA
Icém,SP,São José do Rio Preto,ICEM
Iepê,SP,Presidente Prudente,IEPE
Igaraçu do Tietê,SP,Jaú,IGARACU DO TIETE
Igarapava,SP,Ituverava,IGARAPAVA
Igaratá,SP,São José dos Campos,IGARATA
Iguape,SP,Registro,IGUAPE
Ilha Comprida,SP,Registro,ILHA COMPRIDA
Ilha Solteira,SP,Andradina,ILHA SOLTEIRA
Ilhabela,SP,Caraguatatuba - Ubatuba - São Sebastião,ILHABELA
Indaiatuba,SP,Campinas,INDAIATUBA
Indiana,SP,Presidente Prudente,INDIANA
Indiaporã,SP,Fernandópolis,INDIAPORA
Inúbia Paulista,SP,Adamantina - Lucélia,INUBIA PAULISTA
Ipaussu,SP,Ourinhos,IPAUSSU
Iperó,SP,Sorocaba,IPERO
Ipeúna,SP,Rio Claro,IPEUNA
Ipiguá,SP,São José do Rio Preto,IPIGUA
Iporanga,SP,Registro,IPORANGA
Ipuã,SP,São Joaquim da Barra ¿ Orlândia,IPUA
Iracemápolis,SP,Limeira,IRACEMAPOLIS
Irapuã,SP,São José do Rio Preto,IRAPUA
Irapuru,SP,Dracena,IRAPURU
Itaberá,SP,Itapeva,ITABERA
Itaí,SP,Avaré,ITAI
Itajobi,SP,Catanduva,ITAJOBI
Itaju,SP,Jaú,ITAJU
Itanhaém,SP,Santos,ITANHAEM
Itaoca,SP,Itapeva,ITAOCA
Itapecerica da Serra,SP,São Paulo,ITAPECERICA DA SERRA
Itapetininga,SP,Itapetininga,ITAPETININGA
Itapeva,SP,Itapeva,ITAPEVA
Itapevi,SP,São Paulo,ITAPEVI
Itapira,SP,Mogi Guaçu,ITAPIRA
Itapirapuã Paulista,SP,Itapeva,ITAPIRAPUA PAULISTA
Itápolis,SP,Araraquara,ITAPOLIS
Itaporanga,SP,Itapeva,ITAPORANGA
Itapuí,SP,Jaú,ITAPUI
Itapura,SP,Andradina,ITAPURA
Itaquaquecetuba,SP,São Paulo,ITAQUAQUECETUBA
Itararé,SP,Itapeva,ITARARE
Itariri,SP,Santos,ITARIRI
Itatiba,SP,Jundiaí,ITATIBA
Itatinga,SP,Botucatu,ITATINGA
Itirapina,SP,São Carlos,ITIRAPINA
Itirapuã,SP,Franca,ITIRAPUA
Itobi,SP,São José do Rio Pardo - Mococa,ITOBI
Itu,SP,Sorocaba,ITU
Itupeva,SP,Jundiaí,ITUPEVA
Ituverava,SP,Ituverava,ITUVERAVA
Jaborandi,SP,Barretos,JABORANDI
Jaboticabal,SP,Ribeirão Preto,JABOTICABAL
Jacareí,SP,São José dos Campos,JACAREI
Jaci,SP,São José do Rio Preto,JACI
Jacupiranga,SP,Registro,JACUPIRANGA
Jaguariúna,SP,Campinas,JAGUARIUNA
Jales,SP,Jales,JALES
Jambeiro,SP,São José dos Campos,JAMBEIRO
Jandira,SP,São Paulo,JANDIRA
Jardinópolis,SP,Ribeirão Preto,JARDINOPOLIS
Jarinu,SP,Jundiaí,JARINU
Jaú,SP,Jaú,JAU
Jeriquara,SP,Franca,JERIQUARA
Joanópolis,SP,Bragança Paulista,JOANOPOLIS
João Ramalho,SP,Presidente Prudente,JOAO RAMALHO
José Bonifácio,SP,São José do Rio Preto,JOSE BONIFACIO
Júlio Mesquita,SP,Marília,JULIO MESQUITA
Jumirim,SP,Sorocaba,JUMIRIM
Jundiaí,SP,Jundiaí,JUNDIAI
Junqueirópolis,SP,Dracena,JUNQUEIROPOLIS
Juquiá,SP,Registro,JUQUIA
Juquitiba,SP,São Paulo,JUQUITIBA
Lagoinha,SP,Taubaté - Pindamonhangaba,LAGOINHA
Laranjal Paulista,SP,Piracicaba,LARANJAL PAULISTA
Lavínia,SP,Andradina,LAVINIA
Lavrinhas,SP,Cruzeiro,LAVRINHAS
Leme,SP,Araras,LEME
Lençóis Paulista,SP,Bauru,LENCOIS PAULISTA
Limeira,SP,Limeira,LIMEIRA
Lindóia,SP,Amparo,LINDOIA
Lins,SP,Lins,LINS
Lorena,SP,Guaratinguetá,LORENA
Lourdes,SP,Birigui - Penápolis,LOURDES
Louveira,SP,Jundiaí,LOUVEIRA
Lucélia,SP,Adamantina - Lucélia,LUCELIA
Lucianópolis,SP,Bauru,LUCIANOPOLIS
Luís Antônio,SP,Ribeirão Preto,LUIS ANTONIO
Luiziânia,SP,Birigui - Penápolis,LUIZIANIA
Lupércio,SP,Marília,LUPERCIO
Lutécia,SP,Assis,LUTECIA
Macatuba,SP,Bauru,MACATUBA
Macaubal,SP,São José do Rio Preto,MACAUBAL
Macedônia,SP,Fernandópolis,MACEDONIA
Magda,SP,Araçatuba,MAGDA
Mairinque,SP,Sorocaba,MAIRINQUE
Mairiporã,SP,São Paulo,MAIRIPORA
Manduri,SP,Avaré,MANDURI
Marabá Paulista,SP,Presidente Epitácio-Presidente Venceslau,MARABA PAULISTA
Maracaí,SP,Assis,MARACAI
Marapoama,SP,Catanduva,MARAPOAMA
Mariápolis,SP,Adamantina - Lucélia,MARIAPOLIS
Marília,SP,Marília,MARILIA
Marinópolis,SP,Jales,MARINOPOLIS
Martinópolis,SP,Presidente Prudente,MARTINOPOLIS
Matão,SP,Araraquara,MATAO
Mauá,SP,São Paulo,MAUA
Mendonça,SP,São José do Rio Preto,MENDONCA
Meridiano,SP,Fernandópolis,MERIDIANO
Mesópolis,SP,Jales,MESOPOLIS
Miguelópolis,SP,Ituverava,MIGUELOPOLIS
Mineiros do Tietê,SP,Jaú,MINEIROS DO TIETE
Mira Estrela,SP,Fernandópolis,MIRA ESTRELA
Miracatu,SP,Registro,MIRACATU
Mirandópolis,SP,Andradina,MIRANDOPOLIS
Mirante do Paranapanema,SP,Presidente Prudente,MIRANTE DO PARANAPANEMA
Mirassol,SP,São José do Rio Preto,MIRASSOL
Mirassolândia,SP,São José do Rio Preto,MIRASSOLANDIA
Mococa,SP,São José do Rio Pardo - Mococa,MOCOCA
Mogi das Cruzes,SP,São Paulo,MOGI DAS CRUZES
Mogi Guaçu,SP,Mogi Guaçu,MOGI GUACU
Mogi Mirim,SP,Mogi Guaçu,MOGI MIRIM
Mombuca,SP,Piracicaba,MOMBUCA
Monções,SP,Araçatuba,MONCOES
Mongaguá,SP,Santos,MONGAGUA
Monte Alegre do Sul,SP,Amparo,MONTE ALEGRE DO SUL
Monte Alto,SP,Ribeirão Preto,MONTE ALTO
Monte Aprazível,SP,São José do Rio Preto,MONTE APRAZIVEL
Monte Azul Paulista,SP,Barretos,MONTE AZUL PAULISTA
Monte Castelo,SP,Dracena,MONTE CASTELO
Monte Mor,SP,Campinas,MONTE MOR
Monteiro Lobato,SP,São José dos Campos,MONTEIRO LOBATO
Morro Agudo,SP,São Joaquim da Barra ¿ Orlândia,MORRO AGUDO
Morungaba,SP,Jundiaí,MORUNGABA
Motuca,SP,Araraquara,MOTUCA
Murutinga do Sul,SP,Andradina,MURUTINGA DO SUL
Nantes,SP,Presidente Prudente,NANTES
Narandiba,SP,Presidente Prudente,NARANDIBA
Natividade da Serra,SP,Taubaté - Pindamonhangaba,NATIVIDADE DA SERRA
Nazaré Paulista,SP,Bragança Paulista,NAZARE PAULISTA
Neves Paulista,SP,São José do Rio Preto,NEVES PAULISTA
Nhandeara,SP,Votuporanga,NHANDEARA
Nipoã,SP,São José do Rio Preto,NIPOA
Nova Aliança,SP,São José do Rio Preto,NOVA ALIANCA
Nova Campina,SP,Itapeva,NOVA CAMPINA
Nova Canaã Paulista,SP,Santa Fé do Sul,NOVA CANAA PAULISTA
Nova Castilho,SP,Araçatuba,NOVA CASTILHO
Nova Europa,SP,Araraquara,NOVA EUROPA
Nova Granada,SP,São José do Rio Preto,NOVA GRANADA
Nova Guataporanga,SP,Dracena,NOVA GUATAPORANGA
Nova Independência,SP,Andradina,NOVA INDEPENDENCIA
Nova Luzitânia,SP,Araçatuba,NOVA LUZITANIA
Nova Odessa,SP,Campinas,NOVA ODESSA
Novais,SP,Catanduva,NOVAIS
Novo Horizonte,SP,São José do Rio Preto,NOVO HORIZONTE
Nuporanga,SP,São Joaquim da Barra ¿ Orlândia,NUPORANGA
Ocauçu,SP,Marília,OCAUCU
Óleo,SP,Avaré,OLEO
Olímpia,SP,Barretos,OLIMPIA
Onda Verde,SP,São José do Rio Preto,ONDA VERDE
Oriente,SP,Marília,ORIENTE
Orindiúva,SP,São José do Rio Preto,ORINDIUVA
Orlândia,SP,São Joaquim da Barra ¿ Orlândia,ORLANDIA
Osasco,SP,São Paulo,OSASCO
Oscar Bressane,SP,Marília,OSCAR BRESSANE
Osvaldo Cruz,SP,Adamantina - Lucélia,OSVALDO CRUZ
Ourinhos,SP,Ourinhos,OURINHOS
Ouro Verde,SP,Dracena,OURO VERDE
Ouroeste,SP,Fernandópolis,OUROESTE
Pacaembu,SP,Adamantina - Lucélia,PACAEMBU
Palestina,SP,São José do Rio Preto,PALESTINA
Palmares Paulista,SP,Catanduva,PALMARES PAULISTA
Palmeira d'Oeste,SP,Jales,PALMEIRA DOESTE
Palmital,SP,Assis,PALMITAL
Panorama,SP,Dracena,PANORAMA
Paraguaçu Paulista,SP,Assis,PARAGUACU PAULISTA
Paraibuna,SP,São José dos Campos,PARAIBUNA
Paraíso,SP,Catanduva,PARAISO
Paranapanema,SP,Avaré,PARANAPANEMA
Paranapuã,SP,Jales,PARANAPUA
Parapuã,SP,Tupã,PARAPUA
Pardinho,SP,Botucatu,PARDINHO
Pariquera-Açu,SP,Registro,PARIQUERAACU
Parisi,SP,Votuporanga,PARISI
Patrocínio Paulista,SP,Franca,PATROCINIO PAULISTA
Paulicéia,SP,Dracena,PAULICEIA
Paulínia,SP,Campinas,PAULINIA
Paulistânia,SP,Bauru,PAULISTANIA
Paulo de Faria,SP,São José do Rio Preto,PAULO DE FARIA
Pederneiras,SP,Bauru,PEDERNEIRAS
Pedra Bela,SP,Bragança Paulista,PEDRA BELA
Pedranópolis,SP,Fernandópolis,PEDRANOPOLIS
Pedregulho,SP,Franca,PEDREGULHO
Pedreira,SP,Campinas,PEDREIRA
Pedrinhas Paulista,SP,Assis,PEDRINHAS PAULISTA
Pedro de Toledo,SP,Santos,PEDRO DE TOLEDO
Penápolis,SP,Birigui - Penápolis,PENAPOLIS
Pereira Barreto,SP,Andradina,PEREIRA BARRETO
Pereiras,SP,Tatuí,PEREIRAS
Peruíbe,SP,Santos,PERUIBE
Piacatu,SP,Birigui - Penápolis,PIACATU
Piedade,SP,Sorocaba,PIEDADE
Pilar do Sul,SP,Sorocaba,PILAR DO SUL
Pindamonhangaba,SP,Taubaté - Pindamonhangaba,PINDAMONHANGABA
Pindorama,SP,Catanduva,PINDORAMA
Pinhalzinho,SP,Bragança Paulista,PINHALZINHO
Piquerobi,SP,Presidente Epitácio-Presidente Venceslau,PIQUEROBI
Piquete,SP,Guaratinguetá,PIQUETE
Piracaia,SP,Bragança Paulista,PIRACAIA
Piracicaba,SP,Piracicaba,PIRACICABA
Piraju,SP,Piraju,PIRAJU
Pirajuí,SP,Bauru,PIRAJUI
Pirangi,SP,Catanduva,PIRANGI
Pirapora do Bom Jesus,SP,São Paulo,PIRAPORA DO BOM JESUS
Pirapozinho,SP,Presidente Prudente,PIRAPOZINHO
Pirassununga,SP,São Carlos,PIRASSUNUNGA
Piratininga,SP,Bauru,PIRATININGA
Pitangueiras,SP,Ribeirão Preto,PITANGUEIRAS
Planalto,SP,São José do Rio Preto,PLANALTO
Platina,SP,Assis,PLATINA
Poá,SP,São Paulo,POA
Poloni,SP,São José do Rio Preto,POLONI
Pompéia,SP,Marília,POMPEIA
Pongaí,SP,Lins,PONGAI
Pontal,SP,Ribeirão Preto,PONTAL
Pontalinda,SP,Jales,PONTALINDA
Pontes Gestal,SP,Votuporanga,PONTES GESTAL
Populina,SP,Jales,POPULINA
Porangaba,SP,Tatuí,PORANGABA
Porto Feliz,SP,Sorocaba,PORTO FELIZ
Porto Ferreira,SP,São Carlos,PORTO FERREIRA
Potim,SP,Guaratinguetá,POTIM
Potirendaba,SP,São José do Rio Preto,POTIRENDABA
Pracinha,SP,Adamantina - Lucélia,PRACINHA
Pradópolis,SP,Ribeirão Preto,PRADOPOLIS
Praia Grande,SP,Santos,PRAIA GRANDE
Pratânia,SP,Botucatu,PRATANIA
Presidente Alves,SP,Bauru,PRESIDENTE ALVES
Presidente Bernardes,SP,Presidente Prudente,PRESIDENTE BERNARDES
Presidente Epitácio,SP,Presidente Epitácio-Presidente Venceslau,PRESIDENTE EPITACIO
Presidente Prudente,SP,Presidente Prudente,PRESIDENTE PRUDENTE
Presidente Venceslau,SP,Presidente Epitácio-Presidente Venceslau,PRESIDENTE VENCESLAU
Promissão,SP,Lins,PROMISSAO
Quadra,SP,Tatuí,QUADRA
Quatá,SP,Presidente Prudente,QUATA
Queiroz,SP,Tupã,QUEIROZ
Queluz,SP,Cruzeiro,QUELUZ
Quintana,SP,Marília,QUINTANA
Rafard,SP,Piracicaba,RAFARD
Rancharia,SP,Presidente Prudente,RANCHARIA
Redenção da Serra,SP,Taubaté - Pindamonhangaba,REDENCAO DA SERRA
Regente Feijó,SP,Presidente Prudente,REGENTE FEIJO
Reginópolis,SP,Bauru,REGINOPOLIS
Registro,SP,Registro,REGISTRO
Restinga,SP,Franca,RESTINGA
Ribeira,SP,Itapeva,RIBEIRA
Ribeirão Bonito,SP,São Carlos,RIBEIRAO BONITO
Ribeirão Branco,SP,Itapeva,RIBEIRAO BRANCO
Ribeirão Corrente,SP,Franca,RIBEIRAO CORRENTE
Ribeirão do Sul,SP,Ourinhos,RIBEIRAO DO SUL
Ribeirão dos Índios,SP,Presidente Prudente,RIBEIRAO DOS INDIOS
Ribeirão Grande,SP,Itapeva,RIBEIRAO GRANDE
Ribeirão Pires,SP,São Paulo,RIBEIRAO PIRES
Ribeirão Preto,SP,Ribeirão Preto,RIBEIRAO PRETO
Rifaina,SP,Franca,RIFAINA
Rincão,SP,Araraquara,RINCAO
Rinópolis,SP,Tupã,RINOPOLIS
Rio Claro,SP,Rio Claro,RIO CLARO
Rio das Pedras,SP,Piracicaba,RIO DAS PEDRAS
Rio Grande da Serra,SP,São Paulo,RIO GRANDE DA SERRA
Riolândia,SP,Votuporanga,RIOLANDIA
Riversul,SP,Itapeva,RIVERSUL
Rosana,SP,Presidente Prudente,ROSANA
Roseira,SP,Guaratinguetá,ROSEIRA
Rubiácea,SP,Araçatuba,RUBIACEA
Rubinéia,SP,Santa Fé do Sul,RUBINEIA
Sabino,SP,Lins,SABINO
Sagres,SP,Adamantina - Lucélia,SAGRES
Sales,SP,São José do Rio Preto,SALES
Sales Oliveira,SP,São Joaquim da Barra ¿ Orlândia,SALES OLIVEIRA
Salesópolis,SP,São Paulo,SALESOPOLIS
Salmourão,SP,Adamantina - Lucélia,SALMOURAO
Saltinho,SP,Piracicaba,SALTINHO
Salto,SP,Sorocaba,SALTO
Salto de Pirapora,SP,Sorocaba,SALTO DE PIRAPORA
Salto Grande,SP,Ourinhos,SALTO GRANDE
Sandovalina,SP,Presidente Prudente,SANDOVALINA
Santa Adélia,SP,Catanduva,SANTA ADELIA
Santa Albertina,SP,Jales,SANTA ALBERTINA
Santa Bárbara d'Oeste,SP,Campinas,SANTA BARBARA DOESTE
Santa Branca,SP,São José dos Campos,SANTA BRANCA
Santa Clara d'Oeste,SP,Santa Fé do Sul,SANTA CLARA DOESTE
Santa Cruz da Conceição,SP,Araras,SANTA CRUZ DA CONCEICAO
Santa Cruz da Esperança,SP,Ribeirão Preto,SANTA CRUZ DA ESPERANCA
Santa Cruz das Palmeiras,SP,São João da Boa Vista,SANTA CRUZ DAS PALMEIRAS
Santa Cruz do Rio Pardo,SP,Ourinhos,SANTA CRUZ DO RIO PARDO
Santa Ernestina,SP,Ribeirão Preto,SANTA ERNESTINA
Santa Fé do Sul,SP,Santa Fé do Sul,SANTA FE DO SUL
Santa Gertrudes,SP,Rio Claro,SANTA GERTRUDES
Santa Isabel,SP,São Paulo,SANTA ISABEL
Santa Lúcia,SP,Araraquara,SANTA LUCIA
Santa Maria da Serra,SP,Piracicaba,SANTA MARIA DA SERRA
Santa Mercedes,SP,Dracena,SANTA MERCEDES
Santa Rita do Passa Quatro,SP,São Carlos,SANTA RITA DO PASSA QUATRO
Santa Rita d'Oeste,SP,Santa Fé do Sul,SANTA RITA DOESTE
Santa Rosa de Viterbo,SP,Ribeirão Preto,SANTA ROSA DE VITERBO
Santa Salete,SP,Jales,SANTA SALETE
Santana da Ponte Pensa,SP,Santa Fé do Sul,SANTANA DA PONTE PENSA
Santana de Parnaíba,SP,São Paulo,SANTANA DE PARNAIBA
Santo Anastácio,SP,Presidente Prudente,SANTO ANASTACIO
Santo André,SP,São Paulo,SANTO ANDRE
Santo Antônio da Alegria,SP,Ribeirão Preto,SANTO ANTONIO DA ALEGRIA
Santo Antônio de Posse,SP,Campinas,SANTO ANTONIO DE POSSE
Santo Antônio do Aracanguá,SP,Araçatuba,SANTO ANTONIO DO ARACANGUA
Santo Antônio do Jardim,SP,São João da Boa Vista,SANTO ANTONIO DO JARDIM
Santo Antônio do Pinhal,SP,Taubaté - Pindamonhangaba,SANTO ANTONIO DO PINHAL
Santo Expedito,SP,Presidente Prudente,SANTO EXPEDITO
Santópolis do Aguapeí,SP,Birigui - Penápolis,SANTOPOLIS DO AGUAPEI
Santos,SP,Santos,SANTOS
São Bento do Sapucaí,SP,Taubaté - Pindamonhangaba,SAO BENTO DO SAPUCAI
São Bernardo do Campo,SP,São Paulo,SAO BERNARDO DO CAMPO
São Caetano do Sul,SP,São Paulo,SAO CAETANO DO SUL
São Carlos,SP,São Carlos,SAO CARLOS
São Francisco,SP,Jales,SAO FRANCISCO
São João da Boa Vista,SP,São João da Boa Vista,SAO JOAO DA BOA VISTA
São João das Duas Pontes,SP,Fernandópolis,SAO JOAO DAS DUAS PONTES
São João de Iracema,SP,Fernandópolis,SAO JOAO DE IRACEMA
São João do Pau d'Alho,SP,Dracena,SAO JOAO DO PAU DALHO
São Joaquim da Barra,SP,São Joaquim da Barra ¿ Orlândia,SAO JOAQUIM DA BARRA
São José da Bela Vista,SP,Franca,SAO JOSE DA BELA VISTA
São José do Barreiro,SP,Cruzeiro,SAO JOSE DO BARREIRO
São José do Rio Pardo,SP,São José do Rio Pardo - Mococa,SAO JOSE DO RIO PARDO
São José do Rio Preto,SP,São José do Rio Preto,SAO JOSE DO RIO PRETO
São José dos Campos,SP,São José dos Campos,SAO JOSE DOS CAMPOS
São Lourenço da Serra,SP,São Paulo,SAO LOURENCO DA SERRA
São Luiz do Paraitinga,SP,Taubaté - Pindamonhangaba,SAO LUIZ DO PARAITINGA
São Manuel,SP,Botucatu,SAO MANUEL
São Miguel Arcanjo,SP,Itapetininga,SAO MIGUEL ARCANJO
São Paulo,SP,São Paulo,SAO PAULO
São Pedro,SP,Piracicaba,SAO PEDRO
São Pedro do Turvo,SP,Ourinhos,SAO PEDRO DO TURVO
São Roque,SP,Sorocaba,SAO ROQUE
São Sebastião,SP,Caraguatatuba - Ubatuba - São Sebastião,SAO SEBASTIAO
São Sebastião da Grama,SP,São José do Rio Pardo - Mococa,SAO SEBASTIAO DA GRAMA
São Simão,SP,Ribeirão Preto,SAO SIMAO
São Vicente,SP,Santos,SAO VICENTE
Sarapuí,SP,Sorocaba,SARAPUI
Sarutaiá,SP,Piraju,SARUTAIA
Sebastianópolis do Sul,SP,Votuporanga,SEBASTIANOPOLIS DO SUL
Serra Azul,SP,Ribeirão Preto,SERRA AZUL
Serra Negra,SP,Amparo,SERRA NEGRA
Serrana,SP,Ribeirão Preto,SERRANA
Sertãozinho,SP,Ribeirão Preto,SERTAOZINHO
Sete Barras,SP,Registro,SETE BARRAS
Severínia,SP,Barretos,SEVERINIA
Silveiras,SP,Cruzeiro,SILVEIRAS
Socorro,SP,Bragança Paulista,SOCORRO
Sorocaba,SP,Sorocaba,SOROCABA
Sud Mennucci,SP,Andradina,SUD MENNUCCI
Sumaré,SP,Campinas,SUMARE
Suzanápolis,SP,Jales,SUZANAPOLIS
Suzano,SP,São Paulo,SUZANO
Tabapuã,SP,Catanduva,TABAPUA
Tabatinga,SP,Araraquara,TABATINGA
Taboão da Serra,SP,São Paulo,TABOAO DA SERRA
Taciba,SP,Presidente Prudente,TACIBA
Taguaí,SP,Avaré,TAGUAI
Taiaçu,SP,Barretos,TAIACU
Taiúva,SP,Barretos,TAIUVA
Tambaú,SP,São João da Boa Vista,TAMBAU
Tanabi,SP,São José do Rio Preto,TANABI
Tapiraí,SP,Sorocaba,TAPIRAI
Tapiratiba,SP,São José do Rio Pardo - Mococa,TAPIRATIBA
Taquaral,SP,Barretos,TAQUARAL
Taquaritinga,SP,Araraquara,TAQUARITINGA
Taquarituba,SP,Avaré,TAQUARITUBA
Taquarivaí,SP,Itapeva,TAQUARIVAI
Tarabai,SP,Presidente Prudente,TARABAI
Tarumã,SP,Assis,TARUMA
Tatuí,SP,Tatuí,TATUI
Taubaté,SP,Taubaté - Pindamonhangaba,TAUBATE
Tejupá,SP,Piraju,TEJUPA
Teodoro Sampaio,SP,Presidente Prudente,TEODORO SAMPAIO
Terra Roxa,SP,Barretos,TERRA ROXA
Tietê,SP,Sorocaba,TIETE
Timburi,SP,Piraju,TIMBURI
Torre de Pedra,SP,Tatuí,TORRE DE PEDRA
Torrinha,SP,Jaú,TORRINHA
Trabiju,SP,Araraquara,TRABIJU
Tremembé,SP,Taubaté - Pindamonhangaba,TREMEMBE
Três Fronteiras,SP,Santa Fé do Sul,TRES FRONTEIRAS
Tuiuti,SP,Bragança Paulista,TUIUTI
Tupã,SP,Tupã,TUPA
Tupi Paulista,SP,Dracena,TUPI PAULISTA
Turiúba,SP,Birigui - Penápolis,TURIUBA
Turmalina,SP,Jales,TURMALINA
Ubarana,SP,São José do Rio Preto,UBARANA
Ubatuba,SP,Caraguatatuba - Ubatuba - São Sebastião,UBATUBA
Ubirajara,SP,Bauru,UBIRAJARA
Uchoa,SP,São José do Rio Preto,UCHOA
União Paulista,SP,São José do Rio Preto,UNIAO PAULISTA
Urânia,SP,Jales,URANIA
Uru,SP,Lins,URU
Urupês,SP,São José do Rio Preto,URUPES
Valentim Gentil,SP,Votuporanga,VALENTIM GENTIL
Valinhos,SP,Campinas,VALINHOS
Valparaíso,SP,Araçatuba,VALPARAISO
Vargem,SP,Bragança Paulista,VARGEM
Vargem Grande do Sul,SP,São João da Boa Vista,VARGEM GRANDE DO SUL
Vargem Grande Paulista,SP,São Paulo,VARGEM GRANDE PAULISTA
Várzea Paulista,SP,Jundiaí,VARZEA PAULISTA
Vera Cruz,SP,Marília,VERA CRUZ
Vinhedo,SP,Campinas,VINHEDO
Viradouro,SP,Barretos,VIRADOURO
Vista Alegre do Alto,SP,Catanduva,VISTA ALEGRE DO ALTO
Vitória Brasil,SP,Jales,VITORIA BRASIL
Votorantim,SP,Sorocaba,VOTORANTIM
Votuporanga,SP,Votuporanga,VOTUPORANGA
Zacarias,SP,Birigui - Penápolis,ZACARIAS
Abatiá,PR,Santo Antônio da Platina,ABATIA
Adrianópolis,PR,Curitiba,ADRIANOPOLIS
Agudos do Sul,PR,Curitiba,AGUDOS DO SUL
Almirante Tamandaré,PR,Curitiba,ALMIRANTE TAMANDARE
Altamira do Paraná,PR,Campo Mourão,ALTAMIRA DO PARANA
Alto Paraíso,PR,Umuarama,ALTO PARAISO
Alto Paraná,PR,Paranavaí,ALTO PARANA
Alto Piquiri,PR,Umuarama,ALTO PIQUIRI
Altônia,PR,Umuarama,ALTONIA
Alvorada do Sul,PR,Londrina,ALVORADA DO SUL
Amaporã,PR,Paranavaí,AMAPORA
Ampére,PR,Francisco Beltrão,AMPERE
Anahy,PR,Cascavel,ANAHY
Andirá,PR,Santo Antônio da Platina,ANDIRA
Ângulo,PR,Maringá,ANGULO
Antonina,PR,Paranaguá,ANTONINA
Antônio Olinto,PR,União da Vitória,ANTONIO OLINTO
Apucarana,PR,Apucarana,APUCARANA
Arapongas,PR,Londrina,ARAPONGAS
Arapoti,PR,Ponta Grossa,ARAPOTI
Arapuã,PR,Ivaiporã,ARAPUA
Araruna,PR,Campo Mourão,ARARUNA
Araucária,PR,Curitiba,ARAUCARIA
Ariranha do Ivaí,PR,Ivaiporã,ARIRANHA DO IVAI
Assaí,PR,Londrina,ASSAI
Assis Chateaubriand,PR,Toledo,ASSIS CHATEAUBRIAND
Astorga,PR,Maringá,ASTORGA
Atalaia,PR,Maringá,ATALAIA
Balsa Nova,PR,Curitiba,BALSA NOVA
Bandeirantes,PR,Cornélio Procópio ¿ Bandeirantes,BANDEIRANTES
Barbosa Ferraz,PR,Campo Mourão,BARBOSA FERRAZ
Barra do Jacaré,PR,Santo Antônio da Platina,BARRA DO JACARE
Barracão,PR,Francisco Beltrão,BARRACAO
Bela Vista da Caroba,PR,Francisco Beltrão,BELA VISTA DA CAROBA
Bela Vista do Paraíso,PR,Londrina,BELA VISTA DO PARAISO
Bituruna,PR,União da Vitória,BITURUNA
Boa Esperança,PR,Campo Mourão,BOA ESPERANCA
Boa Esperança do Iguaçu,PR,Dois Vizinhos,BOA ESPERANCA DO IGUACU
Boa Ventura de São Roque,PR,Pitanga,BOA VENTURA DE SAO ROQUE
Boa Vista da Aparecida,PR,Cascavel,BOA VISTA DA APARECIDA
Bocaiúva do Sul,PR,Curitiba,BOCAIUVA DO SUL
Bom Jesus do Sul,PR,Francisco Beltrão,BOM JESUS DO SUL
Bom Sucesso,PR,Apucarana,BOM SUCESSO
Bom Sucesso do Sul,PR,Pato Branco,BOM SUCESSO DO SUL
Borrazópolis,PR,Apucarana,BORRAZOPOLIS
Braganey,PR,Cascavel,BRAGANEY
Brasilândia do Sul,PR,Umuarama,BRASILANDIA DO SUL
Cafeara,PR,Londrina,CAFEARA
Cafelândia,PR,Cascavel,CAFELANDIA
Cafezal do Sul,PR,Umuarama,CAFEZAL DO SUL
Califórnia,PR,Apucarana,CALIFORNIA
Cambará,PR,Santo Antônio da Platina,CAMBARA
Cambé,PR,Londrina,CAMBE
Cambira,PR,Apucarana,CAMBIRA
Campina da Lagoa,PR,Campo Mourão,CAMPINA DA LAGOA
Campina do Simão,PR,Guarapuava,CAMPINA DO SIMAO
Campina Grande do Sul,PR,Curitiba,CAMPINA GRANDE DO SUL
Campo Bonito,PR,Cascavel,CAMPO BONITO
Campo do Tenente,PR,Curitiba,CAMPO DO TENENTE
Campo Largo,PR,Curitiba,CAMPO LARGO
Campo Magro,PR,Curitiba,CAMPO MAGRO
Campo Mourão,PR,Campo Mourão,CAMPO MOURAO
Cândido de Abreu,PR,Ivaiporã,CANDIDO DE ABREU
Candói,PR,Guarapuava,CANDOI
Cantagalo,PR,Guarapuava,CANTAGALO
Capanema,PR,Francisco Beltrão,CAPANEMA
Capitão Leônidas Marques,PR,Cascavel,CAPITAO LEONIDAS MARQUES
Carambeí,PR,Ponta Grossa,CARAMBEI
Carlópolis,PR,Santo Antônio da Platina,CARLOPOLIS
Cascavel,PR,Cascavel,CASCAVEL
Castro,PR,Ponta Grossa,CASTRO
Catanduvas,PR,Cascavel,CATANDUVAS
Centenário do Sul,PR,Londrina,CENTENARIO DO SUL
Cerro Azul,PR,Curitiba,CERRO AZUL
Céu Azul,PR,Cascavel,CEU AZUL
Chopinzinho,PR,Pato Branco,CHOPINZINHO
Cianorte,PR,Cianorte,CIANORTE
Cidade Gaúcha,PR,Umuarama,CIDADE GAUCHA
Clevelândia,PR,Pato Branco,CLEVELANDIA
Colombo,PR,Curitiba,COLOMBO
Colorado,PR,Paranacity - Colorado,COLORADO
Congonhinhas,PR,Cornélio Procópio ¿ Bandeirantes,CONGONHINHAS
Conselheiro Mairinck,PR,Ibaiti,CONSELHEIRO MAIRINCK
Contenda,PR,Curitiba,CONTENDA
Corbélia,PR,Cascavel,CORBELIA
Cornélio Procópio,PR,Cornélio Procópio ¿ Bandeirantes,CORNELIO PROCOPIO
Coronel Domingos Soares,PR,Pato Branco,CORONEL DOMINGOS SOARES
Coronel Vivida,PR,Pato Branco,CORONEL VIVIDA
Corumbataí do Sul,PR,Campo Mourão,CORUMBATAI DO SUL
Cruz Machado,PR,União da Vitória,CRUZ MACHADO
Cruzeiro do Iguaçu,PR,Dois Vizinhos,CRUZEIRO DO IGUACU
Cruzeiro do Oeste,PR,Umuarama,CRUZEIRO DO OESTE
Cruzeiro do Sul,PR,Paranacity - Colorado,CRUZEIRO DO SUL
Cruzmaltina,PR,Ivaiporã,CRUZMALTINA
Curitiba,PR,Curitiba,CURITIBA
Curiúva,PR,Telêmaco Borba,CURIUVA
Diamante do Norte,PR,Paranavaí,DIAMANTE DO NORTE
Diamante do Sul,PR,Cascavel,DIAMANTE DO SUL
Diamante D'Oeste,PR,Cascavel,DIAMANTE DOESTE
Dois Vizinhos,PR,Dois Vizinhos,DOIS VIZINHOS
Douradina,PR,Umuarama,DOURADINA
Doutor Camargo,PR,Maringá,DOUTOR CAMARGO
Doutor Ulysses,PR,Curitiba,DOUTOR ULYSSES
Enéas Marques,PR,Francisco Beltrão,ENEAS MARQUES
Engenheiro Beltrão,PR,Campo Mourão,ENGENHEIRO BELTRAO
Entre Rios do Oeste,PR,Marechal Cândido Rondon,ENTRE RIOS DO OESTE
Esperança Nova,PR,Umuarama,ESPERANCA NOVA
Espigão Alto do Iguaçu,PR,Laranjeiras do Sul - Quedas do Iguaçu,ESPIGAO ALTO DO IGUACU
Farol,PR,Campo Mourão,FAROL
Faxinal,PR,Ivaiporã,FAXINAL
Fazenda Rio Grande,PR,Curitiba,FAZENDA RIO GRANDE
Fênix,PR,Campo Mourão,FENIX
Fernandes Pinheiro,PR,Irati,FERNANDES PINHEIRO
Figueira,PR,Ibaiti,FIGUEIRA
Flor da Serra do Sul,PR,Francisco Beltrão,FLOR DA SERRA DO SUL
Floraí,PR,Maringá,FLORAI
Floresta,PR,Maringá,FLORESTA
Florestópolis,PR,Londrina,FLORESTOPOLIS
Flórida,PR,Maringá,FLORIDA
Formosa do Oeste,PR,Toledo,FORMOSA DO OESTE
Foz do Iguaçu,PR,Foz do Iguaçu,FOZ DO IGUACU
Foz do Jordão,PR,Guarapuava,FOZ DO JORDAO
Francisco Alves,PR,Umuarama,FRANCISCO ALVES
Francisco Beltrão,PR,Francisco Beltrão,FRANCISCO BELTRAO
General Carneiro,PR,União da Vitória,GENERAL CARNEIRO
Godoy Moreira,PR,Ivaiporã,GODOY MOREIRA
Goioerê,PR,Campo Mourão,GOIOERE
Goioxim,PR,Guarapuava,GOIOXIM
Grandes Rios,PR,Ivaiporã,GRANDES RIOS
Guaíra,PR,Toledo,GUAIRA
Guairaçá,PR,Paranavaí,GUAIRACA
Guamiranga,PR,Guarapuava,GUAMIRANGA
Guapirama,PR,Santo Antônio da Platina,GUAPIRAMA
Guaporema,PR,Cianorte,GUAPOREMA
Guaraci,PR,Londrina,GUARACI
Guaraniaçu,PR,Cascavel,GUARANIACU
Guarapuava,PR,Guarapuava,GUARAPUAVA
Guaraqueçaba,PR,Paranaguá,GUARAQUECABA
Guaratuba,PR,Paranaguá,GUARATUBA
Honório Serpa,PR,Pato Branco,HONORIO SERPA
Ibaiti,PR,Ibaiti,IBAITI
Ibema,PR,Cascavel,IBEMA
Ibiporã,PR,Londrina,IBIPORA
Icaraíma,PR,Umuarama,ICARAIMA
Iguaraçu,PR,Maringá,IGUARACU
Iguatu,PR,Cascavel,IGUATU
Imbaú,PR,Telêmaco Borba,IMBAU
Imbituva,PR,Irati,IMBITUVA
Inácio Martins,PR,Guarapuava,INACIO MARTINS
Inajá,PR,Paranacity - Colorado,INAJA
Indianópolis,PR,Cianorte,INDIANOPOLIS
Ipiranga,PR,Ponta Grossa,IPIRANGA
Iporã,PR,Umuarama,IPORA
Iracema do Oeste,PR,Toledo,IRACEMA DO OESTE
Irati,PR,Irati,IRATI
Iretama,PR,Campo Mourão,IRETAMA
Itaguajé,PR,Paranacity - Colorado,ITAGUAJE
Itaipulândia,PR,Foz do Iguaçu,ITAIPULANDIA
Itambaracá,PR,Cornélio Procópio ¿ Bandeirantes,ITAMBARACA
Itambé,PR,Maringá,ITAMBE
Itapejara d'Oeste,PR,Pato Branco,ITAPEJARA DOESTE
Itaperuçu,PR,Curitiba,ITAPERUCU
Itaúna do Sul,PR,Paranavaí,ITAUNA DO SUL
Ivaí,PR,Ponta Grossa,IVAI
Ivaiporã,PR,Ivaiporã,IVAIPORA
Ivaté,PR,Umuarama,IVATE
Ivatuba,PR,Maringá,IVATUBA
Jaboti,PR,Ibaiti,JABOTI
Jacarezinho,PR,Santo Antônio da Platina,JACAREZINHO
Jaguapitã,PR,Londrina,JAGUAPITA
Jaguariaíva,PR,Ponta Grossa,JAGUARIAIVA
Jandaia do Sul,PR,Apucarana,JANDAIA DO SUL
Janiópolis,PR,Campo Mourão,JANIOPOLIS
Japira,PR,Ibaiti,JAPIRA
Japurá,PR,Cianorte,JAPURA
Jardim Alegre,PR,Ivaiporã,JARDIM ALEGRE
Jardim Olinda,PR,Paranacity - Colorado,JARDIM OLINDA
Jataizinho,PR,Londrina,JATAIZINHO
Jesuítas,PR,Toledo,JESUITAS
Joaquim Távora,PR,Santo Antônio da Platina,JOAQUIM TAVORA
Jundiaí do Sul,PR,Santo Antônio da Platina,JUNDIAI DO SUL
Juranda,PR,Campo Mourão,JURANDA
Jussara,PR,Cianorte,JUSSARA
Kaloré,PR,Apucarana,KALORE
Lapa,PR,Curitiba,LAPA
Laranjal,PR,Pitanga,LARANJAL
Laranjeiras do Sul,PR,Laranjeiras do Sul - Quedas do Iguaçu,LARANJEIRAS DO SUL
Leópolis,PR,Cornélio Procópio ¿ Bandeirantes,LEOPOLIS
Lidianópolis,PR,Ivaiporã,LIDIANOPOLIS
Lindoeste,PR,Cascavel,LINDOESTE
Loanda,PR,Loanda,LOANDA
Lobato,PR,Paranacity - Colorado,LOBATO
Londrina,PR,Londrina,LONDRINA
Luiziana,PR,Campo Mourão,LUIZIANA
Lunardelli,PR,Ivaiporã,LUNARDELLI
Lupionópolis,PR,Londrina,LUPIONOPOLIS
Mallet,PR,Irati,MALLET
Mamborê,PR,Campo Mourão,MAMBORE
Mandaguaçu,PR,Maringá,MANDAGUACU
Mandaguari,PR,Maringá,MANDAGUARI
Mandirituba,PR,Curitiba,MANDIRITUBA
Manfrinópolis,PR,Francisco Beltrão,MANFRINOPOLIS
Mangueirinha,PR,Pato Branco,MANGUEIRINHA
Manoel Ribas,PR,Ivaiporã,MANOEL RIBAS
Marechal Cândido Rondon,PR,Marechal Cândido Rondon,MARECHAL CANDIDO RONDON
Maria Helena,PR,Umuarama,MARIA HELENA
Marialva,PR,Maringá,MARIALVA
Marilândia do Sul,PR,Apucarana,MARILANDIA DO SUL
Marilena,PR,Paranavaí,MARILENA
Mariluz,PR,Umuarama,MARILUZ
Maringá,PR,Maringá,MARINGA
Mariópolis,PR,Pato Branco,MARIOPOLIS
Maripá,PR,Toledo,MARIPA
Marmeleiro,PR,Francisco Beltrão,MARMELEIRO
Marquinho,PR,Laranjeiras do Sul - Quedas do Iguaçu,MARQUINHO
Marumbi,PR,Apucarana,MARUMBI
Matelândia,PR,Cascavel,MATELANDIA
Matinhos,PR,Paranaguá,MATINHOS
Mato Rico,PR,Pitanga,MATO RICO
Mauá da Serra,PR,Apucarana,MAUA DA SERRA
Medianeira,PR,Foz do Iguaçu,MEDIANEIRA
Mercedes,PR,Marechal Cândido Rondon,MERCEDES
Mirador,PR,Paranavaí,MIRADOR
Miraselva,PR,Londrina,MIRASELVA
Missal,PR,Foz do Iguaçu,MISSAL
Moreira Sales,PR,Campo Mourão,MOREIRA SALES
Morretes,PR,Paranaguá,MORRETES
Munhoz de Melo,PR,Maringá,MUNHOZ DE MELO
Nossa Senhora das Graças,PR,Paranacity - Colorado,NOSSA SENHORA DAS GRACAS
Nova Aliança do Ivaí,PR,Paranavaí,NOVA ALIANCA DO IVAI
Nova América da Colina,PR,Cornélio Procópio ¿ Bandeirantes,NOVA AMERICA DA COLINA
Nova Aurora,PR,Cascavel,NOVA AURORA
Nova Cantu,PR,Campo Mourão,NOVA CANTU
Nova Esperança,PR,Maringá,NOVA ESPERANCA
Nova Esperança do Sudoeste,PR,Francisco Beltrão,NOVA ESPERANCA DO SUDOESTE
Nova Fátima,PR,Cornélio Procópio ¿ Bandeirantes,NOVA FATIMA
Nova Laranjeiras,PR,Laranjeiras do Sul - Quedas do Iguaçu,NOVA LARANJEIRAS
Nova Londrina,PR,Paranavaí,NOVA LONDRINA
Nova Olímpia,PR,Umuarama,NOVA OLIMPIA
Nova Prata do Iguaçu,PR,Dois Vizinhos,NOVA PRATA DO IGUACU
Nova Santa Bárbara,PR,Cornélio Procópio ¿ Bandeirantes,NOVA SANTA BARBARA
Nova Santa Rosa,PR,Marechal Cândido Rondon,NOVA SANTA ROSA
Nova Tebas,PR,Pitanga,NOVA TEBAS
Novo Itacolomi,PR,Apucarana,NOVO ITACOLOMI
Ortigueira,PR,Telêmaco Borba,ORTIGUEIRA
Ourizona,PR,Maringá,OURIZONA
Ouro Verde do Oeste,PR,Toledo,OURO VERDE DO OESTE
Paiçandu,PR,Maringá,PAICANDU
Palmas,PR,Pato Branco,PALMAS
Palmeira,PR,Ponta Grossa,PALMEIRA
Palmital,PR,Pitanga,PALMITAL
Palotina,PR,Toledo,PALOTINA
Paraíso do Norte,PR,Paranavaí,PARAISO DO NORTE
Paranacity,PR,Paranacity - Colorado,PARANACITY
Paranaguá,PR,Paranaguá,PARANAGUA
Paranapoema,PR,Paranacity - Colorado,PARANAPOEMA
Paranavaí,PR,Paranavaí,PARANAVAI
Pato Bragado,PR,Marechal Cândido Rondon,PATO BRAGADO
Pato Branco,PR,Pato Branco,PATO BRANCO
Paula Freitas,PR,União da Vitória,PAULA FREITAS
Paulo Frontin,PR,União da Vitória,PAULO FRONTIN
Peabiru,PR,Campo Mourão,PEABIRU
Perobal,PR,Umuarama,PEROBAL
Pérola,PR,Umuarama,PEROLA
Pérola d'Oeste,PR,Francisco Beltrão,PEROLA DOESTE
Piên,PR,Curitiba,PIEN
Pinhais,PR,Curitiba,PINHAIS
Pinhal de São Bento,PR,Francisco Beltrão,PINHAL DE SAO BENTO
Pinhalão,PR,Ibaiti,PINHALAO
Pinhão,PR,Guarapuava,PINHAO
Piraí do Sul,PR,Ponta Grossa,PIRAI DO SUL
Piraquara,PR,Curitiba,PIRAQUARA
Pitanga,PR,Pitanga,PITANGA
Pitangueiras,PR,Londrina,PITANGUEIRAS
Planaltina do Paraná,PR,Paranavaí,PLANALTINA DO PARANA
Planalto,PR,Francisco Beltrão,PLANALTO
Ponta Grossa,PR,Ponta Grossa,PONTA GROSSA
Pontal do Paraná,PR,Paranaguá,PONTAL DO PARANA
Porecatu,PR,Londrina,PORECATU
Porto Amazonas,PR,Ponta Grossa,PORTO AMAZONAS
Porto Barreiro,PR,Laranjeiras do Sul - Quedas do Iguaçu,PORTO BARREIRO
Porto Rico,PR,Loanda,PORTO RICO
Porto Vitória,PR,União da Vitória,PORTO VITORIA
Prado Ferreira,PR,Londrina,PRADO FERREIRA
Pranchita,PR,Francisco Beltrão,PRANCHITA
Presidente Castelo Branco,PR,Maringá,PRESIDENTE CASTELO BRANCO
Primeiro de Maio,PR,Londrina,PRIMEIRO DE MAIO
Prudentópolis,PR,Guarapuava,PRUDENTOPOLIS
Quarto Centenário,PR,Campo Mourão,QUARTO CENTENARIO
Quatiguá,PR,Santo Antônio da Platina,QUATIGUA
Quatro Barras,PR,Curitiba,QUATRO BARRAS
Quatro Pontes,PR,Marechal Cândido Rondon,QUATRO PONTES
Quedas do Iguaçu,PR,Laranjeiras do Sul - Quedas do Iguaçu,QUEDAS DO IGUACU
Querência do Norte,PR,Loanda,QUERENCIA DO NORTE
Quinta do Sol,PR,Campo Mourão,QUINTA DO SOL
Quitandinha,PR,Curitiba,QUITANDINHA
Ramilândia,PR,Cascavel,RAMILANDIA
Rancho Alegre,PR,Cornélio Procópio ¿ Bandeirantes,RANCHO ALEGRE
Rancho Alegre D'Oeste,PR,Campo Mourão,RANCHO ALEGRE DOESTE
Realeza,PR,Francisco Beltrão,REALEZA
Rebouças,PR,Irati,REBOUCAS
Renascença,PR,Francisco Beltrão,RENASCENCA
Reserva,PR,Telêmaco Borba,RESERVA
Reserva do Iguaçu,PR,Guarapuava,RESERVA DO IGUACU
Ribeirão Claro,PR,Santo Antônio da Platina,RIBEIRAO CLARO
Ribeirão do Pinhal,PR,Santo Antônio da Platina,RIBEIRAO DO PINHAL
Rio Azul,PR,Irati,RIO AZUL
Rio Bom,PR,Apucarana,RIO BOM
Rio Bonito do Iguaçu,PR,Laranjeiras do Sul - Quedas do Iguaçu,RIO BONITO DO IGUACU
Rio Branco do Ivaí,PR,Ivaiporã,RIO BRANCO DO IVAI
Rio Branco do Sul,PR,Curitiba,RIO BRANCO DO SUL
Rio Negro,PR,Curitiba,RIO NEGRO
Rolândia,PR,Londrina,ROLANDIA
Roncador,PR,Campo Mourão,RONCADOR
Rondon,PR,Cianorte,RONDON
Rosário do Ivaí,PR,Ivaiporã,ROSARIO DO IVAI
Sabáudia,PR,Londrina,SABAUDIA
Salgado Filho,PR,Francisco Beltrão,SALGADO FILHO
Salto do Itararé,PR,Santo Antônio da Platina,SALTO DO ITARARE
Salto do Lontra,PR,Dois Vizinhos,SALTO DO LONTRA
Santa Amélia,PR,Cornélio Procópio ¿ Bandeirantes,SANTA AMELIA
Santa Cecília do Pavão,PR,Cornélio Procópio ¿ Bandeirantes,SANTA CECILIA DO PAVAO
Santa Cruz de Monte Castelo,PR,Loanda,SANTA CRUZ DE MONTE CASTELO
Santa Fé,PR,Maringá,SANTA FE
Santa Helena,PR,Toledo,SANTA HELENA
Santa Inês,PR,Paranacity - Colorado,SANTA INES
Santa Isabel do Ivaí,PR,Loanda,SANTA ISABEL DO IVAI
Santa Izabel do Oeste,PR,Francisco Beltrão,SANTA IZABEL DO OESTE
Santa Lúcia,PR,Cascavel,SANTA LUCIA
Santa Maria do Oeste,PR,Pitanga,SANTA MARIA DO OESTE
Santa Mariana,PR,Cornélio Procópio ¿ Bandeirantes,SANTA MARIANA
Santa Mônica,PR,Loanda,SANTA MONICA
Santa Tereza do Oeste,PR,Cascavel,SANTA TEREZA DO OESTE
Santa Terezinha de Itaipu,PR,Foz do Iguaçu,SANTA TEREZINHA DE ITAIPU
Santana do Itararé,PR,Santo Antônio da Platina,SANTANA DO ITARARE
Santo Antônio da Platina,PR,Santo Antônio da Platina,SANTO ANTONIO DA PLATINA
Santo Antônio do Caiuá,PR,Paranavaí,SANTO ANTONIO DO CAIUA
Santo Antônio do Paraíso,PR,Cornélio Procópio ¿ Bandeirantes,SANTO ANTONIO DO PARAISO
Santo Antônio do Sudoeste,PR,Francisco Beltrão,SANTO ANTONIO DO SUDOESTE
Santo Inácio,PR,Paranacity - Colorado,SANTO INACIO
São Carlos do Ivaí,PR,Paranavaí,SAO CARLOS DO IVAI
São Jerônimo da Serra,PR,Cornélio Procópio ¿ Bandeirantes,SAO JERONIMO DA SERRA
São João,PR,Pato Branco,SAO JOAO
São João do Caiuá,PR,Paranavaí,SAO JOAO DO CAIUA
São João do Ivaí,PR,Ivaiporã,SAO JOAO DO IVAI
São João do Triunfo,PR,Ponta Grossa,SAO JOAO DO TRIUNFO
São Jorge do Ivaí,PR,Maringá,SAO JORGE DO IVAI
São Jorge do Patrocínio,PR,Umuarama,SAO JORGE DO PATROCINIO
São Jorge d'Oeste,PR,Dois Vizinhos,SAO JORGE DOESTE
São José da Boa Vista,PR,Santo Antônio da Platina,SAO JOSE DA BOA VISTA
São José das Palmeiras,PR,Toledo,SAO JOSE DAS PALMEIRAS
São José dos Pinhais,PR,Curitiba,SAO JOSE DOS PINHAIS
São Manoel do Paraná,PR,Cianorte,SAO MANOEL DO PARANA
São Mateus do Sul,PR,União da Vitória,SAO MATEUS DO SUL
São Miguel do Iguaçu,PR,Foz do Iguaçu,SAO MIGUEL DO IGUACU
São Pedro do Iguaçu,PR,Toledo,SAO PEDRO DO IGUACU
São Pedro do Ivaí,PR,Apucarana,SAO PEDRO DO IVAI
São Pedro do Paraná,PR,Loanda,SAO PEDRO DO PARANA
São Sebastião da Amoreira,PR,Cornélio Procópio ¿ Bandeirantes,SAO SEBASTIAO DA AMOREIRA
São Tomé,PR,Cianorte,SAO TOME
Sapopema,PR,Cornélio Procópio ¿ Bandeirantes,SAPOPEMA
Sarandi,PR,Maringá,SARANDI
Saudade do Iguaçu,PR,Pato Branco,SAUDADE DO IGUACU
Sengés,PR,Ponta Grossa,SENGES
Serranópolis do Iguaçu,PR,Foz do Iguaçu,SERRANOPOLIS DO IGUACU
Sertaneja,PR,Cornélio Procópio ¿ Bandeirantes,SERTANEJA
Sertanópolis,PR,Londrina,SERTANOPOLIS
Siqueira Campos,PR,Santo Antônio da Platina,SIQUEIRA CAMPOS
Sulina,PR,Pato Branco,SULINA
Tamarana,PR,Londrina,TAMARANA
Tamboara,PR,Paranavaí,TAMBOARA
Tapejara,PR,Cianorte,TAPEJARA
Tapira,PR,Umuarama,TAPIRA
Teixeira Soares,PR,Irati,TEIXEIRA SOARES
Telêmaco Borba,PR,Telêmaco Borba,TELEMACO BORBA
Terra Boa,PR,Cianorte,TERRA BOA
Terra Rica,PR,Paranavaí,TERRA RICA
Terra Roxa,PR,Toledo,TERRA ROXA
Tibagi,PR,Telêmaco Borba,TIBAGI
Tijucas do Sul,PR,Curitiba,TIJUCAS DO SUL
Toledo,PR,Toledo,TOLEDO
Tomazina,PR,Santo Antônio da Platina,TOMAZINA
Três Barras do Paraná,PR,Cascavel,TRES BARRAS DO PARANA
Tunas do Paraná,PR,Curitiba,TUNAS DO PARANA
Tuneiras do Oeste,PR,Cianorte,TUNEIRAS DO OESTE
Tupãssi,PR,Toledo,TUPASSI
Turvo,PR,Guarapuava,TURVO
Ubiratã,PR,Campo Mourão,UBIRATA
Umuarama,PR,Umuarama,UMUARAMA
União da Vitória,PR,União da Vitória,UNIAO DA VITORIA
Uniflor,PR,Maringá,UNIFLOR
Uraí,PR,Cornélio Procópio ¿ Bandeirantes,URAI
Ventania,PR,Telêmaco Borba,VENTANIA
Vera Cruz do Oeste,PR,Cascavel,VERA CRUZ DO OESTE
Verê,PR,Francisco Beltrão,VERE
Virmond,PR,Laranjeiras do Sul - Quedas do Iguaçu,VIRMOND
Vitorino,PR,Pato Branco,VITORINO
Wenceslau Braz,PR,Santo Antônio da Platina,WENCESLAU BRAZ
Xambrê,PR,Umuarama,XAMBRE
Abdon Batista,SC,Joaçaba - Herval d'Oeste,ABDON BATISTA
Abelardo Luz,SC,Xanxerê,ABELARDO LUZ
Agrolândia,SC,Rio do Sul,AGROLANDIA
Agronômica,SC,Rio do Sul,AGRONOMICA
Água Doce,SC,Joaçaba - Herval d'Oeste,AGUA DOCE
Águas de Chapecó,SC,Chapecó,AGUAS DE CHAPECO
Águas Frias,SC,Chapecó,AGUAS FRIAS
Águas Mornas,SC,Florianópolis,AGUAS MORNAS
Alfredo Wagner,SC,Florianópolis,ALFREDO WAGNER
Alto Bela Vista,SC,Concórdia,ALTO BELA VISTA
Anchieta,SC,São Miguel do Oeste,ANCHIETA
Angelina,SC,Florianópolis,ANGELINA
Anita Garibaldi,SC,Lages,ANITA GARIBALDI
Anitápolis,SC,Florianópolis,ANITAPOLIS
Antônio Carlos,SC,Florianópolis,ANTONIO CARLOS
Apiúna,SC,Blumenau,APIUNA
Arabutã,SC,Concórdia,ARABUTA
Araquari,SC,Joinville,ARAQUARI
Araranguá,SC,Araranguá,ARARANGUA
Armazém,SC,Tubarão,ARMAZEM
Arroio Trinta,SC,Videira,ARROIO TRINTA
Arvoredo,SC,Chapecó,ARVOREDO
Ascurra,SC,Blumenau,ASCURRA
Atalanta,SC,Rio do Sul,ATALANTA
Aurora,SC,Rio do Sul,AURORA
Balneário Arroio do Silva,SC,Araranguá,BALNEARIO ARROIO DO SILVA
Balneário Barra do Sul,SC,Joinville,BALNEARIO BARRA DO SUL
Balneário Camboriú,SC,Itajaí,BALNEARIO CAMBORIU
Balneário Gaivota,SC,Araranguá,BALNEARIO GAIVOTA
Balneário Piçarras,SC,Itajaí,BALNEARIO PICARRAS
Balneário Rincão,SC,Criciúma,BALNEARIO RINCAO
Bandeirante,SC,São Miguel do Oeste,BANDEIRANTE
Barra Bonita,SC,São Miguel do Oeste,BARRA BONITA
Barra Velha,SC,Itajaí,BARRA VELHA
Bela Vista do Toldo,SC,Mafra,BELA VISTA DO TOLDO
Belmonte,SC,São Miguel do Oeste,BELMONTE
Benedito Novo,SC,Blumenau,BENEDITO NOVO
Biguaçu,SC,Florianópolis,BIGUACU
Blumenau,SC,Blumenau,BLUMENAU
Bocaina do Sul,SC,Lages,BOCAINA DO SUL
Bom Jardim da Serra,SC,Lages,BOM JARDIM DA SERRA
Bom Jesus,SC,Xanxerê,BOM JESUS
Bom Jesus do Oeste,SC,Maravilha,BOM JESUS DO OESTE
Bom Retiro,SC,Lages,BOM RETIRO
Bombinhas,SC,Itajaí,BOMBINHAS
Botuverá,SC,Brusque,BOTUVERA
Braço do Norte,SC,Tubarão,BRACO DO NORTE
Braço do Trombudo,SC,Rio do Sul,BRACO DO TROMBUDO
Brunópolis,SC,Curitibanos,BRUNOPOLIS
Brusque,SC,Brusque,BRUSQUE
Caçador,SC,Caçador,CACADOR
Caibi,SC,Chapecó,CAIBI
Calmon,SC,Caçador,CALMON
Camboriú,SC,Itajaí,CAMBORIU
Campo Alegre,SC,São Bento do Sul - Rio Negrinho,CAMPO ALEGRE
Campo Belo do Sul,SC,Lages,CAMPO BELO DO SUL
Campo Erê,SC,São Lourenço do Oeste,CAMPO ERE
Campos Novos,SC,Joaçaba - Herval d'Oeste,CAMPOS NOVOS
Canelinha,SC,Brusque,CANELINHA
Canoinhas,SC,Mafra,CANOINHAS
Capão Alto,SC,Lages,CAPAO ALTO
Capinzal,SC,Joaçaba - Herval d'Oeste,CAPINZAL
Capivari de Baixo,SC,Tubarão,CAPIVARI DE BAIXO
Catanduvas,SC,Joaçaba - Herval d'Oeste,CATANDUVAS
Caxambu do Sul,SC,Chapecó,CAXAMBU DO SUL
Celso Ramos,SC,Joaçaba - Herval d'Oeste,CELSO RAMOS
Cerro Negro,SC,Lages,CERRO NEGRO
Chapadão do Lageado,SC,Ituporanga,CHAPADAO DO LAGEADO
Chapecó,SC,Chapecó,CHAPECO
Cocal do Sul,SC,Criciúma,COCAL DO SUL
Concórdia,SC,Concórdia,CONCORDIA
Cordilheira Alta,SC,Chapecó,CORDILHEIRA ALTA
Coronel Freitas,SC,Chapecó,CORONEL FREITAS
Coronel Martins,SC,Xanxerê,CORONEL MARTINS
Correia Pinto,SC,Lages,CORREIA PINTO
Corupá,SC,Joinville,CORUPA
Criciúma,SC,Criciúma,CRICIUMA
Cunha Porã,SC,Maravilha,CUNHA PORA
Cunhataí,SC,Chapecó,CUNHATAI
Curitibanos,SC,Curitibanos,CURITIBANOS
Descanso,SC,São Miguel do Oeste,DESCANSO
Dionísio Cerqueira,SC,São Miguel do Oeste,DIONISIO CERQUEIRA
Dona Emma,SC,Ibirama - Presidente Getúlio,DONA EMMA
Doutor Pedrinho,SC,Blumenau,DOUTOR PEDRINHO
Entre Rios,SC,Xanxerê,ENTRE RIOS
Ermo,SC,Araranguá,ERMO
Erval Velho,SC,Joaçaba - Herval d'Oeste,ERVAL VELHO
Faxinal dos Guedes,SC,Xanxerê,FAXINAL DOS GUEDES
Flor do Sertão,SC,São Miguel do Oeste,FLOR DO SERTAO
Florianópolis,SC,Florianópolis,FLORIANOPOLIS
Formosa do Sul,SC,Chapecó,FORMOSA DO SUL
Forquilhinha,SC,Criciúma,FORQUILHINHA
Fraiburgo,SC,Videira,FRAIBURGO
Frei Rogério,SC,Curitibanos,FREI ROGERIO
Galvão,SC,São Lourenço do Oeste,GALVAO
Garopaba,SC,Florianópolis,GAROPABA
Garuva,SC,Joinville,GARUVA
Gaspar,SC,Blumenau,GASPAR
Governador Celso Ramos,SC,Florianópolis,GOVERNADOR CELSO RAMOS
Grão-Pará,SC,Tubarão,GRAOPARA
Gravatal,SC,Tubarão,GRAVATAL
Guabiruba,SC,Brusque,GUABIRUBA
Guaraciaba,SC,São Miguel do Oeste,GUARACIABA
Guaramirim,SC,Joinville,GUARAMIRIM
Guarujá do Sul,SC,São Miguel do Oeste,GUARUJA DO SUL
Guatambú,SC,Chapecó,GUATAMBU
Herval d'Oeste,SC,Joaçaba - Herval d'Oeste,HERVAL DOESTE
Ibiam,SC,Videira,IBIAM
Ibicaré,SC,Joaçaba - Herval d'Oeste,IBICARE
Ibirama,SC,Ibirama - Presidente Getúlio,IBIRAMA
Içara,SC,Criciúma,ICARA
Ilhota,SC,Blumenau,ILHOTA
Imaruí,SC,Tubarão,IMARUI
Imbituba,SC,Florianópolis,IMBITUBA
Imbuia,SC,Ituporanga,IMBUIA
Indaial,SC,Blumenau,INDAIAL
Iomerê,SC,Videira,IOMERE
Ipira,SC,Concórdia,IPIRA
Iporã do Oeste,SC,São Miguel do Oeste,IPORA DO OESTE
Ipuaçu,SC,Xanxerê,IPUACU
Ipumirim,SC,Concórdia,IPUMIRIM
Iraceminha,SC,Maravilha,IRACEMINHA
Irani,SC,Concórdia,IRANI
Irati,SC,Chapecó,IRATI
Irineópolis,SC,Mafra,IRINEOPOLIS
Itá,SC,Concórdia,ITA
Itaiópolis,SC,Mafra,ITAIOPOLIS
Itajaí,SC,Itajaí,ITAJAI
Itapema,SC,Itajaí,ITAPEMA
Itapiranga,SC,São Miguel do Oeste,ITAPIRANGA
Itapoá,SC,Joinville,ITAPOA
Ituporanga,SC,Ituporanga,ITUPORANGA
Jaborá,SC,Joaçaba - Herval d'Oeste,JABORA
Jacinto Machado,SC,Araranguá,JACINTO MACHADO
Jaguaruna,SC,Tubarão,JAGUARUNA
Jaraguá do Sul,SC,Joinville,JARAGUA DO SUL
Jardinópolis,SC,Chapecó,JARDINOPOLIS
Joaçaba,SC,Joaçaba - Herval d'Oeste,JOACABA
Joinville,SC,Joinville,JOINVILLE
José Boiteux,SC,Ibirama - Presidente Getúlio,JOSE BOITEUX
Jupiá,SC,São Lourenço do Oeste,JUPIA
Lacerdópolis,SC,Joaçaba - Herval d'Oeste,LACERDOPOLIS
Lages,SC,Lages,LAGES
Laguna,SC,Tubarão,LAGUNA
Lajeado Grande,SC,Chapecó,LAJEADO GRANDE
Laurentino,SC,Rio do Sul,LAURENTINO
Lauro Müller,SC,Criciúma,LAURO MULLER
Lebon Régis,SC,Caçador,LEBON REGIS
Leoberto Leal,SC,Ituporanga,LEOBERTO LEAL
Lindóia do Sul,SC,Concórdia,LINDOIA DO SUL
Lontras,SC,Rio do Sul,LONTRAS
Luiz Alves,SC,Itajaí,LUIZ ALVES
Luzerna,SC,Joaçaba - Herval d'Oeste,LUZERNA
Macieira,SC,Caçador,MACIEIRA
Mafra,SC,Mafra,MAFRA
Major Gercino,SC,Brusque,MAJOR GERCINO
Major Vieira,SC,Mafra,MAJOR VIEIRA
Maracajá,SC,Araranguá,MARACAJA
Maravilha,SC,Maravilha,MARAVILHA
Marema,SC,Chapecó,MAREMA
Massaranduba,SC,Joinville,MASSARANDUBA
Matos Costa,SC,Caçador,MATOS COSTA
Meleiro,SC,Araranguá,MELEIRO
Mirim Doce,SC,Rio do Sul,MIRIM DOCE
Modelo,SC,Chapecó,MODELO
Mondaí,SC,Chapecó,MONDAI
Monte Carlo,SC,Videira,MONTE CARLO
Monte Castelo,SC,Mafra,MONTE CASTELO
Morro da Fumaça,SC,Criciúma,MORRO DA FUMACA
Morro Grande,SC,Criciúma,MORRO GRANDE
Navegantes,SC,Itajaí,NAVEGANTES
Nova Erechim,SC,Chapecó,NOVA ERECHIM
Nova Itaberaba,SC,Chapecó,NOVA ITABERABA
Nova Trento,SC,Brusque,NOVA TRENTO
Nova Veneza,SC,Criciúma,NOVA VENEZA
Novo Horizonte,SC,São Lourenço do Oeste,NOVO HORIZONTE
Orleans,SC,Criciúma,ORLEANS
Otacílio Costa,SC,Lages,OTACILIO COSTA
Ouro,SC,Joaçaba - Herval d'Oeste,OURO
Ouro Verde,SC,Xanxerê,OURO VERDE
Paial,SC,Chapecó,PAIAL
Painel,SC,Lages,PAINEL
Palhoça,SC,Florianópolis,PALHOCA
Palma Sola,SC,São Miguel do Oeste,PALMA SOLA
Palmeira,SC,Lages,PALMEIRA
Palmitos,SC,Chapecó,PALMITOS
Papanduva,SC,Mafra,PAPANDUVA
Paraíso,SC,São Miguel do Oeste,PARAISO
Passo de Torres,SC,Araranguá,PASSO DE TORRES
Passos Maia,SC,Xanxerê,PASSOS MAIA
Paulo Lopes,SC,Florianópolis,PAULO LOPES
Pedras Grandes,SC,Tubarão,PEDRAS GRANDES
Penha,SC,Itajaí,PENHA
Peritiba,SC,Concórdia,PERITIBA
Pescaria Brava,SC,Tubarão,PESCARIA BRAVA
Petrolândia,SC,Ituporanga,PETROLANDIA
Pinhalzinho,SC,Chapecó,PINHALZINHO
Pinheiro Preto,SC,Videira,PINHEIRO PRETO
Piratuba,SC,Concórdia,PIRATUBA
Planalto Alegre,SC,Chapecó,PLANALTO ALEGRE
Pomerode,SC,Blumenau,POMERODE
Ponte Alta,SC,Lages,PONTE ALTA
Ponte Alta do Norte,SC,Curitibanos,PONTE ALTA DO NORTE
Ponte Serrada,SC,Xanxerê,PONTE SERRADA
Porto Belo,SC,Itajaí,PORTO BELO
Porto União,SC,Mafra,PORTO UNIAO
Pouso Redondo,SC,Rio do Sul,POUSO REDONDO
Praia Grande,SC,Araranguá,PRAIA GRANDE
Presidente Castello Branco,SC,Concórdia,PRESIDENTE CASTELLO BRANCO
Presidente Getúlio,SC,Ibirama - Presidente Getúlio,PRESIDENTE GETULIO
Presidente Nereu,SC,Rio do Sul,PRESIDENTE NEREU
Princesa,SC,São Miguel do Oeste,PRINCESA
Quilombo,SC,Chapecó,QUILOMBO
Rancho Queimado,SC,Florianópolis,RANCHO QUEIMADO
Rio das Antas,SC,Videira,RIO DAS ANTAS
Rio do Campo,SC,Rio do Sul,RIO DO CAMPO
Rio do Oeste,SC,Rio do Sul,RIO DO OESTE
Rio do Sul,SC,Rio do Sul,RIO DO SUL
Rio dos Cedros,SC,Blumenau,RIO DOS CEDROS
Rio Fortuna,SC,Tubarão,RIO FORTUNA
Rio Negrinho,SC,São Bento do Sul - Rio Negrinho,RIO NEGRINHO
Rio Rufino,SC,Lages,RIO RUFINO
Riqueza,SC,Chapecó,RIQUEZA
Rodeio,SC,Blumenau,RODEIO
Romelândia,SC,São Miguel do Oeste,ROMELANDIA
Salete,SC,Rio do Sul,SALETE
Saltinho,SC,Maravilha,SALTINHO
Salto Veloso,SC,Videira,SALTO VELOSO
Sangão,SC,Tubarão,SANGAO
Santa Cecília,SC,Curitibanos,SANTA CECILIA
Santa Helena,SC,São Miguel do Oeste,SANTA HELENA
Santa Rosa de Lima,SC,Tubarão,SANTA ROSA DE LIMA
Santa Rosa do Sul,SC,Araranguá,SANTA ROSA DO SUL
Santa Terezinha,SC,Rio do Sul,SANTA TEREZINHA
Santa Terezinha do Progresso,SC,Maravilha,SANTA TEREZINHA DO PROGRESSO
Santiago do Sul,SC,Chapecó,SANTIAGO DO SUL
Santo Amaro da Imperatriz,SC,Florianópolis,SANTO AMARO DA IMPERATRIZ
São Bento do Sul,SC,São Bento do Sul - Rio Negrinho,SAO BENTO DO SUL
São Bernardino,SC,São Lourenço do Oeste,SAO BERNARDINO
São Bonifácio,SC,Florianópolis,SAO BONIFACIO
São Carlos,SC,Chapecó,SAO CARLOS
São Cristóvão do Sul,SC,Curitibanos,SAO CRISTOVAO DO SUL
São Domingos,SC,Xanxerê,SAO DOMINGOS
São Francisco do Sul,SC,Joinville,SAO FRANCISCO DO SUL
São João Batista,SC,Brusque,SAO JOAO BATISTA
São João do Itaperiú,SC,Joinville,SAO JOAO DO ITAPERIU
São João do Oeste,SC,São Miguel do Oeste,SAO JOAO DO OESTE
São João do Sul,SC,Araranguá,SAO JOAO DO SUL
São Joaquim,SC,Lages,SAO JOAQUIM
São José,SC,Florianópolis,SAO JOSE
São José do Cedro,SC,São Miguel do Oeste,SAO JOSE DO CEDRO
São José do Cerrito,SC,Lages,SAO JOSE DO CERRITO
São Lourenço do Oeste,SC,São Lourenço do Oeste,SAO LOURENCO DO OESTE
São Ludgero,SC,Tubarão,SAO LUDGERO
São Martinho,SC,Tubarão,SAO MARTINHO
São Miguel da Boa Vista,SC,Maravilha,SAO MIGUEL DA BOA VISTA
São Miguel do Oeste,SC,São Miguel do Oeste,SAO MIGUEL DO OESTE
São Pedro de Alcântara,SC,Florianópolis,SAO PEDRO DE ALCANTARA
Saudades,SC,Chapecó,SAUDADES
Schroeder,SC,Joinville,SCHROEDER
Seara,SC,Concórdia,SEARA
Serra Alta,SC,Chapecó,SERRA ALTA
Siderópolis,SC,Criciúma,SIDEROPOLIS
Sombrio,SC,Araranguá,SOMBRIO
Sul Brasil,SC,Chapecó,SUL BRASIL
Taió,SC,Rio do Sul,TAIO
Tangará,SC,Videira,TANGARA
Tigrinhos,SC,Maravilha,TIGRINHOS
Tijucas,SC,Itajaí,TIJUCAS
Timbé do Sul,SC,Araranguá,TIMBE DO SUL
Timbó,SC,Blumenau,TIMBO
Timbó Grande,SC,Caçador,TIMBO GRANDE
Três Barras,SC,Mafra,TRES BARRAS
Treviso,SC,Criciúma,TREVISO
Treze de Maio,SC,Tubarão,TREZE DE MAIO
Treze Tílias,SC,Joaçaba - Herval d'Oeste,TREZE TILIAS
Trombudo Central,SC,Rio do Sul,TROMBUDO CENTRAL
Tubarão,SC,Tubarão,TUBARAO
Tunápolis,SC,São Miguel do Oeste,TUNAPOLIS
Turvo,SC,Araranguá,TURVO
União do Oeste,SC,Chapecó,UNIAO DO OESTE
Urubici,SC,Lages,URUBICI
Urupema,SC,Lages,URUPEMA
Urussanga,SC,Criciúma,URUSSANGA
Vargeão,SC,Xanxerê,VARGEAO
Vargem,SC,Joaçaba - Herval d'Oeste,VARGEM
Vargem Bonita,SC,Joaçaba - Herval d'Oeste,VARGEM BONITA
Vidal Ramos,SC,Ituporanga,VIDAL RAMOS
Videira,SC,Videira,VIDEIRA
Vitor Meireles,SC,Ibirama - Presidente Getúlio,VITOR MEIRELES
Witmarsum,SC,Ibirama - Presidente Getúlio,WITMARSUM
Xanxerê,SC,Xanxerê,XANXERE
Xavantina,SC,Xanxerê,XAVANTINA
Xaxim,SC,Chapecó,XAXIM
Zortéa,SC,Joaçaba - Herval d'Oeste,ZORTEA
Aceguá,RS,Bagé,ACEGUA
Água Santa,RS,Tapejara - Sananduva,AGUA SANTA
Agudo,RS,Santa Maria,AGUDO
Ajuricaba,RS,Ijuí,AJURICABA
Alecrim,RS,Santa Rosa,ALECRIM
Alegrete,RS,Uruguaiana,ALEGRETE
Alegria,RS,Três de Maio,ALEGRIA
Almirante Tamandaré do Sul,RS,Carazinho,ALMIRANTE TAMANDARE DO SUL
Alpestre,RS,Nonoai,ALPESTRE
Alto Alegre,RS,Passo Fundo,ALTO ALEGRE
Alto Feliz,RS,Caxias do Sul,ALTO FELIZ
Alvorada,RS,Porto Alegre,ALVORADA
Amaral Ferrador,RS,Camaquã,AMARAL FERRADOR
Ametista do Sul,RS,Frederico Westphalen,AMETISTA DO SUL
André da Rocha,RS,Nova Prata - Guaporé,ANDRE DA ROCHA
Anta Gorda,RS,Encantado,ANTA GORDA
Antônio Prado,RS,Caxias do Sul,ANTONIO PRADO
Arambaré,RS,Camaquã,ARAMBARE
Araricá,RS,Novo Hamburgo - São Leopoldo,ARARICA
Aratiba,RS,Erechim,ARATIBA
Arroio do Meio,RS,Lajeado,ARROIO DO MEIO
Arroio do Padre,RS,Pelotas,ARROIO DO PADRE
Arroio do Sal,RS,Torres,ARROIO DO SAL
Arroio do Tigre,RS,Sobradinho,ARROIO DO TIGRE
Arroio dos Ratos,RS,Porto Alegre,ARROIO DOS RATOS
Arroio Grande,RS,Pelotas,ARROIO GRANDE
Arvorezinha,RS,Soledade,ARVOREZINHA
Augusto Pestana,RS,Ijuí,AUGUSTO PESTANA
Áurea,RS,Erechim,AUREA
Bagé,RS,Bagé,BAGE
Balneário Pinhal,RS,Tramandaí - Osório,BALNEARIO PINHAL
Barão,RS,Bento Gonçalves,BARAO
Barão de Cotegipe,RS,Erechim,BARAO DE COTEGIPE
Barão do Triunfo,RS,Porto Alegre,BARAO DO TRIUNFO
Barra do Guarita,RS,Três Passos,BARRA DO GUARITA
Barra do Quaraí,RS,Uruguaiana,BARRA DO QUARAI
Barra do Ribeiro,RS,Porto Alegre,BARRA DO RIBEIRO
Barra do Rio Azul,RS,Erechim,BARRA DO RIO AZUL
Barra Funda,RS,Carazinho,BARRA FUNDA
Barracão,RS,Lagoa Vermelha,BARRACAO
Barros Cassal,RS,Soledade,BARROS CASSAL
Benjamin Constant do Sul,RS,Erechim,BENJAMIN CONSTANT DO SUL
Bento Gonçalves,RS,Bento Gonçalves,BENTO GONCALVES
Boa Vista das Missões,RS,Frederico Westphalen,BOA VISTA DAS MISSOES
Boa Vista do Buricá,RS,Três de Maio,BOA VISTA DO BURICA
Boa Vista do Cadeado,RS,Cruz Alta,BOA VISTA DO CADEADO
Boa Vista do Incra,RS,Cruz Alta,BOA VISTA DO INCRA
Boa Vista do Sul,RS,Bento Gonçalves,BOA VISTA DO SUL
Bom Jesus,RS,Vacaria,BOM JESUS
Bom Princípio,RS,Novo Hamburgo - São Leopoldo,BOM PRINCIPIO
Bom Progresso,RS,Três Passos,BOM PROGRESSO
Bom Retiro do Sul,RS,Lajeado,BOM RETIRO DO SUL
Boqueirão do Leão,RS,Lajeado,BOQUEIRAO DO LEAO
Bossoroca,RS,São Luiz Gonzaga,BOSSOROCA
Bozano,RS,Ijuí,BOZANO
Braga,RS,Três Passos,BRAGA
Brochier,RS,Montenegro,BROCHIER
Butiá,RS,Charqueadas - Triunfo - São Jerônimo,BUTIA
Caçapava do Sul,RS,São Gabriel - Caçapava do Sul,CACAPAVA DO SUL
Cacequi,RS,Santa Maria,CACEQUI
Cachoeira do Sul,RS,Cachoeira do Sul,CACHOEIRA DO SUL
Cachoeirinha,RS,Porto Alegre,CACHOEIRINHA
Cacique Doble,RS,Lagoa Vermelha,CACIQUE DOBLE
Caibaté,RS,São Luiz Gonzaga,CAIBATE
Caiçara,RS,Frederico Westphalen,CAICARA
Camaquã,RS,Camaquã,CAMAQUA
Camargo,RS,Marau,CAMARGO
Cambará do Sul,RS,Caxias do Sul,CAMBARA DO SUL
Campestre da Serra,RS,Caxias do Sul,CAMPESTRE DA SERRA
Campina das Missões,RS,Santa Rosa,CAMPINA DAS MISSOES
Campinas do Sul,RS,Erechim,CAMPINAS DO SUL
Campo Bom,RS,Novo Hamburgo - São Leopoldo,CAMPO BOM
Campo Novo,RS,Três Passos,CAMPO NOVO
Campos Borges,RS,Passo Fundo,CAMPOS BORGES
Candelária,RS,Santa Cruz do Sul,CANDELARIA
Cândido Godói,RS,Santa Rosa,CANDIDO GODOI
Candiota,RS,Bagé,CANDIOTA
Canela,RS,Caxias do Sul,CANELA
Canguçu,RS,Pelotas,CANGUCU
Canoas,RS,Porto Alegre,CANOAS
Canudos do Vale,RS,Lajeado,CANUDOS DO VALE
Capão Bonito do Sul,RS,Lagoa Vermelha,CAPAO BONITO DO SUL
Capão da Canoa,RS,Tramandaí - Osório,CAPAO DA CANOA
Capão do Cipó,RS,Santiago,CAPAO DO CIPO
Capão do Leão,RS,Pelotas,CAPAO DO LEAO
Capela de Santana,RS,Novo Hamburgo - São Leopoldo,CAPELA DE SANTANA
Capitão,RS,Lajeado,CAPITAO
Capivari do Sul,RS,Porto Alegre,CAPIVARI DO SUL
Caraá,RS,Porto Alegre,CARAA
Carazinho,RS,Carazinho,CARAZINHO
Carlos Barbosa,RS,Bento Gonçalves,CARLOS BARBOSA
Carlos Gomes,RS,Erechim,CARLOS GOMES
Casca,RS,Marau,CASCA
Caseiros,RS,Lagoa Vermelha,CASEIROS
Catuípe,RS,Ijuí,CATUIPE
Caxias do Sul,RS,Caxias do Sul,CAXIAS DO SUL
Centenário,RS,Erechim,CENTENARIO
Cerrito,RS,Pelotas,CERRITO
Cerro Branco,RS,Cachoeira do Sul,CERRO BRANCO
Cerro Grande,RS,Palmeira das Missões,CERRO GRANDE
Cerro Grande do Sul,RS,Camaquã,CERRO GRANDE DO SUL
Cerro Largo,RS,Cerro Largo,CERRO LARGO
Chapada,RS,Carazinho,CHAPADA
Charqueadas,RS,Charqueadas - Triunfo - São Jerônimo,CHARQUEADAS
Charrua,RS,Tapejara - Sananduva,CHARRUA
Chiapetta,RS,Ijuí,CHIAPETTA
Chuí,RS,Pelotas,CHUI
Chuvisca,RS,Camaquã,CHUVISCA
Cidreira,RS,Tramandaí - Osório,CIDREIRA
Ciríaco,RS,Marau,CIRIACO
Colinas,RS,Lajeado,COLINAS
Colorado,RS,Carazinho,COLORADO
Condor,RS,Ijuí,CONDOR
Constantina,RS,Carazinho,CONSTANTINA
Coqueiro Baixo,RS,Lajeado,COQUEIRO BAIXO
Coqueiros do Sul,RS,Carazinho,COQUEIROS DO SUL
Coronel Barros,RS,Ijuí,CORONEL BARROS
Coronel Bicaco,RS,Ijuí,CORONEL BICACO
Coronel Pilar,RS,Bento Gonçalves,CORONEL PILAR
Cotiporã,RS,Bento Gonçalves,COTIPORA
Coxilha,RS,Passo Fundo,COXILHA
Crissiumal,RS,Três Passos,CRISSIUMAL
Cristal,RS,Camaquã,CRISTAL
Cristal do Sul,RS,Frederico Westphalen,CRISTAL DO SUL
Cruz Alta,RS,Cruz Alta,CRUZ ALTA
Cruzaltense,RS,Erechim,CRUZALTENSE
Cruzeiro do Sul,RS,Lajeado,CRUZEIRO DO SUL
David Canabarro,RS,Marau,DAVID CANABARRO
Derrubadas,RS,Três Passos,DERRUBADAS
Dezesseis de Novembro,RS,São Luiz Gonzaga,DEZESSEIS DE NOVEMBRO
Dilermando de Aguiar,RS,Santa Maria,DILERMANDO DE AGUIAR
Dois Irmãos,RS,Novo Hamburgo - São Leopoldo,DOIS IRMAOS
Dois Irmãos das Missões,RS,Palmeira das Missões,DOIS IRMAOS DAS MISSOES
Dois Lajeados,RS,Nova Prata - Guaporé,DOIS LAJEADOS
Dom Feliciano,RS,Camaquã,DOM FELICIANO
Dom Pedrito,RS,Bagé,DOM PEDRITO
Dom Pedro de Alcântara,RS,Torres,DOM PEDRO DE ALCANTARA
Dona Francisca,RS,Santa Maria,DONA FRANCISCA
Doutor Maurício Cardoso,RS,Três de Maio,DOUTOR MAURICIO CARDOSO
Doutor Ricardo,RS,Encantado,DOUTOR RICARDO
Eldorado do Sul,RS,Porto Alegre,ELDORADO DO SUL
Encantado,RS,Encantado,ENCANTADO
Encruzilhada do Sul,RS,Santa Cruz do Sul,ENCRUZILHADA DO SUL
Engenho Velho,RS,Carazinho,ENGENHO VELHO
Entre Rios do Sul,RS,Erechim,ENTRE RIOS DO SUL
Entre-Ijuís,RS,Santo Ângelo,ENTREIJUIS
Erebango,RS,Erechim,EREBANGO
Erechim,RS,Erechim,ERECHIM
Ernestina,RS,Passo Fundo,ERNESTINA
Erval Grande,RS,Erechim,ERVAL GRANDE
Erval Seco,RS,Frederico Westphalen,ERVAL SECO
Esmeralda,RS,Vacaria,ESMERALDA
Esperança do Sul,RS,Três Passos,ESPERANCA DO SUL
Espumoso,RS,Passo Fundo,ESPUMOSO
Estação,RS,Erechim,ESTACAO
Estância Velha,RS,Novo Hamburgo - São Leopoldo,ESTANCIA VELHA
Esteio,RS,Porto Alegre,ESTEIO
Estrela,RS,Lajeado,ESTRELA
Estrela Velha,RS,Sobradinho,ESTRELA VELHA
Eugênio de Castro,RS,Santo Ângelo,EUGENIO DE CASTRO
Fagundes Varela,RS,Bento Gonçalves,FAGUNDES VARELA
Farroupilha,RS,Caxias do Sul,FARROUPILHA
Faxinal do Soturno,RS,Santa Maria,FAXINAL DO SOTURNO
Faxinalzinho,RS,Erechim,FAXINALZINHO
Fazenda Vilanova,RS,Lajeado,FAZENDA VILANOVA
Feliz,RS,Caxias do Sul,FELIZ
Flores da Cunha,RS,Caxias do Sul,FLORES DA CUNHA
Floriano Peixoto,RS,Erechim,FLORIANO PEIXOTO
Fontoura Xavier,RS,Soledade,FONTOURA XAVIER
Formigueiro,RS,Santa Maria,FORMIGUEIRO
Forquetinha,RS,Lajeado,FORQUETINHA
Fortaleza dos Valos,RS,Cruz Alta,FORTALEZA DOS VALOS
Frederico Westphalen,RS,Frederico Westphalen,FREDERICO WESTPHALEN
Garibaldi,RS,Bento Gonçalves,GARIBALDI
Garruchos,RS,São Luiz Gonzaga,GARRUCHOS
Gaurama,RS,Erechim,GAURAMA
General Câmara,RS,Charqueadas - Triunfo - São Jerônimo,GENERAL CAMARA
Gentil,RS,Marau,GENTIL
Getúlio Vargas,RS,Erechim,GETULIO VARGAS
Giruá,RS,Santo Ângelo,GIRUA
Glorinha,RS,Porto Alegre,GLORINHA
Gramado,RS,Caxias do Sul,GRAMADO
Gramado dos Loureiros,RS,Nonoai,GRAMADO DOS LOUREIROS
Gramado Xavier,RS,Santa Cruz do Sul,GRAMADO XAVIER
Gravataí,RS,Porto Alegre,GRAVATAI
Guabiju,RS,Nova Prata - Guaporé,GUABIJU
Guaíba,RS,Porto Alegre,GUAIBA
Guaporé,RS,Nova Prata - Guaporé,GUAPORE
Guarani das Missões,RS,Santo Ângelo,GUARANI DAS MISSOES
Harmonia,RS,Novo Hamburgo - São Leopoldo,HARMONIA
Herval,RS,Pelotas,HERVAL
Herveiras,RS,Santa Cruz do Sul,HERVEIRAS
Horizontina,RS,Três de Maio,HORIZONTINA
Hulha Negra,RS,Bagé,HULHA NEGRA
Humaitá,RS,Três Passos,HUMAITA
Ibarama,RS,Sobradinho,IBARAMA
Ibiaçá,RS,Tapejara - Sananduva,IBIACA
Ibiraiaras,RS,Lagoa Vermelha,IBIRAIARAS
Ibirapuitã,RS,Soledade,IBIRAPUITA
Ibirubá,RS,Cruz Alta,IBIRUBA
Igrejinha,RS,Taquara - Parobé - Igrejinha,IGREJINHA
Ijuí,RS,Ijuí,IJUI
Ilópolis,RS,Encantado,ILOPOLIS
Imbé,RS,Tramandaí - Osório,IMBE
Imigrante,RS,Lajeado,IMIGRANTE
Independência,RS,Três de Maio,INDEPENDENCIA
Inhacorá,RS,Ijuí,INHACORA
Ipê,RS,Caxias do Sul,IPE
Ipiranga do Sul,RS,Erechim,IPIRANGA DO SUL
Iraí,RS,Frederico Westphalen,IRAI
Itaara,RS,Santa Maria,ITAARA
Itacurubi,RS,Santiago,ITACURUBI
Itapuca,RS,Soledade,ITAPUCA
Itaqui,RS,São Borja,ITAQUI
Itati,RS,Tramandaí - Osório,ITATI
Itatiba do Sul,RS,Erechim,ITATIBA DO SUL
Ivorá,RS,Santa Maria,IVORA
Ivoti,RS,Novo Hamburgo - São Leopoldo,IVOTI
Jaboticaba,RS,Frederico Westphalen,JABOTICABA
Jacuizinho,RS,Cruz Alta,JACUIZINHO
Jacutinga,RS,Erechim,JACUTINGA
Jaguarão,RS,Pelotas,JAGUARAO
Jaguari,RS,Santa Maria,JAGUARI
Jaquirana,RS,Vacaria,JAQUIRANA
Jari,RS,Santa Maria,JARI
Jóia,RS,Ijuí,JOIA
Júlio de Castilhos,RS,Santa Maria,JULIO DE CASTILHOS
Lagoa Bonita do Sul,RS,Sobradinho,LAGOA BONITA DO SUL
Lagoa dos Três Cantos,RS,Passo Fundo,LAGOA DOS TRES CANTOS
Lagoa Vermelha,RS,Lagoa Vermelha,LAGOA VERMELHA
Lagoão,RS,Sobradinho,LAGOAO
Lajeado,RS,Lajeado,LAJEADO
Lajeado do Bugre,RS,Palmeira das Missões,LAJEADO DO BUGRE
Lavras do Sul,RS,São Gabriel - Caçapava do Sul,LAVRAS DO SUL
Liberato Salzano,RS,Frederico Westphalen,LIBERATO SALZANO
Lindolfo Collor,RS,Novo Hamburgo - São Leopoldo,LINDOLFO COLLOR
Linha Nova,RS,Novo Hamburgo - São Leopoldo,LINHA NOVA
Maçambará,RS,São Borja,MACAMBARA
Machadinho,RS,Lagoa Vermelha,MACHADINHO
Mampituba,RS,Torres,MAMPITUBA
Manoel Viana,RS,Uruguaiana,MANOEL VIANA
Maquiné,RS,Tramandaí - Osório,MAQUINE
Maratá,RS,Montenegro,MARATA
Marau,RS,Marau,MARAU
Marcelino Ramos,RS,Erechim,MARCELINO RAMOS
Mariana Pimentel,RS,Porto Alegre,MARIANA PIMENTEL
Mariano Moro,RS,Erechim,MARIANO MORO
Marques de Souza,RS,Lajeado,MARQUES DE SOUZA
Mata,RS,Santa Maria,MATA
Mato Castelhano,RS,Passo Fundo,MATO CASTELHANO
Mato Leitão,RS,Santa Cruz do Sul,MATO LEITAO
Mato Queimado,RS,Cerro Largo,MATO QUEIMADO
Maximiliano de Almeida,RS,Tapejara - Sananduva,MAXIMILIANO DE ALMEIDA
Minas do Leão,RS,Charqueadas - Triunfo - São Jerônimo,MINAS DO LEAO
Miraguaí,RS,Três Passos,MIRAGUAI
Montauri,RS,Nova Prata - Guaporé,MONTAURI
Monte Alegre dos Campos,RS,Vacaria,MONTE ALEGRE DOS CAMPOS
Monte Belo do Sul,RS,Bento Gonçalves,MONTE BELO DO SUL
Montenegro,RS,Montenegro,MONTENEGRO
Mormaço,RS,Soledade,MORMACO
Morrinhos do Sul,RS,Torres,MORRINHOS DO SUL
Morro Redondo,RS,Pelotas,MORRO REDONDO
Morro Reuter,RS,Novo Hamburgo - São Leopoldo,MORRO REUTER
Mostardas,RS,Porto Alegre,MOSTARDAS
Muçum,RS,Encantado,MUCUM
Muitos Capões,RS,Vacaria,MUITOS CAPOES
Muliterno,RS,Marau,MULITERNO
Não-Me-Toque,RS,Carazinho,NAOMETOQUE
Nicolau Vergueiro,RS,Passo Fundo,NICOLAU VERGUEIRO
Nonoai,RS,Nonoai,NONOAI
Nova Alvorada,RS,Marau,NOVA ALVORADA
Nova Araçá,RS,Nova Prata - Guaporé,NOVA ARACA
Nova Bassano,RS,Nova Prata - Guaporé,NOVA BASSANO
Nova Boa Vista,RS,Carazinho,NOVA BOA VISTA
Nova Bréscia,RS,Encantado,NOVA BRESCIA
Nova Candelária,RS,Três de Maio,NOVA CANDELARIA
Nova Esperança do Sul,RS,Santiago,NOVA ESPERANCA DO SUL
Nova Hartz,RS,Novo Hamburgo - São Leopoldo,NOVA HARTZ
Nova Pádua,RS,Caxias do Sul,NOVA PADUA
Nova Palma,RS,Santa Maria,NOVA PALMA
Nova Petrópolis,RS,Caxias do Sul,NOVA PETROPOLIS
Nova Prata,RS,Nova Prata - Guaporé,NOVA PRATA
Nova Ramada,RS,Ijuí,NOVA RAMADA
Nova Roma do Sul,RS,Caxias do Sul,NOVA ROMA DO SUL
Nova Santa Rita,RS,Porto Alegre,NOVA SANTA RITA
Novo Barreiro,RS,Palmeira das Missões,NOVO BARREIRO
Novo Cabrais,RS,Cachoeira do Sul,NOVO CABRAIS
Novo Hamburgo,RS,Novo Hamburgo - São Leopoldo,NOVO HAMBURGO
Novo Machado,RS,Santa Rosa,NOVO MACHADO
Novo Tiradentes,RS,Frederico Westphalen,NOVO TIRADENTES
Novo Xingu,RS,Carazinho,NOVO XINGU
Osório,RS,Tramandaí - Osório,OSORIO
Paim Filho,RS,Tapejara - Sananduva,PAIM FILHO
Palmares do Sul,RS,Porto Alegre,PALMARES DO SUL
Palmeira das Missões,RS,Palmeira das Missões,PALMEIRA DAS MISSOES
Palmitinho,RS,Frederico Westphalen,PALMITINHO
Panambi,RS,Ijuí,PANAMBI
Pantano Grande,RS,Santa Cruz do Sul,PANTANO GRANDE
Paraí,RS,Nova Prata - Guaporé,PARAI
Paraíso do Sul,RS,Cachoeira do Sul,PARAISO DO SUL
Pareci Novo,RS,Montenegro,PARECI NOVO
Parobé,RS,Taquara - Parobé - Igrejinha,PAROBE
Passa Sete,RS,Sobradinho,PASSA SETE
Passo do Sobrado,RS,Santa Cruz do Sul,PASSO DO SOBRADO
Passo Fundo,RS,Passo Fundo,PASSO FUNDO
Paulo Bento,RS,Erechim,PAULO BENTO
Paverama,RS,Lajeado,PAVERAMA
Pedras Altas,RS,Bagé,PEDRAS ALTAS
Pedro Osório,RS,Pelotas,PEDRO OSORIO
Pejuçara,RS,Ijuí,PEJUCARA
Pelotas,RS,Pelotas,PELOTAS
Picada Café,RS,Caxias do Sul,PICADA CAFE
Pinhal,RS,Frederico Westphalen,PINHAL
Pinhal da Serra,RS,Vacaria,PINHAL DA SERRA
Pinhal Grande,RS,Santa Maria,PINHAL GRANDE
Pinheirinho do Vale,RS,Frederico Westphalen,PINHEIRINHO DO VALE
Pinheiro Machado,RS,Bagé,PINHEIRO MACHADO
Pinto Bandeira,RS,Bento Gonçalves,PINTO BANDEIRA
Pirapó,RS,São Luiz Gonzaga,PIRAPO
Piratini,RS,Pelotas,PIRATINI
Planalto,RS,Nonoai,PLANALTO
Poço das Antas,RS,Lajeado,POCO DAS ANTAS
Pontão,RS,Passo Fundo,PONTAO
Ponte Preta,RS,Erechim,PONTE PRETA
Portão,RS,Novo Hamburgo - São Leopoldo,PORTAO
Porto Alegre,RS,Porto Alegre,PORTO ALEGRE
Porto Lucena,RS,Santa Rosa,PORTO LUCENA
Porto Mauá,RS,Santa Rosa,PORTO MAUA
Porto Vera Cruz,RS,Santa Rosa,PORTO VERA CRUZ
Porto Xavier,RS,Cerro Largo,PORTO XAVIER
Pouso Novo,RS,Lajeado,POUSO NOVO
Presidente Lucena,RS,Novo Hamburgo - São Leopoldo,PRESIDENTE LUCENA
Progresso,RS,Lajeado,PROGRESSO
Protásio Alves,RS,Nova Prata - Guaporé,PROTASIO ALVES
Putinga,RS,Encantado,PUTINGA
Quaraí,RS,Santana do Livramento,QUARAI
Quatro Irmãos,RS,Erechim,QUATRO IRMAOS
Quevedos,RS,Santa Maria,QUEVEDOS
Quinze de Novembro,RS,Cruz Alta,QUINZE DE NOVEMBRO
Redentora,RS,Três Passos,REDENTORA
Relvado,RS,Encantado,RELVADO
Restinga Sêca,RS,Santa Maria,RESTINGA SECA
Rio dos Índios,RS,Nonoai,RIO DOS INDIOS
Rio Grande,RS,Pelotas,RIO GRANDE
Rio Pardo,RS,Santa Cruz do Sul,RIO PARDO
Riozinho,RS,Taquara - Parobé - Igrejinha,RIOZINHO
Roca Sales,RS,Encantado,ROCA SALES
Rodeio Bonito,RS,Frederico Westphalen,RODEIO BONITO
Rolador,RS,São Luiz Gonzaga,ROLADOR
Rolante,RS,Taquara - Parobé - Igrejinha,ROLANTE
Ronda Alta,RS,Passo Fundo,RONDA ALTA
Rondinha,RS,Carazinho,RONDINHA
Roque Gonzales,RS,Cerro Largo,ROQUE GONZALES
Rosário do Sul,RS,Santana do Livramento,ROSARIO DO SUL
Sagrada Família,RS,Palmeira das Missões,SAGRADA FAMILIA
Saldanha Marinho,RS,Carazinho,SALDANHA MARINHO
Salto do Jacuí,RS,Cruz Alta,SALTO DO JACUI
Salvador das Missões,RS,Cerro Largo,SALVADOR DAS MISSOES
Salvador do Sul,RS,Montenegro,SALVADOR DO SUL
Sananduva,RS,Tapejara - Sananduva,SANANDUVA
Santa Bárbara do Sul,RS,Cruz Alta,SANTA BARBARA DO SUL
Santa Cecília do Sul,RS,Tapejara - Sananduva,SANTA CECILIA DO SUL
Santa Clara do Sul,RS,Lajeado,SANTA CLARA DO SUL
Santa Cruz do Sul,RS,Santa Cruz do Sul,SANTA CRUZ DO SUL
Santa Margarida do Sul,RS,São Gabriel - Caçapava do Sul,SANTA MARGARIDA DO SUL
Santa Maria,RS,Santa Maria,SANTA MARIA
Santa Maria do Herval,RS,Novo Hamburgo - São Leopoldo,SANTA MARIA DO HERVAL
Santa Rosa,RS,Santa Rosa,SANTA ROSA
Santa Tereza,RS,Bento Gonçalves,SANTA TEREZA
Santa Vitória do Palmar,RS,Pelotas,SANTA VITORIA DO PALMAR
Santana da Boa Vista,RS,São Gabriel - Caçapava do Sul,SANTANA DA BOA VISTA
Sant'Ana do Livramento,RS,Santana do Livramento,SANTANA DO LIVRAMENTO
Santiago,RS,Santiago,SANTIAGO
Santo Ângelo,RS,Santo Ângelo,SANTO ANGELO
Santo Antônio da Patrulha,RS,Porto Alegre,SANTO ANTONIO DA PATRULHA
Santo Antônio das Missões,RS,São Luiz Gonzaga,SANTO ANTONIO DAS MISSOES
Santo Antônio do Palma,RS,Marau,SANTO ANTONIO DO PALMA
Santo Antônio do Planalto,RS,Carazinho,SANTO ANTONIO DO PLANALTO
Santo Augusto,RS,Ijuí,SANTO AUGUSTO
Santo Cristo,RS,Santa Rosa,SANTO CRISTO
Santo Expedito do Sul,RS,Tapejara - Sananduva,SANTO EXPEDITO DO SUL
São Borja,RS,São Borja,SAO BORJA
São Domingos do Sul,RS,Marau,SAO DOMINGOS DO SUL
São Francisco de Assis,RS,Santa Maria,SAO FRANCISCO DE ASSIS
São Francisco de Paula,RS,Caxias do Sul,SAO FRANCISCO DE PAULA
São Gabriel,RS,São Gabriel - Caçapava do Sul,SAO GABRIEL
São Jerônimo,RS,Charqueadas - Triunfo - São Jerônimo,SAO JERONIMO
São João da Urtiga,RS,Tapejara - Sananduva,SAO JOAO DA URTIGA
São João do Polêsine,RS,Santa Maria,SAO JOAO DO POLESINE
São Jorge,RS,Nova Prata - Guaporé,SAO JORGE
São José das Missões,RS,Palmeira das Missões,SAO JOSE DAS MISSOES
São José do Herval,RS,Soledade,SAO JOSE DO HERVAL
São José do Hortêncio,RS,Novo Hamburgo - São Leopoldo,SAO JOSE DO HORTENCIO
São José do Inhacorá,RS,Três de Maio,SAO JOSE DO INHACORA
São José do Norte,RS,Pelotas,SAO JOSE DO NORTE
São José do Ouro,RS,Lagoa Vermelha,SAO JOSE DO OURO
São José do Sul,RS,Montenegro,SAO JOSE DO SUL
São José dos Ausentes,RS,Vacaria,SAO JOSE DOS AUSENTES
São Leopoldo,RS,Novo Hamburgo - São Leopoldo,SAO LEOPOLDO
São Lourenço do Sul,RS,Pelotas,SAO LOURENCO DO SUL
São Luiz Gonzaga,RS,São Luiz Gonzaga,SAO LUIZ GONZAGA
São Marcos,RS,Caxias do Sul,SAO MARCOS
São Martinho,RS,Três Passos,SAO MARTINHO
São Martinho da Serra,RS,Santa Maria,SAO MARTINHO DA SERRA
São Miguel das Missões,RS,Santo Ângelo,SAO MIGUEL DAS MISSOES
São Nicolau,RS,São Luiz Gonzaga,SAO NICOLAU
São Paulo das Missões,RS,Cerro Largo,SAO PAULO DAS MISSOES
São Pedro da Serra,RS,Montenegro,SAO PEDRO DA SERRA
São Pedro das Missões,RS,Palmeira das Missões,SAO PEDRO DAS MISSOES
São Pedro do Butiá,RS,Cerro Largo,SAO PEDRO DO BUTIA
São Pedro do Sul,RS,Santa Maria,SAO PEDRO DO SUL
São Sebastião do Caí,RS,Novo Hamburgo - São Leopoldo,SAO SEBASTIAO DO CAI
São Sepé,RS,Santa Maria,SAO SEPE
São Valentim,RS,Erechim,SAO VALENTIM
São Valentim do Sul,RS,Bento Gonçalves,SAO VALENTIM DO SUL
São Valério do Sul,RS,Ijuí,SAO VALERIO DO SUL
São Vendelino,RS,Novo Hamburgo - São Leopoldo,SAO VENDELINO
São Vicente do Sul,RS,Santa Maria,SAO VICENTE DO SUL
Sapiranga,RS,Novo Hamburgo - São Leopoldo,SAPIRANGA
Sapucaia do Sul,RS,Porto Alegre,SAPUCAIA DO SUL
Sarandi,RS,Carazinho,SARANDI
Seberi,RS,Frederico Westphalen,SEBERI
Sede Nova,RS,Três Passos,SEDE NOVA
Segredo,RS,Sobradinho,SEGREDO
Selbach,RS,Cruz Alta,SELBACH
Senador Salgado Filho,RS,Santa Rosa,SENADOR SALGADO FILHO
Sentinela do Sul,RS,Camaquã,SENTINELA DO SUL
Serafina Corrêa,RS,Nova Prata - Guaporé,SERAFINA CORREA
Sério,RS,Lajeado,SERIO
Sertão,RS,Passo Fundo,SERTAO
Sertão Santana,RS,Porto Alegre,SERTAO SANTANA
Sete de Setembro,RS,Santo Ângelo,SETE DE SETEMBRO
Severiano de Almeida,RS,Erechim,SEVERIANO DE ALMEIDA
Silveira Martins,RS,Santa Maria,SILVEIRA MARTINS
Sinimbu,RS,Santa Cruz do Sul,SINIMBU
Sobradinho,RS,Sobradinho,SOBRADINHO
Soledade,RS,Soledade,SOLEDADE
Tabaí,RS,Lajeado,TABAI
Tapejara,RS,Tapejara - Sananduva,TAPEJARA
Tapera,RS,Passo Fundo,TAPERA
Tapes,RS,Camaquã,TAPES
Taquara,RS,Taquara - Parobé - Igrejinha,TAQUARA
Taquari,RS,Lajeado,TAQUARI
Taquaruçu do Sul,RS,Frederico Westphalen,TAQUARUCU DO SUL
Tavares,RS,Porto Alegre,TAVARES
Tenente Portela,RS,Três Passos,TENENTE PORTELA
Terra de Areia,RS,Tramandaí - Osório,TERRA DE AREIA
Teutônia,RS,Lajeado,TEUTONIA
Tio Hugo,RS,Passo Fundo,TIO HUGO
Tiradentes do Sul,RS,Três Passos,TIRADENTES DO SUL
Toropi,RS,Santa Maria,TOROPI
Torres,RS,Torres,TORRES
Tramandaí,RS,Tramandaí - Osório,TRAMANDAI
Travesseiro,RS,Lajeado,TRAVESSEIRO
Três Arroios,RS,Erechim,TRES ARROIOS
Três Cachoeiras,RS,Torres,TRES CACHOEIRAS
Três Coroas,RS,Taquara - Parobé - Igrejinha,TRES COROAS
Três de Maio,RS,Três de Maio,TRES DE MAIO
Três Forquilhas,RS,Torres,TRES FORQUILHAS
Três Palmeiras,RS,Passo Fundo,TRES PALMEIRAS
Três Passos,RS,Três Passos,TRES PASSOS
Trindade do Sul,RS,Nonoai,TRINDADE DO SUL
Triunfo,RS,Charqueadas - Triunfo - São Jerônimo,TRIUNFO
Tucunduva,RS,Santa Rosa,TUCUNDUVA
Tunas,RS,Sobradinho,TUNAS
Tupanci do Sul,RS,Lagoa Vermelha,TUPANCI DO SUL
Tupanciretã,RS,Cruz Alta,TUPANCIRETA
Tupandi,RS,Novo Hamburgo - São Leopoldo,TUPANDI
Tuparendi,RS,Santa Rosa,TUPARENDI
Turuçu,RS,Pelotas,TURUCU
Ubiretama,RS,Cerro Largo,UBIRETAMA
União da Serra,RS,Nova Prata - Guaporé,UNIAO DA SERRA
Unistalda,RS,Santiago,UNISTALDA
Uruguaiana,RS,Uruguaiana,URUGUAIANA
Vacaria,RS,Vacaria,VACARIA
Vale do Sol,RS,Santa Cruz do Sul,VALE DO SOL
Vale Real,RS,Caxias do Sul,VALE REAL
Vale Verde,RS,Santa Cruz do Sul,VALE VERDE
Vanini,RS,Marau,VANINI
Venâncio Aires,RS,Santa Cruz do Sul,VENANCIO AIRES
Vera Cruz,RS,Santa Cruz do Sul,VERA CRUZ
Veranópolis,RS,Bento Gonçalves,VERANOPOLIS
Vespasiano Corrêa,RS,Encantado,VESPASIANO CORREA
Viadutos,RS,Erechim,VIADUTOS
Viamão,RS,Porto Alegre,VIAMAO
Vicente Dutra,RS,Frederico Westphalen,VICENTE DUTRA
Victor Graeff,RS,Passo Fundo,VICTOR GRAEFF
Vila Flores,RS,Bento Gonçalves,VILA FLORES
Vila Lângaro,RS,Tapejara - Sananduva,VILA LANGARO
Vila Maria,RS,Marau,VILA MARIA
Vila Nova do Sul,RS,São Gabriel - Caçapava do Sul,VILA NOVA DO SUL
Vista Alegre,RS,Frederico Westphalen,VISTA ALEGRE
Vista Alegre do Prata,RS,Nova Prata - Guaporé,VISTA ALEGRE DO PRATA
Vista Gaúcha,RS,Três Passos,VISTA GAUCHA
Vitória das Missões,RS,Santo Ângelo,VITORIA DAS MISSOES
Westfália,RS,Lajeado,WESTFALIA
Xangri-lá,RS,Tramandaí - Osório,XANGRILA
Água Clara,MS,Três Lagoas,AGUA CLARA
Alcinópolis,MS,Coxim,ALCINOPOLIS
Amambai,MS,Amambai,AMAMBAI
Anastácio,MS,Aquidauana - Anastácio,ANASTACIO
Anaurilândia,MS,Nova Andradina,ANAURILANDIA
Angélica,MS,Nova Andradina,ANGELICA
Antônio João,MS,Ponta Porã,ANTONIO JOAO
Aparecida do Taboado,MS,Paranaíba - Chapadão do Sul - Cassilândia,APARECIDA DO TABOADO
Aquidauana,MS,Aquidauana - Anastácio,AQUIDAUANA
Aral Moreira,MS,Ponta Porã,ARAL MOREIRA
Bandeirantes,MS,Campo Grande,BANDEIRANTES
Bataguassu,MS,Três Lagoas,BATAGUASSU
Batayporã,MS,Nova Andradina,BATAYPORA
Bela Vista,MS,Jardim,BELA VISTA
Bodoquena,MS,Aquidauana - Anastácio,BODOQUENA
Bonito,MS,Jardim,BONITO
Brasilândia,MS,Três Lagoas,BRASILANDIA
Caarapó,MS,Dourados,CAARAPO
Camapuã,MS,Campo Grande,CAMAPUA
Campo Grande,MS,Campo Grande,CAMPO GRANDE
Caracol,MS,Jardim,CARACOL
Cassilândia,MS,Paranaíba - Chapadão do Sul - Cassilândia,CASSILANDIA
Chapadão do Sul,MS,Paranaíba - Chapadão do Sul - Cassilândia,CHAPADAO DO SUL
Corguinho,MS,Campo Grande,CORGUINHO
Coronel Sapucaia,MS,Amambai,CORONEL SAPUCAIA
Corumbá,MS,Corumbá,CORUMBA
Costa Rica,MS,Coxim,COSTA RICA
Coxim,MS,Coxim,COXIM
Deodápolis,MS,Dourados,DEODAPOLIS
Dois Irmãos do Buriti,MS,Campo Grande,DOIS IRMAOS DO BURITI
Douradina,MS,Dourados,DOURADINA
Dourados,MS,Dourados,DOURADOS
Eldorado,MS,Naviraí - Mundo Novo,ELDORADO
Fátima do Sul,MS,Dourados,FATIMA DO SUL
Figueirão,MS,Coxim,FIGUEIRAO
Glória de Dourados,MS,Dourados,GLORIA DE DOURADOS
Guia Lopes da Laguna,MS,Jardim,GUIA LOPES DA LAGUNA
Iguatemi,MS,Naviraí - Mundo Novo,IGUATEMI
Inocência,MS,Paranaíba - Chapadão do Sul - Cassilândia,INOCENCIA
Itaporã,MS,Dourados,ITAPORA
Itaquiraí,MS,Naviraí - Mundo Novo,ITAQUIRAI
Ivinhema,MS,Nova Andradina,IVINHEMA
Japorã,MS,Naviraí - Mundo Novo,JAPORA
Jaraguari,MS,Campo Grande,JARAGUARI
Jardim,MS,Jardim,JARDIM
Jateí,MS,Dourados,JATEI
Juti,MS,Dourados,JUTI
Ladário,MS,Corumbá,LADARIO
Laguna Carapã,MS,Dourados,LAGUNA CARAPA
Maracaju,MS,Dourados,MARACAJU
Miranda,MS,Aquidauana - Anastácio,MIRANDA
Mundo Novo,MS,Naviraí - Mundo Novo,MUNDO NOVO
Naviraí,MS,Naviraí - Mundo Novo,NAVIRAI
Nioaque,MS,Jardim,NIOAQUE
Nova Alvorada do Sul,MS,Campo Grande,NOVA ALVORADA DO SUL
Nova Andradina,MS,Nova Andradina,NOVA ANDRADINA
Novo Horizonte do Sul,MS,Nova Andradina,NOVO HORIZONTE DO SUL
Paraíso das Águas,MS,Paranaíba - Chapadão do Sul - Cassilândia,PARAISO DAS AGUAS
Paranaíba,MS,Paranaíba - Chapadão do Sul - Cassilândia,PARANAIBA
Paranhos,MS,Amambai,PARANHOS
Pedro Gomes,MS,Coxim,PEDRO GOMES
Ponta Porã,MS,Ponta Porã,PONTA PORA
Porto Murtinho,MS,Jardim,PORTO MURTINHO
Ribas do Rio Pardo,MS,Campo Grande,RIBAS DO RIO PARDO
Rio Brilhante,MS,Dourados,RIO BRILHANTE
Rio Negro,MS,Campo Grande,RIO NEGRO
Rio Verde de Mato Grosso,MS,Coxim,RIO VERDE DE MATO GROSSO
Rochedo,MS,Campo Grande,ROCHEDO
Santa Rita do Pardo,MS,Três Lagoas,SANTA RITA DO PARDO
São Gabriel do Oeste,MS,Campo Grande,SAO GABRIEL DO OESTE
Selvíria,MS,Três Lagoas,SELVIRIA
Sete Quedas,MS,Amambai,SETE QUEDAS
Sidrolândia,MS,Campo Grande,SIDROLANDIA
Sonora,MS,Coxim,SONORA
Tacuru,MS,Amambai,TACURU
Taquarussu,MS,Nova Andradina,TAQUARUSSU
Terenos,MS,Campo Grande,TERENOS
Três Lagoas,MS,Três Lagoas,TRES LAGOAS
Vicentina,MS,Dourados,VICENTINA
Acorizal,MT,Cuiabá,ACORIZAL
Água Boa,MT,Água Boa,AGUA BOA
Alta Floresta,MT,Alta Floresta,ALTA FLORESTA
Alto Araguaia,MT,Rondonópolis,ALTO ARAGUAIA
Alto Boa Vista,MT,Confresa - Vila Rica,ALTO BOA VISTA
Alto Garças,MT,Rondonópolis,ALTO GARCAS
Alto Paraguai,MT,Diamantino,ALTO PARAGUAI
Alto Taquari,MT,Rondonópolis,ALTO TAQUARI
Apiacás,MT,Alta Floresta,APIACAS
Araguaiana,MT,Barra do Garças,ARAGUAIANA
Araguainha,MT,Rondonópolis,ARAGUAINHA
Araputanga,MT,Mirassol D'oeste,ARAPUTANGA
Arenápolis,MT,Diamantino,ARENAPOLIS
Aripuanã,MT,Juína,ARIPUANA
Barão de Melgaço,MT,Cuiabá,BARAO DE MELGACO
Barra do Bugres,MT,Tangará da Serra,BARRA DO BUGRES
Barra do Garças,MT,Barra do Garças,BARRA DO GARCAS
Boa Esperança do Norte,MT,Sorriso,BOA ESPERANCA DO NORTE
Bom Jesus do Araguaia,MT,Confresa - Vila Rica,BOM JESUS DO ARAGUAIA
Brasnorte,MT,Tangará da Serra,BRASNORTE
Cáceres,MT,Cáceres,CACERES
Campinápolis,MT,Água Boa,CAMPINAPOLIS
Campo Novo do Parecis,MT,Tangará da Serra,CAMPO NOVO DO PARECIS
Campo Verde,MT,Cuiabá,CAMPO VERDE
Campos de Júlio,MT,Pontes e Lacerda - Comodoro,CAMPOS DE JULIO
Canabrava do Norte,MT,Confresa - Vila Rica,CANABRAVA DO NORTE
Canarana,MT,Água Boa,CANARANA
Carlinda,MT,Alta Floresta,CARLINDA
Castanheira,MT,Juína,CASTANHEIRA
Chapada dos Guimarães,MT,Cuiabá,CHAPADA DOS GUIMARAES
Cláudia,MT,Sinop,CLAUDIA
Cocalinho,MT,Água Boa,COCALINHO
Colíder,MT,Sinop,COLIDER
Colniza,MT,Juína,COLNIZA
Comodoro,MT,Pontes e Lacerda - Comodoro,COMODORO
Confresa,MT,Confresa - Vila Rica,CONFRESA
Conquista D'Oeste,MT,Pontes e Lacerda - Comodoro,CONQUISTA DOESTE
Cotriguaçu,MT,Juína,COTRIGUACU
Cuiabá,MT,Cuiabá,CUIABA
Curvelândia,MT,Cáceres,CURVELANDIA
Denise,MT,Tangará da Serra,DENISE
Diamantino,MT,Diamantino,DIAMANTINO
Dom Aquino,MT,Jaciara,DOM AQUINO
Feliz Natal,MT,Sinop,FELIZ NATAL
Figueirópolis D'Oeste,MT,Mirassol D'oeste,FIGUEIROPOLIS DOESTE
Gaúcha do Norte,MT,Água Boa,GAUCHA DO NORTE
General Carneiro,MT,Barra do Garças,GENERAL CARNEIRO
Glória D'Oeste,MT,Mirassol D'oeste,GLORIA DOESTE
Guarantã do Norte,MT,Peixoto de Azevedo - Guarantã do Norte,GUARANTA DO NORTE
Guiratinga,MT,Rondonópolis,GUIRATINGA
Indiavaí,MT,Mirassol D'oeste,INDIAVAI
Ipiranga do Norte,MT,Sorriso,IPIRANGA DO NORTE
Itanhangá,MT,Sorriso,ITANHANGA
Itaúba,MT,Sinop,ITAUBA
Itiquira,MT,Rondonópolis,ITIQUIRA
Jaciara,MT,Jaciara,JACIARA
Jangada,MT,Cuiabá,JANGADA
Jauru,MT,Mirassol D'oeste,JAURU
Juara,MT,Juara,JUARA
Juína,MT,Juína,JUINA
Juruena,MT,Juína,JURUENA
Juscimeira,MT,Jaciara,JUSCIMEIRA
Lambari D'Oeste,MT,Cáceres,LAMBARI DOESTE
Lucas do Rio Verde,MT,Sorriso,LUCAS DO RIO VERDE
Luciara,MT,Confresa - Vila Rica,LUCIARA
Marcelândia,MT,Sinop,MARCELANDIA
Matupá,MT,Peixoto de Azevedo - Guarantã do Norte,MATUPA
Mirassol d'Oeste,MT,Mirassol D'oeste,MIRASSOL DOESTE
Nobres,MT,Cuiabá,NOBRES
Nortelândia,MT,Diamantino,NORTELANDIA
Nossa Senhora do Livramento,MT,Cuiabá,NOSSA SENHORA DO LIVRAMENTO
Nova Bandeirantes,MT,Alta Floresta,NOVA BANDEIRANTES
Nova Brasilândia,MT,Cuiabá,NOVA BRASILANDIA
Nova Canaã do Norte,MT,Sinop,NOVA CANAA DO NORTE
Nova Guarita,MT,Sinop,NOVA GUARITA
Nova Lacerda,MT,Pontes e Lacerda - Comodoro,NOVA LACERDA
Nova Marilândia,MT,Diamantino,NOVA MARILANDIA
Nova Maringá,MT,Diamantino,NOVA MARINGA
Nova Monte Verde,MT,Alta Floresta,NOVA MONTE VERDE
Nova Mutum,MT,Sorriso,NOVA MUTUM
Nova Nazaré,MT,Água Boa,NOVA NAZARE
Nova Olímpia,MT,Tangará da Serra,NOVA OLIMPIA
Nova Santa Helena,MT,Sinop,NOVA SANTA HELENA
Nova Ubiratã,MT,Sorriso,NOVA UBIRATA
Nova Xavantina,MT,Barra do Garças,NOVA XAVANTINA
Novo Horizonte do Norte,MT,Juara,NOVO HORIZONTE DO NORTE
Novo Mundo,MT,Peixoto de Azevedo - Guarantã do Norte,NOVO MUNDO
Novo Santo Antônio,MT,Confresa - Vila Rica,NOVO SANTO ANTONIO
Novo São Joaquim,MT,Barra do Garças,NOVO SAO JOAQUIM
Paranaíta,MT,Alta Floresta,PARANAITA
Paranatinga,MT,Primavera do Leste,PARANATINGA
Pedra Preta,MT,Rondonópolis,PEDRA PRETA
Peixoto de Azevedo,MT,Peixoto de Azevedo - Guarantã do Norte,PEIXOTO DE AZEVEDO
Planalto da Serra,MT,Cuiabá,PLANALTO DA SERRA
Poconé,MT,Cuiabá,POCONE
Pontal do Araguaia,MT,Barra do Garças,PONTAL DO ARAGUAIA
Ponte Branca,MT,Barra do Garças,PONTE BRANCA
Pontes e Lacerda,MT,Pontes e Lacerda - Comodoro,PONTES E LACERDA
Porto Alegre do Norte,MT,Confresa - Vila Rica,PORTO ALEGRE DO NORTE
Porto dos Gaúchos,MT,Juara,PORTO DOS GAUCHOS
Porto Esperidião,MT,Mirassol D'oeste,PORTO ESPERIDIAO
Porto Estrela,MT,Tangará da Serra,PORTO ESTRELA
Poxoréu,MT,Primavera do Leste,POXOREU
Primavera do Leste,MT,Primavera do Leste,PRIMAVERA DO LESTE
Querência,MT,Água Boa,QUERENCIA
Reserva do Cabaçal,MT,Mirassol D'oeste,RESERVA DO CABACAL
Ribeirão Cascalheira,MT,Água Boa,RIBEIRAO CASCALHEIRA
Ribeirãozinho,MT,Barra do Garças,RIBEIRAOZINHO
Rio Branco,MT,Cáceres,RIO BRANCO
Rondolândia,MT,Juína,RONDOLANDIA
Rondonópolis,MT,Rondonópolis,RONDONOPOLIS
Rosário Oeste,MT,Cuiabá,ROSARIO OESTE
Salto do Céu,MT,Cáceres,SALTO DO CEU
Santa Carmem,MT,Sinop,SANTA CARMEM
Santa Cruz do Xingu,MT,Confresa - Vila Rica,SANTA CRUZ DO XINGU
Santa Rita do Trivelato,MT,Sorriso,SANTA RITA DO TRIVELATO
Santa Terezinha,MT,Confresa - Vila Rica,SANTA TEREZINHA
Santo Afonso,MT,Diamantino,SANTO AFONSO
Santo Antônio de Leverger,MT,Cuiabá,SANTO ANTONIO DE LEVERGER
Santo Antônio do Leste,MT,Primavera do Leste,SANTO ANTONIO DO LESTE
São Félix do Araguaia,MT,Confresa - Vila Rica,SAO FELIX DO ARAGUAIA
São José do Povo,MT,Rondonópolis,SAO JOSE DO POVO
São José do Rio Claro,MT,Diamantino,SAO JOSE DO RIO CLARO
São José do Xingu,MT,Confresa - Vila Rica,SAO JOSE DO XINGU
São José dos Quatro Marcos,MT,Mirassol D'oeste,SAO JOSE DOS QUATRO MARCOS
São Pedro da Cipa,MT,Jaciara,SAO PEDRO DA CIPA
Sapezal,MT,Tangará da Serra,SAPEZAL
Serra Nova Dourada,MT,Confresa - Vila Rica,SERRA NOVA DOURADA
Sinop,MT,Sinop,SINOP
Sorriso,MT,Sorriso,SORRISO
Tabaporã,MT,Juara,TABAPORA
Tangará da Serra,MT,Tangará da Serra,TANGARA DA SERRA
Tapurah,MT,Sorriso,TAPURAH
Terra Nova do Norte,MT,Sinop,TERRA NOVA DO NORTE
Tesouro,MT,Rondonópolis,TESOURO
Torixoréu,MT,Barra do Garças,TORIXOREU
União do Sul,MT,Sinop,UNIAO DO SUL
Vale de São Domingos,MT,Pontes e Lacerda - Comodoro,VALE DE SAO DOMINGOS
Várzea Grande,MT,Cuiabá,VARZEA GRANDE
Vera,MT,Sorriso,VERA
Vila Bela da Santíssima Trindade,MT,Pontes e Lacerda - Comodoro,VILA BELA DA SANTISSIMA TRINDADE
Vila Rica,MT,Confresa - Vila Rica,VILA RICA
Abadia de Goiás,GO,Goiânia,ABADIA DE GOIAS
Abadiânia,GO,Anápolis,ABADIANIA
Acreúna,GO,Palmeiras de Goiás,ACREUNA
Adelândia,GO,Inhumas - Itaberaí - Anicuns,ADELANDIA
Água Fria de Goiás,GO,Flores de Goiás,AGUA FRIA DE GOIAS
Água Limpa,GO,Caldas Novas-Morrinhos,AGUA LIMPA
Águas Lindas de Goiás,GO,Águas Lindas de Goiás,AGUAS LINDAS DE GOIAS
Alexânia,GO,Anápolis,ALEXANIA
Aloândia,GO,Itumbiara,ALOANDIA
Alto Horizonte,GO,Uruaçu - Niquelândia,ALTO HORIZONTE
Alto Paraíso de Goiás,GO,Flores de Goiás,ALTO PARAISO DE GOIAS
Alvorada do Norte,GO,Posse-Campos Belos,ALVORADA DO NORTE
Amaralina,GO,Uruaçu - Niquelândia,AMARALINA
Americano do Brasil,GO,Inhumas - Itaberaí - Anicuns,AMERICANO DO BRASIL
Amorinópolis,GO,Iporá,AMORINOPOLIS
Anápolis,GO,Anápolis,ANAPOLIS
Anhanguera,GO,Catalão,ANHANGUERA
Anicuns,GO,Inhumas - Itaberaí - Anicuns,ANICUNS
Aparecida de Goiânia,GO,Goiânia,APARECIDA DE GOIANIA
Aparecida do Rio Doce,GO,Rio Verde,APARECIDA DO RIO DOCE
Aporé,GO,Jataí-Mineiros,APORE
Araçu,GO,Inhumas - Itaberaí - Anicuns,ARACU
Aragarças,GO,Iporá,ARAGARCAS
Aragoiânia,GO,Goiânia,ARAGOIANIA
Araguapaz,GO,Goiás - Itapuranga,ARAGUAPAZ
Arenópolis,GO,Iporá,ARENOPOLIS
Aruanã,GO,Goiás - Itapuranga,ARUANA
Aurilândia,GO,São Luís de Montes Belos,AURILANDIA
Avelinópolis,GO,Inhumas - Itaberaí - Anicuns,AVELINOPOLIS
Baliza,GO,Iporá,BALIZA
Barro Alto,GO,Ceres - Rialma - Goianésia,BARRO ALTO
Bela Vista de Goiás,GO,Goiânia,BELA VISTA DE GOIAS
Bom Jardim de Goiás,GO,Iporá,BOM JARDIM DE GOIAS
Bom Jesus de Goiás,GO,Itumbiara,BOM JESUS DE GOIAS
Bonfinópolis,GO,Goiânia,BONFINOPOLIS
Bonópolis,GO,Porangatu,BONOPOLIS
Brazabrantes,GO,Goiânia,BRAZABRANTES
Britânia,GO,Goiás - Itapuranga,BRITANIA
Buriti Alegre,GO,Itumbiara,BURITI ALEGRE
Buriti de Goiás,GO,São Luís de Montes Belos,BURITI DE GOIAS
Buritinópolis,GO,Posse-Campos Belos,BURITINOPOLIS
Cabeceiras,GO,Águas Lindas de Goiás,CABECEIRAS
Cachoeira Alta,GO,Rio Verde,CACHOEIRA ALTA
Cachoeira de Goiás,GO,São Luís de Montes Belos,CACHOEIRA DE GOIAS
Cachoeira Dourada,GO,Itumbiara,CACHOEIRA DOURADA
Caçu,GO,Rio Verde,CACU
Caiapônia,GO,Jataí-Mineiros,CAIAPONIA
Caldas Novas,GO,Caldas Novas-Morrinhos,CALDAS NOVAS
Caldazinha,GO,Goiânia,CALDAZINHA
Campestre de Goiás,GO,Palmeiras de Goiás,CAMPESTRE DE GOIAS
Campinaçu,GO,Porangatu,CAMPINACU
Campinorte,GO,Uruaçu - Niquelândia,CAMPINORTE
Campo Alegre de Goiás,GO,Catalão,CAMPO ALEGRE DE GOIAS
Campo Limpo de Goiás,GO,Anápolis,CAMPO LIMPO DE GOIAS
Campos Belos,GO,Posse-Campos Belos,CAMPOS BELOS
Campos Verdes,GO,Ceres - Rialma - Goianésia,CAMPOS VERDES
Carmo do Rio Verde,GO,Ceres - Rialma - Goianésia,CARMO DO RIO VERDE
Castelândia,GO,Rio Verde,CASTELANDIA
Catalão,GO,Catalão,CATALAO
Caturaí,GO,Goiânia,CATURAI
Cavalcante,GO,Flores de Goiás,CAVALCANTE
Ceres,GO,Ceres - Rialma - Goianésia,CERES
Cezarina,GO,Palmeiras de Goiás,CEZARINA
Chapadão do Céu,GO,Jataí-Mineiros,CHAPADAO DO CEU
Cidade Ocidental,GO,Luziânia,CIDADE OCIDENTAL
Cocalzinho de Goiás,GO,Águas Lindas de Goiás,COCALZINHO DE GOIAS
Colinas do Sul,GO,Uruaçu - Niquelândia,COLINAS DO SUL
Córrego do Ouro,GO,São Luís de Montes Belos,CORREGO DO OURO
Corumbá de Goiás,GO,Anápolis,CORUMBA DE GOIAS
Corumbaíba,GO,Caldas Novas-Morrinhos,CORUMBAIBA
Cristalina,GO,Luziânia,CRISTALINA
Cristianópolis,GO,Piracanjuba,CRISTIANOPOLIS
Crixás,GO,Ceres - Rialma - Goianésia,CRIXAS
Cromínia,GO,Piracanjuba,CROMINIA
Cumari,GO,Catalão,CUMARI
Damianópolis,GO,Posse-Campos Belos,DAMIANOPOLIS
Damolândia,GO,Inhumas - Itaberaí - Anicuns,DAMOLANDIA
Davinópolis,GO,Catalão,DAVINOPOLIS
Diorama,GO,Iporá,DIORAMA
Divinópolis de Goiás,GO,Posse-Campos Belos,DIVINOPOLIS DE GOIAS
Doverlândia,GO,Jataí-Mineiros,DOVERLANDIA
Edealina,GO,Piracanjuba,EDEALINA
Edéia,GO,Palmeiras de Goiás,EDEIA
Estrela do Norte,GO,Porangatu,ESTRELA DO NORTE
Faina,GO,Goiás - Itapuranga,FAINA
Fazenda Nova,GO,São Luís de Montes Belos,FAZENDA NOVA
Firminópolis,GO,Palmeiras de Goiás,FIRMINOPOLIS
Flores de Goiás,GO,Flores de Goiás,FLORES DE GOIAS
Formosa,GO,Águas Lindas de Goiás,FORMOSA
Formoso,GO,Porangatu,FORMOSO
Gameleira de Goiás,GO,Anápolis,GAMELEIRA DE GOIAS
Goianápolis,GO,Anápolis,GOIANAPOLIS
Goiandira,GO,Catalão,GOIANDIRA
Goianésia,GO,Ceres - Rialma - Goianésia,GOIANESIA
Goiânia,GO,Goiânia,GOIANIA
Goianira,GO,Goiânia,GOIANIRA
Goiás,GO,Goiás - Itapuranga,GOIAS
Goiatuba,GO,Itumbiara,GOIATUBA
Gouvelândia,GO,Quirinópolis,GOUVELANDIA
Guapó,GO,Goiânia,GUAPO
Guaraíta,GO,Goiás - Itapuranga,GUARAITA
Guarani de Goiás,GO,Posse-Campos Belos,GUARANI DE GOIAS
Guarinos,GO,Ceres - Rialma - Goianésia,GUARINOS
Heitoraí,GO,Inhumas - Itaberaí - Anicuns,HEITORAI
Hidrolândia,GO,Goiânia,HIDROLANDIA
Hidrolina,GO,Uruaçu - Niquelândia,HIDROLINA
Iaciara,GO,Posse-Campos Belos,IACIARA
Inaciolândia,GO,Quirinópolis,INACIOLANDIA
Indiara,GO,Palmeiras de Goiás,INDIARA
Inhumas,GO,Inhumas - Itaberaí - Anicuns,INHUMAS
Ipameri,GO,Catalão,IPAMERI
Ipiranga de Goiás,GO,Ceres - Rialma - Goianésia,IPIRANGA DE GOIAS
Iporá,GO,Iporá,IPORA
Israelândia,GO,Iporá,ISRAELANDIA
Itaberaí,GO,Inhumas - Itaberaí - Anicuns,ITABERAI
Itaguari,GO,Inhumas - Itaberaí - Anicuns,ITAGUARI
Itaguaru,GO,Inhumas - Itaberaí - Anicuns,ITAGUARU
Itajá,GO,Rio Verde,ITAJA
Itapaci,GO,Ceres - Rialma - Goianésia,ITAPACI
Itapirapuã,GO,Goiás - Itapuranga,ITAPIRAPUA
Itapuranga,GO,Goiás - Itapuranga,ITAPURANGA
Itarumã,GO,Rio Verde,ITARUMA
Itauçu,GO,Inhumas - Itaberaí - Anicuns,ITAUCU
Itumbiara,GO,Itumbiara,ITUMBIARA
Ivolândia,GO,São Luís de Montes Belos,IVOLANDIA
Jandaia,GO,Palmeiras de Goiás,JANDAIA
Jaraguá,GO,Anápolis,JARAGUA
Jataí,GO,Jataí-Mineiros,JATAI
Jaupaci,GO,Iporá,JAUPACI
Jesúpolis,GO,Anápolis,JESUPOLIS
Joviânia,GO,Itumbiara,JOVIANIA
Jussara,GO,Goiás - Itapuranga,JUSSARA
Lagoa Santa,GO,Rio Verde,LAGOA SANTA
Leopoldo de Bulhões,GO,Anápolis,LEOPOLDO DE BULHOES
Luziânia,GO,Luziânia,LUZIANIA
Mairipotaba,GO,Piracanjuba,MAIRIPOTABA
Mambaí,GO,Posse-Campos Belos,MAMBAI
Mara Rosa,GO,Uruaçu - Niquelândia,MARA ROSA
Marzagão,GO,Caldas Novas-Morrinhos,MARZAGAO
Matrinchã,GO,Goiás - Itapuranga,MATRINCHA
Maurilândia,GO,Rio Verde,MAURILANDIA
Mimoso de Goiás,GO,Águas Lindas de Goiás,MIMOSO DE GOIAS
Minaçu,GO,Porangatu,MINACU
Mineiros,GO,Jataí-Mineiros,MINEIROS
Moiporá,GO,São Luís de Montes Belos,MOIPORA
Monte Alegre de Goiás,GO,Posse-Campos Belos,MONTE ALEGRE DE GOIAS
Montes Claros de Goiás,GO,Iporá,MONTES CLAROS DE GOIAS
Montividiu,GO,Rio Verde,MONTIVIDIU
Montividiu do Norte,GO,Porangatu,MONTIVIDIU DO NORTE
Morrinhos,GO,Caldas Novas-Morrinhos,MORRINHOS
Morro Agudo de Goiás,GO,Ceres - Rialma - Goianésia,MORRO AGUDO DE GOIAS
Mossâmedes,GO,Goiás - Itapuranga,MOSSAMEDES
Mozarlândia,GO,Goiás - Itapuranga,MOZARLANDIA
Mundo Novo,GO,Porangatu,MUNDO NOVO
Mutunópolis,GO,Porangatu,MUTUNOPOLIS
Nazário,GO,Palmeiras de Goiás,NAZARIO
Nerópolis,GO,Goiânia,NEROPOLIS
Niquelândia,GO,Uruaçu - Niquelândia,NIQUELANDIA
Nova América,GO,Ceres - Rialma - Goianésia,NOVA AMERICA
Nova Aurora,GO,Catalão,NOVA AURORA
Nova Crixás,GO,Goiás - Itapuranga,NOVA CRIXAS
Nova Glória,GO,Ceres - Rialma - Goianésia,NOVA GLORIA
Nova Iguaçu de Goiás,GO,Uruaçu - Niquelândia,NOVA IGUACU DE GOIAS
Nova Roma,GO,Posse-Campos Belos,NOVA ROMA
Nova Veneza,GO,Goiânia,NOVA VENEZA
Novo Brasil,GO,Goiás - Itapuranga,NOVO BRASIL
Novo Gama,GO,Luziânia,NOVO GAMA
Novo Planalto,GO,Porangatu,NOVO PLANALTO
Orizona,GO,Pires do Rio,ORIZONA
Ouro Verde de Goiás,GO,Anápolis,OURO VERDE DE GOIAS
Ouvidor,GO,Catalão,OUVIDOR
Padre Bernardo,GO,Águas Lindas de Goiás,PADRE BERNARDO
Palestina de Goiás,GO,Iporá,PALESTINA DE GOIAS
Palmeiras de Goiás,GO,Palmeiras de Goiás,PALMEIRAS DE GOIAS
Palmelo,GO,Pires do Rio,PALMELO
Palminópolis,GO,Palmeiras de Goiás,PALMINOPOLIS
Panamá,GO,Itumbiara,PANAMA
Paranaiguara,GO,Quirinópolis,PARANAIGUARA
Paraúna,GO,Palmeiras de Goiás,PARAUNA
Perolândia,GO,Jataí-Mineiros,PEROLANDIA
Petrolina de Goiás,GO,Anápolis,PETROLINA DE GOIAS
Pilar de Goiás,GO,Ceres - Rialma - Goianésia,PILAR DE GOIAS
Piracanjuba,GO,Piracanjuba,PIRACANJUBA
Piranhas,GO,Iporá,PIRANHAS
Pirenópolis,GO,Anápolis,PIRENOPOLIS
Pires do Rio,GO,Pires do Rio,PIRES DO RIO
Planaltina,GO,Águas Lindas de Goiás,PLANALTINA
Pontalina,GO,Piracanjuba,PONTALINA
Porangatu,GO,Porangatu,PORANGATU
Porteirão,GO,Rio Verde,PORTEIRAO
Portelândia,GO,Jataí-Mineiros,PORTELANDIA
Posse,GO,Posse-Campos Belos,POSSE
Professor Jamil,GO,Piracanjuba,PROFESSOR JAMIL
Quirinópolis,GO,Quirinópolis,QUIRINOPOLIS
Rialma,GO,Ceres - Rialma - Goianésia,RIALMA
Rianápolis,GO,Ceres - Rialma - Goianésia,RIANAPOLIS
Rio Quente,GO,Caldas Novas-Morrinhos,RIO QUENTE
Rio Verde,GO,Rio Verde,RIO VERDE
Rubiataba,GO,Ceres - Rialma - Goianésia,RUBIATABA
Sanclerlândia,GO,São Luís de Montes Belos,SANCLERLANDIA
Santa Bárbara de Goiás,GO,Palmeiras de Goiás,SANTA BARBARA DE GOIAS
Santa Cruz de Goiás,GO,Pires do Rio,SANTA CRUZ DE GOIAS
Santa Fé de Goiás,GO,Goiás - Itapuranga,SANTA FE DE GOIAS
Santa Helena de Goiás,GO,Rio Verde,SANTA HELENA DE GOIAS
Santa Isabel,GO,Ceres - Rialma - Goianésia,SANTA ISABEL
Santa Rita do Araguaia,GO,Jataí-Mineiros,SANTA RITA DO ARAGUAIA
Santa Rita do Novo Destino,GO,Ceres - Rialma - Goianésia,SANTA RITA DO NOVO DESTINO
Santa Rosa de Goiás,GO,Anápolis,SANTA ROSA DE GOIAS
Santa Tereza de Goiás,GO,Porangatu,SANTA TEREZA DE GOIAS
Santa Terezinha de Goiás,GO,Ceres - Rialma - Goianésia,SANTA TEREZINHA DE GOIAS
Santo Antônio da Barra,GO,Rio Verde,SANTO ANTONIO DA BARRA
Santo Antônio de Goiás,GO,Goiânia,SANTO ANTONIO DE GOIAS
Santo Antônio do Descoberto,GO,Luziânia,SANTO ANTONIO DO DESCOBERTO
São Domingos,GO,Posse-Campos Belos,SAO DOMINGOS
São Francisco de Goiás,GO,Anápolis,SAO FRANCISCO DE GOIAS
São João da Paraúna,GO,Palmeiras de Goiás,SAO JOAO DA PARAUNA
São João d'Aliança,GO,Flores de Goiás,SAO JOAO DALIANCA
São Luís de Montes Belos,GO,São Luís de Montes Belos,SAO LUIS DE MONTES BELOS
São Luiz do Norte,GO,Uruaçu - Niquelândia,SAO LUIZ DO NORTE
São Miguel do Araguaia,GO,Porangatu,SAO MIGUEL DO ARAGUAIA
São Miguel do Passa Quatro,GO,Anápolis,SAO MIGUEL DO PASSA QUATRO
São Patrício,GO,Ceres - Rialma - Goianésia,SAO PATRICIO
São Simão,GO,Quirinópolis,SAO SIMAO
Senador Canedo,GO,Goiânia,SENADOR CANEDO
Serranópolis,GO,Jataí-Mineiros,SERRANOPOLIS
Silvânia,GO,Anápolis,SILVANIA
Simolândia,GO,Posse-Campos Belos,SIMOLANDIA
Sítio d'Abadia,GO,Posse-Campos Belos,SITIO DABADIA
Taquaral de Goiás,GO,Inhumas - Itaberaí - Anicuns,TAQUARAL DE GOIAS
Teresina de Goiás,GO,Flores de Goiás,TERESINA DE GOIAS
Terezópolis de Goiás,GO,Goiânia,TEREZOPOLIS DE GOIAS
Três Ranchos,GO,Catalão,TRES RANCHOS
Trindade,GO,Goiânia,TRINDADE
Trombas,GO,Porangatu,TROMBAS
Turvânia,GO,Palmeiras de Goiás,TURVANIA
Turvelândia,GO,Rio Verde,TURVELANDIA
Uirapuru,GO,Ceres - Rialma - Goianésia,UIRAPURU
Uruaçu,GO,Uruaçu - Niquelândia,URUACU
Uruana,GO,Ceres - Rialma - Goianésia,URUANA
Urutaí,GO,Pires do Rio,URUTAI
Valparaíso de Goiás,GO,Luziânia,VALPARAISO DE GOIAS
Varjão,GO,Goiânia,VARJAO
Vianópolis,GO,Anápolis,VIANOPOLIS
Vicentinópolis,GO,Piracanjuba,VICENTINOPOLIS
Vila Boa,GO,Flores de Goiás,VILA BOA
Vila Propício,GO,Ceres - Rialma - Goianésia,VILA PROPICIO
Brasília,DF,Distrito Federal,BRASILIA
