year;access_date_week;IGR;access_count;year_access;count_physician;rate_access_per_physician
2021;2021-00;Afonso Cláudio - Venda Nova do Imigrante - Santa Maria de Jetibá;0;2021;431;0.0
2021;2021-00;Alegre;0;2021;309;0.0
2021;2021-00;Araranguá;0;2021;502;0.0
2021;2021-00;Atalaia;0;2021;29;0.0
2021;2021-00;Bagé;0;2021;158;0.0
2021;2021-00;Belo Horizonte;12;2021;32062;3.7427484249267047
2021;2021-00;Belém;0;2021;7079;0.0
2021;2021-00;Bento Gonçalves;0;2021;545;0.0
2021;2021-00;Boa Vista;0;2021;89;0.0
2021;2021-00;Bragança Paulista;0;2021;24;0.0
2021;2021-00;Brumado;0;2021;246;0.0
2021;2021-00;Camacan;0;2021;2;0.0
2021;2021-00;Campina Grande;0;2021;2373;0.0
2021;2021-00;Campo Belo;0;2021;35;0.0
2021;2021-00;Campos dos Goytacazes;0;2021;1009;0.0
2021;2021-00;Caratinga;0;2021;716;0.0
2021;2021-00;Carazinho;0;2021;48;0.0
2021;2021-00;Cascavel;0;2021;36;0.0
2021;2021-00;Catalão;0;2021;250;0.0
2021;2021-00;Catanduva;0;2021;13;0.0
2021;2021-00;Caxias do Sul;0;2021;3731;0.0
2021;2021-00;Conceição do Coité;0;2021;33;0.0
2021;2021-00;Cruz Alta;0;2021;226;0.0
2021;2021-00;Curitiba;3;2021;16261;1.8449049873931491
2021;2021-00;Curitibanos;0;2021;10;0.0
2021;2021-00;Distrito Federal;4;2021;11128;3.5945363048166787
2021;2021-00;Eunápolis - Porto Seguro;0;2021;17;0.0
2021;2021-00;Frederico Westphalen;0;2021;238;0.0
2021;2021-00;Goiana ¿ Timbaúba;0;2021;730;0.0
2021;2021-00;Guarabira;0;2021;22;0.0
2021;2021-00;Guarapuava;0;2021;11;0.0
2021;2021-00;Gurupi;0;2021;32;0.0
2021;2021-00;Ijuí;0;2021;472;0.0
2021;2021-00;Imperatriz;0;2021;10;0.0
2021;2021-00;Itacoatiara;0;2021;14;0.0
2021;2021-00;Jaú;0;2021;172;0.0
2021;2021-00;Ji-Paraná;0;2021;16;0.0
2021;2021-00;Joaçaba - Herval d'Oeste;0;2021;659;0.0
2021;2021-00;Joinville;0;2021;33;0.0
2021;2021-00;Juiz de Fora;0;2021;2594;0.0
2021;2021-00;Linhares;0;2021;733;0.0
2021;2021-00;Maceió;0;2021;46;0.0
2021;2021-00;Manaus;8;2021;3961;20.19691996970462
2021;2021-00;Mantena;0;2021;118;0.0
2021;2021-00;Maringá;0;2021;2708;0.0
2021;2021-00;Marília;0;2021;1054;0.0
2021;2021-00;Monteiro;0;2021;5;0.0
2021;2021-00;Mossoró;0;2021;35;0.0
2021;2021-00;Natal;0;2021;34;0.0
2021;2021-00;Nazaré ¿ Maragogipe;0;2021;23;0.0
2021;2021-00;Nova Prata - Guaporé;0;2021;387;0.0
2021;2021-00;Oliveira;0;2021;431;0.0
2021;2021-00;Passo Fundo;0;2021;1722;0.0
2021;2021-00;Passos;0;2021;455;0.0
2021;2021-00;Patos;0;2021;27;0.0
2021;2021-00;Pinheiro;0;2021;189;0.0
2021;2021-00;Pirapora;0;2021;153;0.0
2021;2021-00;Piumhi;0;2021;36;0.0
2021;2021-00;Ponte Nova;0;2021;12;0.0
2021;2021-00;Porto Alegre;2;2021;15348;1.3031013812874641
2021;2021-00;Princesa Isabel;0;2021;12;0.0
2021;2021-00;Quirinópolis;0;2021;65;0.0
2021;2021-00;Resende;0;2021;509;0.0
2021;2021-00;Ribeirão Preto;0;2021;6135;0.0
2021;2021-00;Rio Claro;1;2021;189;52.910052910052904
2021;2021-00;Rio de Janeiro;13;2021;40419;3.2163091615329424
2021;2021-00;Russas - Limoeiro do Norte;0;2021;1039;0.0
2021;2021-00;Salvador;10;2021;12015;8.322929671244278
2021;2021-00;Santa Cruz do Sul;0;2021;1042;0.0
2021;2021-00;Santa Inês;0;2021;44;0.0
2021;2021-00;Santa Maria;0;2021;1110;0.0
2021;2021-00;Santa Maria da Vitoria;0;2021;13;0.0
2021;2021-00;Santana do Livramento;0;2021;89;0.0
2021;2021-00;Santos;0;2021;1071;0.0
2021;2021-00;Serra Talhada;0;2021;94;0.0
2021;2021-00;Soledade;0;2021;129;0.0
2021;2021-00;São Miguel do Oeste;0;2021;262;0.0
2021;2021-00;São Paulo;19;2021;73318;2.591450939741946
2021;2021-00;Teófilo Otoni;0;2021;555;0.0
2021;2021-00;Toledo;0;2021;42;0.0
2021;2021-00;Uberaba;0;2021;1886;0.0
2021;2021-00;Uberlândia;0;2021;3083;0.0
2021;2021-00;Uruguaiana;0;2021;222;0.0
2021;2021-00;Valença;0;2021;19;0.0
2021;2021-00;Vitória;0;2021;54;0.0
2021;2021-00;Vitória da Conquista;0;2021;14;0.0
2021;2021-00;Volta Redonda - Barra Mansa;0;2021;2694;0.0
2021;2021-01;Afonso Cláudio - Venda Nova do Imigrante - Santa Maria de Jetibá;0;2021;431;0.0
2021;2021-01;Alegre;1;2021;309;32.36245954692557
2021;2021-01;Araranguá;0;2021;502;0.0
2021;2021-01;Atalaia;0;2021;29;0.0
2021;2021-01;Bagé;0;2021;158;0.0
2021;2021-01;Belo Horizonte;23;2021;32062;7.173601147776184
2021;2021-01;Belém;4;2021;7079;5.650515609549371
2021;2021-01;Bento Gonçalves;0;2021;545;0.0
2021;2021-01;Boa Vista;0;2021;89;0.0
2021;2021-01;Bragança Paulista;0;2021;24;0.0
2021;2021-01;Brumado;0;2021;246;0.0
2021;2021-01;Camacan;0;2021;2;0.0
2021;2021-01;Campina Grande;2;2021;2373;8.428150021070376
2021;2021-01;Campo Belo;0;2021;35;0.0
2021;2021-01;Campos dos Goytacazes;0;2021;1009;0.0
2021;2021-01;Caratinga;0;2021;716;0.0
2021;2021-01;Carazinho;0;2021;48;0.0
2021;2021-01;Cascavel;0;2021;36;0.0
2021;2021-01;Catalão;0;2021;250;0.0
2021;2021-01;Catanduva;0;2021;13;0.0
2021;2021-01;Caxias do Sul;0;2021;3731;0.0
2021;2021-01;Conceição do Coité;0;2021;33;0.0
2021;2021-01;Cruz Alta;0;2021;226;0.0
2021;2021-01;Curitiba;14;2021;16261;8.609556607834696
2021;2021-01;Curitibanos;0;2021;10;0.0
2021;2021-01;Distrito Federal;18;2021;11128;16.175413371675052
2021;2021-01;Eunápolis - Porto Seguro;0;2021;17;0.0
2021;2021-01;Frederico Westphalen;0;2021;238;0.0
2021;2021-01;Goiana ¿ Timbaúba;0;2021;730;0.0
2021;2021-01;Guarabira;0;2021;22;0.0
2021;2021-01;Guarapuava;0;2021;11;0.0
2021;2021-01;Gurupi;0;2021;32;0.0
2021;2021-01;Ijuí;1;2021;472;21.1864406779661
2021;2021-01;Imperatriz;0;2021;10;0.0
2021;2021-01;Itacoatiara;0;2021;14;0.0
2021;2021-01;Jaú;0;2021;172;0.0
2021;2021-01;Ji-Paraná;0;2021;16;0.0
2021;2021-01;Joaçaba - Herval d'Oeste;0;2021;659;0.0
2021;2021-01;Joinville;0;2021;33;0.0
2021;2021-01;Juiz de Fora;2;2021;2594;7.710100231303007
2021;2021-01;Linhares;0;2021;733;0.0
2021;2021-01;Maceió;0;2021;46;0.0
2021;2021-01;Manaus;18;2021;3961;45.443069931835396
2021;2021-01;Mantena;0;2021;118;0.0
2021;2021-01;Maringá;5;2021;2708;18.46381093057607
2021;2021-01;Marília;1;2021;1054;9.487666034155598
2021;2021-01;Monteiro;0;2021;5;0.0
2021;2021-01;Mossoró;0;2021;35;0.0
2021;2021-01;Natal;0;2021;34;0.0
2021;2021-01;Nazaré ¿ Maragogipe;0;2021;23;0.0
2021;2021-01;Nova Prata - Guaporé;0;2021;387;0.0
2021;2021-01;Oliveira;0;2021;431;0.0
2021;2021-01;Passo Fundo;0;2021;1722;0.0
2021;2021-01;Passos;0;2021;455;0.0
2021;2021-01;Patos;0;2021;27;0.0
2021;2021-01;Pinheiro;0;2021;189;0.0
2021;2021-01;Pirapora;0;2021;153;0.0
2021;2021-01;Piumhi;0;2021;36;0.0
2021;2021-01;Ponte Nova;0;2021;12;0.0
2021;2021-01;Porto Alegre;10;2021;15348;6.515506906437321
2021;2021-01;Princesa Isabel;0;2021;12;0.0
2021;2021-01;Quirinópolis;0;2021;65;0.0
2021;2021-01;Resende;0;2021;509;0.0
2021;2021-01;Ribeirão Preto;1;2021;6135;1.6299918500407498
2021;2021-01;Rio Claro;0;2021;189;0.0
2021;2021-01;Rio de Janeiro;18;2021;40419;4.45335114673792
2021;2021-01;Russas - Limoeiro do Norte;2;2021;1039;19.249278152069298
2021;2021-01;Salvador;13;2021;12015;10.81980857261756
2021;2021-01;Santa Cruz do Sul;0;2021;1042;0.0
2021;2021-01;Santa Inês;0;2021;44;0.0
2021;2021-01;Santa Maria;0;2021;1110;0.0
2021;2021-01;Santa Maria da Vitoria;0;2021;13;0.0
2021;2021-01;Santana do Livramento;0;2021;89;0.0
2021;2021-01;Santos;0;2021;1071;0.0
2021;2021-01;Serra Talhada;0;2021;94;0.0
2021;2021-01;Soledade;0;2021;129;0.0
2021;2021-01;São Miguel do Oeste;0;2021;262;0.0
2021;2021-01;São Paulo;79;2021;73318;10.774980223137566
2021;2021-01;Teófilo Otoni;3;2021;555;54.054054054054056
2021;2021-01;Toledo;0;2021;42;0.0
2021;2021-01;Uberaba;0;2021;1886;0.0
2021;2021-01;Uberlândia;2;2021;3083;6.487187804086928
2021;2021-01;Uruguaiana;0;2021;222;0.0
2021;2021-01;Valença;0;2021;19;0.0
2021;2021-01;Vitória;0;2021;54;0.0
2021;2021-01;Vitória da Conquista;0;2021;14;0.0
2021;2021-01;Volta Redonda - Barra Mansa;1;2021;2694;3.711952487008166
2021;2021-02;Afonso Cláudio - Venda Nova do Imigrante - Santa Maria de Jetibá;0;2021;431;0.0
2021;2021-02;Alegre;0;2021;309;0.0
2021;2021-02;Araranguá;0;2021;502;0.0
2021;2021-02;Atalaia;0;2021;29;0.0
2021;2021-02;Bagé;0;2021;158;0.0
2021;2021-02;Belo Horizonte;25;2021;32062;7.797392551930634
2021;2021-02;Belém;5;2021;7079;7.063144511936714
2021;2021-02;Bento Gonçalves;0;2021;545;0.0
2021;2021-02;Boa Vista;0;2021;89;0.0
2021;2021-02;Bragança Paulista;0;2021;24;0.0
2021;2021-02;Brumado;0;2021;246;0.0
2021;2021-02;Camacan;0;2021;2;0.0
2021;2021-02;Campina Grande;0;2021;2373;0.0
2021;2021-02;Campo Belo;1;2021;35;285.7142857142857
2021;2021-02;Campos dos Goytacazes;0;2021;1009;0.0
2021;2021-02;Caratinga;1;2021;716;13.966480446927374
2021;2021-02;Carazinho;0;2021;48;0.0
2021;2021-02;Cascavel;0;2021;36;0.0
2021;2021-02;Catalão;0;2021;250;0.0
2021;2021-02;Catanduva;0;2021;13;0.0
2021;2021-02;Caxias do Sul;1;2021;3731;2.6802465826856072
2021;2021-02;Conceição do Coité;0;2021;33;0.0
2021;2021-02;Cruz Alta;0;2021;226;0.0
2021;2021-02;Curitiba;16;2021;16261;9.839493266096797
2021;2021-02;Curitibanos;0;2021;10;0.0
2021;2021-02;Distrito Federal;28;2021;11128;25.16175413371675
2021;2021-02;Eunápolis - Porto Seguro;0;2021;17;0.0
2021;2021-02;Frederico Westphalen;0;2021;238;0.0
2021;2021-02;Goiana ¿ Timbaúba;0;2021;730;0.0
2021;2021-02;Guarabira;0;2021;22;0.0
2021;2021-02;Guarapuava;0;2021;11;0.0
2021;2021-02;Gurupi;0;2021;32;0.0
2021;2021-02;Ijuí;0;2021;472;0.0
2021;2021-02;Imperatriz;0;2021;10;0.0
2021;2021-02;Itacoatiara;0;2021;14;0.0
2021;2021-02;Jaú;0;2021;172;0.0
2021;2021-02;Ji-Paraná;0;2021;16;0.0
2021;2021-02;Joaçaba - Herval d'Oeste;0;2021;659;0.0
2021;2021-02;Joinville;0;2021;33;0.0
2021;2021-02;Juiz de Fora;1;2021;2594;3.8550501156515034
2021;2021-02;Linhares;0;2021;733;0.0
2021;2021-02;Maceió;0;2021;46;0.0
2021;2021-02;Manaus;14;2021;3961;35.344609946983084
2021;2021-02;Mantena;0;2021;118;0.0
2021;2021-02;Maringá;1;2021;2708;3.6927621861152145
2021;2021-02;Marília;0;2021;1054;0.0
2021;2021-02;Monteiro;0;2021;5;0.0
2021;2021-02;Mossoró;0;2021;35;0.0
2021;2021-02;Natal;0;2021;34;0.0
2021;2021-02;Nazaré ¿ Maragogipe;0;2021;23;0.0
2021;2021-02;Nova Prata - Guaporé;0;2021;387;0.0
2021;2021-02;Oliveira;0;2021;431;0.0
2021;2021-02;Passo Fundo;0;2021;1722;0.0
2021;2021-02;Passos;0;2021;455;0.0
2021;2021-02;Patos;0;2021;27;0.0
2021;2021-02;Pinheiro;0;2021;189;0.0
2021;2021-02;Pirapora;0;2021;153;0.0
2021;2021-02;Piumhi;0;2021;36;0.0
2021;2021-02;Ponte Nova;0;2021;12;0.0
2021;2021-02;Porto Alegre;3;2021;15348;1.9546520719311962
2021;2021-02;Princesa Isabel;0;2021;12;0.0
2021;2021-02;Quirinópolis;0;2021;65;0.0
2021;2021-02;Resende;0;2021;509;0.0
2021;2021-02;Ribeirão Preto;2;2021;6135;3.2599837000814995
2021;2021-02;Rio Claro;0;2021;189;0.0
2021;2021-02;Rio de Janeiro;14;2021;40419;3.463717558573938
2021;2021-02;Russas - Limoeiro do Norte;0;2021;1039;0.0
2021;2021-02;Salvador;9;2021;12015;7.490636704119851
2021;2021-02;Santa Cruz do Sul;0;2021;1042;0.0
2021;2021-02;Santa Inês;0;2021;44;0.0
2021;2021-02;Santa Maria;0;2021;1110;0.0
2021;2021-02;Santa Maria da Vitoria;0;2021;13;0.0
2021;2021-02;Santana do Livramento;0;2021;89;0.0
2021;2021-02;Santos;1;2021;1071;9.337068160597573
2021;2021-02;Serra Talhada;0;2021;94;0.0
2021;2021-02;Soledade;0;2021;129;0.0
2021;2021-02;São Miguel do Oeste;0;2021;262;0.0
2021;2021-02;São Paulo;60;2021;73318;8.18352928339562
2021;2021-02;Teófilo Otoni;0;2021;555;0.0
2021;2021-02;Toledo;0;2021;42;0.0
2021;2021-02;Uberaba;0;2021;1886;0.0
2021;2021-02;Uberlândia;0;2021;3083;0.0
2021;2021-02;Uruguaiana;0;2021;222;0.0
2021;2021-02;Valença;0;2021;19;0.0
2021;2021-02;Vitória;0;2021;54;0.0
2021;2021-02;Vitória da Conquista;0;2021;14;0.0
2021;2021-02;Volta Redonda - Barra Mansa;0;2021;2694;0.0
2021;2021-03;Afonso Cláudio - Venda Nova do Imigrante - Santa Maria de Jetibá;0;2021;431;0.0
2021;2021-03;Alegre;0;2021;309;0.0
2021;2021-03;Araranguá;0;2021;502;0.0
2021;2021-03;Atalaia;0;2021;29;0.0
2021;2021-03;Bagé;0;2021;158;0.0
2021;2021-03;Belo Horizonte;20;2021;32062;6.237914041544507
2021;2021-03;Belém;0;2021;7079;0.0
2021;2021-03;Bento Gonçalves;0;2021;545;0.0
2021;2021-03;Boa Vista;0;2021;89;0.0
2021;2021-03;Bragança Paulista;0;2021;24;0.0
2021;2021-03;Brumado;0;2021;246;0.0
2021;2021-03;Camacan;0;2021;2;0.0
2021;2021-03;Campina Grande;1;2021;2373;4.214075010535188
2021;2021-03;Campo Belo;0;2021;35;0.0
2021;2021-03;Campos dos Goytacazes;0;2021;1009;0.0
2021;2021-03;Caratinga;0;2021;716;0.0
2021;2021-03;Carazinho;0;2021;48;0.0
2021;2021-03;Cascavel;0;2021;36;0.0
2021;2021-03;Catalão;0;2021;250;0.0
2021;2021-03;Catanduva;0;2021;13;0.0
2021;2021-03;Caxias do Sul;1;2021;3731;2.6802465826856072
2021;2021-03;Conceição do Coité;0;2021;33;0.0
2021;2021-03;Cruz Alta;0;2021;226;0.0
2021;2021-03;Curitiba;15;2021;16261;9.224524936965746
2021;2021-03;Curitibanos;0;2021;10;0.0
2021;2021-03;Distrito Federal;17;2021;11128;15.276779295470885
2021;2021-03;Eunápolis - Porto Seguro;0;2021;17;0.0
2021;2021-03;Frederico Westphalen;0;2021;238;0.0
2021;2021-03;Goiana ¿ Timbaúba;0;2021;730;0.0
2021;2021-03;Guarabira;0;2021;22;0.0
2021;2021-03;Guarapuava;0;2021;11;0.0
2021;2021-03;Gurupi;0;2021;32;0.0
2021;2021-03;Ijuí;0;2021;472;0.0
2021;2021-03;Imperatriz;0;2021;10;0.0
2021;2021-03;Itacoatiara;0;2021;14;0.0
2021;2021-03;Jaú;0;2021;172;0.0
2021;2021-03;Ji-Paraná;0;2021;16;0.0
2021;2021-03;Joaçaba - Herval d'Oeste;0;2021;659;0.0
2021;2021-03;Joinville;0;2021;33;0.0
2021;2021-03;Juiz de Fora;7;2021;2594;26.985350809560522
2021;2021-03;Linhares;0;2021;733;0.0
2021;2021-03;Maceió;0;2021;46;0.0
2021;2021-03;Manaus;19;2021;3961;47.96768492804847
2021;2021-03;Mantena;0;2021;118;0.0
2021;2021-03;Maringá;0;2021;2708;0.0
2021;2021-03;Marília;0;2021;1054;0.0
2021;2021-03;Monteiro;0;2021;5;0.0
2021;2021-03;Mossoró;0;2021;35;0.0
2021;2021-03;Natal;0;2021;34;0.0
2021;2021-03;Nazaré ¿ Maragogipe;0;2021;23;0.0
2021;2021-03;Nova Prata - Guaporé;0;2021;387;0.0
2021;2021-03;Oliveira;0;2021;431;0.0
2021;2021-03;Passo Fundo;0;2021;1722;0.0
2021;2021-03;Passos;0;2021;455;0.0
2021;2021-03;Patos;0;2021;27;0.0
2021;2021-03;Pinheiro;0;2021;189;0.0
2021;2021-03;Pirapora;0;2021;153;0.0
2021;2021-03;Piumhi;0;2021;36;0.0
2021;2021-03;Ponte Nova;0;2021;12;0.0
2021;2021-03;Porto Alegre;5;2021;15348;3.2577534532186605
2021;2021-03;Princesa Isabel;0;2021;12;0.0
2021;2021-03;Quirinópolis;0;2021;65;0.0
2021;2021-03;Resende;0;2021;509;0.0
2021;2021-03;Ribeirão Preto;0;2021;6135;0.0
2021;2021-03;Rio Claro;0;2021;189;0.0
2021;2021-03;Rio de Janeiro;23;2021;40419;5.690393131942899
2021;2021-03;Russas - Limoeiro do Norte;0;2021;1039;0.0
2021;2021-03;Salvador;16;2021;12015;13.316687473990845
2021;2021-03;Santa Cruz do Sul;0;2021;1042;0.0
2021;2021-03;Santa Inês;0;2021;44;0.0
2021;2021-03;Santa Maria;0;2021;1110;0.0
2021;2021-03;Santa Maria da Vitoria;0;2021;13;0.0
2021;2021-03;Santana do Livramento;0;2021;89;0.0
2021;2021-03;Santos;2;2021;1071;18.674136321195146
2021;2021-03;Serra Talhada;0;2021;94;0.0
2021;2021-03;Soledade;0;2021;129;0.0
2021;2021-03;São Miguel do Oeste;0;2021;262;0.0
2021;2021-03;São Paulo;74;2021;73318;10.093019449521263
2021;2021-03;Teófilo Otoni;0;2021;555;0.0
2021;2021-03;Toledo;0;2021;42;0.0
2021;2021-03;Uberaba;0;2021;1886;0.0
2021;2021-03;Uberlândia;2;2021;3083;6.487187804086928
2021;2021-03;Uruguaiana;0;2021;222;0.0
2021;2021-03;Valença;0;2021;19;0.0
2021;2021-03;Vitória;0;2021;54;0.0
2021;2021-03;Vitória da Conquista;0;2021;14;0.0
2021;2021-03;Volta Redonda - Barra Mansa;0;2021;2694;0.0
2021;2021-04;Afonso Cláudio - Venda Nova do Imigrante - Santa Maria de Jetibá;2;2021;431;46.403712296983755
2021;2021-04;Alegre;0;2021;309;0.0
2021;2021-04;Araranguá;0;2021;502;0.0
2021;2021-04;Atalaia;0;2021;29;0.0
2021;2021-04;Bagé;0;2021;158;0.0
2021;2021-04;Belo Horizonte;15;2021;32062;4.678435531158381
2021;2021-04;Belém;5;2021;7079;7.063144511936714
2021;2021-04;Bento Gonçalves;0;2021;545;0.0
2021;2021-04;Boa Vista;0;2021;89;0.0
2021;2021-04;Bragança Paulista;0;2021;24;0.0
2021;2021-04;Brumado;0;2021;246;0.0
2021;2021-04;Camacan;0;2021;2;0.0
2021;2021-04;Campina Grande;0;2021;2373;0.0
2021;2021-04;Campo Belo;0;2021;35;0.0
2021;2021-04;Campos dos Goytacazes;0;2021;1009;0.0
2021;2021-04;Caratinga;1;2021;716;13.966480446927374
2021;2021-04;Carazinho;0;2021;48;0.0
2021;2021-04;Cascavel;0;2021;36;0.0
2021;2021-04;Catalão;0;2021;250;0.0
2021;2021-04;Catanduva;0;2021;13;0.0
2021;2021-04;Caxias do Sul;0;2021;3731;0.0
2021;2021-04;Conceição do Coité;0;2021;33;0.0
2021;2021-04;Cruz Alta;0;2021;226;0.0
2021;2021-04;Curitiba;11;2021;16261;6.764651620441547
2021;2021-04;Curitibanos;0;2021;10;0.0
2021;2021-04;Distrito Federal;14;2021;11128;12.580877066858376
2021;2021-04;Eunápolis - Porto Seguro;0;2021;17;0.0
2021;2021-04;Frederico Westphalen;0;2021;238;0.0
2021;2021-04;Goiana ¿ Timbaúba;1;2021;730;13.698630136986301
2021;2021-04;Guarabira;0;2021;22;0.0
2021;2021-04;Guarapuava;0;2021;11;0.0
2021;2021-04;Gurupi;0;2021;32;0.0
2021;2021-04;Ijuí;0;2021;472;0.0
2021;2021-04;Imperatriz;0;2021;10;0.0
2021;2021-04;Itacoatiara;0;2021;14;0.0
2021;2021-04;Jaú;0;2021;172;0.0
2021;2021-04;Ji-Paraná;0;2021;16;0.0
2021;2021-04;Joaçaba - Herval d'Oeste;0;2021;659;0.0
2021;2021-04;Joinville;0;2021;33;0.0
2021;2021-04;Juiz de Fora;0;2021;2594;0.0
2021;2021-04;Linhares;0;2021;733;0.0
2021;2021-04;Maceió;0;2021;46;0.0
2021;2021-04;Manaus;22;2021;3961;55.5415299166877
2021;2021-04;Mantena;0;2021;118;0.0
2021;2021-04;Maringá;2;2021;2708;7.385524372230429
2021;2021-04;Marília;2;2021;1054;18.975332068311197
2021;2021-04;Monteiro;0;2021;5;0.0
2021;2021-04;Mossoró;0;2021;35;0.0
2021;2021-04;Natal;0;2021;34;0.0
2021;2021-04;Nazaré ¿ Maragogipe;0;2021;23;0.0
2021;2021-04;Nova Prata - Guaporé;0;2021;387;0.0
2021;2021-04;Oliveira;0;2021;431;0.0
2021;2021-04;Passo Fundo;0;2021;1722;0.0
2021;2021-04;Passos;0;2021;455;0.0
2021;2021-04;Patos;0;2021;27;0.0
2021;2021-04;Pinheiro;0;2021;189;0.0
2021;2021-04;Pirapora;1;2021;153;65.359477124183
2021;2021-04;Piumhi;0;2021;36;0.0
2021;2021-04;Ponte Nova;0;2021;12;0.0
2021;2021-04;Porto Alegre;4;2021;15348;2.6062027625749282
2021;2021-04;Princesa Isabel;0;2021;12;0.0
2021;2021-04;Quirinópolis;0;2021;65;0.0
2021;2021-04;Resende;0;2021;509;0.0
2021;2021-04;Ribeirão Preto;0;2021;6135;0.0
2021;2021-04;Rio Claro;0;2021;189;0.0
2021;2021-04;Rio de Janeiro;31;2021;40419;7.6696603082708625
2021;2021-04;Russas - Limoeiro do Norte;0;2021;1039;0.0
2021;2021-04;Salvador;7;2021;12015;5.826050769870995
2021;2021-04;Santa Cruz do Sul;0;2021;1042;0.0
2021;2021-04;Santa Inês;0;2021;44;0.0
2021;2021-04;Santa Maria;0;2021;1110;0.0
2021;2021-04;Santa Maria da Vitoria;0;2021;13;0.0
2021;2021-04;Santana do Livramento;0;2021;89;0.0
2021;2021-04;Santos;0;2021;1071;0.0
2021;2021-04;Serra Talhada;0;2021;94;0.0
2021;2021-04;Soledade;0;2021;129;0.0
2021;2021-04;São Miguel do Oeste;0;2021;262;0.0
2021;2021-04;São Paulo;82;2021;73318;11.184156687307347
2021;2021-04;Teófilo Otoni;0;2021;555;0.0
2021;2021-04;Toledo;0;2021;42;0.0
2021;2021-04;Uberaba;1;2021;1886;5.302226935312832
2021;2021-04;Uberlândia;0;2021;3083;0.0
2021;2021-04;Uruguaiana;0;2021;222;0.0
2021;2021-04;Valença;0;2021;19;0.0
2021;2021-04;Vitória;0;2021;54;0.0
2021;2021-04;Vitória da Conquista;0;2021;14;0.0
2021;2021-04;Volta Redonda - Barra Mansa;0;2021;2694;0.0
2021;2021-05;Afonso Cláudio - Venda Nova do Imigrante - Santa Maria de Jetibá;0;2021;431;0.0
2021;2021-05;Alegre;0;2021;309;0.0
2021;2021-05;Araranguá;0;2021;502;0.0
2021;2021-05;Atalaia;0;2021;29;0.0
2021;2021-05;Bagé;0;2021;158;0.0
2021;2021-05;Belo Horizonte;10;2021;32062;3.1189570207722537
2021;2021-05;Belém;2;2021;7079;2.8252578047746857
2021;2021-05;Bento Gonçalves;0;2021;545;0.0
2021;2021-05;Boa Vista;0;2021;89;0.0
2021;2021-05;Bragança Paulista;0;2021;24;0.0
2021;2021-05;Brumado;0;2021;246;0.0
2021;2021-05;Camacan;0;2021;2;0.0
2021;2021-05;Campina Grande;0;2021;2373;0.0
2021;2021-05;Campo Belo;0;2021;35;0.0
2021;2021-05;Campos dos Goytacazes;0;2021;1009;0.0
2021;2021-05;Caratinga;1;2021;716;13.966480446927374
2021;2021-05;Carazinho;0;2021;48;0.0
2021;2021-05;Cascavel;0;2021;36;0.0
2021;2021-05;Catalão;0;2021;250;0.0
2021;2021-05;Catanduva;0;2021;13;0.0
2021;2021-05;Caxias do Sul;2;2021;3731;5.3604931653712145
2021;2021-05;Conceição do Coité;0;2021;33;0.0
2021;2021-05;Cruz Alta;0;2021;226;0.0
2021;2021-05;Curitiba;23;2021;16261;14.144271570014144
2021;2021-05;Curitibanos;0;2021;10;0.0
2021;2021-05;Distrito Federal;34;2021;11128;30.55355859094177
2021;2021-05;Eunápolis - Porto Seguro;0;2021;17;0.0
2021;2021-05;Frederico Westphalen;0;2021;238;0.0
2021;2021-05;Goiana ¿ Timbaúba;0;2021;730;0.0
2021;2021-05;Guarabira;0;2021;22;0.0
2021;2021-05;Guarapuava;0;2021;11;0.0
2021;2021-05;Gurupi;0;2021;32;0.0
2021;2021-05;Ijuí;0;2021;472;0.0
2021;2021-05;Imperatriz;0;2021;10;0.0
2021;2021-05;Itacoatiara;0;2021;14;0.0
2021;2021-05;Jaú;0;2021;172;0.0
2021;2021-05;Ji-Paraná;0;2021;16;0.0
2021;2021-05;Joaçaba - Herval d'Oeste;1;2021;659;15.174506828528074
2021;2021-05;Joinville;0;2021;33;0.0
2021;2021-05;Juiz de Fora;1;2021;2594;3.8550501156515034
2021;2021-05;Linhares;0;2021;733;0.0
2021;2021-05;Maceió;0;2021;46;0.0
2021;2021-05;Manaus;12;2021;3961;30.29537995455693
2021;2021-05;Mantena;1;2021;118;84.7457627118644
2021;2021-05;Maringá;2;2021;2708;7.385524372230429
2021;2021-05;Marília;0;2021;1054;0.0
2021;2021-05;Monteiro;0;2021;5;0.0
2021;2021-05;Mossoró;0;2021;35;0.0
2021;2021-05;Natal;0;2021;34;0.0
2021;2021-05;Nazaré ¿ Maragogipe;0;2021;23;0.0
2021;2021-05;Nova Prata - Guaporé;0;2021;387;0.0
2021;2021-05;Oliveira;0;2021;431;0.0
2021;2021-05;Passo Fundo;0;2021;1722;0.0
2021;2021-05;Passos;0;2021;455;0.0
2021;2021-05;Patos;0;2021;27;0.0
2021;2021-05;Pinheiro;0;2021;189;0.0
2021;2021-05;Pirapora;0;2021;153;0.0
2021;2021-05;Piumhi;0;2021;36;0.0
2021;2021-05;Ponte Nova;0;2021;12;0.0
2021;2021-05;Porto Alegre;6;2021;15348;3.9093041438623923
2021;2021-05;Princesa Isabel;0;2021;12;0.0
2021;2021-05;Quirinópolis;0;2021;65;0.0
2021;2021-05;Resende;0;2021;509;0.0
2021;2021-05;Ribeirão Preto;0;2021;6135;0.0
2021;2021-05;Rio Claro;0;2021;189;0.0
2021;2021-05;Rio de Janeiro;16;2021;40419;3.958534352655929
2021;2021-05;Russas - Limoeiro do Norte;1;2021;1039;9.624639076034649
2021;2021-05;Salvador;13;2021;12015;10.81980857261756
2021;2021-05;Santa Cruz do Sul;0;2021;1042;0.0
2021;2021-05;Santa Inês;0;2021;44;0.0
2021;2021-05;Santa Maria;0;2021;1110;0.0
2021;2021-05;Santa Maria da Vitoria;0;2021;13;0.0
2021;2021-05;Santana do Livramento;0;2021;89;0.0
2021;2021-05;Santos;0;2021;1071;0.0
2021;2021-05;Serra Talhada;0;2021;94;0.0
2021;2021-05;Soledade;0;2021;129;0.0
2021;2021-05;São Miguel do Oeste;0;2021;262;0.0
2021;2021-05;São Paulo;130;2021;73318;17.73098011402384
2021;2021-05;Teófilo Otoni;1;2021;555;18.01801801801802
2021;2021-05;Toledo;0;2021;42;0.0
2021;2021-05;Uberaba;3;2021;1886;15.906680805938494
2021;2021-05;Uberlândia;1;2021;3083;3.243593902043464
2021;2021-05;Uruguaiana;0;2021;222;0.0
2021;2021-05;Valença;0;2021;19;0.0
2021;2021-05;Vitória;0;2021;54;0.0
2021;2021-05;Vitória da Conquista;0;2021;14;0.0
2021;2021-05;Volta Redonda - Barra Mansa;1;2021;2694;3.711952487008166
2021;2021-06;Afonso Cláudio - Venda Nova do Imigrante - Santa Maria de Jetibá;0;2021;431;0.0
2021;2021-06;Alegre;0;2021;309;0.0
2021;2021-06;Araranguá;0;2021;502;0.0
2021;2021-06;Atalaia;0;2021;29;0.0
2021;2021-06;Bagé;0;2021;158;0.0
2021;2021-06;Belo Horizonte;26;2021;32062;8.10928825400786
2021;2021-06;Belém;5;2021;7079;7.063144511936714
2021;2021-06;Bento Gonçalves;0;2021;545;0.0
2021;2021-06;Boa Vista;0;2021;89;0.0
2021;2021-06;Bragança Paulista;0;2021;24;0.0
2021;2021-06;Brumado;0;2021;246;0.0
2021;2021-06;Camacan;0;2021;2;0.0
2021;2021-06;Campina Grande;0;2021;2373;0.0
2021;2021-06;Campo Belo;0;2021;35;0.0
2021;2021-06;Campos dos Goytacazes;0;2021;1009;0.0
2021;2021-06;Caratinga;0;2021;716;0.0
2021;2021-06;Carazinho;0;2021;48;0.0
2021;2021-06;Cascavel;0;2021;36;0.0
2021;2021-06;Catalão;0;2021;250;0.0
2021;2021-06;Catanduva;0;2021;13;0.0
2021;2021-06;Caxias do Sul;0;2021;3731;0.0
2021;2021-06;Conceição do Coité;0;2021;33;0.0
2021;2021-06;Cruz Alta;0;2021;226;0.0
2021;2021-06;Curitiba;16;2021;16261;9.839493266096797
2021;2021-06;Curitibanos;0;2021;10;0.0
2021;2021-06;Distrito Federal;16;2021;11128;14.378145219266715
2021;2021-06;Eunápolis - Porto Seguro;0;2021;17;0.0
2021;2021-06;Frederico Westphalen;0;2021;238;0.0
2021;2021-06;Goiana ¿ Timbaúba;1;2021;730;13.698630136986301
2021;2021-06;Guarabira;0;2021;22;0.0
2021;2021-06;Guarapuava;0;2021;11;0.0
2021;2021-06;Gurupi;0;2021;32;0.0
2021;2021-06;Ijuí;0;2021;472;0.0
2021;2021-06;Imperatriz;0;2021;10;0.0
2021;2021-06;Itacoatiara;0;2021;14;0.0
2021;2021-06;Jaú;0;2021;172;0.0
2021;2021-06;Ji-Paraná;0;2021;16;0.0
2021;2021-06;Joaçaba - Herval d'Oeste;1;2021;659;15.174506828528074
2021;2021-06;Joinville;0;2021;33;0.0
2021;2021-06;Juiz de Fora;0;2021;2594;0.0
2021;2021-06;Linhares;0;2021;733;0.0
2021;2021-06;Maceió;0;2021;46;0.0
2021;2021-06;Manaus;17;2021;3961;42.918454935622314
2021;2021-06;Mantena;0;2021;118;0.0
2021;2021-06;Maringá;5;2021;2708;18.46381093057607
2021;2021-06;Marília;2;2021;1054;18.975332068311197
2021;2021-06;Monteiro;0;2021;5;0.0
2021;2021-06;Mossoró;0;2021;35;0.0
2021;2021-06;Natal;0;2021;34;0.0
2021;2021-06;Nazaré ¿ Maragogipe;0;2021;23;0.0
2021;2021-06;Nova Prata - Guaporé;0;2021;387;0.0
2021;2021-06;Oliveira;0;2021;431;0.0
2021;2021-06;Passo Fundo;0;2021;1722;0.0
2021;2021-06;Passos;0;2021;455;0.0
2021;2021-06;Patos;0;2021;27;0.0
2021;2021-06;Pinheiro;0;2021;189;0.0
2021;2021-06;Pirapora;0;2021;153;0.0
2021;2021-06;Piumhi;0;2021;36;0.0
2021;2021-06;Ponte Nova;0;2021;12;0.0
2021;2021-06;Porto Alegre;8;2021;15348;5.2124055251498564
2021;2021-06;Princesa Isabel;0;2021;12;0.0
2021;2021-06;Quirinópolis;0;2021;65;0.0
2021;2021-06;Resende;0;2021;509;0.0
2021;2021-06;Ribeirão Preto;2;2021;6135;3.2599837000814995
2021;2021-06;Rio Claro;0;2021;189;0.0
2021;2021-06;Rio de Janeiro;29;2021;40419;7.174843514188872
2021;2021-06;Russas - Limoeiro do Norte;0;2021;1039;0.0
2021;2021-06;Salvador;6;2021;12015;4.9937578027465666
2021;2021-06;Santa Cruz do Sul;0;2021;1042;0.0
2021;2021-06;Santa Inês;0;2021;44;0.0
2021;2021-06;Santa Maria;0;2021;1110;0.0
2021;2021-06;Santa Maria da Vitoria;0;2021;13;0.0
2021;2021-06;Santana do Livramento;0;2021;89;0.0
2021;2021-06;Santos;1;2021;1071;9.337068160597573
2021;2021-06;Serra Talhada;0;2021;94;0.0
2021;2021-06;Soledade;0;2021;129;0.0
2021;2021-06;São Miguel do Oeste;0;2021;262;0.0
2021;2021-06;São Paulo;110;2021;73318;15.003137019558634
2021;2021-06;Teófilo Otoni;1;2021;555;18.01801801801802
2021;2021-06;Toledo;0;2021;42;0.0
2021;2021-06;Uberaba;0;2021;1886;0.0
2021;2021-06;Uberlândia;3;2021;3083;9.730781706130392
2021;2021-06;Uruguaiana;0;2021;222;0.0
2021;2021-06;Valença;0;2021;19;0.0
2021;2021-06;Vitória;0;2021;54;0.0
2021;2021-06;Vitória da Conquista;0;2021;14;0.0
2021;2021-06;Volta Redonda - Barra Mansa;4;2021;2694;14.847809948032664
2021;2021-07;Afonso Cláudio - Venda Nova do Imigrante - Santa Maria de Jetibá;0;2021;431;0.0
2021;2021-07;Alegre;0;2021;309;0.0
2021;2021-07;Araranguá;0;2021;502;0.0
2021;2021-07;Atalaia;0;2021;29;0.0
2021;2021-07;Bagé;0;2021;158;0.0
2021;2021-07;Belo Horizonte;38;2021;32062;11.852036678934564
2021;2021-07;Belém;11;2021;7079;15.53891792626077
2021;2021-07;Bento Gonçalves;0;2021;545;0.0
2021;2021-07;Boa Vista;0;2021;89;0.0
2021;2021-07;Bragança Paulista;0;2021;24;0.0
2021;2021-07;Brumado;0;2021;246;0.0
2021;2021-07;Camacan;0;2021;2;0.0
2021;2021-07;Campina Grande;1;2021;2373;4.214075010535188
2021;2021-07;Campo Belo;0;2021;35;0.0
2021;2021-07;Campos dos Goytacazes;1;2021;1009;9.910802775024777
2021;2021-07;Caratinga;0;2021;716;0.0
2021;2021-07;Carazinho;0;2021;48;0.0
2021;2021-07;Cascavel;0;2021;36;0.0
2021;2021-07;Catalão;0;2021;250;0.0
2021;2021-07;Catanduva;0;2021;13;0.0
2021;2021-07;Caxias do Sul;1;2021;3731;2.6802465826856072
2021;2021-07;Conceição do Coité;0;2021;33;0.0
2021;2021-07;Cruz Alta;0;2021;226;0.0
2021;2021-07;Curitiba;25;2021;16261;15.374208228276245
2021;2021-07;Curitibanos;0;2021;10;0.0
2021;2021-07;Distrito Federal;22;2021;11128;19.76994967649173
2021;2021-07;Eunápolis - Porto Seguro;0;2021;17;0.0
2021;2021-07;Frederico Westphalen;0;2021;238;0.0
2021;2021-07;Goiana ¿ Timbaúba;0;2021;730;0.0
2021;2021-07;Guarabira;0;2021;22;0.0
2021;2021-07;Guarapuava;0;2021;11;0.0
2021;2021-07;Gurupi;0;2021;32;0.0
2021;2021-07;Ijuí;1;2021;472;21.1864406779661
2021;2021-07;Imperatriz;0;2021;10;0.0
2021;2021-07;Itacoatiara;0;2021;14;0.0
2021;2021-07;Jaú;0;2021;172;0.0
2021;2021-07;Ji-Paraná;0;2021;16;0.0
2021;2021-07;Joaçaba - Herval d'Oeste;0;2021;659;0.0
2021;2021-07;Joinville;0;2021;33;0.0
2021;2021-07;Juiz de Fora;0;2021;2594;0.0
2021;2021-07;Linhares;1;2021;733;13.642564802182811
2021;2021-07;Maceió;0;2021;46;0.0
2021;2021-07;Manaus;12;2021;3961;30.29537995455693
2021;2021-07;Mantena;0;2021;118;0.0
2021;2021-07;Maringá;4;2021;2708;14.771048744460858
2021;2021-07;Marília;2;2021;1054;18.975332068311197
2021;2021-07;Monteiro;0;2021;5;0.0
2021;2021-07;Mossoró;0;2021;35;0.0
2021;2021-07;Natal;0;2021;34;0.0
2021;2021-07;Nazaré ¿ Maragogipe;0;2021;23;0.0
2021;2021-07;Nova Prata - Guaporé;1;2021;387;25.839793281653748
2021;2021-07;Oliveira;0;2021;431;0.0
2021;2021-07;Passo Fundo;0;2021;1722;0.0
2021;2021-07;Passos;1;2021;455;21.978021978021978
2021;2021-07;Patos;0;2021;27;0.0
2021;2021-07;Pinheiro;0;2021;189;0.0
2021;2021-07;Pirapora;0;2021;153;0.0
2021;2021-07;Piumhi;0;2021;36;0.0
2021;2021-07;Ponte Nova;0;2021;12;0.0
2021;2021-07;Porto Alegre;7;2021;15348;4.560854834506125
2021;2021-07;Princesa Isabel;0;2021;12;0.0
2021;2021-07;Quirinópolis;0;2021;65;0.0
2021;2021-07;Resende;0;2021;509;0.0
2021;2021-07;Ribeirão Preto;1;2021;6135;1.6299918500407498
2021;2021-07;Rio Claro;0;2021;189;0.0
2021;2021-07;Rio de Janeiro;36;2021;40419;8.90670229347584
2021;2021-07;Russas - Limoeiro do Norte;0;2021;1039;0.0
2021;2021-07;Salvador;15;2021;12015;12.484394506866417
2021;2021-07;Santa Cruz do Sul;0;2021;1042;0.0
2021;2021-07;Santa Inês;0;2021;44;0.0
2021;2021-07;Santa Maria;0;2021;1110;0.0
2021;2021-07;Santa Maria da Vitoria;0;2021;13;0.0
2021;2021-07;Santana do Livramento;0;2021;89;0.0
2021;2021-07;Santos;1;2021;1071;9.337068160597573
2021;2021-07;Serra Talhada;0;2021;94;0.0
2021;2021-07;Soledade;0;2021;129;0.0
2021;2021-07;São Miguel do Oeste;0;2021;262;0.0
2021;2021-07;São Paulo;133;2021;73318;18.140156578193622
2021;2021-07;Teófilo Otoni;0;2021;555;0.0
2021;2021-07;Toledo;0;2021;42;0.0
2021;2021-07;Uberaba;0;2021;1886;0.0
2021;2021-07;Uberlândia;1;2021;3083;3.243593902043464
2021;2021-07;Uruguaiana;0;2021;222;0.0
2021;2021-07;Valença;0;2021;19;0.0
2021;2021-07;Vitória;0;2021;54;0.0
2021;2021-07;Vitória da Conquista;0;2021;14;0.0
2021;2021-07;Volta Redonda - Barra Mansa;3;2021;2694;11.135857461024498
2021;2021-08;Afonso Cláudio - Venda Nova do Imigrante - Santa Maria de Jetibá;0;2021;431;0.0
2021;2021-08;Alegre;0;2021;309;0.0
2021;2021-08;Araranguá;0;2021;502;0.0
2021;2021-08;Atalaia;0;2021;29;0.0
2021;2021-08;Bagé;0;2021;158;0.0
2021;2021-08;Belo Horizonte;30;2021;32062;9.356871062316761
2021;2021-08;Belém;9;2021;7079;12.713660121486086
2021;2021-08;Bento Gonçalves;0;2021;545;0.0
2021;2021-08;Boa Vista;0;2021;89;0.0
2021;2021-08;Bragança Paulista;0;2021;24;0.0
2021;2021-08;Brumado;0;2021;246;0.0
2021;2021-08;Camacan;0;2021;2;0.0
2021;2021-08;Campina Grande;0;2021;2373;0.0
2021;2021-08;Campo Belo;0;2021;35;0.0
2021;2021-08;Campos dos Goytacazes;0;2021;1009;0.0
2021;2021-08;Caratinga;0;2021;716;0.0
2021;2021-08;Carazinho;0;2021;48;0.0
2021;2021-08;Cascavel;0;2021;36;0.0
2021;2021-08;Catalão;0;2021;250;0.0
2021;2021-08;Catanduva;0;2021;13;0.0
2021;2021-08;Caxias do Sul;0;2021;3731;0.0
2021;2021-08;Conceição do Coité;0;2021;33;0.0
2021;2021-08;Cruz Alta;0;2021;226;0.0
2021;2021-08;Curitiba;19;2021;16261;11.684398253489945
2021;2021-08;Curitibanos;0;2021;10;0.0
2021;2021-08;Distrito Federal;26;2021;11128;23.36448598130841
2021;2021-08;Eunápolis - Porto Seguro;0;2021;17;0.0
2021;2021-08;Frederico Westphalen;0;2021;238;0.0
2021;2021-08;Goiana ¿ Timbaúba;0;2021;730;0.0
2021;2021-08;Guarabira;0;2021;22;0.0
2021;2021-08;Guarapuava;0;2021;11;0.0
2021;2021-08;Gurupi;0;2021;32;0.0
2021;2021-08;Ijuí;0;2021;472;0.0
2021;2021-08;Imperatriz;0;2021;10;0.0
2021;2021-08;Itacoatiara;0;2021;14;0.0
2021;2021-08;Jaú;0;2021;172;0.0
2021;2021-08;Ji-Paraná;0;2021;16;0.0
2021;2021-08;Joaçaba - Herval d'Oeste;0;2021;659;0.0
2021;2021-08;Joinville;0;2021;33;0.0
2021;2021-08;Juiz de Fora;0;2021;2594;0.0
2021;2021-08;Linhares;0;2021;733;0.0
2021;2021-08;Maceió;0;2021;46;0.0
2021;2021-08;Manaus;25;2021;3961;63.11537490532693
2021;2021-08;Mantena;0;2021;118;0.0
2021;2021-08;Maringá;4;2021;2708;14.771048744460858
2021;2021-08;Marília;0;2021;1054;0.0
2021;2021-08;Monteiro;0;2021;5;0.0
2021;2021-08;Mossoró;0;2021;35;0.0
2021;2021-08;Natal;0;2021;34;0.0
2021;2021-08;Nazaré ¿ Maragogipe;0;2021;23;0.0
2021;2021-08;Nova Prata - Guaporé;0;2021;387;0.0
2021;2021-08;Oliveira;0;2021;431;0.0
2021;2021-08;Passo Fundo;0;2021;1722;0.0
2021;2021-08;Passos;0;2021;455;0.0
2021;2021-08;Patos;0;2021;27;0.0
2021;2021-08;Pinheiro;0;2021;189;0.0
2021;2021-08;Pirapora;0;2021;153;0.0
2021;2021-08;Piumhi;0;2021;36;0.0
2021;2021-08;Ponte Nova;0;2021;12;0.0
2021;2021-08;Porto Alegre;5;2021;15348;3.2577534532186605
2021;2021-08;Princesa Isabel;0;2021;12;0.0
2021;2021-08;Quirinópolis;0;2021;65;0.0
2021;2021-08;Resende;0;2021;509;0.0
2021;2021-08;Ribeirão Preto;1;2021;6135;1.6299918500407498
2021;2021-08;Rio Claro;0;2021;189;0.0
2021;2021-08;Rio de Janeiro;28;2021;40419;6.927435117147876
2021;2021-08;Russas - Limoeiro do Norte;1;2021;1039;9.624639076034649
2021;2021-08;Salvador;11;2021;12015;9.155222638368706
2021;2021-08;Santa Cruz do Sul;0;2021;1042;0.0
2021;2021-08;Santa Inês;0;2021;44;0.0
2021;2021-08;Santa Maria;0;2021;1110;0.0
2021;2021-08;Santa Maria da Vitoria;0;2021;13;0.0
2021;2021-08;Santana do Livramento;0;2021;89;0.0
2021;2021-08;Santos;1;2021;1071;9.337068160597573
2021;2021-08;Serra Talhada;0;2021;94;0.0
2021;2021-08;Soledade;0;2021;129;0.0
2021;2021-08;São Miguel do Oeste;0;2021;262;0.0
2021;2021-08;São Paulo;138;2021;73318;18.822117351809926
2021;2021-08;Teófilo Otoni;1;2021;555;18.01801801801802
2021;2021-08;Toledo;0;2021;42;0.0
2021;2021-08;Uberaba;2;2021;1886;10.604453870625663
2021;2021-08;Uberlândia;0;2021;3083;0.0
2021;2021-08;Uruguaiana;0;2021;222;0.0
2021;2021-08;Valença;0;2021;19;0.0
2021;2021-08;Vitória;0;2021;54;0.0
2021;2021-08;Vitória da Conquista;0;2021;14;0.0
2021;2021-08;Volta Redonda - Barra Mansa;2;2021;2694;7.423904974016332
2021;2021-09;Afonso Cláudio - Venda Nova do Imigrante - Santa Maria de Jetibá;0;2021;431;0.0
2021;2021-09;Alegre;0;2021;309;0.0
2021;2021-09;Araranguá;1;2021;502;19.9203187250996
2021;2021-09;Atalaia;0;2021;29;0.0
2021;2021-09;Bagé;0;2021;158;0.0
2021;2021-09;Belo Horizonte;30;2021;32062;9.356871062316761
2021;2021-09;Belém;11;2021;7079;15.53891792626077
2021;2021-09;Bento Gonçalves;0;2021;545;0.0
2021;2021-09;Boa Vista;0;2021;89;0.0
2021;2021-09;Bragança Paulista;0;2021;24;0.0
2021;2021-09;Brumado;0;2021;246;0.0
2021;2021-09;Camacan;0;2021;2;0.0
2021;2021-09;Campina Grande;0;2021;2373;0.0
2021;2021-09;Campo Belo;0;2021;35;0.0
2021;2021-09;Campos dos Goytacazes;0;2021;1009;0.0
2021;2021-09;Caratinga;0;2021;716;0.0
2021;2021-09;Carazinho;0;2021;48;0.0
2021;2021-09;Cascavel;0;2021;36;0.0
2021;2021-09;Catalão;0;2021;250;0.0
2021;2021-09;Catanduva;0;2021;13;0.0
2021;2021-09;Caxias do Sul;1;2021;3731;2.6802465826856072
2021;2021-09;Conceição do Coité;0;2021;33;0.0
2021;2021-09;Cruz Alta;0;2021;226;0.0
2021;2021-09;Curitiba;26;2021;16261;15.989176557407294
2021;2021-09;Curitibanos;0;2021;10;0.0
2021;2021-09;Distrito Federal;29;2021;11128;26.060388209920923
2021;2021-09;Eunápolis - Porto Seguro;0;2021;17;0.0
2021;2021-09;Frederico Westphalen;0;2021;238;0.0
2021;2021-09;Goiana ¿ Timbaúba;2;2021;730;27.397260273972602
2021;2021-09;Guarabira;0;2021;22;0.0
2021;2021-09;Guarapuava;0;2021;11;0.0
2021;2021-09;Gurupi;0;2021;32;0.0
2021;2021-09;Ijuí;0;2021;472;0.0
2021;2021-09;Imperatriz;0;2021;10;0.0
2021;2021-09;Itacoatiara;0;2021;14;0.0
2021;2021-09;Jaú;0;2021;172;0.0
2021;2021-09;Ji-Paraná;0;2021;16;0.0
2021;2021-09;Joaçaba - Herval d'Oeste;0;2021;659;0.0
2021;2021-09;Joinville;0;2021;33;0.0
2021;2021-09;Juiz de Fora;3;2021;2594;11.56515034695451
2021;2021-09;Linhares;1;2021;733;13.642564802182811
2021;2021-09;Maceió;0;2021;46;0.0
2021;2021-09;Manaus;17;2021;3961;42.918454935622314
2021;2021-09;Mantena;0;2021;118;0.0
2021;2021-09;Maringá;4;2021;2708;14.771048744460858
2021;2021-09;Marília;1;2021;1054;9.487666034155598
2021;2021-09;Monteiro;0;2021;5;0.0
2021;2021-09;Mossoró;0;2021;35;0.0
2021;2021-09;Natal;0;2021;34;0.0
2021;2021-09;Nazaré ¿ Maragogipe;0;2021;23;0.0
2021;2021-09;Nova Prata - Guaporé;0;2021;387;0.0
2021;2021-09;Oliveira;0;2021;431;0.0
2021;2021-09;Passo Fundo;1;2021;1722;5.807200929152149
2021;2021-09;Passos;0;2021;455;0.0
2021;2021-09;Patos;0;2021;27;0.0
2021;2021-09;Pinheiro;0;2021;189;0.0
2021;2021-09;Pirapora;0;2021;153;0.0
2021;2021-09;Piumhi;0;2021;36;0.0
2021;2021-09;Ponte Nova;0;2021;12;0.0
2021;2021-09;Porto Alegre;6;2021;15348;3.9093041438623923
2021;2021-09;Princesa Isabel;0;2021;12;0.0
2021;2021-09;Quirinópolis;0;2021;65;0.0
2021;2021-09;Resende;0;2021;509;0.0
2021;2021-09;Ribeirão Preto;1;2021;6135;1.6299918500407498
2021;2021-09;Rio Claro;0;2021;189;0.0
2021;2021-09;Rio de Janeiro;36;2021;40419;8.90670229347584
2021;2021-09;Russas - Limoeiro do Norte;1;2021;1039;9.624639076034649
2021;2021-09;Salvador;20;2021;12015;16.645859342488556
2021;2021-09;Santa Cruz do Sul;0;2021;1042;0.0
2021;2021-09;Santa Inês;0;2021;44;0.0
2021;2021-09;Santa Maria;0;2021;1110;0.0
2021;2021-09;Santa Maria da Vitoria;0;2021;13;0.0
2021;2021-09;Santana do Livramento;0;2021;89;0.0
2021;2021-09;Santos;5;2021;1071;46.68534080298786
2021;2021-09;Serra Talhada;0;2021;94;0.0
2021;2021-09;Soledade;0;2021;129;0.0
2021;2021-09;São Miguel do Oeste;0;2021;262;0.0
2021;2021-09;São Paulo;173;2021;73318;23.595842767124036
2021;2021-09;Teófilo Otoni;0;2021;555;0.0
2021;2021-09;Toledo;0;2021;42;0.0
2021;2021-09;Uberaba;0;2021;1886;0.0
2021;2021-09;Uberlândia;0;2021;3083;0.0
2021;2021-09;Uruguaiana;0;2021;222;0.0
2021;2021-09;Valença;1;2021;19;526.3157894736842
2021;2021-09;Vitória;0;2021;54;0.0
2021;2021-09;Vitória da Conquista;0;2021;14;0.0
2021;2021-09;Volta Redonda - Barra Mansa;2;2021;2694;7.423904974016332
2021;2021-10;Afonso Cláudio - Venda Nova do Imigrante - Santa Maria de Jetibá;0;2021;431;0.0
2021;2021-10;Alegre;0;2021;309;0.0
2021;2021-10;Araranguá;0;2021;502;0.0
2021;2021-10;Atalaia;0;2021;29;0.0
2021;2021-10;Bagé;0;2021;158;0.0
2021;2021-10;Belo Horizonte;34;2021;32062;10.604453870625663
2021;2021-10;Belém;8;2021;7079;11.301031219098743
2021;2021-10;Bento Gonçalves;0;2021;545;0.0
2021;2021-10;Boa Vista;1;2021;89;112.35955056179775
2021;2021-10;Bragança Paulista;0;2021;24;0.0
2021;2021-10;Brumado;0;2021;246;0.0
2021;2021-10;Camacan;0;2021;2;0.0
2021;2021-10;Campina Grande;0;2021;2373;0.0
2021;2021-10;Campo Belo;0;2021;35;0.0
2021;2021-10;Campos dos Goytacazes;0;2021;1009;0.0
2021;2021-10;Caratinga;1;2021;716;13.966480446927374
2021;2021-10;Carazinho;0;2021;48;0.0
2021;2021-10;Cascavel;0;2021;36;0.0
2021;2021-10;Catalão;0;2021;250;0.0
2021;2021-10;Catanduva;0;2021;13;0.0
2021;2021-10;Caxias do Sul;1;2021;3731;2.6802465826856072
2021;2021-10;Conceição do Coité;0;2021;33;0.0
2021;2021-10;Cruz Alta;0;2021;226;0.0
2021;2021-10;Curitiba;22;2021;16261;13.529303240883094
2021;2021-10;Curitibanos;0;2021;10;0.0
2021;2021-10;Distrito Federal;49;2021;11128;44.033069734004314
2021;2021-10;Eunápolis - Porto Seguro;0;2021;17;0.0
2021;2021-10;Frederico Westphalen;0;2021;238;0.0
2021;2021-10;Goiana ¿ Timbaúba;0;2021;730;0.0
2021;2021-10;Guarabira;0;2021;22;0.0
2021;2021-10;Guarapuava;0;2021;11;0.0
2021;2021-10;Gurupi;0;2021;32;0.0
2021;2021-10;Ijuí;1;2021;472;21.1864406779661
2021;2021-10;Imperatriz;0;2021;10;0.0
2021;2021-10;Itacoatiara;0;2021;14;0.0
2021;2021-10;Jaú;0;2021;172;0.0
2021;2021-10;Ji-Paraná;0;2021;16;0.0
2021;2021-10;Joaçaba - Herval d'Oeste;0;2021;659;0.0
2021;2021-10;Joinville;0;2021;33;0.0
2021;2021-10;Juiz de Fora;5;2021;2594;19.27525057825752
2021;2021-10;Linhares;0;2021;733;0.0
2021;2021-10;Maceió;0;2021;46;0.0
2021;2021-10;Manaus;20;2021;3961;50.49229992426155
2021;2021-10;Mantena;0;2021;118;0.0
2021;2021-10;Maringá;7;2021;2708;25.849335302806498
2021;2021-10;Marília;2;2021;1054;18.975332068311197
2021;2021-10;Monteiro;0;2021;5;0.0
2021;2021-10;Mossoró;1;2021;35;285.7142857142857
2021;2021-10;Natal;0;2021;34;0.0
2021;2021-10;Nazaré ¿ Maragogipe;0;2021;23;0.0
2021;2021-10;Nova Prata - Guaporé;0;2021;387;0.0
2021;2021-10;Oliveira;0;2021;431;0.0
2021;2021-10;Passo Fundo;2;2021;1722;11.614401858304298
2021;2021-10;Passos;0;2021;455;0.0
2021;2021-10;Patos;0;2021;27;0.0
2021;2021-10;Pinheiro;0;2021;189;0.0
2021;2021-10;Pirapora;0;2021;153;0.0
2021;2021-10;Piumhi;0;2021;36;0.0
2021;2021-10;Ponte Nova;0;2021;12;0.0
2021;2021-10;Porto Alegre;9;2021;15348;5.863956215793589
2021;2021-10;Princesa Isabel;0;2021;12;0.0
2021;2021-10;Quirinópolis;0;2021;65;0.0
2021;2021-10;Resende;0;2021;509;0.0
2021;2021-10;Ribeirão Preto;6;2021;6135;9.779951100244498
2021;2021-10;Rio Claro;0;2021;189;0.0
2021;2021-10;Rio de Janeiro;30;2021;40419;7.422251911229867
2021;2021-10;Russas - Limoeiro do Norte;0;2021;1039;0.0
2021;2021-10;Salvador;29;2021;12015;24.136496046608404
2021;2021-10;Santa Cruz do Sul;2;2021;1042;19.193857965451055
2021;2021-10;Santa Inês;0;2021;44;0.0
2021;2021-10;Santa Maria;0;2021;1110;0.0
2021;2021-10;Santa Maria da Vitoria;0;2021;13;0.0
2021;2021-10;Santana do Livramento;0;2021;89;0.0
2021;2021-10;Santos;0;2021;1071;0.0
2021;2021-10;Serra Talhada;0;2021;94;0.0
2021;2021-10;Soledade;0;2021;129;0.0
2021;2021-10;São Miguel do Oeste;0;2021;262;0.0
2021;2021-10;São Paulo;177;2021;73318;24.141411386017076
2021;2021-10;Teófilo Otoni;0;2021;555;0.0
2021;2021-10;Toledo;0;2021;42;0.0
2021;2021-10;Uberaba;2;2021;1886;10.604453870625663
2021;2021-10;Uberlândia;3;2021;3083;9.730781706130392
2021;2021-10;Uruguaiana;1;2021;222;45.04504504504504
2021;2021-10;Valença;0;2021;19;0.0
2021;2021-10;Vitória;0;2021;54;0.0
2021;2021-10;Vitória da Conquista;0;2021;14;0.0
2021;2021-10;Volta Redonda - Barra Mansa;3;2021;2694;11.135857461024498
2021;2021-11;Afonso Cláudio - Venda Nova do Imigrante - Santa Maria de Jetibá;1;2021;431;23.201856148491878
2021;2021-11;Alegre;0;2021;309;0.0
2021;2021-11;Araranguá;0;2021;502;0.0
2021;2021-11;Atalaia;0;2021;29;0.0
2021;2021-11;Bagé;0;2021;158;0.0
2021;2021-11;Belo Horizonte;36;2021;32062;11.228245274780113
2021;2021-11;Belém;9;2021;7079;12.713660121486086
2021;2021-11;Bento Gonçalves;0;2021;545;0.0
2021;2021-11;Boa Vista;0;2021;89;0.0
2021;2021-11;Bragança Paulista;0;2021;24;0.0
2021;2021-11;Brumado;0;2021;246;0.0
2021;2021-11;Camacan;0;2021;2;0.0
2021;2021-11;Campina Grande;1;2021;2373;4.214075010535188
2021;2021-11;Campo Belo;0;2021;35;0.0
2021;2021-11;Campos dos Goytacazes;0;2021;1009;0.0
2021;2021-11;Caratinga;0;2021;716;0.0
2021;2021-11;Carazinho;0;2021;48;0.0
2021;2021-11;Cascavel;0;2021;36;0.0
2021;2021-11;Catalão;1;2021;250;40.0
2021;2021-11;Catanduva;0;2021;13;0.0
2021;2021-11;Caxias do Sul;0;2021;3731;0.0
2021;2021-11;Conceição do Coité;0;2021;33;0.0
2021;2021-11;Cruz Alta;0;2021;226;0.0
2021;2021-11;Curitiba;35;2021;16261;21.52389151958674
2021;2021-11;Curitibanos;0;2021;10;0.0
2021;2021-11;Distrito Federal;26;2021;11128;23.36448598130841
2021;2021-11;Eunápolis - Porto Seguro;0;2021;17;0.0
2021;2021-11;Frederico Westphalen;0;2021;238;0.0
2021;2021-11;Goiana ¿ Timbaúba;0;2021;730;0.0
2021;2021-11;Guarabira;0;2021;22;0.0
2021;2021-11;Guarapuava;0;2021;11;0.0
2021;2021-11;Gurupi;0;2021;32;0.0
2021;2021-11;Ijuí;0;2021;472;0.0
2021;2021-11;Imperatriz;0;2021;10;0.0
2021;2021-11;Itacoatiara;0;2021;14;0.0
2021;2021-11;Jaú;0;2021;172;0.0
2021;2021-11;Ji-Paraná;0;2021;16;0.0
2021;2021-11;Joaçaba - Herval d'Oeste;0;2021;659;0.0
2021;2021-11;Joinville;0;2021;33;0.0
2021;2021-11;Juiz de Fora;2;2021;2594;7.710100231303007
2021;2021-11;Linhares;0;2021;733;0.0
2021;2021-11;Maceió;0;2021;46;0.0
2021;2021-11;Manaus;28;2021;3961;70.68921989396617
2021;2021-11;Mantena;0;2021;118;0.0
2021;2021-11;Maringá;3;2021;2708;11.078286558345644
2021;2021-11;Marília;1;2021;1054;9.487666034155598
2021;2021-11;Monteiro;0;2021;5;0.0
2021;2021-11;Mossoró;0;2021;35;0.0
2021;2021-11;Natal;0;2021;34;0.0
2021;2021-11;Nazaré ¿ Maragogipe;0;2021;23;0.0
2021;2021-11;Nova Prata - Guaporé;0;2021;387;0.0
2021;2021-11;Oliveira;0;2021;431;0.0
2021;2021-11;Passo Fundo;3;2021;1722;17.421602787456447
2021;2021-11;Passos;0;2021;455;0.0
2021;2021-11;Patos;0;2021;27;0.0
2021;2021-11;Pinheiro;0;2021;189;0.0
2021;2021-11;Pirapora;0;2021;153;0.0
2021;2021-11;Piumhi;0;2021;36;0.0
2021;2021-11;Ponte Nova;0;2021;12;0.0
2021;2021-11;Porto Alegre;10;2021;15348;6.515506906437321
2021;2021-11;Princesa Isabel;0;2021;12;0.0
2021;2021-11;Quirinópolis;0;2021;65;0.0
2021;2021-11;Resende;0;2021;509;0.0
2021;2021-11;Ribeirão Preto;5;2021;6135;8.149959250203748
2021;2021-11;Rio Claro;0;2021;189;0.0
2021;2021-11;Rio de Janeiro;24;2021;40419;5.937801528983894
2021;2021-11;Russas - Limoeiro do Norte;0;2021;1039;0.0
2021;2021-11;Salvador;18;2021;12015;14.981273408239701
2021;2021-11;Santa Cruz do Sul;2;2021;1042;19.193857965451055
2021;2021-11;Santa Inês;0;2021;44;0.0
2021;2021-11;Santa Maria;0;2021;1110;0.0
2021;2021-11;Santa Maria da Vitoria;0;2021;13;0.0
2021;2021-11;Santana do Livramento;0;2021;89;0.0
2021;2021-11;Santos;1;2021;1071;9.337068160597573
2021;2021-11;Serra Talhada;0;2021;94;0.0
2021;2021-11;Soledade;0;2021;129;0.0
2021;2021-11;São Miguel do Oeste;0;2021;262;0.0
2021;2021-11;São Paulo;184;2021;73318;25.0961564690799
2021;2021-11;Teófilo Otoni;0;2021;555;0.0
2021;2021-11;Toledo;0;2021;42;0.0
2021;2021-11;Uberaba;1;2021;1886;5.302226935312832
2021;2021-11;Uberlândia;1;2021;3083;3.243593902043464
2021;2021-11;Uruguaiana;0;2021;222;0.0
2021;2021-11;Valença;0;2021;19;0.0
2021;2021-11;Vitória;0;2021;54;0.0
2021;2021-11;Vitória da Conquista;0;2021;14;0.0
2021;2021-11;Volta Redonda - Barra Mansa;0;2021;2694;0.0
2021;2021-12;Afonso Cláudio - Venda Nova do Imigrante - Santa Maria de Jetibá;1;2021;431;23.201856148491878
2021;2021-12;Alegre;0;2021;309;0.0
2021;2021-12;Araranguá;0;2021;502;0.0
2021;2021-12;Atalaia;0;2021;29;0.0
2021;2021-12;Bagé;0;2021;158;0.0
2021;2021-12;Belo Horizonte;42;2021;32062;13.099619487243466
2021;2021-12;Belém;14;2021;7079;19.7768046334228
2021;2021-12;Bento Gonçalves;0;2021;545;0.0
2021;2021-12;Boa Vista;0;2021;89;0.0
2021;2021-12;Bragança Paulista;0;2021;24;0.0
2021;2021-12;Brumado;0;2021;246;0.0
2021;2021-12;Camacan;0;2021;2;0.0
2021;2021-12;Campina Grande;1;2021;2373;4.214075010535188
2021;2021-12;Campo Belo;0;2021;35;0.0
2021;2021-12;Campos dos Goytacazes;0;2021;1009;0.0
2021;2021-12;Caratinga;0;2021;716;0.0
2021;2021-12;Carazinho;0;2021;48;0.0
2021;2021-12;Cascavel;0;2021;36;0.0
2021;2021-12;Catalão;0;2021;250;0.0
2021;2021-12;Catanduva;0;2021;13;0.0
2021;2021-12;Caxias do Sul;0;2021;3731;0.0
2021;2021-12;Conceição do Coité;0;2021;33;0.0
2021;2021-12;Cruz Alta;1;2021;226;44.24778761061947
2021;2021-12;Curitiba;30;2021;16261;18.449049873931493
2021;2021-12;Curitibanos;0;2021;10;0.0
2021;2021-12;Distrito Federal;52;2021;11128;46.72897196261682
2021;2021-12;Eunápolis - Porto Seguro;0;2021;17;0.0
2021;2021-12;Frederico Westphalen;0;2021;238;0.0
2021;2021-12;Goiana ¿ Timbaúba;0;2021;730;0.0
2021;2021-12;Guarabira;0;2021;22;0.0
2021;2021-12;Guarapuava;0;2021;11;0.0
2021;2021-12;Gurupi;0;2021;32;0.0
2021;2021-12;Ijuí;1;2021;472;21.1864406779661
2021;2021-12;Imperatriz;0;2021;10;0.0
2021;2021-12;Itacoatiara;0;2021;14;0.0
2021;2021-12;Jaú;0;2021;172;0.0
2021;2021-12;Ji-Paraná;0;2021;16;0.0
2021;2021-12;Joaçaba - Herval d'Oeste;0;2021;659;0.0
2021;2021-12;Joinville;0;2021;33;0.0
2021;2021-12;Juiz de Fora;1;2021;2594;3.8550501156515034
2021;2021-12;Linhares;0;2021;733;0.0
2021;2021-12;Maceió;0;2021;46;0.0
2021;2021-12;Manaus;23;2021;3961;58.06614491290078
2021;2021-12;Mantena;0;2021;118;0.0
2021;2021-12;Maringá;3;2021;2708;11.078286558345644
2021;2021-12;Marília;3;2021;1054;28.46299810246679
2021;2021-12;Monteiro;0;2021;5;0.0
2021;2021-12;Mossoró;0;2021;35;0.0
2021;2021-12;Natal;0;2021;34;0.0
2021;2021-12;Nazaré ¿ Maragogipe;0;2021;23;0.0
2021;2021-12;Nova Prata - Guaporé;0;2021;387;0.0
2021;2021-12;Oliveira;0;2021;431;0.0
2021;2021-12;Passo Fundo;0;2021;1722;0.0
2021;2021-12;Passos;0;2021;455;0.0
2021;2021-12;Patos;0;2021;27;0.0
2021;2021-12;Pinheiro;0;2021;189;0.0
2021;2021-12;Pirapora;0;2021;153;0.0
2021;2021-12;Piumhi;0;2021;36;0.0
2021;2021-12;Ponte Nova;0;2021;12;0.0
2021;2021-12;Porto Alegre;16;2021;15348;10.424811050299713
2021;2021-12;Princesa Isabel;0;2021;12;0.0
2021;2021-12;Quirinópolis;0;2021;65;0.0
2021;2021-12;Resende;0;2021;509;0.0
2021;2021-12;Ribeirão Preto;8;2021;6135;13.039934800325998
2021;2021-12;Rio Claro;0;2021;189;0.0
2021;2021-12;Rio de Janeiro;48;2021;40419;11.875603057967789
2021;2021-12;Russas - Limoeiro do Norte;0;2021;1039;0.0
2021;2021-12;Salvador;24;2021;12015;19.975031210986266
2021;2021-12;Santa Cruz do Sul;5;2021;1042;47.98464491362763
2021;2021-12;Santa Inês;0;2021;44;0.0
2021;2021-12;Santa Maria;1;2021;1110;9.00900900900901
2021;2021-12;Santa Maria da Vitoria;0;2021;13;0.0
2021;2021-12;Santana do Livramento;0;2021;89;0.0
2021;2021-12;Santos;0;2021;1071;0.0
2021;2021-12;Serra Talhada;0;2021;94;0.0
2021;2021-12;Soledade;0;2021;129;0.0
2021;2021-12;São Miguel do Oeste;0;2021;262;0.0
2021;2021-12;São Paulo;252;2021;73318;34.3708229902616
2021;2021-12;Teófilo Otoni;2;2021;555;36.03603603603604
2021;2021-12;Toledo;0;2021;42;0.0
2021;2021-12;Uberaba;4;2021;1886;21.208907741251327
2021;2021-12;Uberlândia;1;2021;3083;3.243593902043464
2021;2021-12;Uruguaiana;0;2021;222;0.0
2021;2021-12;Valença;0;2021;19;0.0
2021;2021-12;Vitória;0;2021;54;0.0
2021;2021-12;Vitória da Conquista;0;2021;14;0.0
2021;2021-12;Volta Redonda - Barra Mansa;4;2021;2694;14.847809948032664
2021;2021-13;Afonso Cláudio - Venda Nova do Imigrante - Santa Maria de Jetibá;1;2021;431;23.201856148491878
2021;2021-13;Alegre;0;2021;309;0.0
2021;2021-13;Araranguá;1;2021;502;19.9203187250996
2021;2021-13;Atalaia;0;2021;29;0.0
2021;2021-13;Bagé;0;2021;158;0.0
2021;2021-13;Belo Horizonte;35;2021;32062;10.916349572702888
2021;2021-13;Belém;18;2021;7079;25.427320242972172
2021;2021-13;Bento Gonçalves;0;2021;545;0.0
2021;2021-13;Boa Vista;0;2021;89;0.0
2021;2021-13;Bragança Paulista;0;2021;24;0.0
2021;2021-13;Brumado;0;2021;246;0.0
2021;2021-13;Camacan;0;2021;2;0.0
2021;2021-13;Campina Grande;2;2021;2373;8.428150021070376
2021;2021-13;Campo Belo;0;2021;35;0.0
2021;2021-13;Campos dos Goytacazes;1;2021;1009;9.910802775024777
2021;2021-13;Caratinga;0;2021;716;0.0
2021;2021-13;Carazinho;0;2021;48;0.0
2021;2021-13;Cascavel;0;2021;36;0.0
2021;2021-13;Catalão;1;2021;250;40.0
2021;2021-13;Catanduva;0;2021;13;0.0
2021;2021-13;Caxias do Sul;2;2021;3731;5.3604931653712145
2021;2021-13;Conceição do Coité;0;2021;33;0.0
2021;2021-13;Cruz Alta;0;2021;226;0.0
2021;2021-13;Curitiba;67;2021;16261;41.20287805178033
2021;2021-13;Curitibanos;0;2021;10;0.0
2021;2021-13;Distrito Federal;74;2021;11128;66.49892163910856
2021;2021-13;Eunápolis - Porto Seguro;0;2021;17;0.0
2021;2021-13;Frederico Westphalen;0;2021;238;0.0
2021;2021-13;Goiana ¿ Timbaúba;1;2021;730;13.698630136986301
2021;2021-13;Guarabira;0;2021;22;0.0
2021;2021-13;Guarapuava;0;2021;11;0.0
2021;2021-13;Gurupi;0;2021;32;0.0
2021;2021-13;Ijuí;0;2021;472;0.0
2021;2021-13;Imperatriz;0;2021;10;0.0
2021;2021-13;Itacoatiara;0;2021;14;0.0
2021;2021-13;Jaú;0;2021;172;0.0
2021;2021-13;Ji-Paraná;0;2021;16;0.0
2021;2021-13;Joaçaba - Herval d'Oeste;0;2021;659;0.0
2021;2021-13;Joinville;0;2021;33;0.0
2021;2021-13;Juiz de Fora;1;2021;2594;3.8550501156515034
2021;2021-13;Linhares;0;2021;733;0.0
2021;2021-13;Maceió;0;2021;46;0.0
2021;2021-13;Manaus;67;2021;3961;169.14920474627618
2021;2021-13;Mantena;0;2021;118;0.0
2021;2021-13;Maringá;5;2021;2708;18.46381093057607
2021;2021-13;Marília;1;2021;1054;9.487666034155598
2021;2021-13;Monteiro;0;2021;5;0.0
2021;2021-13;Mossoró;0;2021;35;0.0
2021;2021-13;Natal;0;2021;34;0.0
2021;2021-13;Nazaré ¿ Maragogipe;0;2021;23;0.0
2021;2021-13;Nova Prata - Guaporé;1;2021;387;25.839793281653748
2021;2021-13;Oliveira;0;2021;431;0.0
2021;2021-13;Passo Fundo;3;2021;1722;17.421602787456447
2021;2021-13;Passos;0;2021;455;0.0
2021;2021-13;Patos;0;2021;27;0.0
2021;2021-13;Pinheiro;0;2021;189;0.0
2021;2021-13;Pirapora;0;2021;153;0.0
2021;2021-13;Piumhi;0;2021;36;0.0
2021;2021-13;Ponte Nova;0;2021;12;0.0
2021;2021-13;Porto Alegre;54;2021;15348;35.18373729476153
2021;2021-13;Princesa Isabel;0;2021;12;0.0
2021;2021-13;Quirinópolis;0;2021;65;0.0
2021;2021-13;Resende;1;2021;509;19.646365422396855
2021;2021-13;Ribeirão Preto;11;2021;6135;17.929910350448246
2021;2021-13;Rio Claro;0;2021;189;0.0
2021;2021-13;Rio de Janeiro;76;2021;40419;18.803038175115663
2021;2021-13;Russas - Limoeiro do Norte;1;2021;1039;9.624639076034649
2021;2021-13;Salvador;24;2021;12015;19.975031210986266
2021;2021-13;Santa Cruz do Sul;1;2021;1042;9.596928982725528
2021;2021-13;Santa Inês;0;2021;44;0.0
2021;2021-13;Santa Maria;0;2021;1110;0.0
2021;2021-13;Santa Maria da Vitoria;0;2021;13;0.0
2021;2021-13;Santana do Livramento;0;2021;89;0.0
2021;2021-13;Santos;1;2021;1071;9.337068160597573
2021;2021-13;Serra Talhada;0;2021;94;0.0
2021;2021-13;Soledade;0;2021;129;0.0
2021;2021-13;São Miguel do Oeste;1;2021;262;38.167938931297705
2021;2021-13;São Paulo;355;2021;73318;48.41921492675741
2021;2021-13;Teófilo Otoni;0;2021;555;0.0
2021;2021-13;Toledo;0;2021;42;0.0
2021;2021-13;Uberaba;1;2021;1886;5.302226935312832
2021;2021-13;Uberlândia;8;2021;3083;25.948751216347713
2021;2021-13;Uruguaiana;0;2021;222;0.0
2021;2021-13;Valença;0;2021;19;0.0
2021;2021-13;Vitória;0;2021;54;0.0
2021;2021-13;Vitória da Conquista;0;2021;14;0.0
2021;2021-13;Volta Redonda - Barra Mansa;13;2021;2694;48.255382331106155
2021;2021-14;Afonso Cláudio - Venda Nova do Imigrante - Santa Maria de Jetibá;1;2021;431;23.201856148491878
2021;2021-14;Alegre;0;2021;309;0.0
2021;2021-14;Araranguá;1;2021;502;19.9203187250996
2021;2021-14;Atalaia;0;2021;29;0.0
2021;2021-14;Bagé;0;2021;158;0.0
2021;2021-14;Belo Horizonte;59;2021;32062;18.401846422556297
2021;2021-14;Belém;17;2021;7079;24.01469134058483
2021;2021-14;Bento Gonçalves;0;2021;545;0.0
2021;2021-14;Boa Vista;0;2021;89;0.0
2021;2021-14;Bragança Paulista;0;2021;24;0.0
2021;2021-14;Brumado;0;2021;246;0.0
2021;2021-14;Camacan;0;2021;2;0.0
2021;2021-14;Campina Grande;6;2021;2373;25.28445006321113
2021;2021-14;Campo Belo;0;2021;35;0.0
2021;2021-14;Campos dos Goytacazes;2;2021;1009;19.821605550049554
2021;2021-14;Caratinga;0;2021;716;0.0
2021;2021-14;Carazinho;4;2021;48;833.3333333333333
2021;2021-14;Cascavel;0;2021;36;0.0
2021;2021-14;Catalão;0;2021;250;0.0
2021;2021-14;Catanduva;0;2021;13;0.0
2021;2021-14;Caxias do Sul;1;2021;3731;2.6802465826856072
2021;2021-14;Conceição do Coité;0;2021;33;0.0
2021;2021-14;Cruz Alta;0;2021;226;0.0
2021;2021-14;Curitiba;69;2021;16261;42.43281471004243
2021;2021-14;Curitibanos;0;2021;10;0.0
2021;2021-14;Distrito Federal;76;2021;11128;68.2961897915169
2021;2021-14;Eunápolis - Porto Seguro;0;2021;17;0.0
2021;2021-14;Frederico Westphalen;0;2021;238;0.0
2021;2021-14;Goiana ¿ Timbaúba;0;2021;730;0.0
2021;2021-14;Guarabira;0;2021;22;0.0
2021;2021-14;Guarapuava;0;2021;11;0.0
2021;2021-14;Gurupi;0;2021;32;0.0
2021;2021-14;Ijuí;0;2021;472;0.0
2021;2021-14;Imperatriz;0;2021;10;0.0
2021;2021-14;Itacoatiara;0;2021;14;0.0
2021;2021-14;Jaú;0;2021;172;0.0
2021;2021-14;Ji-Paraná;0;2021;16;0.0
2021;2021-14;Joaçaba - Herval d'Oeste;0;2021;659;0.0
2021;2021-14;Joinville;0;2021;33;0.0
2021;2021-14;Juiz de Fora;1;2021;2594;3.8550501156515034
2021;2021-14;Linhares;0;2021;733;0.0
2021;2021-14;Maceió;0;2021;46;0.0
2021;2021-14;Manaus;47;2021;3961;118.65690482201464
2021;2021-14;Mantena;0;2021;118;0.0
2021;2021-14;Maringá;12;2021;2708;44.313146233382575
2021;2021-14;Marília;6;2021;1054;56.92599620493358
2021;2021-14;Monteiro;0;2021;5;0.0
2021;2021-14;Mossoró;0;2021;35;0.0
2021;2021-14;Natal;0;2021;34;0.0
2021;2021-14;Nazaré ¿ Maragogipe;0;2021;23;0.0
2021;2021-14;Nova Prata - Guaporé;0;2021;387;0.0
2021;2021-14;Oliveira;0;2021;431;0.0
2021;2021-14;Passo Fundo;1;2021;1722;5.807200929152149
2021;2021-14;Passos;0;2021;455;0.0
2021;2021-14;Patos;0;2021;27;0.0
2021;2021-14;Pinheiro;0;2021;189;0.0
2021;2021-14;Pirapora;0;2021;153;0.0
2021;2021-14;Piumhi;0;2021;36;0.0
2021;2021-14;Ponte Nova;0;2021;12;0.0
2021;2021-14;Porto Alegre;66;2021;15348;43.00234558248631
2021;2021-14;Princesa Isabel;0;2021;12;0.0
2021;2021-14;Quirinópolis;0;2021;65;0.0
2021;2021-14;Resende;1;2021;509;19.646365422396855
2021;2021-14;Ribeirão Preto;10;2021;6135;16.299918500407497
2021;2021-14;Rio Claro;0;2021;189;0.0
2021;2021-14;Rio de Janeiro;95;2021;40419;23.503797718894578
2021;2021-14;Russas - Limoeiro do Norte;0;2021;1039;0.0
2021;2021-14;Salvador;46;2021;12015;38.28547648772368
2021;2021-14;Santa Cruz do Sul;15;2021;1042;143.95393474088291
2021;2021-14;Santa Inês;0;2021;44;0.0
2021;2021-14;Santa Maria;0;2021;1110;0.0
2021;2021-14;Santa Maria da Vitoria;0;2021;13;0.0
2021;2021-14;Santana do Livramento;0;2021;89;0.0
2021;2021-14;Santos;7;2021;1071;65.359477124183
2021;2021-14;Serra Talhada;0;2021;94;0.0
2021;2021-14;Soledade;0;2021;129;0.0
2021;2021-14;São Miguel do Oeste;0;2021;262;0.0
2021;2021-14;São Paulo;522;2021;73318;71.19670476554188
2021;2021-14;Teófilo Otoni;0;2021;555;0.0
2021;2021-14;Toledo;0;2021;42;0.0
2021;2021-14;Uberaba;3;2021;1886;15.906680805938494
2021;2021-14;Uberlândia;2;2021;3083;6.487187804086928
2021;2021-14;Uruguaiana;0;2021;222;0.0
2021;2021-14;Valença;0;2021;19;0.0
2021;2021-14;Vitória;0;2021;54;0.0
2021;2021-14;Vitória da Conquista;0;2021;14;0.0
2021;2021-14;Volta Redonda - Barra Mansa;7;2021;2694;25.983667409057166
2021;2021-15;Afonso Cláudio - Venda Nova do Imigrante - Santa Maria de Jetibá;1;2021;431;23.201856148491878
2021;2021-15;Alegre;0;2021;309;0.0
2021;2021-15;Araranguá;0;2021;502;0.0
2021;2021-15;Atalaia;0;2021;29;0.0
2021;2021-15;Bagé;0;2021;158;0.0
2021;2021-15;Belo Horizonte;68;2021;32062;21.208907741251327
2021;2021-15;Belém;14;2021;7079;19.7768046334228
2021;2021-15;Bento Gonçalves;0;2021;545;0.0
2021;2021-15;Boa Vista;0;2021;89;0.0
2021;2021-15;Bragança Paulista;0;2021;24;0.0
2021;2021-15;Brumado;0;2021;246;0.0
2021;2021-15;Camacan;0;2021;2;0.0
2021;2021-15;Campina Grande;5;2021;2373;21.07037505267594
2021;2021-15;Campo Belo;0;2021;35;0.0
2021;2021-15;Campos dos Goytacazes;0;2021;1009;0.0
2021;2021-15;Caratinga;0;2021;716;0.0
2021;2021-15;Carazinho;0;2021;48;0.0
2021;2021-15;Cascavel;0;2021;36;0.0
2021;2021-15;Catalão;0;2021;250;0.0
2021;2021-15;Catanduva;0;2021;13;0.0
2021;2021-15;Caxias do Sul;3;2021;3731;8.04073974805682
2021;2021-15;Conceição do Coité;0;2021;33;0.0
2021;2021-15;Cruz Alta;0;2021;226;0.0
2021;2021-15;Curitiba;84;2021;16261;51.65733964700818
2021;2021-15;Curitibanos;0;2021;10;0.0
2021;2021-15;Distrito Federal;91;2021;11128;81.77570093457943
2021;2021-15;Eunápolis - Porto Seguro;0;2021;17;0.0
2021;2021-15;Frederico Westphalen;2;2021;238;84.03361344537815
2021;2021-15;Goiana ¿ Timbaúba;0;2021;730;0.0
2021;2021-15;Guarabira;0;2021;22;0.0
2021;2021-15;Guarapuava;0;2021;11;0.0
2021;2021-15;Gurupi;0;2021;32;0.0
2021;2021-15;Ijuí;0;2021;472;0.0
2021;2021-15;Imperatriz;0;2021;10;0.0
2021;2021-15;Itacoatiara;0;2021;14;0.0
2021;2021-15;Jaú;0;2021;172;0.0
2021;2021-15;Ji-Paraná;0;2021;16;0.0
2021;2021-15;Joaçaba - Herval d'Oeste;0;2021;659;0.0
2021;2021-15;Joinville;0;2021;33;0.0
2021;2021-15;Juiz de Fora;3;2021;2594;11.56515034695451
2021;2021-15;Linhares;1;2021;733;13.642564802182811
2021;2021-15;Maceió;0;2021;46;0.0
2021;2021-15;Manaus;57;2021;3961;143.9030547841454
2021;2021-15;Mantena;0;2021;118;0.0
2021;2021-15;Maringá;5;2021;2708;18.46381093057607
2021;2021-15;Marília;4;2021;1054;37.95066413662239
2021;2021-15;Monteiro;0;2021;5;0.0
2021;2021-15;Mossoró;0;2021;35;0.0
2021;2021-15;Natal;0;2021;34;0.0
2021;2021-15;Nazaré ¿ Maragogipe;0;2021;23;0.0
2021;2021-15;Nova Prata - Guaporé;1;2021;387;25.839793281653748
2021;2021-15;Oliveira;0;2021;431;0.0
2021;2021-15;Passo Fundo;1;2021;1722;5.807200929152149
2021;2021-15;Passos;0;2021;455;0.0
2021;2021-15;Patos;0;2021;27;0.0
2021;2021-15;Pinheiro;0;2021;189;0.0
2021;2021-15;Pirapora;0;2021;153;0.0
2021;2021-15;Piumhi;0;2021;36;0.0
2021;2021-15;Ponte Nova;0;2021;12;0.0
2021;2021-15;Porto Alegre;95;2021;15348;61.897315611154546
2021;2021-15;Princesa Isabel;0;2021;12;0.0
2021;2021-15;Quirinópolis;0;2021;65;0.0
2021;2021-15;Resende;3;2021;509;58.93909626719057
2021;2021-15;Ribeirão Preto;7;2021;6135;11.409942950285249
2021;2021-15;Rio Claro;0;2021;189;0.0
2021;2021-15;Rio de Janeiro;87;2021;40419;21.524530542566616
2021;2021-15;Russas - Limoeiro do Norte;0;2021;1039;0.0
2021;2021-15;Salvador;43;2021;12015;35.7885975863504
2021;2021-15;Santa Cruz do Sul;15;2021;1042;143.95393474088291
2021;2021-15;Santa Inês;0;2021;44;0.0
2021;2021-15;Santa Maria;6;2021;1110;54.054054054054056
2021;2021-15;Santa Maria da Vitoria;0;2021;13;0.0
2021;2021-15;Santana do Livramento;0;2021;89;0.0
2021;2021-15;Santos;6;2021;1071;56.022408963585434
2021;2021-15;Serra Talhada;0;2021;94;0.0
2021;2021-15;Soledade;0;2021;129;0.0
2021;2021-15;São Miguel do Oeste;0;2021;262;0.0
2021;2021-15;São Paulo;624;2021;73318;85.10870454731443
2021;2021-15;Teófilo Otoni;0;2021;555;0.0
2021;2021-15;Toledo;1;2021;42;238.09523809523807
2021;2021-15;Uberaba;2;2021;1886;10.604453870625663
2021;2021-15;Uberlândia;5;2021;3083;16.21796951021732
2021;2021-15;Uruguaiana;0;2021;222;0.0
2021;2021-15;Valença;0;2021;19;0.0
2021;2021-15;Vitória;0;2021;54;0.0
2021;2021-15;Vitória da Conquista;0;2021;14;0.0
2021;2021-15;Volta Redonda - Barra Mansa;12;2021;2694;44.54342984409799
2021;2021-16;Afonso Cláudio - Venda Nova do Imigrante - Santa Maria de Jetibá;0;2021;431;0.0
2021;2021-16;Alegre;1;2021;309;32.36245954692557
2021;2021-16;Araranguá;0;2021;502;0.0
2021;2021-16;Atalaia;0;2021;29;0.0
2021;2021-16;Bagé;0;2021;158;0.0
2021;2021-16;Belo Horizonte;73;2021;32062;22.768386251637452
2021;2021-16;Belém;18;2021;7079;25.427320242972172
2021;2021-16;Bento Gonçalves;0;2021;545;0.0
2021;2021-16;Boa Vista;0;2021;89;0.0
2021;2021-16;Bragança Paulista;0;2021;24;0.0
2021;2021-16;Brumado;0;2021;246;0.0
2021;2021-16;Camacan;0;2021;2;0.0
2021;2021-16;Campina Grande;9;2021;2373;37.92667509481669
2021;2021-16;Campo Belo;0;2021;35;0.0
2021;2021-16;Campos dos Goytacazes;0;2021;1009;0.0
2021;2021-16;Caratinga;1;2021;716;13.966480446927374
2021;2021-16;Carazinho;1;2021;48;208.33333333333331
2021;2021-16;Cascavel;0;2021;36;0.0
2021;2021-16;Catalão;0;2021;250;0.0
2021;2021-16;Catanduva;0;2021;13;0.0
2021;2021-16;Caxias do Sul;2;2021;3731;5.3604931653712145
2021;2021-16;Conceição do Coité;2;2021;33;606.0606060606061
2021;2021-16;Cruz Alta;1;2021;226;44.24778761061947
2021;2021-16;Curitiba;97;2021;16261;59.651927925711824
2021;2021-16;Curitibanos;0;2021;10;0.0
2021;2021-16;Distrito Federal;104;2021;11128;93.45794392523364
2021;2021-16;Eunápolis - Porto Seguro;0;2021;17;0.0
2021;2021-16;Frederico Westphalen;0;2021;238;0.0
2021;2021-16;Goiana ¿ Timbaúba;0;2021;730;0.0
2021;2021-16;Guarabira;0;2021;22;0.0
2021;2021-16;Guarapuava;0;2021;11;0.0
2021;2021-16;Gurupi;0;2021;32;0.0
2021;2021-16;Ijuí;0;2021;472;0.0
2021;2021-16;Imperatriz;0;2021;10;0.0
2021;2021-16;Itacoatiara;0;2021;14;0.0
2021;2021-16;Jaú;0;2021;172;0.0
2021;2021-16;Ji-Paraná;0;2021;16;0.0
2021;2021-16;Joaçaba - Herval d'Oeste;0;2021;659;0.0
2021;2021-16;Joinville;0;2021;33;0.0
2021;2021-16;Juiz de Fora;2;2021;2594;7.710100231303007
2021;2021-16;Linhares;4;2021;733;54.570259208731244
2021;2021-16;Maceió;0;2021;46;0.0
2021;2021-16;Manaus;46;2021;3961;116.13228982580156
2021;2021-16;Mantena;0;2021;118;0.0
2021;2021-16;Maringá;5;2021;2708;18.46381093057607
2021;2021-16;Marília;0;2021;1054;0.0
2021;2021-16;Monteiro;0;2021;5;0.0
2021;2021-16;Mossoró;0;2021;35;0.0
2021;2021-16;Natal;0;2021;34;0.0
2021;2021-16;Nazaré ¿ Maragogipe;0;2021;23;0.0
2021;2021-16;Nova Prata - Guaporé;1;2021;387;25.839793281653748
2021;2021-16;Oliveira;0;2021;431;0.0
2021;2021-16;Passo Fundo;2;2021;1722;11.614401858304298
2021;2021-16;Passos;2;2021;455;43.956043956043956
2021;2021-16;Patos;0;2021;27;0.0
2021;2021-16;Pinheiro;0;2021;189;0.0
2021;2021-16;Pirapora;0;2021;153;0.0
2021;2021-16;Piumhi;0;2021;36;0.0
2021;2021-16;Ponte Nova;0;2021;12;0.0
2021;2021-16;Porto Alegre;76;2021;15348;49.51785248892364
2021;2021-16;Princesa Isabel;0;2021;12;0.0
2021;2021-16;Quirinópolis;0;2021;65;0.0
2021;2021-16;Resende;0;2021;509;0.0
2021;2021-16;Ribeirão Preto;5;2021;6135;8.149959250203748
2021;2021-16;Rio Claro;0;2021;189;0.0
2021;2021-16;Rio de Janeiro;66;2021;40419;16.328954204705706
2021;2021-16;Russas - Limoeiro do Norte;4;2021;1039;38.498556304138596
2021;2021-16;Salvador;28;2021;12015;23.30420307948398
2021;2021-16;Santa Cruz do Sul;3;2021;1042;28.790786948176585
2021;2021-16;Santa Inês;0;2021;44;0.0
2021;2021-16;Santa Maria;11;2021;1110;99.09909909909909
2021;2021-16;Santa Maria da Vitoria;0;2021;13;0.0
2021;2021-16;Santana do Livramento;0;2021;89;0.0
2021;2021-16;Santos;2;2021;1071;18.674136321195146
2021;2021-16;Serra Talhada;0;2021;94;0.0
2021;2021-16;Soledade;0;2021;129;0.0
2021;2021-16;São Miguel do Oeste;0;2021;262;0.0
2021;2021-16;São Paulo;563;2021;73318;76.78878310919556
2021;2021-16;Teófilo Otoni;1;2021;555;18.01801801801802
2021;2021-16;Toledo;0;2021;42;0.0
2021;2021-16;Uberaba;6;2021;1886;31.81336161187699
2021;2021-16;Uberlândia;7;2021;3083;22.705157314304248
2021;2021-16;Uruguaiana;0;2021;222;0.0
2021;2021-16;Valença;1;2021;19;526.3157894736842
2021;2021-16;Vitória;0;2021;54;0.0
2021;2021-16;Vitória da Conquista;0;2021;14;0.0
2021;2021-16;Volta Redonda - Barra Mansa;5;2021;2694;18.55976243504083
2021;2021-17;Afonso Cláudio - Venda Nova do Imigrante - Santa Maria de Jetibá;1;2021;431;23.201856148491878
2021;2021-17;Alegre;1;2021;309;32.36245954692557
2021;2021-17;Araranguá;0;2021;502;0.0
2021;2021-17;Atalaia;0;2021;29;0.0
2021;2021-17;Bagé;0;2021;158;0.0
2021;2021-17;Belo Horizonte;84;2021;32062;26.19923897448693
2021;2021-17;Belém;8;2021;7079;11.301031219098743
2021;2021-17;Bento Gonçalves;0;2021;545;0.0
2021;2021-17;Boa Vista;0;2021;89;0.0
2021;2021-17;Bragança Paulista;0;2021;24;0.0
2021;2021-17;Brumado;0;2021;246;0.0
2021;2021-17;Camacan;0;2021;2;0.0
2021;2021-17;Campina Grande;5;2021;2373;21.07037505267594
2021;2021-17;Campo Belo;0;2021;35;0.0
2021;2021-17;Campos dos Goytacazes;0;2021;1009;0.0
2021;2021-17;Caratinga;0;2021;716;0.0
2021;2021-17;Carazinho;1;2021;48;208.33333333333331
2021;2021-17;Cascavel;0;2021;36;0.0
2021;2021-17;Catalão;0;2021;250;0.0
2021;2021-17;Catanduva;0;2021;13;0.0
2021;2021-17;Caxias do Sul;2;2021;3731;5.3604931653712145
2021;2021-17;Conceição do Coité;0;2021;33;0.0
2021;2021-17;Cruz Alta;1;2021;226;44.24778761061947
2021;2021-17;Curitiba;90;2021;16261;55.34714962179448
2021;2021-17;Curitibanos;0;2021;10;0.0
2021;2021-17;Distrito Federal;117;2021;11128;105.14018691588784
2021;2021-17;Eunápolis - Porto Seguro;0;2021;17;0.0
2021;2021-17;Frederico Westphalen;1;2021;238;42.016806722689076
2021;2021-17;Goiana ¿ Timbaúba;0;2021;730;0.0
2021;2021-17;Guarabira;0;2021;22;0.0
2021;2021-17;Guarapuava;0;2021;11;0.0
2021;2021-17;Gurupi;0;2021;32;0.0
2021;2021-17;Ijuí;0;2021;472;0.0
2021;2021-17;Imperatriz;0;2021;10;0.0
2021;2021-17;Itacoatiara;0;2021;14;0.0
2021;2021-17;Jaú;0;2021;172;0.0
2021;2021-17;Ji-Paraná;0;2021;16;0.0
2021;2021-17;Joaçaba - Herval d'Oeste;0;2021;659;0.0
2021;2021-17;Joinville;0;2021;33;0.0
2021;2021-17;Juiz de Fora;2;2021;2594;7.710100231303007
2021;2021-17;Linhares;3;2021;733;40.927694406548426
2021;2021-17;Maceió;0;2021;46;0.0
2021;2021-17;Manaus;39;2021;3961;98.45998485231003
2021;2021-17;Mantena;0;2021;118;0.0
2021;2021-17;Maringá;6;2021;2708;22.156573116691288
2021;2021-17;Marília;0;2021;1054;0.0
2021;2021-17;Monteiro;0;2021;5;0.0
2021;2021-17;Mossoró;0;2021;35;0.0
2021;2021-17;Natal;0;2021;34;0.0
2021;2021-17;Nazaré ¿ Maragogipe;0;2021;23;0.0
2021;2021-17;Nova Prata - Guaporé;3;2021;387;77.51937984496124
2021;2021-17;Oliveira;0;2021;431;0.0
2021;2021-17;Passo Fundo;0;2021;1722;0.0
2021;2021-17;Passos;3;2021;455;65.93406593406593
2021;2021-17;Patos;0;2021;27;0.0
2021;2021-17;Pinheiro;0;2021;189;0.0
2021;2021-17;Pirapora;0;2021;153;0.0
2021;2021-17;Piumhi;0;2021;36;0.0
2021;2021-17;Ponte Nova;0;2021;12;0.0
2021;2021-17;Porto Alegre;71;2021;15348;46.260099035704975
2021;2021-17;Princesa Isabel;0;2021;12;0.0
2021;2021-17;Quirinópolis;0;2021;65;0.0
2021;2021-17;Resende;1;2021;509;19.646365422396855
2021;2021-17;Ribeirão Preto;4;2021;6135;6.519967400162999
2021;2021-17;Rio Claro;1;2021;189;52.910052910052904
2021;2021-17;Rio de Janeiro;92;2021;40419;22.761572527771595
2021;2021-17;Russas - Limoeiro do Norte;0;2021;1039;0.0
2021;2021-17;Salvador;24;2021;12015;19.975031210986266
2021;2021-17;Santa Cruz do Sul;10;2021;1042;95.96928982725527
2021;2021-17;Santa Inês;0;2021;44;0.0
2021;2021-17;Santa Maria;4;2021;1110;36.03603603603604
2021;2021-17;Santa Maria da Vitoria;0;2021;13;0.0
2021;2021-17;Santana do Livramento;0;2021;89;0.0
2021;2021-17;Santos;1;2021;1071;9.337068160597573
2021;2021-17;Serra Talhada;0;2021;94;0.0
2021;2021-17;Soledade;0;2021;129;0.0
2021;2021-17;São Miguel do Oeste;0;2021;262;0.0
2021;2021-17;São Paulo;486;2021;73318;66.28658719550451
2021;2021-17;Teófilo Otoni;1;2021;555;18.01801801801802
2021;2021-17;Toledo;1;2021;42;238.09523809523807
2021;2021-17;Uberaba;7;2021;1886;37.11558854718982
2021;2021-17;Uberlândia;2;2021;3083;6.487187804086928
2021;2021-17;Uruguaiana;0;2021;222;0.0
2021;2021-17;Valença;1;2021;19;526.3157894736842
2021;2021-17;Vitória;0;2021;54;0.0
2021;2021-17;Vitória da Conquista;0;2021;14;0.0
2021;2021-17;Volta Redonda - Barra Mansa;2;2021;2694;7.423904974016332
2021;2021-18;Afonso Cláudio - Venda Nova do Imigrante - Santa Maria de Jetibá;0;2021;431;0.0
2021;2021-18;Alegre;1;2021;309;32.36245954692557
2021;2021-18;Araranguá;0;2021;502;0.0
2021;2021-18;Atalaia;0;2021;29;0.0
2021;2021-18;Bagé;0;2021;158;0.0
2021;2021-18;Belo Horizonte;59;2021;32062;18.401846422556297
2021;2021-18;Belém;29;2021;7079;40.966238169232945
2021;2021-18;Bento Gonçalves;0;2021;545;0.0
2021;2021-18;Boa Vista;0;2021;89;0.0
2021;2021-18;Bragança Paulista;0;2021;24;0.0
2021;2021-18;Brumado;0;2021;246;0.0
2021;2021-18;Camacan;0;2021;2;0.0
2021;2021-18;Campina Grande;3;2021;2373;12.642225031605564
2021;2021-18;Campo Belo;0;2021;35;0.0
2021;2021-18;Campos dos Goytacazes;0;2021;1009;0.0
2021;2021-18;Caratinga;0;2021;716;0.0
2021;2021-18;Carazinho;0;2021;48;0.0
2021;2021-18;Cascavel;0;2021;36;0.0
2021;2021-18;Catalão;0;2021;250;0.0
2021;2021-18;Catanduva;0;2021;13;0.0
2021;2021-18;Caxias do Sul;5;2021;3731;13.401232913428036
2021;2021-18;Conceição do Coité;0;2021;33;0.0
2021;2021-18;Cruz Alta;0;2021;226;0.0
2021;2021-18;Curitiba;61;2021;16261;37.51306807699403
2021;2021-18;Curitibanos;0;2021;10;0.0
2021;2021-18;Distrito Federal;73;2021;11128;65.60028756290438
2021;2021-18;Eunápolis - Porto Seguro;0;2021;17;0.0
2021;2021-18;Frederico Westphalen;0;2021;238;0.0
2021;2021-18;Goiana ¿ Timbaúba;0;2021;730;0.0
2021;2021-18;Guarabira;0;2021;22;0.0
2021;2021-18;Guarapuava;0;2021;11;0.0
2021;2021-18;Gurupi;0;2021;32;0.0
2021;2021-18;Ijuí;0;2021;472;0.0
2021;2021-18;Imperatriz;0;2021;10;0.0
2021;2021-18;Itacoatiara;0;2021;14;0.0
2021;2021-18;Jaú;0;2021;172;0.0
2021;2021-18;Ji-Paraná;0;2021;16;0.0
2021;2021-18;Joaçaba - Herval d'Oeste;0;2021;659;0.0
2021;2021-18;Joinville;0;2021;33;0.0
2021;2021-18;Juiz de Fora;1;2021;2594;3.8550501156515034
2021;2021-18;Linhares;0;2021;733;0.0
2021;2021-18;Maceió;0;2021;46;0.0
2021;2021-18;Manaus;24;2021;3961;60.59075990911386
2021;2021-18;Mantena;0;2021;118;0.0
2021;2021-18;Maringá;6;2021;2708;22.156573116691288
2021;2021-18;Marília;5;2021;1054;47.43833017077799
2021;2021-18;Monteiro;0;2021;5;0.0
2021;2021-18;Mossoró;0;2021;35;0.0
2021;2021-18;Natal;0;2021;34;0.0
2021;2021-18;Nazaré ¿ Maragogipe;0;2021;23;0.0
2021;2021-18;Nova Prata - Guaporé;1;2021;387;25.839793281653748
2021;2021-18;Oliveira;0;2021;431;0.0
2021;2021-18;Passo Fundo;1;2021;1722;5.807200929152149
2021;2021-18;Passos;1;2021;455;21.978021978021978
2021;2021-18;Patos;0;2021;27;0.0
2021;2021-18;Pinheiro;0;2021;189;0.0
2021;2021-18;Pirapora;0;2021;153;0.0
2021;2021-18;Piumhi;0;2021;36;0.0
2021;2021-18;Ponte Nova;0;2021;12;0.0
2021;2021-18;Porto Alegre;30;2021;15348;19.54652071931196
2021;2021-18;Princesa Isabel;0;2021;12;0.0
2021;2021-18;Quirinópolis;0;2021;65;0.0
2021;2021-18;Resende;0;2021;509;0.0
2021;2021-18;Ribeirão Preto;6;2021;6135;9.779951100244498
2021;2021-18;Rio Claro;0;2021;189;0.0
2021;2021-18;Rio de Janeiro;81;2021;40419;20.040080160320638
2021;2021-18;Russas - Limoeiro do Norte;3;2021;1039;28.873917228103945
2021;2021-18;Salvador;26;2021;12015;21.63961714523512
2021;2021-18;Santa Cruz do Sul;7;2021;1042;67.17850287907869
2021;2021-18;Santa Inês;0;2021;44;0.0
2021;2021-18;Santa Maria;5;2021;1110;45.04504504504504
2021;2021-18;Santa Maria da Vitoria;0;2021;13;0.0
2021;2021-18;Santana do Livramento;0;2021;89;0.0
2021;2021-18;Santos;0;2021;1071;0.0
2021;2021-18;Serra Talhada;0;2021;94;0.0
2021;2021-18;Soledade;0;2021;129;0.0
2021;2021-18;São Miguel do Oeste;0;2021;262;0.0
2021;2021-18;São Paulo;440;2021;73318;60.01254807823454
2021;2021-18;Teófilo Otoni;0;2021;555;0.0
2021;2021-18;Toledo;2;2021;42;476.19047619047615
2021;2021-18;Uberaba;2;2021;1886;10.604453870625663
2021;2021-18;Uberlândia;5;2021;3083;16.21796951021732
2021;2021-18;Uruguaiana;0;2021;222;0.0
2021;2021-18;Valença;0;2021;19;0.0
2021;2021-18;Vitória;0;2021;54;0.0
2021;2021-18;Vitória da Conquista;0;2021;14;0.0
2021;2021-18;Volta Redonda - Barra Mansa;1;2021;2694;3.711952487008166
2021;2021-19;Afonso Cláudio - Venda Nova do Imigrante - Santa Maria de Jetibá;0;2021;431;0.0
2021;2021-19;Alegre;0;2021;309;0.0
2021;2021-19;Araranguá;0;2021;502;0.0
2021;2021-19;Atalaia;0;2021;29;0.0
2021;2021-19;Bagé;0;2021;158;0.0
2021;2021-19;Belo Horizonte;47;2021;32062;14.659097997629592
2021;2021-19;Belém;16;2021;7079;22.602062438197486
2021;2021-19;Bento Gonçalves;0;2021;545;0.0
2021;2021-19;Boa Vista;0;2021;89;0.0
2021;2021-19;Bragança Paulista;0;2021;24;0.0
2021;2021-19;Brumado;3;2021;246;121.95121951219512
2021;2021-19;Camacan;0;2021;2;0.0
2021;2021-19;Campina Grande;14;2021;2373;58.99705014749262
2021;2021-19;Campo Belo;0;2021;35;0.0
2021;2021-19;Campos dos Goytacazes;0;2021;1009;0.0
2021;2021-19;Caratinga;0;2021;716;0.0
2021;2021-19;Carazinho;1;2021;48;208.33333333333331
2021;2021-19;Cascavel;0;2021;36;0.0
2021;2021-19;Catalão;0;2021;250;0.0
2021;2021-19;Catanduva;0;2021;13;0.0
2021;2021-19;Caxias do Sul;1;2021;3731;2.6802465826856072
2021;2021-19;Conceição do Coité;0;2021;33;0.0
2021;2021-19;Cruz Alta;0;2021;226;0.0
2021;2021-19;Curitiba;65;2021;16261;39.972941393518234
2021;2021-19;Curitibanos;0;2021;10;0.0
2021;2021-19;Distrito Federal;96;2021;11128;86.26887131560028
2021;2021-19;Eunápolis - Porto Seguro;0;2021;17;0.0
2021;2021-19;Frederico Westphalen;0;2021;238;0.0
2021;2021-19;Goiana ¿ Timbaúba;0;2021;730;0.0
2021;2021-19;Guarabira;0;2021;22;0.0
2021;2021-19;Guarapuava;0;2021;11;0.0
2021;2021-19;Gurupi;0;2021;32;0.0
2021;2021-19;Ijuí;0;2021;472;0.0
2021;2021-19;Imperatriz;0;2021;10;0.0
2021;2021-19;Itacoatiara;0;2021;14;0.0
2021;2021-19;Jaú;1;2021;172;58.13953488372093
2021;2021-19;Ji-Paraná;0;2021;16;0.0
2021;2021-19;Joaçaba - Herval d'Oeste;0;2021;659;0.0
2021;2021-19;Joinville;0;2021;33;0.0
2021;2021-19;Juiz de Fora;2;2021;2594;7.710100231303007
2021;2021-19;Linhares;1;2021;733;13.642564802182811
2021;2021-19;Maceió;0;2021;46;0.0
2021;2021-19;Manaus;58;2021;3961;146.4276697803585
2021;2021-19;Mantena;0;2021;118;0.0
2021;2021-19;Maringá;4;2021;2708;14.771048744460858
2021;2021-19;Marília;1;2021;1054;9.487666034155598
2021;2021-19;Monteiro;0;2021;5;0.0
2021;2021-19;Mossoró;0;2021;35;0.0
2021;2021-19;Natal;0;2021;34;0.0
2021;2021-19;Nazaré ¿ Maragogipe;0;2021;23;0.0
2021;2021-19;Nova Prata - Guaporé;0;2021;387;0.0
2021;2021-19;Oliveira;0;2021;431;0.0
2021;2021-19;Passo Fundo;2;2021;1722;11.614401858304298
2021;2021-19;Passos;0;2021;455;0.0
2021;2021-19;Patos;0;2021;27;0.0
2021;2021-19;Pinheiro;0;2021;189;0.0
2021;2021-19;Pirapora;0;2021;153;0.0
2021;2021-19;Piumhi;0;2021;36;0.0
2021;2021-19;Ponte Nova;0;2021;12;0.0
2021;2021-19;Porto Alegre;23;2021;15348;14.985665884805837
2021;2021-19;Princesa Isabel;0;2021;12;0.0
2021;2021-19;Quirinópolis;0;2021;65;0.0
2021;2021-19;Resende;0;2021;509;0.0
2021;2021-19;Ribeirão Preto;6;2021;6135;9.779951100244498
2021;2021-19;Rio Claro;0;2021;189;0.0
2021;2021-19;Rio de Janeiro;55;2021;40419;13.607461837254757
2021;2021-19;Russas - Limoeiro do Norte;1;2021;1039;9.624639076034649
2021;2021-19;Salvador;23;2021;12015;19.14273824386184
2021;2021-19;Santa Cruz do Sul;3;2021;1042;28.790786948176585
2021;2021-19;Santa Inês;0;2021;44;0.0
2021;2021-19;Santa Maria;1;2021;1110;9.00900900900901
2021;2021-19;Santa Maria da Vitoria;0;2021;13;0.0
2021;2021-19;Santana do Livramento;0;2021;89;0.0
2021;2021-19;Santos;1;2021;1071;9.337068160597573
2021;2021-19;Serra Talhada;0;2021;94;0.0
2021;2021-19;Soledade;0;2021;129;0.0
2021;2021-19;São Miguel do Oeste;0;2021;262;0.0
2021;2021-19;São Paulo;320;2021;73318;43.6454895114433
2021;2021-19;Teófilo Otoni;0;2021;555;0.0
2021;2021-19;Toledo;0;2021;42;0.0
2021;2021-19;Uberaba;0;2021;1886;0.0
2021;2021-19;Uberlândia;1;2021;3083;3.243593902043464
2021;2021-19;Uruguaiana;1;2021;222;45.04504504504504
2021;2021-19;Valença;0;2021;19;0.0
2021;2021-19;Vitória;0;2021;54;0.0
2021;2021-19;Vitória da Conquista;0;2021;14;0.0
2021;2021-19;Volta Redonda - Barra Mansa;2;2021;2694;7.423904974016332
2021;2021-20;Afonso Cláudio - Venda Nova do Imigrante - Santa Maria de Jetibá;0;2021;431;0.0
2021;2021-20;Alegre;0;2021;309;0.0
2021;2021-20;Araranguá;1;2021;502;19.9203187250996
2021;2021-20;Atalaia;0;2021;29;0.0
2021;2021-20;Bagé;1;2021;158;63.291139240506325
2021;2021-20;Belo Horizonte;63;2021;32062;19.6494292308652
2021;2021-20;Belém;21;2021;7079;29.6652069501342
2021;2021-20;Bento Gonçalves;0;2021;545;0.0
2021;2021-20;Boa Vista;0;2021;89;0.0
2021;2021-20;Bragança Paulista;0;2021;24;0.0
2021;2021-20;Brumado;3;2021;246;121.95121951219512
2021;2021-20;Camacan;0;2021;2;0.0
2021;2021-20;Campina Grande;10;2021;2373;42.14075010535188
2021;2021-20;Campo Belo;0;2021;35;0.0
2021;2021-20;Campos dos Goytacazes;0;2021;1009;0.0
2021;2021-20;Caratinga;1;2021;716;13.966480446927374
2021;2021-20;Carazinho;0;2021;48;0.0
2021;2021-20;Cascavel;0;2021;36;0.0
2021;2021-20;Catalão;0;2021;250;0.0
2021;2021-20;Catanduva;0;2021;13;0.0
2021;2021-20;Caxias do Sul;2;2021;3731;5.3604931653712145
2021;2021-20;Conceição do Coité;0;2021;33;0.0
2021;2021-20;Cruz Alta;0;2021;226;0.0
2021;2021-20;Curitiba;47;2021;16261;28.903511469159337
2021;2021-20;Curitibanos;0;2021;10;0.0
2021;2021-20;Distrito Federal;82;2021;11128;73.68799424874192
2021;2021-20;Eunápolis - Porto Seguro;0;2021;17;0.0
2021;2021-20;Frederico Westphalen;0;2021;238;0.0
2021;2021-20;Goiana ¿ Timbaúba;2;2021;730;27.397260273972602
2021;2021-20;Guarabira;0;2021;22;0.0
2021;2021-20;Guarapuava;0;2021;11;0.0
2021;2021-20;Gurupi;0;2021;32;0.0
2021;2021-20;Ijuí;3;2021;472;63.55932203389831
2021;2021-20;Imperatriz;0;2021;10;0.0
2021;2021-20;Itacoatiara;0;2021;14;0.0
2021;2021-20;Jaú;0;2021;172;0.0
2021;2021-20;Ji-Paraná;0;2021;16;0.0
2021;2021-20;Joaçaba - Herval d'Oeste;2;2021;659;30.349013657056148
2021;2021-20;Joinville;0;2021;33;0.0
2021;2021-20;Juiz de Fora;3;2021;2594;11.56515034695451
2021;2021-20;Linhares;2;2021;733;27.285129604365622
2021;2021-20;Maceió;0;2021;46;0.0
2021;2021-20;Manaus;35;2021;3961;88.36152486745772
2021;2021-20;Mantena;0;2021;118;0.0
2021;2021-20;Maringá;1;2021;2708;3.6927621861152145
2021;2021-20;Marília;6;2021;1054;56.92599620493358
2021;2021-20;Monteiro;0;2021;5;0.0
2021;2021-20;Mossoró;0;2021;35;0.0
2021;2021-20;Natal;0;2021;34;0.0
2021;2021-20;Nazaré ¿ Maragogipe;0;2021;23;0.0
2021;2021-20;Nova Prata - Guaporé;0;2021;387;0.0
2021;2021-20;Oliveira;0;2021;431;0.0
2021;2021-20;Passo Fundo;1;2021;1722;5.807200929152149
2021;2021-20;Passos;1;2021;455;21.978021978021978
2021;2021-20;Patos;0;2021;27;0.0
2021;2021-20;Pinheiro;0;2021;189;0.0
2021;2021-20;Pirapora;0;2021;153;0.0
2021;2021-20;Piumhi;0;2021;36;0.0
2021;2021-20;Ponte Nova;0;2021;12;0.0
2021;2021-20;Porto Alegre;16;2021;15348;10.424811050299713
2021;2021-20;Princesa Isabel;0;2021;12;0.0
2021;2021-20;Quirinópolis;0;2021;65;0.0
2021;2021-20;Resende;0;2021;509;0.0
2021;2021-20;Ribeirão Preto;3;2021;6135;4.889975550122249
2021;2021-20;Rio Claro;0;2021;189;0.0
2021;2021-20;Rio de Janeiro;80;2021;40419;19.792671763279646
2021;2021-20;Russas - Limoeiro do Norte;3;2021;1039;28.873917228103945
2021;2021-20;Salvador;48;2021;12015;39.95006242197253
2021;2021-20;Santa Cruz do Sul;1;2021;1042;9.596928982725528
2021;2021-20;Santa Inês;0;2021;44;0.0
2021;2021-20;Santa Maria;2;2021;1110;18.01801801801802
2021;2021-20;Santa Maria da Vitoria;0;2021;13;0.0
2021;2021-20;Santana do Livramento;0;2021;89;0.0
2021;2021-20;Santos;1;2021;1071;9.337068160597573
2021;2021-20;Serra Talhada;0;2021;94;0.0
2021;2021-20;Soledade;0;2021;129;0.0
2021;2021-20;São Miguel do Oeste;0;2021;262;0.0
2021;2021-20;São Paulo;286;2021;73318;39.00815625085245
2021;2021-20;Teófilo Otoni;0;2021;555;0.0
2021;2021-20;Toledo;0;2021;42;0.0
2021;2021-20;Uberaba;4;2021;1886;21.208907741251327
2021;2021-20;Uberlândia;2;2021;3083;6.487187804086928
2021;2021-20;Uruguaiana;0;2021;222;0.0
2021;2021-20;Valença;0;2021;19;0.0
2021;2021-20;Vitória;0;2021;54;0.0
2021;2021-20;Vitória da Conquista;0;2021;14;0.0
2021;2021-20;Volta Redonda - Barra Mansa;5;2021;2694;18.55976243504083
2021;2021-21;Afonso Cláudio - Venda Nova do Imigrante - Santa Maria de Jetibá;2;2021;431;46.403712296983755
2021;2021-21;Alegre;1;2021;309;32.36245954692557
2021;2021-21;Araranguá;0;2021;502;0.0
2021;2021-21;Atalaia;0;2021;29;0.0
2021;2021-21;Bagé;2;2021;158;126.58227848101265
2021;2021-21;Belo Horizonte;60;2021;32062;18.713742124633523
2021;2021-21;Belém;20;2021;7079;28.252578047746855
2021;2021-21;Bento Gonçalves;0;2021;545;0.0
2021;2021-21;Boa Vista;0;2021;89;0.0
2021;2021-21;Bragança Paulista;0;2021;24;0.0
2021;2021-21;Brumado;1;2021;246;40.650406504065046
2021;2021-21;Camacan;0;2021;2;0.0
2021;2021-21;Campina Grande;7;2021;2373;29.49852507374631
2021;2021-21;Campo Belo;0;2021;35;0.0
2021;2021-21;Campos dos Goytacazes;0;2021;1009;0.0
2021;2021-21;Caratinga;0;2021;716;0.0
2021;2021-21;Carazinho;0;2021;48;0.0
2021;2021-21;Cascavel;0;2021;36;0.0
2021;2021-21;Catalão;0;2021;250;0.0
2021;2021-21;Catanduva;0;2021;13;0.0
2021;2021-21;Caxias do Sul;2;2021;3731;5.3604931653712145
2021;2021-21;Conceição do Coité;0;2021;33;0.0
2021;2021-21;Cruz Alta;0;2021;226;0.0
2021;2021-21;Curitiba;41;2021;16261;25.213701494373037
2021;2021-21;Curitibanos;0;2021;10;0.0
2021;2021-21;Distrito Federal;73;2021;11128;65.60028756290438
2021;2021-21;Eunápolis - Porto Seguro;0;2021;17;0.0
2021;2021-21;Frederico Westphalen;0;2021;238;0.0
2021;2021-21;Goiana ¿ Timbaúba;0;2021;730;0.0
2021;2021-21;Guarabira;0;2021;22;0.0
2021;2021-21;Guarapuava;0;2021;11;0.0
2021;2021-21;Gurupi;0;2021;32;0.0
2021;2021-21;Ijuí;0;2021;472;0.0
2021;2021-21;Imperatriz;0;2021;10;0.0
2021;2021-21;Itacoatiara;0;2021;14;0.0
2021;2021-21;Jaú;0;2021;172;0.0
2021;2021-21;Ji-Paraná;0;2021;16;0.0
2021;2021-21;Joaçaba - Herval d'Oeste;0;2021;659;0.0
2021;2021-21;Joinville;0;2021;33;0.0
2021;2021-21;Juiz de Fora;2;2021;2594;7.710100231303007
2021;2021-21;Linhares;2;2021;733;27.285129604365622
2021;2021-21;Maceió;0;2021;46;0.0
2021;2021-21;Manaus;23;2021;3961;58.06614491290078
2021;2021-21;Mantena;0;2021;118;0.0
2021;2021-21;Maringá;2;2021;2708;7.385524372230429
2021;2021-21;Marília;0;2021;1054;0.0
2021;2021-21;Monteiro;0;2021;5;0.0
2021;2021-21;Mossoró;0;2021;35;0.0
2021;2021-21;Natal;0;2021;34;0.0
2021;2021-21;Nazaré ¿ Maragogipe;0;2021;23;0.0
2021;2021-21;Nova Prata - Guaporé;0;2021;387;0.0
2021;2021-21;Oliveira;0;2021;431;0.0
2021;2021-21;Passo Fundo;0;2021;1722;0.0
2021;2021-21;Passos;0;2021;455;0.0
2021;2021-21;Patos;0;2021;27;0.0
2021;2021-21;Pinheiro;0;2021;189;0.0
2021;2021-21;Pirapora;0;2021;153;0.0
2021;2021-21;Piumhi;0;2021;36;0.0
2021;2021-21;Ponte Nova;0;2021;12;0.0
2021;2021-21;Porto Alegre;16;2021;15348;10.424811050299713
2021;2021-21;Princesa Isabel;0;2021;12;0.0
2021;2021-21;Quirinópolis;0;2021;65;0.0
2021;2021-21;Resende;0;2021;509;0.0
2021;2021-21;Ribeirão Preto;2;2021;6135;3.2599837000814995
2021;2021-21;Rio Claro;0;2021;189;0.0
2021;2021-21;Rio de Janeiro;67;2021;40419;16.576362601746702
2021;2021-21;Russas - Limoeiro do Norte;2;2021;1039;19.249278152069298
2021;2021-21;Salvador;25;2021;12015;20.807324178110697
2021;2021-21;Santa Cruz do Sul;1;2021;1042;9.596928982725528
2021;2021-21;Santa Inês;0;2021;44;0.0
2021;2021-21;Santa Maria;0;2021;1110;0.0
2021;2021-21;Santa Maria da Vitoria;0;2021;13;0.0
2021;2021-21;Santana do Livramento;0;2021;89;0.0
2021;2021-21;Santos;2;2021;1071;18.674136321195146
2021;2021-21;Serra Talhada;0;2021;94;0.0
2021;2021-21;Soledade;0;2021;129;0.0
2021;2021-21;São Miguel do Oeste;0;2021;262;0.0
2021;2021-21;São Paulo;245;2021;73318;33.416077907198776
2021;2021-21;Teófilo Otoni;0;2021;555;0.0
2021;2021-21;Toledo;0;2021;42;0.0
2021;2021-21;Uberaba;0;2021;1886;0.0
2021;2021-21;Uberlândia;4;2021;3083;12.974375608173856
2021;2021-21;Uruguaiana;0;2021;222;0.0
2021;2021-21;Valença;0;2021;19;0.0
2021;2021-21;Vitória;0;2021;54;0.0
2021;2021-21;Vitória da Conquista;0;2021;14;0.0
2021;2021-21;Volta Redonda - Barra Mansa;3;2021;2694;11.135857461024498
2021;2021-22;Afonso Cláudio - Venda Nova do Imigrante - Santa Maria de Jetibá;1;2021;431;23.201856148491878
2021;2021-22;Alegre;1;2021;309;32.36245954692557
2021;2021-22;Araranguá;0;2021;502;0.0
2021;2021-22;Atalaia;0;2021;29;0.0
2021;2021-22;Bagé;2;2021;158;126.58227848101265
2021;2021-22;Belo Horizonte;54;2021;32062;16.84236791217017
2021;2021-22;Belém;4;2021;7079;5.650515609549371
2021;2021-22;Bento Gonçalves;0;2021;545;0.0
2021;2021-22;Boa Vista;0;2021;89;0.0
2021;2021-22;Bragança Paulista;0;2021;24;0.0
2021;2021-22;Brumado;1;2021;246;40.650406504065046
2021;2021-22;Camacan;0;2021;2;0.0
2021;2021-22;Campina Grande;8;2021;2373;33.712600084281505
2021;2021-22;Campo Belo;0;2021;35;0.0
2021;2021-22;Campos dos Goytacazes;0;2021;1009;0.0
2021;2021-22;Caratinga;0;2021;716;0.0
2021;2021-22;Carazinho;0;2021;48;0.0
2021;2021-22;Cascavel;0;2021;36;0.0
2021;2021-22;Catalão;0;2021;250;0.0
2021;2021-22;Catanduva;0;2021;13;0.0
2021;2021-22;Caxias do Sul;0;2021;3731;0.0
2021;2021-22;Conceição do Coité;0;2021;33;0.0
2021;2021-22;Cruz Alta;0;2021;226;0.0
2021;2021-22;Curitiba;25;2021;16261;15.374208228276245
2021;2021-22;Curitibanos;0;2021;10;0.0
2021;2021-22;Distrito Federal;87;2021;11128;78.18116462976275
2021;2021-22;Eunápolis - Porto Seguro;0;2021;17;0.0
2021;2021-22;Frederico Westphalen;0;2021;238;0.0
2021;2021-22;Goiana ¿ Timbaúba;1;2021;730;13.698630136986301
2021;2021-22;Guarabira;2;2021;22;909.0909090909091
2021;2021-22;Guarapuava;0;2021;11;0.0
2021;2021-22;Gurupi;0;2021;32;0.0
2021;2021-22;Ijuí;0;2021;472;0.0
2021;2021-22;Imperatriz;0;2021;10;0.0
2021;2021-22;Itacoatiara;0;2021;14;0.0
2021;2021-22;Jaú;0;2021;172;0.0
2021;2021-22;Ji-Paraná;0;2021;16;0.0
2021;2021-22;Joaçaba - Herval d'Oeste;0;2021;659;0.0
2021;2021-22;Joinville;0;2021;33;0.0
2021;2021-22;Juiz de Fora;4;2021;2594;15.420200462606013
2021;2021-22;Linhares;2;2021;733;27.285129604365622
2021;2021-22;Maceió;0;2021;46;0.0
2021;2021-22;Manaus;16;2021;3961;40.39383993940924
2021;2021-22;Mantena;0;2021;118;0.0
2021;2021-22;Maringá;4;2021;2708;14.771048744460858
2021;2021-22;Marília;1;2021;1054;9.487666034155598
2021;2021-22;Monteiro;0;2021;5;0.0
2021;2021-22;Mossoró;0;2021;35;0.0
2021;2021-22;Natal;0;2021;34;0.0
2021;2021-22;Nazaré ¿ Maragogipe;0;2021;23;0.0
2021;2021-22;Nova Prata - Guaporé;0;2021;387;0.0
2021;2021-22;Oliveira;0;2021;431;0.0
2021;2021-22;Passo Fundo;0;2021;1722;0.0
2021;2021-22;Passos;0;2021;455;0.0
2021;2021-22;Patos;0;2021;27;0.0
2021;2021-22;Pinheiro;0;2021;189;0.0
2021;2021-22;Pirapora;0;2021;153;0.0
2021;2021-22;Piumhi;0;2021;36;0.0
2021;2021-22;Ponte Nova;0;2021;12;0.0
2021;2021-22;Porto Alegre;7;2021;15348;4.560854834506125
2021;2021-22;Princesa Isabel;0;2021;12;0.0
2021;2021-22;Quirinópolis;0;2021;65;0.0
2021;2021-22;Resende;9;2021;509;176.8172888015717
2021;2021-22;Ribeirão Preto;4;2021;6135;6.519967400162999
2021;2021-22;Rio Claro;0;2021;189;0.0
2021;2021-22;Rio de Janeiro;78;2021;40419;19.297854969197655
2021;2021-22;Russas - Limoeiro do Norte;0;2021;1039;0.0
2021;2021-22;Salvador;29;2021;12015;24.136496046608404
2021;2021-22;Santa Cruz do Sul;0;2021;1042;0.0
2021;2021-22;Santa Inês;0;2021;44;0.0
2021;2021-22;Santa Maria;1;2021;1110;9.00900900900901
2021;2021-22;Santa Maria da Vitoria;0;2021;13;0.0
2021;2021-22;Santana do Livramento;0;2021;89;0.0
2021;2021-22;Santos;1;2021;1071;9.337068160597573
2021;2021-22;Serra Talhada;0;2021;94;0.0
2021;2021-22;Soledade;0;2021;129;0.0
2021;2021-22;São Miguel do Oeste;0;2021;262;0.0
2021;2021-22;São Paulo;172;2021;73318;23.459450612400776
2021;2021-22;Teófilo Otoni;0;2021;555;0.0
2021;2021-22;Toledo;0;2021;42;0.0
2021;2021-22;Uberaba;2;2021;1886;10.604453870625663
2021;2021-22;Uberlândia;1;2021;3083;3.243593902043464
2021;2021-22;Uruguaiana;0;2021;222;0.0
2021;2021-22;Valença;0;2021;19;0.0
2021;2021-22;Vitória;0;2021;54;0.0
2021;2021-22;Vitória da Conquista;0;2021;14;0.0
2021;2021-22;Volta Redonda - Barra Mansa;2;2021;2694;7.423904974016332
2021;2021-23;Afonso Cláudio - Venda Nova do Imigrante - Santa Maria de Jetibá;0;2021;431;0.0
2021;2021-23;Alegre;1;2021;309;32.36245954692557
2021;2021-23;Araranguá;0;2021;502;0.0
2021;2021-23;Atalaia;0;2021;29;0.0
2021;2021-23;Bagé;0;2021;158;0.0
2021;2021-23;Belo Horizonte;56;2021;32062;17.46615931632462
2021;2021-23;Belém;16;2021;7079;22.602062438197486
2021;2021-23;Bento Gonçalves;0;2021;545;0.0
2021;2021-23;Boa Vista;0;2021;89;0.0
2021;2021-23;Bragança Paulista;0;2021;24;0.0
2021;2021-23;Brumado;0;2021;246;0.0
2021;2021-23;Camacan;0;2021;2;0.0
2021;2021-23;Campina Grande;8;2021;2373;33.712600084281505
2021;2021-23;Campo Belo;0;2021;35;0.0
2021;2021-23;Campos dos Goytacazes;1;2021;1009;9.910802775024777
2021;2021-23;Caratinga;0;2021;716;0.0
2021;2021-23;Carazinho;0;2021;48;0.0
2021;2021-23;Cascavel;0;2021;36;0.0
2021;2021-23;Catalão;0;2021;250;0.0
2021;2021-23;Catanduva;1;2021;13;769.2307692307693
2021;2021-23;Caxias do Sul;0;2021;3731;0.0
2021;2021-23;Conceição do Coité;0;2021;33;0.0
2021;2021-23;Cruz Alta;1;2021;226;44.24778761061947
2021;2021-23;Curitiba;31;2021;16261;19.064018203062542
2021;2021-23;Curitibanos;0;2021;10;0.0
2021;2021-23;Distrito Federal;82;2021;11128;73.68799424874192
2021;2021-23;Eunápolis - Porto Seguro;0;2021;17;0.0
2021;2021-23;Frederico Westphalen;7;2021;238;294.11764705882354
2021;2021-23;Goiana ¿ Timbaúba;0;2021;730;0.0
2021;2021-23;Guarabira;1;2021;22;454.54545454545456
2021;2021-23;Guarapuava;0;2021;11;0.0
2021;2021-23;Gurupi;0;2021;32;0.0
2021;2021-23;Ijuí;0;2021;472;0.0
2021;2021-23;Imperatriz;0;2021;10;0.0
2021;2021-23;Itacoatiara;0;2021;14;0.0
2021;2021-23;Jaú;0;2021;172;0.0
2021;2021-23;Ji-Paraná;0;2021;16;0.0
2021;2021-23;Joaçaba - Herval d'Oeste;0;2021;659;0.0
2021;2021-23;Joinville;0;2021;33;0.0
2021;2021-23;Juiz de Fora;8;2021;2594;30.840400925212027
2021;2021-23;Linhares;4;2021;733;54.570259208731244
2021;2021-23;Maceió;0;2021;46;0.0
2021;2021-23;Manaus;24;2021;3961;60.59075990911386
2021;2021-23;Mantena;0;2021;118;0.0
2021;2021-23;Maringá;1;2021;2708;3.6927621861152145
2021;2021-23;Marília;2;2021;1054;18.975332068311197
2021;2021-23;Monteiro;0;2021;5;0.0
2021;2021-23;Mossoró;0;2021;35;0.0
2021;2021-23;Natal;0;2021;34;0.0
2021;2021-23;Nazaré ¿ Maragogipe;0;2021;23;0.0
2021;2021-23;Nova Prata - Guaporé;0;2021;387;0.0
2021;2021-23;Oliveira;0;2021;431;0.0
2021;2021-23;Passo Fundo;3;2021;1722;17.421602787456447
2021;2021-23;Passos;0;2021;455;0.0
2021;2021-23;Patos;0;2021;27;0.0
2021;2021-23;Pinheiro;0;2021;189;0.0
2021;2021-23;Pirapora;0;2021;153;0.0
2021;2021-23;Piumhi;0;2021;36;0.0
2021;2021-23;Ponte Nova;0;2021;12;0.0
2021;2021-23;Porto Alegre;25;2021;15348;16.288767266093302
2021;2021-23;Princesa Isabel;0;2021;12;0.0
2021;2021-23;Quirinópolis;0;2021;65;0.0
2021;2021-23;Resende;0;2021;509;0.0
2021;2021-23;Ribeirão Preto;4;2021;6135;6.519967400162999
2021;2021-23;Rio Claro;0;2021;189;0.0
2021;2021-23;Rio de Janeiro;76;2021;40419;18.803038175115663
2021;2021-23;Russas - Limoeiro do Norte;0;2021;1039;0.0
2021;2021-23;Salvador;37;2021;12015;30.794839783603827
2021;2021-23;Santa Cruz do Sul;3;2021;1042;28.790786948176585
2021;2021-23;Santa Inês;0;2021;44;0.0
2021;2021-23;Santa Maria;1;2021;1110;9.00900900900901
2021;2021-23;Santa Maria da Vitoria;0;2021;13;0.0
2021;2021-23;Santana do Livramento;0;2021;89;0.0
2021;2021-23;Santos;0;2021;1071;0.0
2021;2021-23;Serra Talhada;0;2021;94;0.0
2021;2021-23;Soledade;0;2021;129;0.0
2021;2021-23;São Miguel do Oeste;0;2021;262;0.0
2021;2021-23;São Paulo;187;2021;73318;25.50533293324968
2021;2021-23;Teófilo Otoni;1;2021;555;18.01801801801802
2021;2021-23;Toledo;0;2021;42;0.0
2021;2021-23;Uberaba;1;2021;1886;5.302226935312832
2021;2021-23;Uberlândia;4;2021;3083;12.974375608173856
2021;2021-23;Uruguaiana;2;2021;222;90.09009009009009
2021;2021-23;Valença;0;2021;19;0.0
2021;2021-23;Vitória;0;2021;54;0.0
2021;2021-23;Vitória da Conquista;0;2021;14;0.0
2021;2021-23;Volta Redonda - Barra Mansa;3;2021;2694;11.135857461024498
2021;2021-24;Afonso Cláudio - Venda Nova do Imigrante - Santa Maria de Jetibá;0;2021;431;0.0
2021;2021-24;Alegre;0;2021;309;0.0
2021;2021-24;Araranguá;0;2021;502;0.0
2021;2021-24;Atalaia;0;2021;29;0.0
2021;2021-24;Bagé;0;2021;158;0.0
2021;2021-24;Belo Horizonte;49;2021;32062;15.282889401784043
2021;2021-24;Belém;17;2021;7079;24.01469134058483
2021;2021-24;Bento Gonçalves;0;2021;545;0.0
2021;2021-24;Boa Vista;0;2021;89;0.0
2021;2021-24;Bragança Paulista;0;2021;24;0.0
2021;2021-24;Brumado;1;2021;246;40.650406504065046
2021;2021-24;Camacan;0;2021;2;0.0
2021;2021-24;Campina Grande;4;2021;2373;16.856300042140752
2021;2021-24;Campo Belo;0;2021;35;0.0
2021;2021-24;Campos dos Goytacazes;0;2021;1009;0.0
2021;2021-24;Caratinga;0;2021;716;0.0
2021;2021-24;Carazinho;0;2021;48;0.0
2021;2021-24;Cascavel;0;2021;36;0.0
2021;2021-24;Catalão;0;2021;250;0.0
2021;2021-24;Catanduva;0;2021;13;0.0
2021;2021-24;Caxias do Sul;0;2021;3731;0.0
2021;2021-24;Conceição do Coité;0;2021;33;0.0
2021;2021-24;Cruz Alta;0;2021;226;0.0
2021;2021-24;Curitiba;28;2021;16261;17.219113215669392
2021;2021-24;Curitibanos;0;2021;10;0.0
2021;2021-24;Distrito Federal;73;2021;11128;65.60028756290438
2021;2021-24;Eunápolis - Porto Seguro;0;2021;17;0.0
2021;2021-24;Frederico Westphalen;0;2021;238;0.0
2021;2021-24;Goiana ¿ Timbaúba;1;2021;730;13.698630136986301
2021;2021-24;Guarabira;0;2021;22;0.0
2021;2021-24;Guarapuava;0;2021;11;0.0
2021;2021-24;Gurupi;0;2021;32;0.0
2021;2021-24;Ijuí;0;2021;472;0.0
2021;2021-24;Imperatriz;0;2021;10;0.0
2021;2021-24;Itacoatiara;0;2021;14;0.0
2021;2021-24;Jaú;0;2021;172;0.0
2021;2021-24;Ji-Paraná;0;2021;16;0.0
2021;2021-24;Joaçaba - Herval d'Oeste;0;2021;659;0.0
2021;2021-24;Joinville;0;2021;33;0.0
2021;2021-24;Juiz de Fora;4;2021;2594;15.420200462606013
2021;2021-24;Linhares;1;2021;733;13.642564802182811
2021;2021-24;Maceió;0;2021;46;0.0
2021;2021-24;Manaus;25;2021;3961;63.11537490532693
2021;2021-24;Mantena;0;2021;118;0.0
2021;2021-24;Maringá;0;2021;2708;0.0
2021;2021-24;Marília;0;2021;1054;0.0
2021;2021-24;Monteiro;0;2021;5;0.0
2021;2021-24;Mossoró;0;2021;35;0.0
2021;2021-24;Natal;0;2021;34;0.0
2021;2021-24;Nazaré ¿ Maragogipe;0;2021;23;0.0
2021;2021-24;Nova Prata - Guaporé;0;2021;387;0.0
2021;2021-24;Oliveira;1;2021;431;23.201856148491878
2021;2021-24;Passo Fundo;4;2021;1722;23.228803716608596
2021;2021-24;Passos;0;2021;455;0.0
2021;2021-24;Patos;0;2021;27;0.0
2021;2021-24;Pinheiro;0;2021;189;0.0
2021;2021-24;Pirapora;0;2021;153;0.0
2021;2021-24;Piumhi;0;2021;36;0.0
2021;2021-24;Ponte Nova;0;2021;12;0.0
2021;2021-24;Porto Alegre;16;2021;15348;10.424811050299713
2021;2021-24;Princesa Isabel;0;2021;12;0.0
2021;2021-24;Quirinópolis;0;2021;65;0.0
2021;2021-24;Resende;0;2021;509;0.0
2021;2021-24;Ribeirão Preto;5;2021;6135;8.149959250203748
2021;2021-24;Rio Claro;0;2021;189;0.0
2021;2021-24;Rio de Janeiro;99;2021;40419;24.49343130705856
2021;2021-24;Russas - Limoeiro do Norte;6;2021;1039;57.74783445620789
2021;2021-24;Salvador;45;2021;12015;37.453183520599254
2021;2021-24;Santa Cruz do Sul;0;2021;1042;0.0
2021;2021-24;Santa Inês;0;2021;44;0.0
2021;2021-24;Santa Maria;1;2021;1110;9.00900900900901
2021;2021-24;Santa Maria da Vitoria;0;2021;13;0.0
2021;2021-24;Santana do Livramento;0;2021;89;0.0
2021;2021-24;Santos;0;2021;1071;0.0
2021;2021-24;Serra Talhada;1;2021;94;106.38297872340425
2021;2021-24;Soledade;0;2021;129;0.0
2021;2021-24;São Miguel do Oeste;0;2021;262;0.0
2021;2021-24;São Paulo;187;2021;73318;25.50533293324968
2021;2021-24;Teófilo Otoni;0;2021;555;0.0
2021;2021-24;Toledo;0;2021;42;0.0
2021;2021-24;Uberaba;0;2021;1886;0.0
2021;2021-24;Uberlândia;0;2021;3083;0.0
2021;2021-24;Uruguaiana;0;2021;222;0.0
2021;2021-24;Valença;0;2021;19;0.0
2021;2021-24;Vitória;0;2021;54;0.0
2021;2021-24;Vitória da Conquista;0;2021;14;0.0
2021;2021-24;Volta Redonda - Barra Mansa;4;2021;2694;14.847809948032664
2021;2021-25;Afonso Cláudio - Venda Nova do Imigrante - Santa Maria de Jetibá;0;2021;431;0.0
2021;2021-25;Alegre;0;2021;309;0.0
2021;2021-25;Araranguá;0;2021;502;0.0
2021;2021-25;Atalaia;0;2021;29;0.0
2021;2021-25;Bagé;0;2021;158;0.0
2021;2021-25;Belo Horizonte;32;2021;32062;9.980662466471212
2021;2021-25;Belém;12;2021;7079;16.951546828648116
2021;2021-25;Bento Gonçalves;0;2021;545;0.0
2021;2021-25;Boa Vista;0;2021;89;0.0
2021;2021-25;Bragança Paulista;0;2021;24;0.0
2021;2021-25;Brumado;0;2021;246;0.0
2021;2021-25;Camacan;0;2021;2;0.0
2021;2021-25;Campina Grande;2;2021;2373;8.428150021070376
2021;2021-25;Campo Belo;0;2021;35;0.0
2021;2021-25;Campos dos Goytacazes;0;2021;1009;0.0
2021;2021-25;Caratinga;0;2021;716;0.0
2021;2021-25;Carazinho;0;2021;48;0.0
2021;2021-25;Cascavel;0;2021;36;0.0
2021;2021-25;Catalão;0;2021;250;0.0
2021;2021-25;Catanduva;0;2021;13;0.0
2021;2021-25;Caxias do Sul;0;2021;3731;0.0
2021;2021-25;Conceição do Coité;0;2021;33;0.0
2021;2021-25;Cruz Alta;0;2021;226;0.0
2021;2021-25;Curitiba;27;2021;16261;16.604144886538343
2021;2021-25;Curitibanos;0;2021;10;0.0
2021;2021-25;Distrito Federal;41;2021;11128;36.84399712437096
2021;2021-25;Eunápolis - Porto Seguro;0;2021;17;0.0
2021;2021-25;Frederico Westphalen;0;2021;238;0.0
2021;2021-25;Goiana ¿ Timbaúba;0;2021;730;0.0
2021;2021-25;Guarabira;0;2021;22;0.0
2021;2021-25;Guarapuava;0;2021;11;0.0
2021;2021-25;Gurupi;0;2021;32;0.0
2021;2021-25;Ijuí;0;2021;472;0.0
2021;2021-25;Imperatriz;0;2021;10;0.0
2021;2021-25;Itacoatiara;0;2021;14;0.0
2021;2021-25;Jaú;0;2021;172;0.0
2021;2021-25;Ji-Paraná;0;2021;16;0.0
2021;2021-25;Joaçaba - Herval d'Oeste;0;2021;659;0.0
2021;2021-25;Joinville;0;2021;33;0.0
2021;2021-25;Juiz de Fora;0;2021;2594;0.0
2021;2021-25;Linhares;0;2021;733;0.0
2021;2021-25;Maceió;0;2021;46;0.0
2021;2021-25;Manaus;18;2021;3961;45.443069931835396
2021;2021-25;Mantena;0;2021;118;0.0
2021;2021-25;Maringá;0;2021;2708;0.0
2021;2021-25;Marília;1;2021;1054;9.487666034155598
2021;2021-25;Monteiro;0;2021;5;0.0
2021;2021-25;Mossoró;0;2021;35;0.0
2021;2021-25;Natal;1;2021;34;294.11764705882354
2021;2021-25;Nazaré ¿ Maragogipe;0;2021;23;0.0
2021;2021-25;Nova Prata - Guaporé;0;2021;387;0.0
2021;2021-25;Oliveira;0;2021;431;0.0
2021;2021-25;Passo Fundo;0;2021;1722;0.0
2021;2021-25;Passos;0;2021;455;0.0
2021;2021-25;Patos;0;2021;27;0.0
2021;2021-25;Pinheiro;0;2021;189;0.0
2021;2021-25;Pirapora;0;2021;153;0.0
2021;2021-25;Piumhi;0;2021;36;0.0
2021;2021-25;Ponte Nova;0;2021;12;0.0
2021;2021-25;Porto Alegre;14;2021;15348;9.12170966901225
2021;2021-25;Princesa Isabel;0;2021;12;0.0
2021;2021-25;Quirinópolis;0;2021;65;0.0
2021;2021-25;Resende;1;2021;509;19.646365422396855
2021;2021-25;Ribeirão Preto;2;2021;6135;3.2599837000814995
2021;2021-25;Rio Claro;0;2021;189;0.0
2021;2021-25;Rio de Janeiro;58;2021;40419;14.349687028377744
2021;2021-25;Russas - Limoeiro do Norte;2;2021;1039;19.249278152069298
2021;2021-25;Salvador;45;2021;12015;37.453183520599254
2021;2021-25;Santa Cruz do Sul;0;2021;1042;0.0
2021;2021-25;Santa Inês;0;2021;44;0.0
2021;2021-25;Santa Maria;0;2021;1110;0.0
2021;2021-25;Santa Maria da Vitoria;0;2021;13;0.0
2021;2021-25;Santana do Livramento;0;2021;89;0.0
2021;2021-25;Santos;0;2021;1071;0.0
2021;2021-25;Serra Talhada;0;2021;94;0.0
2021;2021-25;Soledade;0;2021;129;0.0
2021;2021-25;São Miguel do Oeste;0;2021;262;0.0
2021;2021-25;São Paulo;144;2021;73318;19.640470280149483
2021;2021-25;Teófilo Otoni;0;2021;555;0.0
2021;2021-25;Toledo;0;2021;42;0.0
2021;2021-25;Uberaba;0;2021;1886;0.0
2021;2021-25;Uberlândia;2;2021;3083;6.487187804086928
2021;2021-25;Uruguaiana;0;2021;222;0.0
2021;2021-25;Valença;0;2021;19;0.0
2021;2021-25;Vitória;0;2021;54;0.0
2021;2021-25;Vitória da Conquista;0;2021;14;0.0
2021;2021-25;Volta Redonda - Barra Mansa;3;2021;2694;11.135857461024498
2021;2021-26;Afonso Cláudio - Venda Nova do Imigrante - Santa Maria de Jetibá;0;2021;431;0.0
2021;2021-26;Alegre;1;2021;309;32.36245954692557
2021;2021-26;Araranguá;0;2021;502;0.0
2021;2021-26;Atalaia;0;2021;29;0.0
2021;2021-26;Bagé;0;2021;158;0.0
2021;2021-26;Belo Horizonte;23;2021;32062;7.173601147776184
2021;2021-26;Belém;9;2021;7079;12.713660121486086
2021;2021-26;Bento Gonçalves;0;2021;545;0.0
2021;2021-26;Boa Vista;0;2021;89;0.0
2021;2021-26;Bragança Paulista;0;2021;24;0.0
2021;2021-26;Brumado;0;2021;246;0.0
2021;2021-26;Camacan;0;2021;2;0.0
2021;2021-26;Campina Grande;5;2021;2373;21.07037505267594
2021;2021-26;Campo Belo;0;2021;35;0.0
2021;2021-26;Campos dos Goytacazes;1;2021;1009;9.910802775024777
2021;2021-26;Caratinga;0;2021;716;0.0
2021;2021-26;Carazinho;0;2021;48;0.0
2021;2021-26;Cascavel;0;2021;36;0.0
2021;2021-26;Catalão;0;2021;250;0.0
2021;2021-26;Catanduva;0;2021;13;0.0
2021;2021-26;Caxias do Sul;1;2021;3731;2.6802465826856072
2021;2021-26;Conceição do Coité;0;2021;33;0.0
2021;2021-26;Cruz Alta;0;2021;226;0.0
2021;2021-26;Curitiba;9;2021;16261;5.534714962179448
2021;2021-26;Curitibanos;0;2021;10;0.0
2021;2021-26;Distrito Federal;25;2021;11128;22.46585190510424
2021;2021-26;Eunápolis - Porto Seguro;0;2021;17;0.0
2021;2021-26;Frederico Westphalen;0;2021;238;0.0
2021;2021-26;Goiana ¿ Timbaúba;0;2021;730;0.0
2021;2021-26;Guarabira;0;2021;22;0.0
2021;2021-26;Guarapuava;0;2021;11;0.0
2021;2021-26;Gurupi;0;2021;32;0.0
2021;2021-26;Ijuí;0;2021;472;0.0
2021;2021-26;Imperatriz;0;2021;10;0.0
2021;2021-26;Itacoatiara;0;2021;14;0.0
2021;2021-26;Jaú;0;2021;172;0.0
2021;2021-26;Ji-Paraná;0;2021;16;0.0
2021;2021-26;Joaçaba - Herval d'Oeste;0;2021;659;0.0
2021;2021-26;Joinville;0;2021;33;0.0
2021;2021-26;Juiz de Fora;1;2021;2594;3.8550501156515034
2021;2021-26;Linhares;2;2021;733;27.285129604365622
2021;2021-26;Maceió;0;2021;46;0.0
2021;2021-26;Manaus;16;2021;3961;40.39383993940924
2021;2021-26;Mantena;0;2021;118;0.0
2021;2021-26;Maringá;0;2021;2708;0.0
2021;2021-26;Marília;0;2021;1054;0.0
2021;2021-26;Monteiro;0;2021;5;0.0
2021;2021-26;Mossoró;0;2021;35;0.0
2021;2021-26;Natal;0;2021;34;0.0
2021;2021-26;Nazaré ¿ Maragogipe;0;2021;23;0.0
2021;2021-26;Nova Prata - Guaporé;0;2021;387;0.0
2021;2021-26;Oliveira;1;2021;431;23.201856148491878
2021;2021-26;Passo Fundo;0;2021;1722;0.0
2021;2021-26;Passos;0;2021;455;0.0
2021;2021-26;Patos;0;2021;27;0.0
2021;2021-26;Pinheiro;0;2021;189;0.0
2021;2021-26;Pirapora;0;2021;153;0.0
2021;2021-26;Piumhi;0;2021;36;0.0
2021;2021-26;Ponte Nova;0;2021;12;0.0
2021;2021-26;Porto Alegre;8;2021;15348;5.2124055251498564
2021;2021-26;Princesa Isabel;0;2021;12;0.0
2021;2021-26;Quirinópolis;0;2021;65;0.0
2021;2021-26;Resende;0;2021;509;0.0
2021;2021-26;Ribeirão Preto;0;2021;6135;0.0
2021;2021-26;Rio Claro;0;2021;189;0.0
2021;2021-26;Rio de Janeiro;51;2021;40419;12.617828249090774
2021;2021-26;Russas - Limoeiro do Norte;3;2021;1039;28.873917228103945
2021;2021-26;Salvador;22;2021;12015;18.31044527673741
2021;2021-26;Santa Cruz do Sul;0;2021;1042;0.0
2021;2021-26;Santa Inês;0;2021;44;0.0
2021;2021-26;Santa Maria;0;2021;1110;0.0
2021;2021-26;Santa Maria da Vitoria;0;2021;13;0.0
2021;2021-26;Santana do Livramento;0;2021;89;0.0
2021;2021-26;Santos;0;2021;1071;0.0
2021;2021-26;Serra Talhada;0;2021;94;0.0
2021;2021-26;Soledade;0;2021;129;0.0
2021;2021-26;São Miguel do Oeste;0;2021;262;0.0
2021;2021-26;São Paulo;91;2021;73318;12.411686079816688
2021;2021-26;Teófilo Otoni;0;2021;555;0.0
2021;2021-26;Toledo;0;2021;42;0.0
2021;2021-26;Uberaba;0;2021;1886;0.0
2021;2021-26;Uberlândia;1;2021;3083;3.243593902043464
2021;2021-26;Uruguaiana;0;2021;222;0.0
2021;2021-26;Valença;0;2021;19;0.0
2021;2021-26;Vitória;0;2021;54;0.0
2021;2021-26;Vitória da Conquista;0;2021;14;0.0
2021;2021-26;Volta Redonda - Barra Mansa;0;2021;2694;0.0
2021;2021-27;Afonso Cláudio - Venda Nova do Imigrante - Santa Maria de Jetibá;0;2021;431;0.0
2021;2021-27;Alegre;0;2021;309;0.0
2021;2021-27;Araranguá;0;2021;502;0.0
2021;2021-27;Atalaia;0;2021;29;0.0
2021;2021-27;Bagé;0;2021;158;0.0
2021;2021-27;Belo Horizonte;34;2021;32062;10.604453870625663
2021;2021-27;Belém;10;2021;7079;14.126289023873428
2021;2021-27;Bento Gonçalves;0;2021;545;0.0
2021;2021-27;Boa Vista;0;2021;89;0.0
2021;2021-27;Bragança Paulista;0;2021;24;0.0
2021;2021-27;Brumado;0;2021;246;0.0
2021;2021-27;Camacan;0;2021;2;0.0
2021;2021-27;Campina Grande;10;2021;2373;42.14075010535188
2021;2021-27;Campo Belo;0;2021;35;0.0
2021;2021-27;Campos dos Goytacazes;2;2021;1009;19.821605550049554
2021;2021-27;Caratinga;0;2021;716;0.0
2021;2021-27;Carazinho;0;2021;48;0.0
2021;2021-27;Cascavel;0;2021;36;0.0
2021;2021-27;Catalão;3;2021;250;120.0
2021;2021-27;Catanduva;0;2021;13;0.0
2021;2021-27;Caxias do Sul;2;2021;3731;5.3604931653712145
2021;2021-27;Conceição do Coité;0;2021;33;0.0
2021;2021-27;Cruz Alta;0;2021;226;0.0
2021;2021-27;Curitiba;11;2021;16261;6.764651620441547
2021;2021-27;Curitibanos;0;2021;10;0.0
2021;2021-27;Distrito Federal;36;2021;11128;32.350826743350105
2021;2021-27;Eunápolis - Porto Seguro;0;2021;17;0.0
2021;2021-27;Frederico Westphalen;0;2021;238;0.0
2021;2021-27;Goiana ¿ Timbaúba;0;2021;730;0.0
2021;2021-27;Guarabira;0;2021;22;0.0
2021;2021-27;Guarapuava;0;2021;11;0.0
2021;2021-27;Gurupi;0;2021;32;0.0
2021;2021-27;Ijuí;0;2021;472;0.0
2021;2021-27;Imperatriz;0;2021;10;0.0
2021;2021-27;Itacoatiara;0;2021;14;0.0
2021;2021-27;Jaú;0;2021;172;0.0
2021;2021-27;Ji-Paraná;0;2021;16;0.0
2021;2021-27;Joaçaba - Herval d'Oeste;1;2021;659;15.174506828528074
2021;2021-27;Joinville;0;2021;33;0.0
2021;2021-27;Juiz de Fora;0;2021;2594;0.0
2021;2021-27;Linhares;0;2021;733;0.0
2021;2021-27;Maceió;0;2021;46;0.0
2021;2021-27;Manaus;26;2021;3961;65.63998990154002
2021;2021-27;Mantena;0;2021;118;0.0
2021;2021-27;Maringá;0;2021;2708;0.0
2021;2021-27;Marília;0;2021;1054;0.0
2021;2021-27;Monteiro;0;2021;5;0.0
2021;2021-27;Mossoró;0;2021;35;0.0
2021;2021-27;Natal;0;2021;34;0.0
2021;2021-27;Nazaré ¿ Maragogipe;0;2021;23;0.0
2021;2021-27;Nova Prata - Guaporé;0;2021;387;0.0
2021;2021-27;Oliveira;4;2021;431;92.80742459396751
2021;2021-27;Passo Fundo;0;2021;1722;0.0
2021;2021-27;Passos;0;2021;455;0.0
2021;2021-27;Patos;0;2021;27;0.0
2021;2021-27;Pinheiro;0;2021;189;0.0
2021;2021-27;Pirapora;0;2021;153;0.0
2021;2021-27;Piumhi;0;2021;36;0.0
2021;2021-27;Ponte Nova;0;2021;12;0.0
2021;2021-27;Porto Alegre;4;2021;15348;2.6062027625749282
2021;2021-27;Princesa Isabel;0;2021;12;0.0
2021;2021-27;Quirinópolis;0;2021;65;0.0
2021;2021-27;Resende;0;2021;509;0.0
2021;2021-27;Ribeirão Preto;0;2021;6135;0.0
2021;2021-27;Rio Claro;0;2021;189;0.0
2021;2021-27;Rio de Janeiro;43;2021;40419;10.638561072762808
2021;2021-27;Russas - Limoeiro do Norte;4;2021;1039;38.498556304138596
2021;2021-27;Salvador;36;2021;12015;29.962546816479403
2021;2021-27;Santa Cruz do Sul;0;2021;1042;0.0
2021;2021-27;Santa Inês;0;2021;44;0.0
2021;2021-27;Santa Maria;0;2021;1110;0.0
2021;2021-27;Santa Maria da Vitoria;0;2021;13;0.0
2021;2021-27;Santana do Livramento;0;2021;89;0.0
2021;2021-27;Santos;0;2021;1071;0.0
2021;2021-27;Serra Talhada;0;2021;94;0.0
2021;2021-27;Soledade;0;2021;129;0.0
2021;2021-27;São Miguel do Oeste;0;2021;262;0.0
2021;2021-27;São Paulo;99;2021;73318;13.502823317602772
2021;2021-27;Teófilo Otoni;0;2021;555;0.0
2021;2021-27;Toledo;0;2021;42;0.0
2021;2021-27;Uberaba;1;2021;1886;5.302226935312832
2021;2021-27;Uberlândia;6;2021;3083;19.461563412260784
2021;2021-27;Uruguaiana;0;2021;222;0.0
2021;2021-27;Valença;0;2021;19;0.0
2021;2021-27;Vitória;0;2021;54;0.0
2021;2021-27;Vitória da Conquista;0;2021;14;0.0
2021;2021-27;Volta Redonda - Barra Mansa;1;2021;2694;3.711952487008166
2021;2021-28;Afonso Cláudio - Venda Nova do Imigrante - Santa Maria de Jetibá;0;2021;431;0.0
2021;2021-28;Alegre;0;2021;309;0.0
2021;2021-28;Araranguá;0;2021;502;0.0
2021;2021-28;Atalaia;0;2021;29;0.0
2021;2021-28;Bagé;0;2021;158;0.0
2021;2021-28;Belo Horizonte;23;2021;32062;7.173601147776184
2021;2021-28;Belém;22;2021;7079;31.07783585252154
2021;2021-28;Bento Gonçalves;0;2021;545;0.0
2021;2021-28;Boa Vista;0;2021;89;0.0
2021;2021-28;Bragança Paulista;0;2021;24;0.0
2021;2021-28;Brumado;0;2021;246;0.0
2021;2021-28;Camacan;0;2021;2;0.0
2021;2021-28;Campina Grande;4;2021;2373;16.856300042140752
2021;2021-28;Campo Belo;0;2021;35;0.0
2021;2021-28;Campos dos Goytacazes;1;2021;1009;9.910802775024777
2021;2021-28;Caratinga;0;2021;716;0.0
2021;2021-28;Carazinho;0;2021;48;0.0
2021;2021-28;Cascavel;0;2021;36;0.0
2021;2021-28;Catalão;0;2021;250;0.0
2021;2021-28;Catanduva;0;2021;13;0.0
2021;2021-28;Caxias do Sul;0;2021;3731;0.0
2021;2021-28;Conceição do Coité;0;2021;33;0.0
2021;2021-28;Cruz Alta;0;2021;226;0.0
2021;2021-28;Curitiba;14;2021;16261;8.609556607834696
2021;2021-28;Curitibanos;0;2021;10;0.0
2021;2021-28;Distrito Federal;31;2021;11128;27.857656362329262
2021;2021-28;Eunápolis - Porto Seguro;0;2021;17;0.0
2021;2021-28;Frederico Westphalen;0;2021;238;0.0
2021;2021-28;Goiana ¿ Timbaúba;0;2021;730;0.0
2021;2021-28;Guarabira;0;2021;22;0.0
2021;2021-28;Guarapuava;0;2021;11;0.0
2021;2021-28;Gurupi;0;2021;32;0.0
2021;2021-28;Ijuí;0;2021;472;0.0
2021;2021-28;Imperatriz;0;2021;10;0.0
2021;2021-28;Itacoatiara;0;2021;14;0.0
2021;2021-28;Jaú;0;2021;172;0.0
2021;2021-28;Ji-Paraná;0;2021;16;0.0
2021;2021-28;Joaçaba - Herval d'Oeste;0;2021;659;0.0
2021;2021-28;Joinville;0;2021;33;0.0
2021;2021-28;Juiz de Fora;0;2021;2594;0.0
2021;2021-28;Linhares;0;2021;733;0.0
2021;2021-28;Maceió;0;2021;46;0.0
2021;2021-28;Manaus;16;2021;3961;40.39383993940924
2021;2021-28;Mantena;0;2021;118;0.0
2021;2021-28;Maringá;1;2021;2708;3.6927621861152145
2021;2021-28;Marília;0;2021;1054;0.0
2021;2021-28;Monteiro;0;2021;5;0.0
2021;2021-28;Mossoró;0;2021;35;0.0
2021;2021-28;Natal;0;2021;34;0.0
2021;2021-28;Nazaré ¿ Maragogipe;0;2021;23;0.0
2021;2021-28;Nova Prata - Guaporé;0;2021;387;0.0
2021;2021-28;Oliveira;1;2021;431;23.201856148491878
2021;2021-28;Passo Fundo;0;2021;1722;0.0
2021;2021-28;Passos;0;2021;455;0.0
2021;2021-28;Patos;0;2021;27;0.0
2021;2021-28;Pinheiro;0;2021;189;0.0
2021;2021-28;Pirapora;0;2021;153;0.0
2021;2021-28;Piumhi;0;2021;36;0.0
2021;2021-28;Ponte Nova;0;2021;12;0.0
2021;2021-28;Porto Alegre;17;2021;15348;11.076361740943446
2021;2021-28;Princesa Isabel;0;2021;12;0.0
2021;2021-28;Quirinópolis;0;2021;65;0.0
2021;2021-28;Resende;0;2021;509;0.0
2021;2021-28;Ribeirão Preto;1;2021;6135;1.6299918500407498
2021;2021-28;Rio Claro;1;2021;189;52.910052910052904
2021;2021-28;Rio de Janeiro;52;2021;40419;12.86523664613177
2021;2021-28;Russas - Limoeiro do Norte;5;2021;1039;48.12319538017324
2021;2021-28;Salvador;35;2021;12015;29.130253849354972
2021;2021-28;Santa Cruz do Sul;0;2021;1042;0.0
2021;2021-28;Santa Inês;0;2021;44;0.0
2021;2021-28;Santa Maria;0;2021;1110;0.0
2021;2021-28;Santa Maria da Vitoria;0;2021;13;0.0
2021;2021-28;Santana do Livramento;0;2021;89;0.0
2021;2021-28;Santos;0;2021;1071;0.0
2021;2021-28;Serra Talhada;0;2021;94;0.0
2021;2021-28;Soledade;0;2021;129;0.0
2021;2021-28;São Miguel do Oeste;0;2021;262;0.0
2021;2021-28;São Paulo;83;2021;73318;11.320548842030606
2021;2021-28;Teófilo Otoni;1;2021;555;18.01801801801802
2021;2021-28;Toledo;0;2021;42;0.0
2021;2021-28;Uberaba;0;2021;1886;0.0
2021;2021-28;Uberlândia;3;2021;3083;9.730781706130392
2021;2021-28;Uruguaiana;0;2021;222;0.0
2021;2021-28;Valença;0;2021;19;0.0
2021;2021-28;Vitória;0;2021;54;0.0
2021;2021-28;Vitória da Conquista;0;2021;14;0.0
2021;2021-28;Volta Redonda - Barra Mansa;0;2021;2694;0.0
2021;2021-29;Afonso Cláudio - Venda Nova do Imigrante - Santa Maria de Jetibá;0;2021;431;0.0
2021;2021-29;Alegre;0;2021;309;0.0
2021;2021-29;Araranguá;0;2021;502;0.0
2021;2021-29;Atalaia;0;2021;29;0.0
2021;2021-29;Bagé;1;2021;158;63.291139240506325
2021;2021-29;Belo Horizonte;40;2021;32062;12.475828083089015
2021;2021-29;Belém;8;2021;7079;11.301031219098743
2021;2021-29;Bento Gonçalves;0;2021;545;0.0
2021;2021-29;Boa Vista;0;2021;89;0.0
2021;2021-29;Bragança Paulista;0;2021;24;0.0
2021;2021-29;Brumado;0;2021;246;0.0
2021;2021-29;Camacan;0;2021;2;0.0
2021;2021-29;Campina Grande;5;2021;2373;21.07037505267594
2021;2021-29;Campo Belo;0;2021;35;0.0
2021;2021-29;Campos dos Goytacazes;0;2021;1009;0.0
2021;2021-29;Caratinga;0;2021;716;0.0
2021;2021-29;Carazinho;0;2021;48;0.0
2021;2021-29;Cascavel;0;2021;36;0.0
2021;2021-29;Catalão;0;2021;250;0.0
2021;2021-29;Catanduva;0;2021;13;0.0
2021;2021-29;Caxias do Sul;0;2021;3731;0.0
2021;2021-29;Conceição do Coité;0;2021;33;0.0
2021;2021-29;Cruz Alta;0;2021;226;0.0
2021;2021-29;Curitiba;13;2021;16261;7.994588278703647
2021;2021-29;Curitibanos;0;2021;10;0.0
2021;2021-29;Distrito Federal;36;2021;11128;32.350826743350105
2021;2021-29;Eunápolis - Porto Seguro;0;2021;17;0.0
2021;2021-29;Frederico Westphalen;0;2021;238;0.0
2021;2021-29;Goiana ¿ Timbaúba;0;2021;730;0.0
2021;2021-29;Guarabira;0;2021;22;0.0
2021;2021-29;Guarapuava;0;2021;11;0.0
2021;2021-29;Gurupi;0;2021;32;0.0
2021;2021-29;Ijuí;0;2021;472;0.0
2021;2021-29;Imperatriz;0;2021;10;0.0
2021;2021-29;Itacoatiara;0;2021;14;0.0
2021;2021-29;Jaú;0;2021;172;0.0
2021;2021-29;Ji-Paraná;0;2021;16;0.0
2021;2021-29;Joaçaba - Herval d'Oeste;0;2021;659;0.0
2021;2021-29;Joinville;0;2021;33;0.0
2021;2021-29;Juiz de Fora;0;2021;2594;0.0
2021;2021-29;Linhares;0;2021;733;0.0
2021;2021-29;Maceió;0;2021;46;0.0
2021;2021-29;Manaus;25;2021;3961;63.11537490532693
2021;2021-29;Mantena;0;2021;118;0.0
2021;2021-29;Maringá;0;2021;2708;0.0
2021;2021-29;Marília;0;2021;1054;0.0
2021;2021-29;Monteiro;0;2021;5;0.0
2021;2021-29;Mossoró;0;2021;35;0.0
2021;2021-29;Natal;0;2021;34;0.0
2021;2021-29;Nazaré ¿ Maragogipe;0;2021;23;0.0
2021;2021-29;Nova Prata - Guaporé;1;2021;387;25.839793281653748
2021;2021-29;Oliveira;0;2021;431;0.0
2021;2021-29;Passo Fundo;0;2021;1722;0.0
2021;2021-29;Passos;0;2021;455;0.0
2021;2021-29;Patos;1;2021;27;370.3703703703703
2021;2021-29;Pinheiro;0;2021;189;0.0
2021;2021-29;Pirapora;0;2021;153;0.0
2021;2021-29;Piumhi;0;2021;36;0.0
2021;2021-29;Ponte Nova;0;2021;12;0.0
2021;2021-29;Porto Alegre;13;2021;15348;8.470158978368518
2021;2021-29;Princesa Isabel;0;2021;12;0.0
2021;2021-29;Quirinópolis;0;2021;65;0.0
2021;2021-29;Resende;0;2021;509;0.0
2021;2021-29;Ribeirão Preto;2;2021;6135;3.2599837000814995
2021;2021-29;Rio Claro;0;2021;189;0.0
2021;2021-29;Rio de Janeiro;51;2021;40419;12.617828249090774
2021;2021-29;Russas - Limoeiro do Norte;3;2021;1039;28.873917228103945
2021;2021-29;Salvador;39;2021;12015;32.45942571785268
2021;2021-29;Santa Cruz do Sul;0;2021;1042;0.0
2021;2021-29;Santa Inês;0;2021;44;0.0
2021;2021-29;Santa Maria;0;2021;1110;0.0
2021;2021-29;Santa Maria da Vitoria;0;2021;13;0.0
2021;2021-29;Santana do Livramento;0;2021;89;0.0
2021;2021-29;Santos;0;2021;1071;0.0
2021;2021-29;Serra Talhada;0;2021;94;0.0
2021;2021-29;Soledade;0;2021;129;0.0
2021;2021-29;São Miguel do Oeste;2;2021;262;76.33587786259541
2021;2021-29;São Paulo;69;2021;73318;9.411058675904963
2021;2021-29;Teófilo Otoni;0;2021;555;0.0
2021;2021-29;Toledo;0;2021;42;0.0
2021;2021-29;Uberaba;0;2021;1886;0.0
2021;2021-29;Uberlândia;3;2021;3083;9.730781706130392
2021;2021-29;Uruguaiana;0;2021;222;0.0
2021;2021-29;Valença;0;2021;19;0.0
2021;2021-29;Vitória;0;2021;54;0.0
2021;2021-29;Vitória da Conquista;0;2021;14;0.0
2021;2021-29;Volta Redonda - Barra Mansa;1;2021;2694;3.711952487008166
2021;2021-30;Afonso Cláudio - Venda Nova do Imigrante - Santa Maria de Jetibá;0;2021;431;0.0
2021;2021-30;Alegre;0;2021;309;0.0
2021;2021-30;Araranguá;0;2021;502;0.0
2021;2021-30;Atalaia;0;2021;29;0.0
2021;2021-30;Bagé;0;2021;158;0.0
2021;2021-30;Belo Horizonte;29;2021;32062;9.044975360239537
2021;2021-30;Belém;8;2021;7079;11.301031219098743
2021;2021-30;Bento Gonçalves;0;2021;545;0.0
2021;2021-30;Boa Vista;0;2021;89;0.0
2021;2021-30;Bragança Paulista;0;2021;24;0.0
2021;2021-30;Brumado;0;2021;246;0.0
2021;2021-30;Camacan;0;2021;2;0.0
2021;2021-30;Campina Grande;3;2021;2373;12.642225031605564
2021;2021-30;Campo Belo;0;2021;35;0.0
2021;2021-30;Campos dos Goytacazes;1;2021;1009;9.910802775024777
2021;2021-30;Caratinga;1;2021;716;13.966480446927374
2021;2021-30;Carazinho;1;2021;48;208.33333333333331
2021;2021-30;Cascavel;0;2021;36;0.0
2021;2021-30;Catalão;0;2021;250;0.0
2021;2021-30;Catanduva;0;2021;13;0.0
2021;2021-30;Caxias do Sul;0;2021;3731;0.0
2021;2021-30;Conceição do Coité;0;2021;33;0.0
2021;2021-30;Cruz Alta;0;2021;226;0.0
2021;2021-30;Curitiba;7;2021;16261;4.304778303917348
2021;2021-30;Curitibanos;0;2021;10;0.0
2021;2021-30;Distrito Federal;30;2021;11128;26.95902228612509
2021;2021-30;Eunápolis - Porto Seguro;0;2021;17;0.0
2021;2021-30;Frederico Westphalen;0;2021;238;0.0
2021;2021-30;Goiana ¿ Timbaúba;1;2021;730;13.698630136986301
2021;2021-30;Guarabira;0;2021;22;0.0
2021;2021-30;Guarapuava;0;2021;11;0.0
2021;2021-30;Gurupi;0;2021;32;0.0
2021;2021-30;Ijuí;0;2021;472;0.0
2021;2021-30;Imperatriz;0;2021;10;0.0
2021;2021-30;Itacoatiara;0;2021;14;0.0
2021;2021-30;Jaú;0;2021;172;0.0
2021;2021-30;Ji-Paraná;0;2021;16;0.0
2021;2021-30;Joaçaba - Herval d'Oeste;0;2021;659;0.0
2021;2021-30;Joinville;0;2021;33;0.0
2021;2021-30;Juiz de Fora;0;2021;2594;0.0
2021;2021-30;Linhares;1;2021;733;13.642564802182811
2021;2021-30;Maceió;0;2021;46;0.0
2021;2021-30;Manaus;18;2021;3961;45.443069931835396
2021;2021-30;Mantena;0;2021;118;0.0
2021;2021-30;Maringá;5;2021;2708;18.46381093057607
2021;2021-30;Marília;0;2021;1054;0.0
2021;2021-30;Monteiro;0;2021;5;0.0
2021;2021-30;Mossoró;0;2021;35;0.0
2021;2021-30;Natal;0;2021;34;0.0
2021;2021-30;Nazaré ¿ Maragogipe;0;2021;23;0.0
2021;2021-30;Nova Prata - Guaporé;0;2021;387;0.0
2021;2021-30;Oliveira;0;2021;431;0.0
2021;2021-30;Passo Fundo;0;2021;1722;0.0
2021;2021-30;Passos;0;2021;455;0.0
2021;2021-30;Patos;0;2021;27;0.0
2021;2021-30;Pinheiro;0;2021;189;0.0
2021;2021-30;Pirapora;0;2021;153;0.0
2021;2021-30;Piumhi;0;2021;36;0.0
2021;2021-30;Ponte Nova;0;2021;12;0.0
2021;2021-30;Porto Alegre;3;2021;15348;1.9546520719311962
2021;2021-30;Princesa Isabel;0;2021;12;0.0
2021;2021-30;Quirinópolis;0;2021;65;0.0
2021;2021-30;Resende;0;2021;509;0.0
2021;2021-30;Ribeirão Preto;3;2021;6135;4.889975550122249
2021;2021-30;Rio Claro;0;2021;189;0.0
2021;2021-30;Rio de Janeiro;41;2021;40419;10.143744278680819
2021;2021-30;Russas - Limoeiro do Norte;1;2021;1039;9.624639076034649
2021;2021-30;Salvador;28;2021;12015;23.30420307948398
2021;2021-30;Santa Cruz do Sul;0;2021;1042;0.0
2021;2021-30;Santa Inês;0;2021;44;0.0
2021;2021-30;Santa Maria;0;2021;1110;0.0
2021;2021-30;Santa Maria da Vitoria;0;2021;13;0.0
2021;2021-30;Santana do Livramento;0;2021;89;0.0
2021;2021-30;Santos;0;2021;1071;0.0
2021;2021-30;Serra Talhada;0;2021;94;0.0
2021;2021-30;Soledade;0;2021;129;0.0
2021;2021-30;São Miguel do Oeste;0;2021;262;0.0
2021;2021-30;São Paulo;78;2021;73318;10.638588068414304
2021;2021-30;Teófilo Otoni;0;2021;555;0.0
2021;2021-30;Toledo;0;2021;42;0.0
2021;2021-30;Uberaba;0;2021;1886;0.0
2021;2021-30;Uberlândia;4;2021;3083;12.974375608173856
2021;2021-30;Uruguaiana;0;2021;222;0.0
2021;2021-30;Valença;0;2021;19;0.0
2021;2021-30;Vitória;0;2021;54;0.0
2021;2021-30;Vitória da Conquista;0;2021;14;0.0
2021;2021-30;Volta Redonda - Barra Mansa;1;2021;2694;3.711952487008166
2021;2021-31;Afonso Cláudio - Venda Nova do Imigrante - Santa Maria de Jetibá;0;2021;431;0.0
2021;2021-31;Alegre;0;2021;309;0.0
2021;2021-31;Araranguá;0;2021;502;0.0
2021;2021-31;Atalaia;0;2021;29;0.0
2021;2021-31;Bagé;0;2021;158;0.0
2021;2021-31;Belo Horizonte;23;2021;32062;7.173601147776184
2021;2021-31;Belém;17;2021;7079;24.01469134058483
2021;2021-31;Bento Gonçalves;2;2021;545;36.69724770642202
2021;2021-31;Boa Vista;1;2021;89;112.35955056179775
2021;2021-31;Bragança Paulista;0;2021;24;0.0
2021;2021-31;Brumado;0;2021;246;0.0
2021;2021-31;Camacan;0;2021;2;0.0
2021;2021-31;Campina Grande;0;2021;2373;0.0
2021;2021-31;Campo Belo;0;2021;35;0.0
2021;2021-31;Campos dos Goytacazes;0;2021;1009;0.0
2021;2021-31;Caratinga;0;2021;716;0.0
2021;2021-31;Carazinho;0;2021;48;0.0
2021;2021-31;Cascavel;0;2021;36;0.0
2021;2021-31;Catalão;0;2021;250;0.0
2021;2021-31;Catanduva;0;2021;13;0.0
2021;2021-31;Caxias do Sul;0;2021;3731;0.0
2021;2021-31;Conceição do Coité;0;2021;33;0.0
2021;2021-31;Cruz Alta;0;2021;226;0.0
2021;2021-31;Curitiba;17;2021;16261;10.454461595227846
2021;2021-31;Curitibanos;0;2021;10;0.0
2021;2021-31;Distrito Federal;14;2021;11128;12.580877066858376
2021;2021-31;Eunápolis - Porto Seguro;0;2021;17;0.0
2021;2021-31;Frederico Westphalen;0;2021;238;0.0
2021;2021-31;Goiana ¿ Timbaúba;1;2021;730;13.698630136986301
2021;2021-31;Guarabira;0;2021;22;0.0
2021;2021-31;Guarapuava;0;2021;11;0.0
2021;2021-31;Gurupi;0;2021;32;0.0
2021;2021-31;Ijuí;0;2021;472;0.0
2021;2021-31;Imperatriz;0;2021;10;0.0
2021;2021-31;Itacoatiara;0;2021;14;0.0
2021;2021-31;Jaú;0;2021;172;0.0
2021;2021-31;Ji-Paraná;0;2021;16;0.0
2021;2021-31;Joaçaba - Herval d'Oeste;0;2021;659;0.0
2021;2021-31;Joinville;0;2021;33;0.0
2021;2021-31;Juiz de Fora;0;2021;2594;0.0
2021;2021-31;Linhares;0;2021;733;0.0
2021;2021-31;Maceió;0;2021;46;0.0
2021;2021-31;Manaus;13;2021;3961;32.81999495077001
2021;2021-31;Mantena;0;2021;118;0.0
2021;2021-31;Maringá;0;2021;2708;0.0
2021;2021-31;Marília;0;2021;1054;0.0
2021;2021-31;Monteiro;0;2021;5;0.0
2021;2021-31;Mossoró;0;2021;35;0.0
2021;2021-31;Natal;0;2021;34;0.0
2021;2021-31;Nazaré ¿ Maragogipe;0;2021;23;0.0
2021;2021-31;Nova Prata - Guaporé;0;2021;387;0.0
2021;2021-31;Oliveira;0;2021;431;0.0
2021;2021-31;Passo Fundo;0;2021;1722;0.0
2021;2021-31;Passos;0;2021;455;0.0
2021;2021-31;Patos;0;2021;27;0.0
2021;2021-31;Pinheiro;0;2021;189;0.0
2021;2021-31;Pirapora;0;2021;153;0.0
2021;2021-31;Piumhi;0;2021;36;0.0
2021;2021-31;Ponte Nova;0;2021;12;0.0
2021;2021-31;Porto Alegre;15;2021;15348;9.77326035965598
2021;2021-31;Princesa Isabel;0;2021;12;0.0
2021;2021-31;Quirinópolis;0;2021;65;0.0
2021;2021-31;Resende;0;2021;509;0.0
2021;2021-31;Ribeirão Preto;1;2021;6135;1.6299918500407498
2021;2021-31;Rio Claro;0;2021;189;0.0
2021;2021-31;Rio de Janeiro;30;2021;40419;7.422251911229867
2021;2021-31;Russas - Limoeiro do Norte;1;2021;1039;9.624639076034649
2021;2021-31;Salvador;27;2021;12015;22.471910112359552
2021;2021-31;Santa Cruz do Sul;0;2021;1042;0.0
2021;2021-31;Santa Inês;0;2021;44;0.0
2021;2021-31;Santa Maria;0;2021;1110;0.0
2021;2021-31;Santa Maria da Vitoria;0;2021;13;0.0
2021;2021-31;Santana do Livramento;0;2021;89;0.0
2021;2021-31;Santos;0;2021;1071;0.0
2021;2021-31;Serra Talhada;0;2021;94;0.0
2021;2021-31;Soledade;0;2021;129;0.0
2021;2021-31;São Miguel do Oeste;0;2021;262;0.0
2021;2021-31;São Paulo;58;2021;73318;7.9107449739490985
2021;2021-31;Teófilo Otoni;1;2021;555;18.01801801801802
2021;2021-31;Toledo;0;2021;42;0.0
2021;2021-31;Uberaba;1;2021;1886;5.302226935312832
2021;2021-31;Uberlândia;0;2021;3083;0.0
2021;2021-31;Uruguaiana;0;2021;222;0.0
2021;2021-31;Valença;0;2021;19;0.0
2021;2021-31;Vitória;0;2021;54;0.0
2021;2021-31;Vitória da Conquista;0;2021;14;0.0
2021;2021-31;Volta Redonda - Barra Mansa;0;2021;2694;0.0
2021;2021-32;Afonso Cláudio - Venda Nova do Imigrante - Santa Maria de Jetibá;0;2021;431;0.0
2021;2021-32;Alegre;0;2021;309;0.0
2021;2021-32;Araranguá;0;2021;502;0.0
2021;2021-32;Atalaia;0;2021;29;0.0
2021;2021-32;Bagé;0;2021;158;0.0
2021;2021-32;Belo Horizonte;30;2021;32062;9.356871062316761
2021;2021-32;Belém;8;2021;7079;11.301031219098743
2021;2021-32;Bento Gonçalves;0;2021;545;0.0
2021;2021-32;Boa Vista;1;2021;89;112.35955056179775
2021;2021-32;Bragança Paulista;0;2021;24;0.0
2021;2021-32;Brumado;0;2021;246;0.0
2021;2021-32;Camacan;0;2021;2;0.0
2021;2021-32;Campina Grande;3;2021;2373;12.642225031605564
2021;2021-32;Campo Belo;0;2021;35;0.0
2021;2021-32;Campos dos Goytacazes;0;2021;1009;0.0
2021;2021-32;Caratinga;0;2021;716;0.0
2021;2021-32;Carazinho;0;2021;48;0.0
2021;2021-32;Cascavel;0;2021;36;0.0
2021;2021-32;Catalão;0;2021;250;0.0
2021;2021-32;Catanduva;0;2021;13;0.0
2021;2021-32;Caxias do Sul;0;2021;3731;0.0
2021;2021-32;Conceição do Coité;0;2021;33;0.0
2021;2021-32;Cruz Alta;0;2021;226;0.0
2021;2021-32;Curitiba;13;2021;16261;7.994588278703647
2021;2021-32;Curitibanos;0;2021;10;0.0
2021;2021-32;Distrito Federal;21;2021;11128;18.871315600287563
2021;2021-32;Eunápolis - Porto Seguro;0;2021;17;0.0
2021;2021-32;Frederico Westphalen;0;2021;238;0.0
2021;2021-32;Goiana ¿ Timbaúba;0;2021;730;0.0
2021;2021-32;Guarabira;0;2021;22;0.0
2021;2021-32;Guarapuava;0;2021;11;0.0
2021;2021-32;Gurupi;0;2021;32;0.0
2021;2021-32;Ijuí;0;2021;472;0.0
2021;2021-32;Imperatriz;0;2021;10;0.0
2021;2021-32;Itacoatiara;0;2021;14;0.0
2021;2021-32;Jaú;0;2021;172;0.0
2021;2021-32;Ji-Paraná;0;2021;16;0.0
2021;2021-32;Joaçaba - Herval d'Oeste;0;2021;659;0.0
2021;2021-32;Joinville;0;2021;33;0.0
2021;2021-32;Juiz de Fora;0;2021;2594;0.0
2021;2021-32;Linhares;1;2021;733;13.642564802182811
2021;2021-32;Maceió;0;2021;46;0.0
2021;2021-32;Manaus;11;2021;3961;27.77076495834385
2021;2021-32;Mantena;0;2021;118;0.0
2021;2021-32;Maringá;0;2021;2708;0.0
2021;2021-32;Marília;0;2021;1054;0.0
2021;2021-32;Monteiro;0;2021;5;0.0
2021;2021-32;Mossoró;0;2021;35;0.0
2021;2021-32;Natal;0;2021;34;0.0
2021;2021-32;Nazaré ¿ Maragogipe;0;2021;23;0.0
2021;2021-32;Nova Prata - Guaporé;0;2021;387;0.0
2021;2021-32;Oliveira;0;2021;431;0.0
2021;2021-32;Passo Fundo;0;2021;1722;0.0
2021;2021-32;Passos;0;2021;455;0.0
2021;2021-32;Patos;0;2021;27;0.0
2021;2021-32;Pinheiro;0;2021;189;0.0
2021;2021-32;Pirapora;0;2021;153;0.0
2021;2021-32;Piumhi;0;2021;36;0.0
2021;2021-32;Ponte Nova;0;2021;12;0.0
2021;2021-32;Porto Alegre;11;2021;15348;7.167057597081054
2021;2021-32;Princesa Isabel;0;2021;12;0.0
2021;2021-32;Quirinópolis;0;2021;65;0.0
2021;2021-32;Resende;0;2021;509;0.0
2021;2021-32;Ribeirão Preto;0;2021;6135;0.0
2021;2021-32;Rio Claro;0;2021;189;0.0
2021;2021-32;Rio de Janeiro;24;2021;40419;5.937801528983894
2021;2021-32;Russas - Limoeiro do Norte;1;2021;1039;9.624639076034649
2021;2021-32;Salvador;35;2021;12015;29.130253849354972
2021;2021-32;Santa Cruz do Sul;0;2021;1042;0.0
2021;2021-32;Santa Inês;0;2021;44;0.0
2021;2021-32;Santa Maria;0;2021;1110;0.0
2021;2021-32;Santa Maria da Vitoria;0;2021;13;0.0
2021;2021-32;Santana do Livramento;0;2021;89;0.0
2021;2021-32;Santos;0;2021;1071;0.0
2021;2021-32;Serra Talhada;0;2021;94;0.0
2021;2021-32;Soledade;0;2021;129;0.0
2021;2021-32;São Miguel do Oeste;0;2021;262;0.0
2021;2021-32;São Paulo;71;2021;73318;9.683842985351482
2021;2021-32;Teófilo Otoni;0;2021;555;0.0
2021;2021-32;Toledo;0;2021;42;0.0
2021;2021-32;Uberaba;0;2021;1886;0.0
2021;2021-32;Uberlândia;6;2021;3083;19.461563412260784
2021;2021-32;Uruguaiana;0;2021;222;0.0
2021;2021-32;Valença;0;2021;19;0.0
2021;2021-32;Vitória;0;2021;54;0.0
2021;2021-32;Vitória da Conquista;0;2021;14;0.0
2021;2021-32;Volta Redonda - Barra Mansa;0;2021;2694;0.0
2021;2021-33;Afonso Cláudio - Venda Nova do Imigrante - Santa Maria de Jetibá;2;2021;431;46.403712296983755
2021;2021-33;Alegre;0;2021;309;0.0
2021;2021-33;Araranguá;0;2021;502;0.0
2021;2021-33;Atalaia;0;2021;29;0.0
2021;2021-33;Bagé;0;2021;158;0.0
2021;2021-33;Belo Horizonte;17;2021;32062;5.302226935312832
2021;2021-33;Belém;12;2021;7079;16.951546828648116
2021;2021-33;Bento Gonçalves;0;2021;545;0.0
2021;2021-33;Boa Vista;1;2021;89;112.35955056179775
2021;2021-33;Bragança Paulista;0;2021;24;0.0
2021;2021-33;Brumado;0;2021;246;0.0
2021;2021-33;Camacan;0;2021;2;0.0
2021;2021-33;Campina Grande;3;2021;2373;12.642225031605564
2021;2021-33;Campo Belo;0;2021;35;0.0
2021;2021-33;Campos dos Goytacazes;0;2021;1009;0.0
2021;2021-33;Caratinga;0;2021;716;0.0
2021;2021-33;Carazinho;0;2021;48;0.0
2021;2021-33;Cascavel;0;2021;36;0.0
2021;2021-33;Catalão;0;2021;250;0.0
2021;2021-33;Catanduva;0;2021;13;0.0
2021;2021-33;Caxias do Sul;0;2021;3731;0.0
2021;2021-33;Conceição do Coité;0;2021;33;0.0
2021;2021-33;Cruz Alta;0;2021;226;0.0
2021;2021-33;Curitiba;13;2021;16261;7.994588278703647
2021;2021-33;Curitibanos;0;2021;10;0.0
2021;2021-33;Distrito Federal;35;2021;11128;31.45219266714594
2021;2021-33;Eunápolis - Porto Seguro;0;2021;17;0.0
2021;2021-33;Frederico Westphalen;0;2021;238;0.0
2021;2021-33;Goiana ¿ Timbaúba;0;2021;730;0.0
2021;2021-33;Guarabira;0;2021;22;0.0
2021;2021-33;Guarapuava;0;2021;11;0.0
2021;2021-33;Gurupi;0;2021;32;0.0
2021;2021-33;Ijuí;0;2021;472;0.0
2021;2021-33;Imperatriz;0;2021;10;0.0
2021;2021-33;Itacoatiara;0;2021;14;0.0
2021;2021-33;Jaú;0;2021;172;0.0
2021;2021-33;Ji-Paraná;0;2021;16;0.0
2021;2021-33;Joaçaba - Herval d'Oeste;0;2021;659;0.0
2021;2021-33;Joinville;0;2021;33;0.0
2021;2021-33;Juiz de Fora;0;2021;2594;0.0
2021;2021-33;Linhares;0;2021;733;0.0
2021;2021-33;Maceió;0;2021;46;0.0
2021;2021-33;Manaus;11;2021;3961;27.77076495834385
2021;2021-33;Mantena;0;2021;118;0.0
2021;2021-33;Maringá;3;2021;2708;11.078286558345644
2021;2021-33;Marília;0;2021;1054;0.0
2021;2021-33;Monteiro;0;2021;5;0.0
2021;2021-33;Mossoró;0;2021;35;0.0
2021;2021-33;Natal;0;2021;34;0.0
2021;2021-33;Nazaré ¿ Maragogipe;0;2021;23;0.0
2021;2021-33;Nova Prata - Guaporé;0;2021;387;0.0
2021;2021-33;Oliveira;0;2021;431;0.0
2021;2021-33;Passo Fundo;0;2021;1722;0.0
2021;2021-33;Passos;0;2021;455;0.0
2021;2021-33;Patos;0;2021;27;0.0
2021;2021-33;Pinheiro;0;2021;189;0.0
2021;2021-33;Pirapora;0;2021;153;0.0
2021;2021-33;Piumhi;0;2021;36;0.0
2021;2021-33;Ponte Nova;0;2021;12;0.0
2021;2021-33;Porto Alegre;8;2021;15348;5.2124055251498564
2021;2021-33;Princesa Isabel;0;2021;12;0.0
2021;2021-33;Quirinópolis;0;2021;65;0.0
2021;2021-33;Resende;0;2021;509;0.0
2021;2021-33;Ribeirão Preto;0;2021;6135;0.0
2021;2021-33;Rio Claro;0;2021;189;0.0
2021;2021-33;Rio de Janeiro;33;2021;40419;8.164477102352853
2021;2021-33;Russas - Limoeiro do Norte;1;2021;1039;9.624639076034649
2021;2021-33;Salvador;31;2021;12015;25.80108198085726
2021;2021-33;Santa Cruz do Sul;1;2021;1042;9.596928982725528
2021;2021-33;Santa Inês;1;2021;44;227.27272727272728
2021;2021-33;Santa Maria;0;2021;1110;0.0
2021;2021-33;Santa Maria da Vitoria;0;2021;13;0.0
2021;2021-33;Santana do Livramento;0;2021;89;0.0
2021;2021-33;Santos;0;2021;1071;0.0
2021;2021-33;Serra Talhada;0;2021;94;0.0
2021;2021-33;Soledade;0;2021;129;0.0
2021;2021-33;São Miguel do Oeste;0;2021;262;0.0
2021;2021-33;São Paulo;73;2021;73318;9.956627294798004
2021;2021-33;Teófilo Otoni;0;2021;555;0.0
2021;2021-33;Toledo;0;2021;42;0.0
2021;2021-33;Uberaba;0;2021;1886;0.0
2021;2021-33;Uberlândia;7;2021;3083;22.705157314304248
2021;2021-33;Uruguaiana;0;2021;222;0.0
2021;2021-33;Valença;0;2021;19;0.0
2021;2021-33;Vitória;0;2021;54;0.0
2021;2021-33;Vitória da Conquista;0;2021;14;0.0
2021;2021-33;Volta Redonda - Barra Mansa;0;2021;2694;0.0
2021;2021-34;Afonso Cláudio - Venda Nova do Imigrante - Santa Maria de Jetibá;0;2021;431;0.0
2021;2021-34;Alegre;0;2021;309;0.0
2021;2021-34;Araranguá;0;2021;502;0.0
2021;2021-34;Atalaia;0;2021;29;0.0
2021;2021-34;Bagé;0;2021;158;0.0
2021;2021-34;Belo Horizonte;28;2021;32062;8.73307965816231
2021;2021-34;Belém;7;2021;7079;9.8884023167114
2021;2021-34;Bento Gonçalves;0;2021;545;0.0
2021;2021-34;Boa Vista;0;2021;89;0.0
2021;2021-34;Bragança Paulista;0;2021;24;0.0
2021;2021-34;Brumado;0;2021;246;0.0
2021;2021-34;Camacan;0;2021;2;0.0
2021;2021-34;Campina Grande;1;2021;2373;4.214075010535188
2021;2021-34;Campo Belo;0;2021;35;0.0
2021;2021-34;Campos dos Goytacazes;0;2021;1009;0.0
2021;2021-34;Caratinga;0;2021;716;0.0
2021;2021-34;Carazinho;0;2021;48;0.0
2021;2021-34;Cascavel;0;2021;36;0.0
2021;2021-34;Catalão;0;2021;250;0.0
2021;2021-34;Catanduva;0;2021;13;0.0
2021;2021-34;Caxias do Sul;0;2021;3731;0.0
2021;2021-34;Conceição do Coité;0;2021;33;0.0
2021;2021-34;Cruz Alta;0;2021;226;0.0
2021;2021-34;Curitiba;13;2021;16261;7.994588278703647
2021;2021-34;Curitibanos;0;2021;10;0.0
2021;2021-34;Distrito Federal;23;2021;11128;20.668583752695902
2021;2021-34;Eunápolis - Porto Seguro;0;2021;17;0.0
2021;2021-34;Frederico Westphalen;0;2021;238;0.0
2021;2021-34;Goiana ¿ Timbaúba;0;2021;730;0.0
2021;2021-34;Guarabira;0;2021;22;0.0
2021;2021-34;Guarapuava;0;2021;11;0.0
2021;2021-34;Gurupi;0;2021;32;0.0
2021;2021-34;Ijuí;0;2021;472;0.0
2021;2021-34;Imperatriz;0;2021;10;0.0
2021;2021-34;Itacoatiara;0;2021;14;0.0
2021;2021-34;Jaú;1;2021;172;58.13953488372093
2021;2021-34;Ji-Paraná;0;2021;16;0.0
2021;2021-34;Joaçaba - Herval d'Oeste;0;2021;659;0.0
2021;2021-34;Joinville;0;2021;33;0.0
2021;2021-34;Juiz de Fora;4;2021;2594;15.420200462606013
2021;2021-34;Linhares;1;2021;733;13.642564802182811
2021;2021-34;Maceió;0;2021;46;0.0
2021;2021-34;Manaus;18;2021;3961;45.443069931835396
2021;2021-34;Mantena;0;2021;118;0.0
2021;2021-34;Maringá;1;2021;2708;3.6927621861152145
2021;2021-34;Marília;0;2021;1054;0.0
2021;2021-34;Monteiro;0;2021;5;0.0
2021;2021-34;Mossoró;0;2021;35;0.0
2021;2021-34;Natal;0;2021;34;0.0
2021;2021-34;Nazaré ¿ Maragogipe;0;2021;23;0.0
2021;2021-34;Nova Prata - Guaporé;0;2021;387;0.0
2021;2021-34;Oliveira;0;2021;431;0.0
2021;2021-34;Passo Fundo;0;2021;1722;0.0
2021;2021-34;Passos;0;2021;455;0.0
2021;2021-34;Patos;0;2021;27;0.0
2021;2021-34;Pinheiro;0;2021;189;0.0
2021;2021-34;Pirapora;0;2021;153;0.0
2021;2021-34;Piumhi;0;2021;36;0.0
2021;2021-34;Ponte Nova;0;2021;12;0.0
2021;2021-34;Porto Alegre;11;2021;15348;7.167057597081054
2021;2021-34;Princesa Isabel;0;2021;12;0.0
2021;2021-34;Quirinópolis;0;2021;65;0.0
2021;2021-34;Resende;0;2021;509;0.0
2021;2021-34;Ribeirão Preto;4;2021;6135;6.519967400162999
2021;2021-34;Rio Claro;0;2021;189;0.0
2021;2021-34;Rio de Janeiro;17;2021;40419;4.205942749696924
2021;2021-34;Russas - Limoeiro do Norte;2;2021;1039;19.249278152069298
2021;2021-34;Salvador;25;2021;12015;20.807324178110697
2021;2021-34;Santa Cruz do Sul;0;2021;1042;0.0
2021;2021-34;Santa Inês;0;2021;44;0.0
2021;2021-34;Santa Maria;1;2021;1110;9.00900900900901
2021;2021-34;Santa Maria da Vitoria;0;2021;13;0.0
2021;2021-34;Santana do Livramento;0;2021;89;0.0
2021;2021-34;Santos;0;2021;1071;0.0
2021;2021-34;Serra Talhada;0;2021;94;0.0
2021;2021-34;Soledade;0;2021;129;0.0
2021;2021-34;São Miguel do Oeste;1;2021;262;38.167938931297705
2021;2021-34;São Paulo;77;2021;73318;10.502195913691045
2021;2021-34;Teófilo Otoni;0;2021;555;0.0
2021;2021-34;Toledo;0;2021;42;0.0
2021;2021-34;Uberaba;0;2021;1886;0.0
2021;2021-34;Uberlândia;2;2021;3083;6.487187804086928
2021;2021-34;Uruguaiana;0;2021;222;0.0
2021;2021-34;Valença;0;2021;19;0.0
2021;2021-34;Vitória;0;2021;54;0.0
2021;2021-34;Vitória da Conquista;0;2021;14;0.0
2021;2021-34;Volta Redonda - Barra Mansa;0;2021;2694;0.0
2021;2021-35;Afonso Cláudio - Venda Nova do Imigrante - Santa Maria de Jetibá;1;2021;431;23.201856148491878
2021;2021-35;Alegre;0;2021;309;0.0
2021;2021-35;Araranguá;0;2021;502;0.0
2021;2021-35;Atalaia;0;2021;29;0.0
2021;2021-35;Bagé;0;2021;158;0.0
2021;2021-35;Belo Horizonte;18;2021;32062;5.614122637390056
2021;2021-35;Belém;7;2021;7079;9.8884023167114
2021;2021-35;Bento Gonçalves;0;2021;545;0.0
2021;2021-35;Boa Vista;0;2021;89;0.0
2021;2021-35;Bragança Paulista;0;2021;24;0.0
2021;2021-35;Brumado;0;2021;246;0.0
2021;2021-35;Camacan;0;2021;2;0.0
2021;2021-35;Campina Grande;2;2021;2373;8.428150021070376
2021;2021-35;Campo Belo;0;2021;35;0.0
2021;2021-35;Campos dos Goytacazes;0;2021;1009;0.0
2021;2021-35;Caratinga;0;2021;716;0.0
2021;2021-35;Carazinho;0;2021;48;0.0
2021;2021-35;Cascavel;0;2021;36;0.0
2021;2021-35;Catalão;0;2021;250;0.0
2021;2021-35;Catanduva;0;2021;13;0.0
2021;2021-35;Caxias do Sul;0;2021;3731;0.0
2021;2021-35;Conceição do Coité;0;2021;33;0.0
2021;2021-35;Cruz Alta;0;2021;226;0.0
2021;2021-35;Curitiba;15;2021;16261;9.224524936965746
2021;2021-35;Curitibanos;0;2021;10;0.0
2021;2021-35;Distrito Federal;12;2021;11128;10.783608914450035
2021;2021-35;Eunápolis - Porto Seguro;0;2021;17;0.0
2021;2021-35;Frederico Westphalen;0;2021;238;0.0
2021;2021-35;Goiana ¿ Timbaúba;0;2021;730;0.0
2021;2021-35;Guarabira;0;2021;22;0.0
2021;2021-35;Guarapuava;0;2021;11;0.0
2021;2021-35;Gurupi;0;2021;32;0.0
2021;2021-35;Ijuí;1;2021;472;21.1864406779661
2021;2021-35;Imperatriz;0;2021;10;0.0
2021;2021-35;Itacoatiara;0;2021;14;0.0
2021;2021-35;Jaú;0;2021;172;0.0
2021;2021-35;Ji-Paraná;0;2021;16;0.0
2021;2021-35;Joaçaba - Herval d'Oeste;0;2021;659;0.0
2021;2021-35;Joinville;0;2021;33;0.0
2021;2021-35;Juiz de Fora;1;2021;2594;3.8550501156515034
2021;2021-35;Linhares;0;2021;733;0.0
2021;2021-35;Maceió;0;2021;46;0.0
2021;2021-35;Manaus;11;2021;3961;27.77076495834385
2021;2021-35;Mantena;0;2021;118;0.0
2021;2021-35;Maringá;5;2021;2708;18.46381093057607
2021;2021-35;Marília;0;2021;1054;0.0
2021;2021-35;Monteiro;0;2021;5;0.0
2021;2021-35;Mossoró;0;2021;35;0.0
2021;2021-35;Natal;0;2021;34;0.0
2021;2021-35;Nazaré ¿ Maragogipe;0;2021;23;0.0
2021;2021-35;Nova Prata - Guaporé;0;2021;387;0.0
2021;2021-35;Oliveira;0;2021;431;0.0
2021;2021-35;Passo Fundo;0;2021;1722;0.0
2021;2021-35;Passos;0;2021;455;0.0
2021;2021-35;Patos;0;2021;27;0.0
2021;2021-35;Pinheiro;0;2021;189;0.0
2021;2021-35;Pirapora;0;2021;153;0.0
2021;2021-35;Piumhi;0;2021;36;0.0
2021;2021-35;Ponte Nova;0;2021;12;0.0
2021;2021-35;Porto Alegre;13;2021;15348;8.470158978368518
2021;2021-35;Princesa Isabel;0;2021;12;0.0
2021;2021-35;Quirinópolis;0;2021;65;0.0
2021;2021-35;Resende;0;2021;509;0.0
2021;2021-35;Ribeirão Preto;0;2021;6135;0.0
2021;2021-35;Rio Claro;1;2021;189;52.910052910052904
2021;2021-35;Rio de Janeiro;22;2021;40419;5.442984734901902
2021;2021-35;Russas - Limoeiro do Norte;2;2021;1039;19.249278152069298
2021;2021-35;Salvador;25;2021;12015;20.807324178110697
2021;2021-35;Santa Cruz do Sul;0;2021;1042;0.0
2021;2021-35;Santa Inês;0;2021;44;0.0
2021;2021-35;Santa Maria;3;2021;1110;27.027027027027028
2021;2021-35;Santa Maria da Vitoria;0;2021;13;0.0
2021;2021-35;Santana do Livramento;0;2021;89;0.0
2021;2021-35;Santos;1;2021;1071;9.337068160597573
2021;2021-35;Serra Talhada;0;2021;94;0.0
2021;2021-35;Soledade;0;2021;129;0.0
2021;2021-35;São Miguel do Oeste;0;2021;262;0.0
2021;2021-35;São Paulo;52;2021;73318;7.092392045609537
2021;2021-35;Teófilo Otoni;0;2021;555;0.0
2021;2021-35;Toledo;0;2021;42;0.0
2021;2021-35;Uberaba;1;2021;1886;5.302226935312832
2021;2021-35;Uberlândia;1;2021;3083;3.243593902043464
2021;2021-35;Uruguaiana;0;2021;222;0.0
2021;2021-35;Valença;0;2021;19;0.0
2021;2021-35;Vitória;0;2021;54;0.0
2021;2021-35;Vitória da Conquista;0;2021;14;0.0
2021;2021-35;Volta Redonda - Barra Mansa;0;2021;2694;0.0
2021;2021-36;Afonso Cláudio - Venda Nova do Imigrante - Santa Maria de Jetibá;2;2021;431;46.403712296983755
2021;2021-36;Alegre;0;2021;309;0.0
2021;2021-36;Araranguá;0;2021;502;0.0
2021;2021-36;Atalaia;0;2021;29;0.0
2021;2021-36;Bagé;0;2021;158;0.0
2021;2021-36;Belo Horizonte;23;2021;32062;7.173601147776184
2021;2021-36;Belém;6;2021;7079;8.475773414324058
2021;2021-36;Bento Gonçalves;0;2021;545;0.0
2021;2021-36;Boa Vista;0;2021;89;0.0
2021;2021-36;Bragança Paulista;0;2021;24;0.0
2021;2021-36;Brumado;0;2021;246;0.0
2021;2021-36;Camacan;0;2021;2;0.0
2021;2021-36;Campina Grande;1;2021;2373;4.214075010535188
2021;2021-36;Campo Belo;0;2021;35;0.0
2021;2021-36;Campos dos Goytacazes;0;2021;1009;0.0
2021;2021-36;Caratinga;0;2021;716;0.0
2021;2021-36;Carazinho;0;2021;48;0.0
2021;2021-36;Cascavel;0;2021;36;0.0
2021;2021-36;Catalão;0;2021;250;0.0
2021;2021-36;Catanduva;0;2021;13;0.0
2021;2021-36;Caxias do Sul;0;2021;3731;0.0
2021;2021-36;Conceição do Coité;0;2021;33;0.0
2021;2021-36;Cruz Alta;0;2021;226;0.0
2021;2021-36;Curitiba;15;2021;16261;9.224524936965746
2021;2021-36;Curitibanos;0;2021;10;0.0
2021;2021-36;Distrito Federal;21;2021;11128;18.871315600287563
2021;2021-36;Eunápolis - Porto Seguro;0;2021;17;0.0
2021;2021-36;Frederico Westphalen;0;2021;238;0.0
2021;2021-36;Goiana ¿ Timbaúba;2;2021;730;27.397260273972602
2021;2021-36;Guarabira;0;2021;22;0.0
2021;2021-36;Guarapuava;0;2021;11;0.0
2021;2021-36;Gurupi;0;2021;32;0.0
2021;2021-36;Ijuí;0;2021;472;0.0
2021;2021-36;Imperatriz;0;2021;10;0.0
2021;2021-36;Itacoatiara;0;2021;14;0.0
2021;2021-36;Jaú;0;2021;172;0.0
2021;2021-36;Ji-Paraná;0;2021;16;0.0
2021;2021-36;Joaçaba - Herval d'Oeste;0;2021;659;0.0
2021;2021-36;Joinville;0;2021;33;0.0
2021;2021-36;Juiz de Fora;1;2021;2594;3.8550501156515034
2021;2021-36;Linhares;1;2021;733;13.642564802182811
2021;2021-36;Maceió;0;2021;46;0.0
2021;2021-36;Manaus;12;2021;3961;30.29537995455693
2021;2021-36;Mantena;0;2021;118;0.0
2021;2021-36;Maringá;0;2021;2708;0.0
2021;2021-36;Marília;0;2021;1054;0.0
2021;2021-36;Monteiro;0;2021;5;0.0
2021;2021-36;Mossoró;0;2021;35;0.0
2021;2021-36;Natal;0;2021;34;0.0
2021;2021-36;Nazaré ¿ Maragogipe;0;2021;23;0.0
2021;2021-36;Nova Prata - Guaporé;1;2021;387;25.839793281653748
2021;2021-36;Oliveira;0;2021;431;0.0
2021;2021-36;Passo Fundo;0;2021;1722;0.0
2021;2021-36;Passos;0;2021;455;0.0
2021;2021-36;Patos;0;2021;27;0.0
2021;2021-36;Pinheiro;0;2021;189;0.0
2021;2021-36;Pirapora;0;2021;153;0.0
2021;2021-36;Piumhi;0;2021;36;0.0
2021;2021-36;Ponte Nova;0;2021;12;0.0
2021;2021-36;Porto Alegre;6;2021;15348;3.9093041438623923
2021;2021-36;Princesa Isabel;0;2021;12;0.0
2021;2021-36;Quirinópolis;0;2021;65;0.0
2021;2021-36;Resende;0;2021;509;0.0
2021;2021-36;Ribeirão Preto;0;2021;6135;0.0
2021;2021-36;Rio Claro;0;2021;189;0.0
2021;2021-36;Rio de Janeiro;34;2021;40419;8.411885499393849
2021;2021-36;Russas - Limoeiro do Norte;0;2021;1039;0.0
2021;2021-36;Salvador;15;2021;12015;12.484394506866417
2021;2021-36;Santa Cruz do Sul;0;2021;1042;0.0
2021;2021-36;Santa Inês;0;2021;44;0.0
2021;2021-36;Santa Maria;1;2021;1110;9.00900900900901
2021;2021-36;Santa Maria da Vitoria;0;2021;13;0.0
2021;2021-36;Santana do Livramento;0;2021;89;0.0
2021;2021-36;Santos;1;2021;1071;9.337068160597573
2021;2021-36;Serra Talhada;0;2021;94;0.0
2021;2021-36;Soledade;0;2021;129;0.0
2021;2021-36;São Miguel do Oeste;0;2021;262;0.0
2021;2021-36;São Paulo;64;2021;73318;8.729097902288661
2021;2021-36;Teófilo Otoni;2;2021;555;36.03603603603604
2021;2021-36;Toledo;0;2021;42;0.0
2021;2021-36;Uberaba;1;2021;1886;5.302226935312832
2021;2021-36;Uberlândia;1;2021;3083;3.243593902043464
2021;2021-36;Uruguaiana;0;2021;222;0.0
2021;2021-36;Valença;0;2021;19;0.0
2021;2021-36;Vitória;0;2021;54;0.0
2021;2021-36;Vitória da Conquista;0;2021;14;0.0
2021;2021-36;Volta Redonda - Barra Mansa;1;2021;2694;3.711952487008166
2021;2021-37;Afonso Cláudio - Venda Nova do Imigrante - Santa Maria de Jetibá;1;2021;431;23.201856148491878
2021;2021-37;Alegre;0;2021;309;0.0
2021;2021-37;Araranguá;0;2021;502;0.0
2021;2021-37;Atalaia;0;2021;29;0.0
2021;2021-37;Bagé;1;2021;158;63.291139240506325
2021;2021-37;Belo Horizonte;45;2021;32062;14.035306593475141
2021;2021-37;Belém;7;2021;7079;9.8884023167114
2021;2021-37;Bento Gonçalves;0;2021;545;0.0
2021;2021-37;Boa Vista;0;2021;89;0.0
2021;2021-37;Bragança Paulista;0;2021;24;0.0
2021;2021-37;Brumado;0;2021;246;0.0
2021;2021-37;Camacan;0;2021;2;0.0
2021;2021-37;Campina Grande;4;2021;2373;16.856300042140752
2021;2021-37;Campo Belo;0;2021;35;0.0
2021;2021-37;Campos dos Goytacazes;0;2021;1009;0.0
2021;2021-37;Caratinga;1;2021;716;13.966480446927374
2021;2021-37;Carazinho;0;2021;48;0.0
2021;2021-37;Cascavel;0;2021;36;0.0
2021;2021-37;Catalão;2;2021;250;80.0
2021;2021-37;Catanduva;0;2021;13;0.0
2021;2021-37;Caxias do Sul;0;2021;3731;0.0
2021;2021-37;Conceição do Coité;0;2021;33;0.0
2021;2021-37;Cruz Alta;0;2021;226;0.0
2021;2021-37;Curitiba;17;2021;16261;10.454461595227846
2021;2021-37;Curitibanos;0;2021;10;0.0
2021;2021-37;Distrito Federal;23;2021;11128;20.668583752695902
2021;2021-37;Eunápolis - Porto Seguro;0;2021;17;0.0
2021;2021-37;Frederico Westphalen;0;2021;238;0.0
2021;2021-37;Goiana ¿ Timbaúba;0;2021;730;0.0
2021;2021-37;Guarabira;0;2021;22;0.0
2021;2021-37;Guarapuava;0;2021;11;0.0
2021;2021-37;Gurupi;0;2021;32;0.0
2021;2021-37;Ijuí;0;2021;472;0.0
2021;2021-37;Imperatriz;0;2021;10;0.0
2021;2021-37;Itacoatiara;0;2021;14;0.0
2021;2021-37;Jaú;0;2021;172;0.0
2021;2021-37;Ji-Paraná;0;2021;16;0.0
2021;2021-37;Joaçaba - Herval d'Oeste;1;2021;659;15.174506828528074
2021;2021-37;Joinville;0;2021;33;0.0
2021;2021-37;Juiz de Fora;0;2021;2594;0.0
2021;2021-37;Linhares;1;2021;733;13.642564802182811
2021;2021-37;Maceió;0;2021;46;0.0
2021;2021-37;Manaus;9;2021;3961;22.721534965917698
2021;2021-37;Mantena;0;2021;118;0.0
2021;2021-37;Maringá;3;2021;2708;11.078286558345644
2021;2021-37;Marília;0;2021;1054;0.0
2021;2021-37;Monteiro;0;2021;5;0.0
2021;2021-37;Mossoró;0;2021;35;0.0
2021;2021-37;Natal;0;2021;34;0.0
2021;2021-37;Nazaré ¿ Maragogipe;0;2021;23;0.0
2021;2021-37;Nova Prata - Guaporé;0;2021;387;0.0
2021;2021-37;Oliveira;0;2021;431;0.0
2021;2021-37;Passo Fundo;0;2021;1722;0.0
2021;2021-37;Passos;0;2021;455;0.0
2021;2021-37;Patos;0;2021;27;0.0
2021;2021-37;Pinheiro;0;2021;189;0.0
2021;2021-37;Pirapora;1;2021;153;65.359477124183
2021;2021-37;Piumhi;0;2021;36;0.0
2021;2021-37;Ponte Nova;0;2021;12;0.0
2021;2021-37;Porto Alegre;11;2021;15348;7.167057597081054
2021;2021-37;Princesa Isabel;0;2021;12;0.0
2021;2021-37;Quirinópolis;0;2021;65;0.0
2021;2021-37;Resende;1;2021;509;19.646365422396855
2021;2021-37;Ribeirão Preto;8;2021;6135;13.039934800325998
2021;2021-37;Rio Claro;2;2021;189;105.82010582010581
2021;2021-37;Rio de Janeiro;34;2021;40419;8.411885499393849
2021;2021-37;Russas - Limoeiro do Norte;0;2021;1039;0.0
2021;2021-37;Salvador;24;2021;12015;19.975031210986266
2021;2021-37;Santa Cruz do Sul;1;2021;1042;9.596928982725528
2021;2021-37;Santa Inês;0;2021;44;0.0
2021;2021-37;Santa Maria;1;2021;1110;9.00900900900901
2021;2021-37;Santa Maria da Vitoria;0;2021;13;0.0
2021;2021-37;Santana do Livramento;0;2021;89;0.0
2021;2021-37;Santos;0;2021;1071;0.0
2021;2021-37;Serra Talhada;0;2021;94;0.0
2021;2021-37;Soledade;0;2021;129;0.0
2021;2021-37;São Miguel do Oeste;0;2021;262;0.0
2021;2021-37;São Paulo;91;2021;73318;12.411686079816688
2021;2021-37;Teófilo Otoni;3;2021;555;54.054054054054056
2021;2021-37;Toledo;0;2021;42;0.0
2021;2021-37;Uberaba;1;2021;1886;5.302226935312832
2021;2021-37;Uberlândia;3;2021;3083;9.730781706130392
2021;2021-37;Uruguaiana;0;2021;222;0.0
2021;2021-37;Valença;0;2021;19;0.0
2021;2021-37;Vitória;0;2021;54;0.0
2021;2021-37;Vitória da Conquista;0;2021;14;0.0
2021;2021-37;Volta Redonda - Barra Mansa;4;2021;2694;14.847809948032664
2021;2021-38;Afonso Cláudio - Venda Nova do Imigrante - Santa Maria de Jetibá;1;2021;431;23.201856148491878
2021;2021-38;Alegre;0;2021;309;0.0
2021;2021-38;Araranguá;0;2021;502;0.0
2021;2021-38;Atalaia;0;2021;29;0.0
2021;2021-38;Bagé;0;2021;158;0.0
2021;2021-38;Belo Horizonte;40;2021;32062;12.475828083089015
2021;2021-38;Belém;17;2021;7079;24.01469134058483
2021;2021-38;Bento Gonçalves;0;2021;545;0.0
2021;2021-38;Boa Vista;0;2021;89;0.0
2021;2021-38;Bragança Paulista;0;2021;24;0.0
2021;2021-38;Brumado;0;2021;246;0.0
2021;2021-38;Camacan;0;2021;2;0.0
2021;2021-38;Campina Grande;5;2021;2373;21.07037505267594
2021;2021-38;Campo Belo;0;2021;35;0.0
2021;2021-38;Campos dos Goytacazes;2;2021;1009;19.821605550049554
2021;2021-38;Caratinga;0;2021;716;0.0
2021;2021-38;Carazinho;2;2021;48;416.66666666666663
2021;2021-38;Cascavel;0;2021;36;0.0
2021;2021-38;Catalão;1;2021;250;40.0
2021;2021-38;Catanduva;0;2021;13;0.0
2021;2021-38;Caxias do Sul;1;2021;3731;2.6802465826856072
2021;2021-38;Conceição do Coité;0;2021;33;0.0
2021;2021-38;Cruz Alta;0;2021;226;0.0
2021;2021-38;Curitiba;14;2021;16261;8.609556607834696
2021;2021-38;Curitibanos;0;2021;10;0.0
2021;2021-38;Distrito Federal;11;2021;11128;9.884974838245865
2021;2021-38;Eunápolis - Porto Seguro;0;2021;17;0.0
2021;2021-38;Frederico Westphalen;0;2021;238;0.0
2021;2021-38;Goiana ¿ Timbaúba;0;2021;730;0.0
2021;2021-38;Guarabira;0;2021;22;0.0
2021;2021-38;Guarapuava;0;2021;11;0.0
2021;2021-38;Gurupi;0;2021;32;0.0
2021;2021-38;Ijuí;0;2021;472;0.0
2021;2021-38;Imperatriz;0;2021;10;0.0
2021;2021-38;Itacoatiara;0;2021;14;0.0
2021;2021-38;Jaú;0;2021;172;0.0
2021;2021-38;Ji-Paraná;0;2021;16;0.0
2021;2021-38;Joaçaba - Herval d'Oeste;1;2021;659;15.174506828528074
2021;2021-38;Joinville;0;2021;33;0.0
2021;2021-38;Juiz de Fora;1;2021;2594;3.8550501156515034
2021;2021-38;Linhares;6;2021;733;81.85538881309685
2021;2021-38;Maceió;0;2021;46;0.0
2021;2021-38;Manaus;10;2021;3961;25.246149962130776
2021;2021-38;Mantena;0;2021;118;0.0
2021;2021-38;Maringá;0;2021;2708;0.0
2021;2021-38;Marília;1;2021;1054;9.487666034155598
2021;2021-38;Monteiro;0;2021;5;0.0
2021;2021-38;Mossoró;0;2021;35;0.0
2021;2021-38;Natal;0;2021;34;0.0
2021;2021-38;Nazaré ¿ Maragogipe;0;2021;23;0.0
2021;2021-38;Nova Prata - Guaporé;0;2021;387;0.0
2021;2021-38;Oliveira;0;2021;431;0.0
2021;2021-38;Passo Fundo;0;2021;1722;0.0
2021;2021-38;Passos;0;2021;455;0.0
2021;2021-38;Patos;0;2021;27;0.0
2021;2021-38;Pinheiro;0;2021;189;0.0
2021;2021-38;Pirapora;0;2021;153;0.0
2021;2021-38;Piumhi;0;2021;36;0.0
2021;2021-38;Ponte Nova;0;2021;12;0.0
2021;2021-38;Porto Alegre;10;2021;15348;6.515506906437321
2021;2021-38;Princesa Isabel;0;2021;12;0.0
2021;2021-38;Quirinópolis;0;2021;65;0.0
2021;2021-38;Resende;0;2021;509;0.0
2021;2021-38;Ribeirão Preto;3;2021;6135;4.889975550122249
2021;2021-38;Rio Claro;1;2021;189;52.910052910052904
2021;2021-38;Rio de Janeiro;37;2021;40419;9.154110690516836
2021;2021-38;Russas - Limoeiro do Norte;1;2021;1039;9.624639076034649
2021;2021-38;Salvador;24;2021;12015;19.975031210986266
2021;2021-38;Santa Cruz do Sul;0;2021;1042;0.0
2021;2021-38;Santa Inês;0;2021;44;0.0
2021;2021-38;Santa Maria;1;2021;1110;9.00900900900901
2021;2021-38;Santa Maria da Vitoria;0;2021;13;0.0
2021;2021-38;Santana do Livramento;0;2021;89;0.0
2021;2021-38;Santos;0;2021;1071;0.0
2021;2021-38;Serra Talhada;0;2021;94;0.0
2021;2021-38;Soledade;0;2021;129;0.0
2021;2021-38;São Miguel do Oeste;0;2021;262;0.0
2021;2021-38;São Paulo;64;2021;73318;8.729097902288661
2021;2021-38;Teófilo Otoni;0;2021;555;0.0
2021;2021-38;Toledo;0;2021;42;0.0
2021;2021-38;Uberaba;1;2021;1886;5.302226935312832
2021;2021-38;Uberlândia;3;2021;3083;9.730781706130392
2021;2021-38;Uruguaiana;0;2021;222;0.0
2021;2021-38;Valença;0;2021;19;0.0
2021;2021-38;Vitória;0;2021;54;0.0
2021;2021-38;Vitória da Conquista;0;2021;14;0.0
2021;2021-38;Volta Redonda - Barra Mansa;0;2021;2694;0.0
2021;2021-39;Afonso Cláudio - Venda Nova do Imigrante - Santa Maria de Jetibá;1;2021;431;23.201856148491878
2021;2021-39;Alegre;0;2021;309;0.0
2021;2021-39;Araranguá;0;2021;502;0.0
2021;2021-39;Atalaia;0;2021;29;0.0
2021;2021-39;Bagé;0;2021;158;0.0
2021;2021-39;Belo Horizonte;56;2021;32062;17.46615931632462
2021;2021-39;Belém;5;2021;7079;7.063144511936714
2021;2021-39;Bento Gonçalves;0;2021;545;0.0
2021;2021-39;Boa Vista;0;2021;89;0.0
2021;2021-39;Bragança Paulista;0;2021;24;0.0
2021;2021-39;Brumado;0;2021;246;0.0
2021;2021-39;Camacan;0;2021;2;0.0
2021;2021-39;Campina Grande;1;2021;2373;4.214075010535188
2021;2021-39;Campo Belo;0;2021;35;0.0
2021;2021-39;Campos dos Goytacazes;1;2021;1009;9.910802775024777
2021;2021-39;Caratinga;0;2021;716;0.0
2021;2021-39;Carazinho;0;2021;48;0.0
2021;2021-39;Cascavel;0;2021;36;0.0
2021;2021-39;Catalão;0;2021;250;0.0
2021;2021-39;Catanduva;0;2021;13;0.0
2021;2021-39;Caxias do Sul;0;2021;3731;0.0
2021;2021-39;Conceição do Coité;0;2021;33;0.0
2021;2021-39;Cruz Alta;0;2021;226;0.0
2021;2021-39;Curitiba;27;2021;16261;16.604144886538343
2021;2021-39;Curitibanos;0;2021;10;0.0
2021;2021-39;Distrito Federal;26;2021;11128;23.36448598130841
2021;2021-39;Eunápolis - Porto Seguro;0;2021;17;0.0
2021;2021-39;Frederico Westphalen;0;2021;238;0.0
2021;2021-39;Goiana ¿ Timbaúba;0;2021;730;0.0
2021;2021-39;Guarabira;0;2021;22;0.0
2021;2021-39;Guarapuava;0;2021;11;0.0
2021;2021-39;Gurupi;0;2021;32;0.0
2021;2021-39;Ijuí;4;2021;472;84.7457627118644
2021;2021-39;Imperatriz;0;2021;10;0.0
2021;2021-39;Itacoatiara;0;2021;14;0.0
2021;2021-39;Jaú;0;2021;172;0.0
2021;2021-39;Ji-Paraná;0;2021;16;0.0
2021;2021-39;Joaçaba - Herval d'Oeste;0;2021;659;0.0
2021;2021-39;Joinville;0;2021;33;0.0
2021;2021-39;Juiz de Fora;0;2021;2594;0.0
2021;2021-39;Linhares;0;2021;733;0.0
2021;2021-39;Maceió;0;2021;46;0.0
2021;2021-39;Manaus;10;2021;3961;25.246149962130776
2021;2021-39;Mantena;0;2021;118;0.0
2021;2021-39;Maringá;0;2021;2708;0.0
2021;2021-39;Marília;1;2021;1054;9.487666034155598
2021;2021-39;Monteiro;0;2021;5;0.0
2021;2021-39;Mossoró;0;2021;35;0.0
2021;2021-39;Natal;0;2021;34;0.0
2021;2021-39;Nazaré ¿ Maragogipe;0;2021;23;0.0
2021;2021-39;Nova Prata - Guaporé;0;2021;387;0.0
2021;2021-39;Oliveira;3;2021;431;69.60556844547564
2021;2021-39;Passo Fundo;0;2021;1722;0.0
2021;2021-39;Passos;0;2021;455;0.0
2021;2021-39;Patos;0;2021;27;0.0
2021;2021-39;Pinheiro;0;2021;189;0.0
2021;2021-39;Pirapora;0;2021;153;0.0
2021;2021-39;Piumhi;0;2021;36;0.0
2021;2021-39;Ponte Nova;0;2021;12;0.0
2021;2021-39;Porto Alegre;12;2021;15348;7.818608287724785
2021;2021-39;Princesa Isabel;0;2021;12;0.0
2021;2021-39;Quirinópolis;1;2021;65;153.84615384615387
2021;2021-39;Resende;0;2021;509;0.0
2021;2021-39;Ribeirão Preto;2;2021;6135;3.2599837000814995
2021;2021-39;Rio Claro;0;2021;189;0.0
2021;2021-39;Rio de Janeiro;35;2021;40419;8.659293896434844
2021;2021-39;Russas - Limoeiro do Norte;0;2021;1039;0.0
2021;2021-39;Salvador;24;2021;12015;19.975031210986266
2021;2021-39;Santa Cruz do Sul;0;2021;1042;0.0
2021;2021-39;Santa Inês;0;2021;44;0.0
2021;2021-39;Santa Maria;0;2021;1110;0.0
2021;2021-39;Santa Maria da Vitoria;0;2021;13;0.0
2021;2021-39;Santana do Livramento;0;2021;89;0.0
2021;2021-39;Santos;1;2021;1071;9.337068160597573
2021;2021-39;Serra Talhada;0;2021;94;0.0
2021;2021-39;Soledade;0;2021;129;0.0
2021;2021-39;São Miguel do Oeste;0;2021;262;0.0
2021;2021-39;São Paulo;76;2021;73318;10.365803758967784
2021;2021-39;Teófilo Otoni;4;2021;555;72.07207207207207
2021;2021-39;Toledo;0;2021;42;0.0
2021;2021-39;Uberaba;0;2021;1886;0.0
2021;2021-39;Uberlândia;3;2021;3083;9.730781706130392
2021;2021-39;Uruguaiana;0;2021;222;0.0
2021;2021-39;Valença;0;2021;19;0.0
2021;2021-39;Vitória;0;2021;54;0.0
2021;2021-39;Vitória da Conquista;0;2021;14;0.0
2021;2021-39;Volta Redonda - Barra Mansa;1;2021;2694;3.711952487008166
2021;2021-40;Afonso Cláudio - Venda Nova do Imigrante - Santa Maria de Jetibá;0;2021;431;0.0
2021;2021-40;Alegre;0;2021;309;0.0
2021;2021-40;Araranguá;0;2021;502;0.0
2021;2021-40;Atalaia;0;2021;29;0.0
2021;2021-40;Bagé;0;2021;158;0.0
2021;2021-40;Belo Horizonte;56;2021;32062;17.46615931632462
2021;2021-40;Belém;19;2021;7079;26.839949145359515
2021;2021-40;Bento Gonçalves;0;2021;545;0.0
2021;2021-40;Boa Vista;0;2021;89;0.0
2021;2021-40;Bragança Paulista;0;2021;24;0.0
2021;2021-40;Brumado;0;2021;246;0.0
2021;2021-40;Camacan;0;2021;2;0.0
2021;2021-40;Campina Grande;6;2021;2373;25.28445006321113
2021;2021-40;Campo Belo;0;2021;35;0.0
2021;2021-40;Campos dos Goytacazes;0;2021;1009;0.0
2021;2021-40;Caratinga;1;2021;716;13.966480446927374
2021;2021-40;Carazinho;0;2021;48;0.0
2021;2021-40;Cascavel;0;2021;36;0.0
2021;2021-40;Catalão;0;2021;250;0.0
2021;2021-40;Catanduva;0;2021;13;0.0
2021;2021-40;Caxias do Sul;0;2021;3731;0.0
2021;2021-40;Conceição do Coité;0;2021;33;0.0
2021;2021-40;Cruz Alta;1;2021;226;44.24778761061947
2021;2021-40;Curitiba;20;2021;16261;12.299366582620996
2021;2021-40;Curitibanos;0;2021;10;0.0
2021;2021-40;Distrito Federal;21;2021;11128;18.871315600287563
2021;2021-40;Eunápolis - Porto Seguro;0;2021;17;0.0
2021;2021-40;Frederico Westphalen;0;2021;238;0.0
2021;2021-40;Goiana ¿ Timbaúba;0;2021;730;0.0
2021;2021-40;Guarabira;1;2021;22;454.54545454545456
2021;2021-40;Guarapuava;0;2021;11;0.0
2021;2021-40;Gurupi;0;2021;32;0.0
2021;2021-40;Ijuí;1;2021;472;21.1864406779661
2021;2021-40;Imperatriz;0;2021;10;0.0
2021;2021-40;Itacoatiara;0;2021;14;0.0
2021;2021-40;Jaú;0;2021;172;0.0
2021;2021-40;Ji-Paraná;0;2021;16;0.0
2021;2021-40;Joaçaba - Herval d'Oeste;0;2021;659;0.0
2021;2021-40;Joinville;0;2021;33;0.0
2021;2021-40;Juiz de Fora;4;2021;2594;15.420200462606013
2021;2021-40;Linhares;2;2021;733;27.285129604365622
2021;2021-40;Maceió;0;2021;46;0.0
2021;2021-40;Manaus;9;2021;3961;22.721534965917698
2021;2021-40;Mantena;0;2021;118;0.0
2021;2021-40;Maringá;6;2021;2708;22.156573116691288
2021;2021-40;Marília;4;2021;1054;37.95066413662239
2021;2021-40;Monteiro;0;2021;5;0.0
2021;2021-40;Mossoró;0;2021;35;0.0
2021;2021-40;Natal;0;2021;34;0.0
2021;2021-40;Nazaré ¿ Maragogipe;0;2021;23;0.0
2021;2021-40;Nova Prata - Guaporé;0;2021;387;0.0
2021;2021-40;Oliveira;1;2021;431;23.201856148491878
2021;2021-40;Passo Fundo;0;2021;1722;0.0
2021;2021-40;Passos;0;2021;455;0.0
2021;2021-40;Patos;0;2021;27;0.0
2021;2021-40;Pinheiro;0;2021;189;0.0
2021;2021-40;Pirapora;2;2021;153;130.718954248366
2021;2021-40;Piumhi;0;2021;36;0.0
2021;2021-40;Ponte Nova;0;2021;12;0.0
2021;2021-40;Porto Alegre;8;2021;15348;5.2124055251498564
2021;2021-40;Princesa Isabel;0;2021;12;0.0
2021;2021-40;Quirinópolis;0;2021;65;0.0
2021;2021-40;Resende;0;2021;509;0.0
2021;2021-40;Ribeirão Preto;6;2021;6135;9.779951100244498
2021;2021-40;Rio Claro;0;2021;189;0.0
2021;2021-40;Rio de Janeiro;37;2021;40419;9.154110690516836
2021;2021-40;Russas - Limoeiro do Norte;0;2021;1039;0.0
2021;2021-40;Salvador;16;2021;12015;13.316687473990845
2021;2021-40;Santa Cruz do Sul;2;2021;1042;19.193857965451055
2021;2021-40;Santa Inês;1;2021;44;227.27272727272728
2021;2021-40;Santa Maria;0;2021;1110;0.0
2021;2021-40;Santa Maria da Vitoria;0;2021;13;0.0
2021;2021-40;Santana do Livramento;0;2021;89;0.0
2021;2021-40;Santos;1;2021;1071;9.337068160597573
2021;2021-40;Serra Talhada;0;2021;94;0.0
2021;2021-40;Soledade;0;2021;129;0.0
2021;2021-40;São Miguel do Oeste;0;2021;262;0.0
2021;2021-40;São Paulo;80;2021;73318;10.911372377860825
2021;2021-40;Teófilo Otoni;0;2021;555;0.0
2021;2021-40;Toledo;0;2021;42;0.0
2021;2021-40;Uberaba;2;2021;1886;10.604453870625663
2021;2021-40;Uberlândia;2;2021;3083;6.487187804086928
2021;2021-40;Uruguaiana;0;2021;222;0.0
2021;2021-40;Valença;0;2021;19;0.0
2021;2021-40;Vitória;0;2021;54;0.0
2021;2021-40;Vitória da Conquista;0;2021;14;0.0
2021;2021-40;Volta Redonda - Barra Mansa;0;2021;2694;0.0
2021;2021-41;Afonso Cláudio - Venda Nova do Imigrante - Santa Maria de Jetibá;0;2021;431;0.0
2021;2021-41;Alegre;0;2021;309;0.0
2021;2021-41;Araranguá;1;2021;502;19.9203187250996
2021;2021-41;Atalaia;0;2021;29;0.0
2021;2021-41;Bagé;0;2021;158;0.0
2021;2021-41;Belo Horizonte;38;2021;32062;11.852036678934564
2021;2021-41;Belém;9;2021;7079;12.713660121486086
2021;2021-41;Bento Gonçalves;0;2021;545;0.0
2021;2021-41;Boa Vista;0;2021;89;0.0
2021;2021-41;Bragança Paulista;0;2021;24;0.0
2021;2021-41;Brumado;0;2021;246;0.0
2021;2021-41;Camacan;0;2021;2;0.0
2021;2021-41;Campina Grande;2;2021;2373;8.428150021070376
2021;2021-41;Campo Belo;0;2021;35;0.0
2021;2021-41;Campos dos Goytacazes;0;2021;1009;0.0
2021;2021-41;Caratinga;1;2021;716;13.966480446927374
2021;2021-41;Carazinho;0;2021;48;0.0
2021;2021-41;Cascavel;0;2021;36;0.0
2021;2021-41;Catalão;0;2021;250;0.0
2021;2021-41;Catanduva;0;2021;13;0.0
2021;2021-41;Caxias do Sul;0;2021;3731;0.0
2021;2021-41;Conceição do Coité;0;2021;33;0.0
2021;2021-41;Cruz Alta;0;2021;226;0.0
2021;2021-41;Curitiba;9;2021;16261;5.534714962179448
2021;2021-41;Curitibanos;0;2021;10;0.0
2021;2021-41;Distrito Federal;32;2021;11128;28.75629043853343
2021;2021-41;Eunápolis - Porto Seguro;0;2021;17;0.0
2021;2021-41;Frederico Westphalen;0;2021;238;0.0
2021;2021-41;Goiana ¿ Timbaúba;0;2021;730;0.0
2021;2021-41;Guarabira;0;2021;22;0.0
2021;2021-41;Guarapuava;0;2021;11;0.0
2021;2021-41;Gurupi;0;2021;32;0.0
2021;2021-41;Ijuí;3;2021;472;63.55932203389831
2021;2021-41;Imperatriz;0;2021;10;0.0
2021;2021-41;Itacoatiara;0;2021;14;0.0
2021;2021-41;Jaú;0;2021;172;0.0
2021;2021-41;Ji-Paraná;0;2021;16;0.0
2021;2021-41;Joaçaba - Herval d'Oeste;0;2021;659;0.0
2021;2021-41;Joinville;0;2021;33;0.0
2021;2021-41;Juiz de Fora;0;2021;2594;0.0
2021;2021-41;Linhares;0;2021;733;0.0
2021;2021-41;Maceió;0;2021;46;0.0
2021;2021-41;Manaus;10;2021;3961;25.246149962130776
2021;2021-41;Mantena;0;2021;118;0.0
2021;2021-41;Maringá;0;2021;2708;0.0
2021;2021-41;Marília;1;2021;1054;9.487666034155598
2021;2021-41;Monteiro;0;2021;5;0.0
2021;2021-41;Mossoró;0;2021;35;0.0
2021;2021-41;Natal;0;2021;34;0.0
2021;2021-41;Nazaré ¿ Maragogipe;0;2021;23;0.0
2021;2021-41;Nova Prata - Guaporé;0;2021;387;0.0
2021;2021-41;Oliveira;0;2021;431;0.0
2021;2021-41;Passo Fundo;0;2021;1722;0.0
2021;2021-41;Passos;0;2021;455;0.0
2021;2021-41;Patos;0;2021;27;0.0
2021;2021-41;Pinheiro;0;2021;189;0.0
2021;2021-41;Pirapora;0;2021;153;0.0
2021;2021-41;Piumhi;0;2021;36;0.0
2021;2021-41;Ponte Nova;0;2021;12;0.0
2021;2021-41;Porto Alegre;7;2021;15348;4.560854834506125
2021;2021-41;Princesa Isabel;0;2021;12;0.0
2021;2021-41;Quirinópolis;0;2021;65;0.0
2021;2021-41;Resende;0;2021;509;0.0
2021;2021-41;Ribeirão Preto;2;2021;6135;3.2599837000814995
2021;2021-41;Rio Claro;1;2021;189;52.910052910052904
2021;2021-41;Rio de Janeiro;38;2021;40419;9.401519087557832
2021;2021-41;Russas - Limoeiro do Norte;2;2021;1039;19.249278152069298
2021;2021-41;Salvador;26;2021;12015;21.63961714523512
2021;2021-41;Santa Cruz do Sul;2;2021;1042;19.193857965451055
2021;2021-41;Santa Inês;0;2021;44;0.0
2021;2021-41;Santa Maria;2;2021;1110;18.01801801801802
2021;2021-41;Santa Maria da Vitoria;0;2021;13;0.0
2021;2021-41;Santana do Livramento;0;2021;89;0.0
2021;2021-41;Santos;0;2021;1071;0.0
2021;2021-41;Serra Talhada;0;2021;94;0.0
2021;2021-41;Soledade;0;2021;129;0.0
2021;2021-41;São Miguel do Oeste;0;2021;262;0.0
2021;2021-41;São Paulo;66;2021;73318;9.00188221173518
2021;2021-41;Teófilo Otoni;1;2021;555;18.01801801801802
2021;2021-41;Toledo;0;2021;42;0.0
2021;2021-41;Uberaba;1;2021;1886;5.302226935312832
2021;2021-41;Uberlândia;0;2021;3083;0.0
2021;2021-41;Uruguaiana;0;2021;222;0.0
2021;2021-41;Valença;0;2021;19;0.0
2021;2021-41;Vitória;0;2021;54;0.0
2021;2021-41;Vitória da Conquista;0;2021;14;0.0
2021;2021-41;Volta Redonda - Barra Mansa;1;2021;2694;3.711952487008166
2021;2021-42;Afonso Cláudio - Venda Nova do Imigrante - Santa Maria de Jetibá;2;2021;431;46.403712296983755
2021;2021-42;Alegre;0;2021;309;0.0
2021;2021-42;Araranguá;5;2021;502;99.60159362549801
2021;2021-42;Atalaia;0;2021;29;0.0
2021;2021-42;Bagé;0;2021;158;0.0
2021;2021-42;Belo Horizonte;45;2021;32062;14.035306593475141
2021;2021-42;Belém;18;2021;7079;25.427320242972172
2021;2021-42;Bento Gonçalves;0;2021;545;0.0
2021;2021-42;Boa Vista;0;2021;89;0.0
2021;2021-42;Bragança Paulista;0;2021;24;0.0
2021;2021-42;Brumado;1;2021;246;40.650406504065046
2021;2021-42;Camacan;0;2021;2;0.0
2021;2021-42;Campina Grande;2;2021;2373;8.428150021070376
2021;2021-42;Campo Belo;0;2021;35;0.0
2021;2021-42;Campos dos Goytacazes;0;2021;1009;0.0
2021;2021-42;Caratinga;1;2021;716;13.966480446927374
2021;2021-42;Carazinho;0;2021;48;0.0
2021;2021-42;Cascavel;0;2021;36;0.0
2021;2021-42;Catalão;0;2021;250;0.0
2021;2021-42;Catanduva;0;2021;13;0.0
2021;2021-42;Caxias do Sul;0;2021;3731;0.0
2021;2021-42;Conceição do Coité;0;2021;33;0.0
2021;2021-42;Cruz Alta;0;2021;226;0.0
2021;2021-42;Curitiba;15;2021;16261;9.224524936965746
2021;2021-42;Curitibanos;0;2021;10;0.0
2021;2021-42;Distrito Federal;33;2021;11128;29.6549245147376
2021;2021-42;Eunápolis - Porto Seguro;0;2021;17;0.0
2021;2021-42;Frederico Westphalen;0;2021;238;0.0
2021;2021-42;Goiana ¿ Timbaúba;0;2021;730;0.0
2021;2021-42;Guarabira;0;2021;22;0.0
2021;2021-42;Guarapuava;0;2021;11;0.0
2021;2021-42;Gurupi;0;2021;32;0.0
2021;2021-42;Ijuí;1;2021;472;21.1864406779661
2021;2021-42;Imperatriz;0;2021;10;0.0
2021;2021-42;Itacoatiara;0;2021;14;0.0
2021;2021-42;Jaú;0;2021;172;0.0
2021;2021-42;Ji-Paraná;0;2021;16;0.0
2021;2021-42;Joaçaba - Herval d'Oeste;0;2021;659;0.0
2021;2021-42;Joinville;0;2021;33;0.0
2021;2021-42;Juiz de Fora;1;2021;2594;3.8550501156515034
2021;2021-42;Linhares;0;2021;733;0.0
2021;2021-42;Maceió;0;2021;46;0.0
2021;2021-42;Manaus;19;2021;3961;47.96768492804847
2021;2021-42;Mantena;0;2021;118;0.0
2021;2021-42;Maringá;4;2021;2708;14.771048744460858
2021;2021-42;Marília;1;2021;1054;9.487666034155598
2021;2021-42;Monteiro;0;2021;5;0.0
2021;2021-42;Mossoró;0;2021;35;0.0
2021;2021-42;Natal;0;2021;34;0.0
2021;2021-42;Nazaré ¿ Maragogipe;0;2021;23;0.0
2021;2021-42;Nova Prata - Guaporé;1;2021;387;25.839793281653748
2021;2021-42;Oliveira;0;2021;431;0.0
2021;2021-42;Passo Fundo;1;2021;1722;5.807200929152149
2021;2021-42;Passos;0;2021;455;0.0
2021;2021-42;Patos;0;2021;27;0.0
2021;2021-42;Pinheiro;0;2021;189;0.0
2021;2021-42;Pirapora;0;2021;153;0.0
2021;2021-42;Piumhi;0;2021;36;0.0
2021;2021-42;Ponte Nova;0;2021;12;0.0
2021;2021-42;Porto Alegre;13;2021;15348;8.470158978368518
2021;2021-42;Princesa Isabel;0;2021;12;0.0
2021;2021-42;Quirinópolis;0;2021;65;0.0
2021;2021-42;Resende;0;2021;509;0.0
2021;2021-42;Ribeirão Preto;2;2021;6135;3.2599837000814995
2021;2021-42;Rio Claro;0;2021;189;0.0
2021;2021-42;Rio de Janeiro;37;2021;40419;9.154110690516836
2021;2021-42;Russas - Limoeiro do Norte;0;2021;1039;0.0
2021;2021-42;Salvador;29;2021;12015;24.136496046608404
2021;2021-42;Santa Cruz do Sul;2;2021;1042;19.193857965451055
2021;2021-42;Santa Inês;0;2021;44;0.0
2021;2021-42;Santa Maria;1;2021;1110;9.00900900900901
2021;2021-42;Santa Maria da Vitoria;0;2021;13;0.0
2021;2021-42;Santana do Livramento;0;2021;89;0.0
2021;2021-42;Santos;0;2021;1071;0.0
2021;2021-42;Serra Talhada;0;2021;94;0.0
2021;2021-42;Soledade;0;2021;129;0.0
2021;2021-42;São Miguel do Oeste;0;2021;262;0.0
2021;2021-42;São Paulo;77;2021;73318;10.502195913691045
2021;2021-42;Teófilo Otoni;0;2021;555;0.0
2021;2021-42;Toledo;0;2021;42;0.0
2021;2021-42;Uberaba;1;2021;1886;5.302226935312832
2021;2021-42;Uberlândia;5;2021;3083;16.21796951021732
2021;2021-42;Uruguaiana;0;2021;222;0.0
2021;2021-42;Valença;0;2021;19;0.0
2021;2021-42;Vitória;0;2021;54;0.0
2021;2021-42;Vitória da Conquista;0;2021;14;0.0
2021;2021-42;Volta Redonda - Barra Mansa;3;2021;2694;11.135857461024498
2021;2021-43;Afonso Cláudio - Venda Nova do Imigrante - Santa Maria de Jetibá;1;2021;431;23.201856148491878
2021;2021-43;Alegre;1;2021;309;32.36245954692557
2021;2021-43;Araranguá;1;2021;502;19.9203187250996
2021;2021-43;Atalaia;0;2021;29;0.0
2021;2021-43;Bagé;1;2021;158;63.291139240506325
2021;2021-43;Belo Horizonte;56;2021;32062;17.46615931632462
2021;2021-43;Belém;6;2021;7079;8.475773414324058
2021;2021-43;Bento Gonçalves;0;2021;545;0.0
2021;2021-43;Boa Vista;0;2021;89;0.0
2021;2021-43;Bragança Paulista;0;2021;24;0.0
2021;2021-43;Brumado;0;2021;246;0.0
2021;2021-43;Camacan;0;2021;2;0.0
2021;2021-43;Campina Grande;2;2021;2373;8.428150021070376
2021;2021-43;Campo Belo;0;2021;35;0.0
2021;2021-43;Campos dos Goytacazes;0;2021;1009;0.0
2021;2021-43;Caratinga;1;2021;716;13.966480446927374
2021;2021-43;Carazinho;0;2021;48;0.0
2021;2021-43;Cascavel;0;2021;36;0.0
2021;2021-43;Catalão;0;2021;250;0.0
2021;2021-43;Catanduva;0;2021;13;0.0
2021;2021-43;Caxias do Sul;0;2021;3731;0.0
2021;2021-43;Conceição do Coité;0;2021;33;0.0
2021;2021-43;Cruz Alta;1;2021;226;44.24778761061947
2021;2021-43;Curitiba;10;2021;16261;6.149683291310498
2021;2021-43;Curitibanos;0;2021;10;0.0
2021;2021-43;Distrito Federal;38;2021;11128;34.14809489575845
2021;2021-43;Eunápolis - Porto Seguro;0;2021;17;0.0
2021;2021-43;Frederico Westphalen;0;2021;238;0.0
2021;2021-43;Goiana ¿ Timbaúba;0;2021;730;0.0
2021;2021-43;Guarabira;0;2021;22;0.0
2021;2021-43;Guarapuava;1;2021;11;909.0909090909091
2021;2021-43;Gurupi;0;2021;32;0.0
2021;2021-43;Ijuí;1;2021;472;21.1864406779661
2021;2021-43;Imperatriz;0;2021;10;0.0
2021;2021-43;Itacoatiara;0;2021;14;0.0
2021;2021-43;Jaú;0;2021;172;0.0
2021;2021-43;Ji-Paraná;0;2021;16;0.0
2021;2021-43;Joaçaba - Herval d'Oeste;0;2021;659;0.0
2021;2021-43;Joinville;0;2021;33;0.0
2021;2021-43;Juiz de Fora;0;2021;2594;0.0
2021;2021-43;Linhares;3;2021;733;40.927694406548426
2021;2021-43;Maceió;0;2021;46;0.0
2021;2021-43;Manaus;14;2021;3961;35.344609946983084
2021;2021-43;Mantena;0;2021;118;0.0
2021;2021-43;Maringá;1;2021;2708;3.6927621861152145
2021;2021-43;Marília;0;2021;1054;0.0
2021;2021-43;Monteiro;0;2021;5;0.0
2021;2021-43;Mossoró;0;2021;35;0.0
2021;2021-43;Natal;0;2021;34;0.0
2021;2021-43;Nazaré ¿ Maragogipe;0;2021;23;0.0
2021;2021-43;Nova Prata - Guaporé;0;2021;387;0.0
2021;2021-43;Oliveira;1;2021;431;23.201856148491878
2021;2021-43;Passo Fundo;0;2021;1722;0.0
2021;2021-43;Passos;0;2021;455;0.0
2021;2021-43;Patos;0;2021;27;0.0
2021;2021-43;Pinheiro;0;2021;189;0.0
2021;2021-43;Pirapora;0;2021;153;0.0
2021;2021-43;Piumhi;0;2021;36;0.0
2021;2021-43;Ponte Nova;0;2021;12;0.0
2021;2021-43;Porto Alegre;12;2021;15348;7.818608287724785
2021;2021-43;Princesa Isabel;0;2021;12;0.0
2021;2021-43;Quirinópolis;0;2021;65;0.0
2021;2021-43;Resende;0;2021;509;0.0
2021;2021-43;Ribeirão Preto;2;2021;6135;3.2599837000814995
2021;2021-43;Rio Claro;1;2021;189;52.910052910052904
2021;2021-43;Rio de Janeiro;62;2021;40419;15.339320616541725
2021;2021-43;Russas - Limoeiro do Norte;1;2021;1039;9.624639076034649
2021;2021-43;Salvador;31;2021;12015;25.80108198085726
2021;2021-43;Santa Cruz do Sul;1;2021;1042;9.596928982725528
2021;2021-43;Santa Inês;0;2021;44;0.0
2021;2021-43;Santa Maria;1;2021;1110;9.00900900900901
2021;2021-43;Santa Maria da Vitoria;0;2021;13;0.0
2021;2021-43;Santana do Livramento;0;2021;89;0.0
2021;2021-43;Santos;0;2021;1071;0.0
2021;2021-43;Serra Talhada;0;2021;94;0.0
2021;2021-43;Soledade;1;2021;129;77.51937984496124
2021;2021-43;São Miguel do Oeste;0;2021;262;0.0
2021;2021-43;São Paulo;76;2021;73318;10.365803758967784
2021;2021-43;Teófilo Otoni;0;2021;555;0.0
2021;2021-43;Toledo;0;2021;42;0.0
2021;2021-43;Uberaba;2;2021;1886;10.604453870625663
2021;2021-43;Uberlândia;5;2021;3083;16.21796951021732
2021;2021-43;Uruguaiana;0;2021;222;0.0
2021;2021-43;Valença;0;2021;19;0.0
2021;2021-43;Vitória;0;2021;54;0.0
2021;2021-43;Vitória da Conquista;0;2021;14;0.0
2021;2021-43;Volta Redonda - Barra Mansa;0;2021;2694;0.0
2021;2021-44;Afonso Cláudio - Venda Nova do Imigrante - Santa Maria de Jetibá;0;2021;431;0.0
2021;2021-44;Alegre;0;2021;309;0.0
2021;2021-44;Araranguá;1;2021;502;19.9203187250996
2021;2021-44;Atalaia;0;2021;29;0.0
2021;2021-44;Bagé;0;2021;158;0.0
2021;2021-44;Belo Horizonte;44;2021;32062;13.723410891397917
2021;2021-44;Belém;9;2021;7079;12.713660121486086
2021;2021-44;Bento Gonçalves;0;2021;545;0.0
2021;2021-44;Boa Vista;0;2021;89;0.0
2021;2021-44;Bragança Paulista;0;2021;24;0.0
2021;2021-44;Brumado;0;2021;246;0.0
2021;2021-44;Camacan;0;2021;2;0.0
2021;2021-44;Campina Grande;3;2021;2373;12.642225031605564
2021;2021-44;Campo Belo;0;2021;35;0.0
2021;2021-44;Campos dos Goytacazes;0;2021;1009;0.0
2021;2021-44;Caratinga;0;2021;716;0.0
2021;2021-44;Carazinho;1;2021;48;208.33333333333331
2021;2021-44;Cascavel;0;2021;36;0.0
2021;2021-44;Catalão;0;2021;250;0.0
2021;2021-44;Catanduva;0;2021;13;0.0
2021;2021-44;Caxias do Sul;1;2021;3731;2.6802465826856072
2021;2021-44;Conceição do Coité;0;2021;33;0.0
2021;2021-44;Cruz Alta;1;2021;226;44.24778761061947
2021;2021-44;Curitiba;18;2021;16261;11.069429924358896
2021;2021-44;Curitibanos;0;2021;10;0.0
2021;2021-44;Distrito Federal;27;2021;11128;24.26312005751258
2021;2021-44;Eunápolis - Porto Seguro;0;2021;17;0.0
2021;2021-44;Frederico Westphalen;0;2021;238;0.0
2021;2021-44;Goiana ¿ Timbaúba;0;2021;730;0.0
2021;2021-44;Guarabira;0;2021;22;0.0
2021;2021-44;Guarapuava;0;2021;11;0.0
2021;2021-44;Gurupi;0;2021;32;0.0
2021;2021-44;Ijuí;0;2021;472;0.0
2021;2021-44;Imperatriz;0;2021;10;0.0
2021;2021-44;Itacoatiara;0;2021;14;0.0
2021;2021-44;Jaú;0;2021;172;0.0
2021;2021-44;Ji-Paraná;0;2021;16;0.0
2021;2021-44;Joaçaba - Herval d'Oeste;0;2021;659;0.0
2021;2021-44;Joinville;0;2021;33;0.0
2021;2021-44;Juiz de Fora;2;2021;2594;7.710100231303007
2021;2021-44;Linhares;0;2021;733;0.0
2021;2021-44;Maceió;0;2021;46;0.0
2021;2021-44;Manaus;2;2021;3961;5.049229992426155
2021;2021-44;Mantena;0;2021;118;0.0
2021;2021-44;Maringá;8;2021;2708;29.542097488921716
2021;2021-44;Marília;0;2021;1054;0.0
2021;2021-44;Monteiro;0;2021;5;0.0
2021;2021-44;Mossoró;0;2021;35;0.0
2021;2021-44;Natal;0;2021;34;0.0
2021;2021-44;Nazaré ¿ Maragogipe;0;2021;23;0.0
2021;2021-44;Nova Prata - Guaporé;0;2021;387;0.0
2021;2021-44;Oliveira;0;2021;431;0.0
2021;2021-44;Passo Fundo;0;2021;1722;0.0
2021;2021-44;Passos;0;2021;455;0.0
2021;2021-44;Patos;0;2021;27;0.0
2021;2021-44;Pinheiro;0;2021;189;0.0
2021;2021-44;Pirapora;0;2021;153;0.0
2021;2021-44;Piumhi;0;2021;36;0.0
2021;2021-44;Ponte Nova;0;2021;12;0.0
2021;2021-44;Porto Alegre;12;2021;15348;7.818608287724785
2021;2021-44;Princesa Isabel;0;2021;12;0.0
2021;2021-44;Quirinópolis;0;2021;65;0.0
2021;2021-44;Resende;0;2021;509;0.0
2021;2021-44;Ribeirão Preto;3;2021;6135;4.889975550122249
2021;2021-44;Rio Claro;0;2021;189;0.0
2021;2021-44;Rio de Janeiro;33;2021;40419;8.164477102352853
2021;2021-44;Russas - Limoeiro do Norte;0;2021;1039;0.0
2021;2021-44;Salvador;18;2021;12015;14.981273408239701
2021;2021-44;Santa Cruz do Sul;0;2021;1042;0.0
2021;2021-44;Santa Inês;0;2021;44;0.0
2021;2021-44;Santa Maria;0;2021;1110;0.0
2021;2021-44;Santa Maria da Vitoria;0;2021;13;0.0
2021;2021-44;Santana do Livramento;0;2021;89;0.0
2021;2021-44;Santos;1;2021;1071;9.337068160597573
2021;2021-44;Serra Talhada;0;2021;94;0.0
2021;2021-44;Soledade;0;2021;129;0.0
2021;2021-44;São Miguel do Oeste;1;2021;262;38.167938931297705
2021;2021-44;São Paulo;94;2021;73318;12.820862543986468
2021;2021-44;Teófilo Otoni;1;2021;555;18.01801801801802
2021;2021-44;Toledo;1;2021;42;238.09523809523807
2021;2021-44;Uberaba;1;2021;1886;5.302226935312832
2021;2021-44;Uberlândia;1;2021;3083;3.243593902043464
2021;2021-44;Uruguaiana;0;2021;222;0.0
2021;2021-44;Valença;0;2021;19;0.0
2021;2021-44;Vitória;0;2021;54;0.0
2021;2021-44;Vitória da Conquista;0;2021;14;0.0
2021;2021-44;Volta Redonda - Barra Mansa;0;2021;2694;0.0
2021;2021-45;Afonso Cláudio - Venda Nova do Imigrante - Santa Maria de Jetibá;1;2021;431;23.201856148491878
2021;2021-45;Alegre;0;2021;309;0.0
2021;2021-45;Araranguá;6;2021;502;119.5219123505976
2021;2021-45;Atalaia;0;2021;29;0.0
2021;2021-45;Bagé;0;2021;158;0.0
2021;2021-45;Belo Horizonte;60;2021;32062;18.713742124633523
2021;2021-45;Belém;16;2021;7079;22.602062438197486
2021;2021-45;Bento Gonçalves;1;2021;545;18.34862385321101
2021;2021-45;Boa Vista;0;2021;89;0.0
2021;2021-45;Bragança Paulista;0;2021;24;0.0
2021;2021-45;Brumado;0;2021;246;0.0
2021;2021-45;Camacan;0;2021;2;0.0
2021;2021-45;Campina Grande;1;2021;2373;4.214075010535188
2021;2021-45;Campo Belo;0;2021;35;0.0
2021;2021-45;Campos dos Goytacazes;0;2021;1009;0.0
2021;2021-45;Caratinga;1;2021;716;13.966480446927374
2021;2021-45;Carazinho;0;2021;48;0.0
2021;2021-45;Cascavel;0;2021;36;0.0
2021;2021-45;Catalão;0;2021;250;0.0
2021;2021-45;Catanduva;0;2021;13;0.0
2021;2021-45;Caxias do Sul;2;2021;3731;5.3604931653712145
2021;2021-45;Conceição do Coité;0;2021;33;0.0
2021;2021-45;Cruz Alta;1;2021;226;44.24778761061947
2021;2021-45;Curitiba;16;2021;16261;9.839493266096797
2021;2021-45;Curitibanos;0;2021;10;0.0
2021;2021-45;Distrito Federal;39;2021;11128;35.046728971962615
2021;2021-45;Eunápolis - Porto Seguro;0;2021;17;0.0
2021;2021-45;Frederico Westphalen;0;2021;238;0.0
2021;2021-45;Goiana ¿ Timbaúba;0;2021;730;0.0
2021;2021-45;Guarabira;0;2021;22;0.0
2021;2021-45;Guarapuava;0;2021;11;0.0
2021;2021-45;Gurupi;1;2021;32;312.5
2021;2021-45;Ijuí;0;2021;472;0.0
2021;2021-45;Imperatriz;0;2021;10;0.0
2021;2021-45;Itacoatiara;0;2021;14;0.0
2021;2021-45;Jaú;0;2021;172;0.0
2021;2021-45;Ji-Paraná;0;2021;16;0.0
2021;2021-45;Joaçaba - Herval d'Oeste;0;2021;659;0.0
2021;2021-45;Joinville;0;2021;33;0.0
2021;2021-45;Juiz de Fora;1;2021;2594;3.8550501156515034
2021;2021-45;Linhares;0;2021;733;0.0
2021;2021-45;Maceió;0;2021;46;0.0
2021;2021-45;Manaus;15;2021;3961;37.869224943196166
2021;2021-45;Mantena;0;2021;118;0.0
2021;2021-45;Maringá;6;2021;2708;22.156573116691288
2021;2021-45;Marília;1;2021;1054;9.487666034155598
2021;2021-45;Monteiro;0;2021;5;0.0
2021;2021-45;Mossoró;0;2021;35;0.0
2021;2021-45;Natal;0;2021;34;0.0
2021;2021-45;Nazaré ¿ Maragogipe;0;2021;23;0.0
2021;2021-45;Nova Prata - Guaporé;0;2021;387;0.0
2021;2021-45;Oliveira;0;2021;431;0.0
2021;2021-45;Passo Fundo;1;2021;1722;5.807200929152149
2021;2021-45;Passos;2;2021;455;43.956043956043956
2021;2021-45;Patos;0;2021;27;0.0
2021;2021-45;Pinheiro;0;2021;189;0.0
2021;2021-45;Pirapora;1;2021;153;65.359477124183
2021;2021-45;Piumhi;0;2021;36;0.0
2021;2021-45;Ponte Nova;0;2021;12;0.0
2021;2021-45;Porto Alegre;20;2021;15348;13.031013812874642
2021;2021-45;Princesa Isabel;0;2021;12;0.0
2021;2021-45;Quirinópolis;0;2021;65;0.0
2021;2021-45;Resende;0;2021;509;0.0
2021;2021-45;Ribeirão Preto;3;2021;6135;4.889975550122249
2021;2021-45;Rio Claro;0;2021;189;0.0
2021;2021-45;Rio de Janeiro;57;2021;40419;14.102278631336748
2021;2021-45;Russas - Limoeiro do Norte;4;2021;1039;38.498556304138596
2021;2021-45;Salvador;31;2021;12015;25.80108198085726
2021;2021-45;Santa Cruz do Sul;0;2021;1042;0.0
2021;2021-45;Santa Inês;0;2021;44;0.0
2021;2021-45;Santa Maria;2;2021;1110;18.01801801801802
2021;2021-45;Santa Maria da Vitoria;0;2021;13;0.0
2021;2021-45;Santana do Livramento;0;2021;89;0.0
2021;2021-45;Santos;0;2021;1071;0.0
2021;2021-45;Serra Talhada;0;2021;94;0.0
2021;2021-45;Soledade;0;2021;129;0.0
2021;2021-45;São Miguel do Oeste;1;2021;262;38.167938931297705
2021;2021-45;São Paulo;87;2021;73318;11.866117460923647
2021;2021-45;Teófilo Otoni;1;2021;555;18.01801801801802
2021;2021-45;Toledo;0;2021;42;0.0
2021;2021-45;Uberaba;1;2021;1886;5.302226935312832
2021;2021-45;Uberlândia;3;2021;3083;9.730781706130392
2021;2021-45;Uruguaiana;0;2021;222;0.0
2021;2021-45;Valença;0;2021;19;0.0
2021;2021-45;Vitória;0;2021;54;0.0
2021;2021-45;Vitória da Conquista;0;2021;14;0.0
2021;2021-45;Volta Redonda - Barra Mansa;0;2021;2694;0.0
2021;2021-46;Afonso Cláudio - Venda Nova do Imigrante - Santa Maria de Jetibá;0;2021;431;0.0
2021;2021-46;Alegre;0;2021;309;0.0
2021;2021-46;Araranguá;0;2021;502;0.0
2021;2021-46;Atalaia;0;2021;29;0.0
2021;2021-46;Bagé;0;2021;158;0.0
2021;2021-46;Belo Horizonte;43;2021;32062;13.41151518932069
2021;2021-46;Belém;15;2021;7079;21.189433535810142
2021;2021-46;Bento Gonçalves;0;2021;545;0.0
2021;2021-46;Boa Vista;0;2021;89;0.0
2021;2021-46;Bragança Paulista;0;2021;24;0.0
2021;2021-46;Brumado;0;2021;246;0.0
2021;2021-46;Camacan;0;2021;2;0.0
2021;2021-46;Campina Grande;1;2021;2373;4.214075010535188
2021;2021-46;Campo Belo;0;2021;35;0.0
2021;2021-46;Campos dos Goytacazes;2;2021;1009;19.821605550049554
2021;2021-46;Caratinga;0;2021;716;0.0
2021;2021-46;Carazinho;0;2021;48;0.0
2021;2021-46;Cascavel;0;2021;36;0.0
2021;2021-46;Catalão;0;2021;250;0.0
2021;2021-46;Catanduva;0;2021;13;0.0
2021;2021-46;Caxias do Sul;2;2021;3731;5.3604931653712145
2021;2021-46;Conceição do Coité;0;2021;33;0.0
2021;2021-46;Cruz Alta;0;2021;226;0.0
2021;2021-46;Curitiba;23;2021;16261;14.144271570014144
2021;2021-46;Curitibanos;0;2021;10;0.0
2021;2021-46;Distrito Federal;58;2021;11128;52.120776419841846
2021;2021-46;Eunápolis - Porto Seguro;0;2021;17;0.0
2021;2021-46;Frederico Westphalen;2;2021;238;84.03361344537815
2021;2021-46;Goiana ¿ Timbaúba;0;2021;730;0.0
2021;2021-46;Guarabira;0;2021;22;0.0
2021;2021-46;Guarapuava;0;2021;11;0.0
2021;2021-46;Gurupi;0;2021;32;0.0
2021;2021-46;Ijuí;1;2021;472;21.1864406779661
2021;2021-46;Imperatriz;0;2021;10;0.0
2021;2021-46;Itacoatiara;0;2021;14;0.0
2021;2021-46;Jaú;0;2021;172;0.0
2021;2021-46;Ji-Paraná;0;2021;16;0.0
2021;2021-46;Joaçaba - Herval d'Oeste;0;2021;659;0.0
2021;2021-46;Joinville;0;2021;33;0.0
2021;2021-46;Juiz de Fora;1;2021;2594;3.8550501156515034
2021;2021-46;Linhares;2;2021;733;27.285129604365622
2021;2021-46;Maceió;0;2021;46;0.0
2021;2021-46;Manaus;14;2021;3961;35.344609946983084
2021;2021-46;Mantena;0;2021;118;0.0
2021;2021-46;Maringá;2;2021;2708;7.385524372230429
2021;2021-46;Marília;0;2021;1054;0.0
2021;2021-46;Monteiro;0;2021;5;0.0
2021;2021-46;Mossoró;0;2021;35;0.0
2021;2021-46;Natal;0;2021;34;0.0
2021;2021-46;Nazaré ¿ Maragogipe;0;2021;23;0.0
2021;2021-46;Nova Prata - Guaporé;2;2021;387;51.679586563307495
2021;2021-46;Oliveira;0;2021;431;0.0
2021;2021-46;Passo Fundo;0;2021;1722;0.0
2021;2021-46;Passos;0;2021;455;0.0
2021;2021-46;Patos;0;2021;27;0.0
2021;2021-46;Pinheiro;0;2021;189;0.0
2021;2021-46;Pirapora;0;2021;153;0.0
2021;2021-46;Piumhi;0;2021;36;0.0
2021;2021-46;Ponte Nova;0;2021;12;0.0
2021;2021-46;Porto Alegre;6;2021;15348;3.9093041438623923
2021;2021-46;Princesa Isabel;0;2021;12;0.0
2021;2021-46;Quirinópolis;0;2021;65;0.0
2021;2021-46;Resende;0;2021;509;0.0
2021;2021-46;Ribeirão Preto;6;2021;6135;9.779951100244498
2021;2021-46;Rio Claro;0;2021;189;0.0
2021;2021-46;Rio de Janeiro;56;2021;40419;13.854870234295753
2021;2021-46;Russas - Limoeiro do Norte;0;2021;1039;0.0
2021;2021-46;Salvador;31;2021;12015;25.80108198085726
2021;2021-46;Santa Cruz do Sul;1;2021;1042;9.596928982725528
2021;2021-46;Santa Inês;0;2021;44;0.0
2021;2021-46;Santa Maria;5;2021;1110;45.04504504504504
2021;2021-46;Santa Maria da Vitoria;0;2021;13;0.0
2021;2021-46;Santana do Livramento;0;2021;89;0.0
2021;2021-46;Santos;0;2021;1071;0.0
2021;2021-46;Serra Talhada;0;2021;94;0.0
2021;2021-46;Soledade;0;2021;129;0.0
2021;2021-46;São Miguel do Oeste;0;2021;262;0.0
2021;2021-46;São Paulo;96;2021;73318;13.09364685343299
2021;2021-46;Teófilo Otoni;4;2021;555;72.07207207207207
2021;2021-46;Toledo;0;2021;42;0.0
2021;2021-46;Uberaba;1;2021;1886;5.302226935312832
2021;2021-46;Uberlândia;0;2021;3083;0.0
2021;2021-46;Uruguaiana;0;2021;222;0.0
2021;2021-46;Valença;0;2021;19;0.0
2021;2021-46;Vitória;0;2021;54;0.0
2021;2021-46;Vitória da Conquista;0;2021;14;0.0
2021;2021-46;Volta Redonda - Barra Mansa;0;2021;2694;0.0
2021;2021-47;Afonso Cláudio - Venda Nova do Imigrante - Santa Maria de Jetibá;0;2021;431;0.0
2021;2021-47;Alegre;0;2021;309;0.0
2021;2021-47;Araranguá;1;2021;502;19.9203187250996
2021;2021-47;Atalaia;0;2021;29;0.0
2021;2021-47;Bagé;0;2021;158;0.0
2021;2021-47;Belo Horizonte;68;2021;32062;21.208907741251327
2021;2021-47;Belém;9;2021;7079;12.713660121486086
2021;2021-47;Bento Gonçalves;1;2021;545;18.34862385321101
2021;2021-47;Boa Vista;0;2021;89;0.0
2021;2021-47;Bragança Paulista;0;2021;24;0.0
2021;2021-47;Brumado;2;2021;246;81.30081300813009
2021;2021-47;Camacan;0;2021;2;0.0
2021;2021-47;Campina Grande;2;2021;2373;8.428150021070376
2021;2021-47;Campo Belo;0;2021;35;0.0
2021;2021-47;Campos dos Goytacazes;0;2021;1009;0.0
2021;2021-47;Caratinga;0;2021;716;0.0
2021;2021-47;Carazinho;0;2021;48;0.0
2021;2021-47;Cascavel;0;2021;36;0.0
2021;2021-47;Catalão;3;2021;250;120.0
2021;2021-47;Catanduva;0;2021;13;0.0
2021;2021-47;Caxias do Sul;0;2021;3731;0.0
2021;2021-47;Conceição do Coité;0;2021;33;0.0
2021;2021-47;Cruz Alta;1;2021;226;44.24778761061947
2021;2021-47;Curitiba;20;2021;16261;12.299366582620996
2021;2021-47;Curitibanos;0;2021;10;0.0
2021;2021-47;Distrito Federal;45;2021;11128;40.438533429187636
2021;2021-47;Eunápolis - Porto Seguro;0;2021;17;0.0
2021;2021-47;Frederico Westphalen;0;2021;238;0.0
2021;2021-47;Goiana ¿ Timbaúba;0;2021;730;0.0
2021;2021-47;Guarabira;0;2021;22;0.0
2021;2021-47;Guarapuava;0;2021;11;0.0
2021;2021-47;Gurupi;0;2021;32;0.0
2021;2021-47;Ijuí;0;2021;472;0.0
2021;2021-47;Imperatriz;0;2021;10;0.0
2021;2021-47;Itacoatiara;0;2021;14;0.0
2021;2021-47;Jaú;0;2021;172;0.0
2021;2021-47;Ji-Paraná;0;2021;16;0.0
2021;2021-47;Joaçaba - Herval d'Oeste;2;2021;659;30.349013657056148
2021;2021-47;Joinville;0;2021;33;0.0
2021;2021-47;Juiz de Fora;3;2021;2594;11.56515034695451
2021;2021-47;Linhares;1;2021;733;13.642564802182811
2021;2021-47;Maceió;0;2021;46;0.0
2021;2021-47;Manaus;13;2021;3961;32.81999495077001
2021;2021-47;Mantena;0;2021;118;0.0
2021;2021-47;Maringá;4;2021;2708;14.771048744460858
2021;2021-47;Marília;1;2021;1054;9.487666034155598
2021;2021-47;Monteiro;0;2021;5;0.0
2021;2021-47;Mossoró;0;2021;35;0.0
2021;2021-47;Natal;0;2021;34;0.0
2021;2021-47;Nazaré ¿ Maragogipe;0;2021;23;0.0
2021;2021-47;Nova Prata - Guaporé;0;2021;387;0.0
2021;2021-47;Oliveira;0;2021;431;0.0
2021;2021-47;Passo Fundo;0;2021;1722;0.0
2021;2021-47;Passos;0;2021;455;0.0
2021;2021-47;Patos;0;2021;27;0.0
2021;2021-47;Pinheiro;0;2021;189;0.0
2021;2021-47;Pirapora;0;2021;153;0.0
2021;2021-47;Piumhi;0;2021;36;0.0
2021;2021-47;Ponte Nova;0;2021;12;0.0
2021;2021-47;Porto Alegre;8;2021;15348;5.2124055251498564
2021;2021-47;Princesa Isabel;0;2021;12;0.0
2021;2021-47;Quirinópolis;0;2021;65;0.0
2021;2021-47;Resende;1;2021;509;19.646365422396855
2021;2021-47;Ribeirão Preto;7;2021;6135;11.409942950285249
2021;2021-47;Rio Claro;1;2021;189;52.910052910052904
2021;2021-47;Rio de Janeiro;78;2021;40419;19.297854969197655
2021;2021-47;Russas - Limoeiro do Norte;1;2021;1039;9.624639076034649
2021;2021-47;Salvador;16;2021;12015;13.316687473990845
2021;2021-47;Santa Cruz do Sul;2;2021;1042;19.193857965451055
2021;2021-47;Santa Inês;0;2021;44;0.0
2021;2021-47;Santa Maria;0;2021;1110;0.0
2021;2021-47;Santa Maria da Vitoria;0;2021;13;0.0
2021;2021-47;Santana do Livramento;0;2021;89;0.0
2021;2021-47;Santos;0;2021;1071;0.0
2021;2021-47;Serra Talhada;0;2021;94;0.0
2021;2021-47;Soledade;0;2021;129;0.0
2021;2021-47;São Miguel do Oeste;1;2021;262;38.167938931297705
2021;2021-47;São Paulo;103;2021;73318;14.048391936495813
2021;2021-47;Teófilo Otoni;1;2021;555;18.01801801801802
2021;2021-47;Toledo;0;2021;42;0.0
2021;2021-47;Uberaba;0;2021;1886;0.0
2021;2021-47;Uberlândia;1;2021;3083;3.243593902043464
2021;2021-47;Uruguaiana;0;2021;222;0.0
2021;2021-47;Valença;0;2021;19;0.0
2021;2021-47;Vitória;0;2021;54;0.0
2021;2021-47;Vitória da Conquista;0;2021;14;0.0
2021;2021-47;Volta Redonda - Barra Mansa;1;2021;2694;3.711952487008166
2021;2021-48;Afonso Cláudio - Venda Nova do Imigrante - Santa Maria de Jetibá;1;2021;431;23.201856148491878
2021;2021-48;Alegre;0;2021;309;0.0
2021;2021-48;Araranguá;3;2021;502;59.7609561752988
2021;2021-48;Atalaia;0;2021;29;0.0
2021;2021-48;Bagé;0;2021;158;0.0
2021;2021-48;Belo Horizonte;88;2021;32062;27.446821782795833
2021;2021-48;Belém;6;2021;7079;8.475773414324058
2021;2021-48;Bento Gonçalves;0;2021;545;0.0
2021;2021-48;Boa Vista;0;2021;89;0.0
2021;2021-48;Bragança Paulista;0;2021;24;0.0
2021;2021-48;Brumado;0;2021;246;0.0
2021;2021-48;Camacan;0;2021;2;0.0
2021;2021-48;Campina Grande;4;2021;2373;16.856300042140752
2021;2021-48;Campo Belo;0;2021;35;0.0
2021;2021-48;Campos dos Goytacazes;2;2021;1009;19.821605550049554
2021;2021-48;Caratinga;2;2021;716;27.932960893854748
2021;2021-48;Carazinho;0;2021;48;0.0
2021;2021-48;Cascavel;0;2021;36;0.0
2021;2021-48;Catalão;0;2021;250;0.0
2021;2021-48;Catanduva;0;2021;13;0.0
2021;2021-48;Caxias do Sul;0;2021;3731;0.0
2021;2021-48;Conceição do Coité;0;2021;33;0.0
2021;2021-48;Cruz Alta;0;2021;226;0.0
2021;2021-48;Curitiba;22;2021;16261;13.529303240883094
2021;2021-48;Curitibanos;0;2021;10;0.0
2021;2021-48;Distrito Federal;90;2021;11128;80.87706685837527
2021;2021-48;Eunápolis - Porto Seguro;0;2021;17;0.0
2021;2021-48;Frederico Westphalen;1;2021;238;42.016806722689076
2021;2021-48;Goiana ¿ Timbaúba;0;2021;730;0.0
2021;2021-48;Guarabira;0;2021;22;0.0
2021;2021-48;Guarapuava;0;2021;11;0.0
2021;2021-48;Gurupi;0;2021;32;0.0
2021;2021-48;Ijuí;4;2021;472;84.7457627118644
2021;2021-48;Imperatriz;0;2021;10;0.0
2021;2021-48;Itacoatiara;0;2021;14;0.0
2021;2021-48;Jaú;0;2021;172;0.0
2021;2021-48;Ji-Paraná;0;2021;16;0.0
2021;2021-48;Joaçaba - Herval d'Oeste;0;2021;659;0.0
2021;2021-48;Joinville;0;2021;33;0.0
2021;2021-48;Juiz de Fora;5;2021;2594;19.27525057825752
2021;2021-48;Linhares;0;2021;733;0.0
2021;2021-48;Maceió;0;2021;46;0.0
2021;2021-48;Manaus;15;2021;3961;37.869224943196166
2021;2021-48;Mantena;0;2021;118;0.0
2021;2021-48;Maringá;11;2021;2708;40.62038404726735
2021;2021-48;Marília;2;2021;1054;18.975332068311197
2021;2021-48;Monteiro;0;2021;5;0.0
2021;2021-48;Mossoró;0;2021;35;0.0
2021;2021-48;Natal;0;2021;34;0.0
2021;2021-48;Nazaré ¿ Maragogipe;0;2021;23;0.0
2021;2021-48;Nova Prata - Guaporé;0;2021;387;0.0
2021;2021-48;Oliveira;3;2021;431;69.60556844547564
2021;2021-48;Passo Fundo;2;2021;1722;11.614401858304298
2021;2021-48;Passos;0;2021;455;0.0
2021;2021-48;Patos;0;2021;27;0.0
2021;2021-48;Pinheiro;0;2021;189;0.0
2021;2021-48;Pirapora;1;2021;153;65.359477124183
2021;2021-48;Piumhi;0;2021;36;0.0
2021;2021-48;Ponte Nova;0;2021;12;0.0
2021;2021-48;Porto Alegre;15;2021;15348;9.77326035965598
2021;2021-48;Princesa Isabel;0;2021;12;0.0
2021;2021-48;Quirinópolis;0;2021;65;0.0
2021;2021-48;Resende;0;2021;509;0.0
2021;2021-48;Ribeirão Preto;8;2021;6135;13.039934800325998
2021;2021-48;Rio Claro;0;2021;189;0.0
2021;2021-48;Rio de Janeiro;71;2021;40419;17.56599618991069
2021;2021-48;Russas - Limoeiro do Norte;0;2021;1039;0.0
2021;2021-48;Salvador;22;2021;12015;18.31044527673741
2021;2021-48;Santa Cruz do Sul;1;2021;1042;9.596928982725528
2021;2021-48;Santa Inês;0;2021;44;0.0
2021;2021-48;Santa Maria;1;2021;1110;9.00900900900901
2021;2021-48;Santa Maria da Vitoria;0;2021;13;0.0
2021;2021-48;Santana do Livramento;0;2021;89;0.0
2021;2021-48;Santos;0;2021;1071;0.0
2021;2021-48;Serra Talhada;0;2021;94;0.0
2021;2021-48;Soledade;0;2021;129;0.0
2021;2021-48;São Miguel do Oeste;0;2021;262;0.0
2021;2021-48;São Paulo;148;2021;73318;20.186038899042526
2021;2021-48;Teófilo Otoni;3;2021;555;54.054054054054056
2021;2021-48;Toledo;0;2021;42;0.0
2021;2021-48;Uberaba;0;2021;1886;0.0
2021;2021-48;Uberlândia;5;2021;3083;16.21796951021732
2021;2021-48;Uruguaiana;0;2021;222;0.0
2021;2021-48;Valença;0;2021;19;0.0
2021;2021-48;Vitória;0;2021;54;0.0
2021;2021-48;Vitória da Conquista;0;2021;14;0.0
2021;2021-48;Volta Redonda - Barra Mansa;1;2021;2694;3.711952487008166
2021;2021-49;Afonso Cláudio - Venda Nova do Imigrante - Santa Maria de Jetibá;0;2021;431;0.0
2021;2021-49;Alegre;0;2021;309;0.0
2021;2021-49;Araranguá;1;2021;502;19.9203187250996
2021;2021-49;Atalaia;0;2021;29;0.0
2021;2021-49;Bagé;0;2021;158;0.0
2021;2021-49;Belo Horizonte;57;2021;32062;17.778055018401847
2021;2021-49;Belém;14;2021;7079;19.7768046334228
2021;2021-49;Bento Gonçalves;1;2021;545;18.34862385321101
2021;2021-49;Boa Vista;0;2021;89;0.0
2021;2021-49;Bragança Paulista;0;2021;24;0.0
2021;2021-49;Brumado;0;2021;246;0.0
2021;2021-49;Camacan;0;2021;2;0.0
2021;2021-49;Campina Grande;2;2021;2373;8.428150021070376
2021;2021-49;Campo Belo;0;2021;35;0.0
2021;2021-49;Campos dos Goytacazes;2;2021;1009;19.821605550049554
2021;2021-49;Caratinga;1;2021;716;13.966480446927374
2021;2021-49;Carazinho;0;2021;48;0.0
2021;2021-49;Cascavel;0;2021;36;0.0
2021;2021-49;Catalão;0;2021;250;0.0
2021;2021-49;Catanduva;0;2021;13;0.0
2021;2021-49;Caxias do Sul;1;2021;3731;2.6802465826856072
2021;2021-49;Conceição do Coité;0;2021;33;0.0
2021;2021-49;Cruz Alta;0;2021;226;0.0
2021;2021-49;Curitiba;13;2021;16261;7.994588278703647
2021;2021-49;Curitibanos;0;2021;10;0.0
2021;2021-49;Distrito Federal;58;2021;11128;52.120776419841846
2021;2021-49;Eunápolis - Porto Seguro;2;2021;17;1176.4705882352941
2021;2021-49;Frederico Westphalen;0;2021;238;0.0
2021;2021-49;Goiana ¿ Timbaúba;0;2021;730;0.0
2021;2021-49;Guarabira;0;2021;22;0.0
2021;2021-49;Guarapuava;0;2021;11;0.0
2021;2021-49;Gurupi;0;2021;32;0.0
2021;2021-49;Ijuí;0;2021;472;0.0
2021;2021-49;Imperatriz;1;2021;10;1000.0
2021;2021-49;Itacoatiara;0;2021;14;0.0
2021;2021-49;Jaú;0;2021;172;0.0
2021;2021-49;Ji-Paraná;0;2021;16;0.0
2021;2021-49;Joaçaba - Herval d'Oeste;0;2021;659;0.0
2021;2021-49;Joinville;0;2021;33;0.0
2021;2021-49;Juiz de Fora;2;2021;2594;7.710100231303007
2021;2021-49;Linhares;2;2021;733;27.285129604365622
2021;2021-49;Maceió;0;2021;46;0.0
2021;2021-49;Manaus;13;2021;3961;32.81999495077001
2021;2021-49;Mantena;0;2021;118;0.0
2021;2021-49;Maringá;10;2021;2708;36.92762186115214
2021;2021-49;Marília;3;2021;1054;28.46299810246679
2021;2021-49;Monteiro;0;2021;5;0.0
2021;2021-49;Mossoró;0;2021;35;0.0
2021;2021-49;Natal;0;2021;34;0.0
2021;2021-49;Nazaré ¿ Maragogipe;0;2021;23;0.0
2021;2021-49;Nova Prata - Guaporé;0;2021;387;0.0
2021;2021-49;Oliveira;0;2021;431;0.0
2021;2021-49;Passo Fundo;0;2021;1722;0.0
2021;2021-49;Passos;0;2021;455;0.0
2021;2021-49;Patos;0;2021;27;0.0
2021;2021-49;Pinheiro;0;2021;189;0.0
2021;2021-49;Pirapora;0;2021;153;0.0
2021;2021-49;Piumhi;0;2021;36;0.0
2021;2021-49;Ponte Nova;0;2021;12;0.0
2021;2021-49;Porto Alegre;9;2021;15348;5.863956215793589
2021;2021-49;Princesa Isabel;0;2021;12;0.0
2021;2021-49;Quirinópolis;0;2021;65;0.0
2021;2021-49;Resende;0;2021;509;0.0
2021;2021-49;Ribeirão Preto;9;2021;6135;14.66992665036675
2021;2021-49;Rio Claro;0;2021;189;0.0
2021;2021-49;Rio de Janeiro;71;2021;40419;17.56599618991069
2021;2021-49;Russas - Limoeiro do Norte;1;2021;1039;9.624639076034649
2021;2021-49;Salvador;17;2021;12015;14.148980441115272
2021;2021-49;Santa Cruz do Sul;0;2021;1042;0.0
2021;2021-49;Santa Inês;0;2021;44;0.0
2021;2021-49;Santa Maria;4;2021;1110;36.03603603603604
2021;2021-49;Santa Maria da Vitoria;0;2021;13;0.0
2021;2021-49;Santana do Livramento;0;2021;89;0.0
2021;2021-49;Santos;0;2021;1071;0.0
2021;2021-49;Serra Talhada;0;2021;94;0.0
2021;2021-49;Soledade;0;2021;129;0.0
2021;2021-49;São Miguel do Oeste;1;2021;262;38.167938931297705
2021;2021-49;São Paulo;148;2021;73318;20.186038899042526
2021;2021-49;Teófilo Otoni;1;2021;555;18.01801801801802
2021;2021-49;Toledo;0;2021;42;0.0
2021;2021-49;Uberaba;3;2021;1886;15.906680805938494
2021;2021-49;Uberlândia;4;2021;3083;12.974375608173856
2021;2021-49;Uruguaiana;0;2021;222;0.0
2021;2021-49;Valença;0;2021;19;0.0
2021;2021-49;Vitória;0;2021;54;0.0
2021;2021-49;Vitória da Conquista;0;2021;14;0.0
2021;2021-49;Volta Redonda - Barra Mansa;1;2021;2694;3.711952487008166
2021;2021-50;Afonso Cláudio - Venda Nova do Imigrante - Santa Maria de Jetibá;2;2021;431;46.403712296983755
2021;2021-50;Alegre;0;2021;309;0.0
2021;2021-50;Araranguá;1;2021;502;19.9203187250996
2021;2021-50;Atalaia;0;2021;29;0.0
2021;2021-50;Bagé;0;2021;158;0.0
2021;2021-50;Belo Horizonte;80;2021;32062;24.95165616617803
2021;2021-50;Belém;39;2021;7079;55.09252719310637
2021;2021-50;Bento Gonçalves;0;2021;545;0.0
2021;2021-50;Boa Vista;0;2021;89;0.0
2021;2021-50;Bragança Paulista;0;2021;24;0.0
2021;2021-50;Brumado;0;2021;246;0.0
2021;2021-50;Camacan;0;2021;2;0.0
2021;2021-50;Campina Grande;11;2021;2373;46.35482511588706
2021;2021-50;Campo Belo;0;2021;35;0.0
2021;2021-50;Campos dos Goytacazes;1;2021;1009;9.910802775024777
2021;2021-50;Caratinga;2;2021;716;27.932960893854748
2021;2021-50;Carazinho;0;2021;48;0.0
2021;2021-50;Cascavel;0;2021;36;0.0
2021;2021-50;Catalão;1;2021;250;40.0
2021;2021-50;Catanduva;0;2021;13;0.0
2021;2021-50;Caxias do Sul;5;2021;3731;13.401232913428036
2021;2021-50;Conceição do Coité;0;2021;33;0.0
2021;2021-50;Cruz Alta;1;2021;226;44.24778761061947
2021;2021-50;Curitiba;33;2021;16261;20.293954861324643
2021;2021-50;Curitibanos;0;2021;10;0.0
2021;2021-50;Distrito Federal;155;2021;11128;139.2882818116463
2021;2021-50;Eunápolis - Porto Seguro;0;2021;17;0.0
2021;2021-50;Frederico Westphalen;0;2021;238;0.0
2021;2021-50;Goiana ¿ Timbaúba;0;2021;730;0.0
2021;2021-50;Guarabira;0;2021;22;0.0
2021;2021-50;Guarapuava;0;2021;11;0.0
2021;2021-50;Gurupi;0;2021;32;0.0
2021;2021-50;Ijuí;3;2021;472;63.55932203389831
2021;2021-50;Imperatriz;0;2021;10;0.0
2021;2021-50;Itacoatiara;0;2021;14;0.0
2021;2021-50;Jaú;0;2021;172;0.0
2021;2021-50;Ji-Paraná;0;2021;16;0.0
2021;2021-50;Joaçaba - Herval d'Oeste;0;2021;659;0.0
2021;2021-50;Joinville;0;2021;33;0.0
2021;2021-50;Juiz de Fora;5;2021;2594;19.27525057825752
2021;2021-50;Linhares;0;2021;733;0.0
2021;2021-50;Maceió;0;2021;46;0.0
2021;2021-50;Manaus;15;2021;3961;37.869224943196166
2021;2021-50;Mantena;0;2021;118;0.0
2021;2021-50;Maringá;6;2021;2708;22.156573116691288
2021;2021-50;Marília;2;2021;1054;18.975332068311197
2021;2021-50;Monteiro;0;2021;5;0.0
2021;2021-50;Mossoró;0;2021;35;0.0
2021;2021-50;Natal;0;2021;34;0.0
2021;2021-50;Nazaré ¿ Maragogipe;0;2021;23;0.0
2021;2021-50;Nova Prata - Guaporé;0;2021;387;0.0
2021;2021-50;Oliveira;1;2021;431;23.201856148491878
2021;2021-50;Passo Fundo;0;2021;1722;0.0
2021;2021-50;Passos;0;2021;455;0.0
2021;2021-50;Patos;0;2021;27;0.0
2021;2021-50;Pinheiro;0;2021;189;0.0
2021;2021-50;Pirapora;0;2021;153;0.0
2021;2021-50;Piumhi;0;2021;36;0.0
2021;2021-50;Ponte Nova;0;2021;12;0.0
2021;2021-50;Porto Alegre;42;2021;15348;27.36512900703675
2021;2021-50;Princesa Isabel;0;2021;12;0.0
2021;2021-50;Quirinópolis;1;2021;65;153.84615384615387
2021;2021-50;Resende;0;2021;509;0.0
2021;2021-50;Ribeirão Preto;4;2021;6135;6.519967400162999
2021;2021-50;Rio Claro;0;2021;189;0.0
2021;2021-50;Rio de Janeiro;111;2021;40419;27.462332071550506
2021;2021-50;Russas - Limoeiro do Norte;0;2021;1039;0.0
2021;2021-50;Salvador;30;2021;12015;24.968789013732835
2021;2021-50;Santa Cruz do Sul;0;2021;1042;0.0
2021;2021-50;Santa Inês;0;2021;44;0.0
2021;2021-50;Santa Maria;3;2021;1110;27.027027027027028
2021;2021-50;Santa Maria da Vitoria;0;2021;13;0.0
2021;2021-50;Santana do Livramento;0;2021;89;0.0
2021;2021-50;Santos;0;2021;1071;0.0
2021;2021-50;Serra Talhada;0;2021;94;0.0
2021;2021-50;Soledade;0;2021;129;0.0
2021;2021-50;São Miguel do Oeste;0;2021;262;0.0
2021;2021-50;São Paulo;171;2021;73318;23.323058457677515
2021;2021-50;Teófilo Otoni;1;2021;555;18.01801801801802
2021;2021-50;Toledo;0;2021;42;0.0
2021;2021-50;Uberaba;3;2021;1886;15.906680805938494
2021;2021-50;Uberlândia;7;2021;3083;22.705157314304248
2021;2021-50;Uruguaiana;1;2021;222;45.04504504504504
2021;2021-50;Valença;0;2021;19;0.0
2021;2021-50;Vitória;0;2021;54;0.0
2021;2021-50;Vitória da Conquista;0;2021;14;0.0
2021;2021-50;Volta Redonda - Barra Mansa;2;2021;2694;7.423904974016332
2021;2021-51;Afonso Cláudio - Venda Nova do Imigrante - Santa Maria de Jetibá;2;2021;431;46.403712296983755
2021;2021-51;Alegre;0;2021;309;0.0
2021;2021-51;Araranguá;0;2021;502;0.0
2021;2021-51;Atalaia;0;2021;29;0.0
2021;2021-51;Bagé;0;2021;158;0.0
2021;2021-51;Belo Horizonte;103;2021;32062;32.125257313954215
2021;2021-51;Belém;24;2021;7079;33.90309365729623
2021;2021-51;Bento Gonçalves;0;2021;545;0.0
2021;2021-51;Boa Vista;0;2021;89;0.0
2021;2021-51;Bragança Paulista;0;2021;24;0.0
2021;2021-51;Brumado;0;2021;246;0.0
2021;2021-51;Camacan;0;2021;2;0.0
2021;2021-51;Campina Grande;3;2021;2373;12.642225031605564
2021;2021-51;Campo Belo;0;2021;35;0.0
2021;2021-51;Campos dos Goytacazes;1;2021;1009;9.910802775024777
2021;2021-51;Caratinga;2;2021;716;27.932960893854748
2021;2021-51;Carazinho;0;2021;48;0.0
2021;2021-51;Cascavel;0;2021;36;0.0
2021;2021-51;Catalão;1;2021;250;40.0
2021;2021-51;Catanduva;0;2021;13;0.0
2021;2021-51;Caxias do Sul;6;2021;3731;16.08147949611364
2021;2021-51;Conceição do Coité;0;2021;33;0.0
2021;2021-51;Cruz Alta;0;2021;226;0.0
2021;2021-51;Curitiba;31;2021;16261;19.064018203062542
2021;2021-51;Curitibanos;0;2021;10;0.0
2021;2021-51;Distrito Federal;132;2021;11128;118.6196980589504
2021;2021-51;Eunápolis - Porto Seguro;0;2021;17;0.0
2021;2021-51;Frederico Westphalen;1;2021;238;42.016806722689076
2021;2021-51;Goiana ¿ Timbaúba;0;2021;730;0.0
2021;2021-51;Guarabira;0;2021;22;0.0
2021;2021-51;Guarapuava;0;2021;11;0.0
2021;2021-51;Gurupi;0;2021;32;0.0
2021;2021-51;Ijuí;1;2021;472;21.1864406779661
2021;2021-51;Imperatriz;0;2021;10;0.0
2021;2021-51;Itacoatiara;0;2021;14;0.0
2021;2021-51;Jaú;0;2021;172;0.0
2021;2021-51;Ji-Paraná;0;2021;16;0.0
2021;2021-51;Joaçaba - Herval d'Oeste;0;2021;659;0.0
2021;2021-51;Joinville;0;2021;33;0.0
2021;2021-51;Juiz de Fora;3;2021;2594;11.56515034695451
2021;2021-51;Linhares;0;2021;733;0.0
2021;2021-51;Maceió;0;2021;46;0.0
2021;2021-51;Manaus;11;2021;3961;27.77076495834385
2021;2021-51;Mantena;0;2021;118;0.0
2021;2021-51;Maringá;2;2021;2708;7.385524372230429
2021;2021-51;Marília;5;2021;1054;47.43833017077799
2021;2021-51;Monteiro;0;2021;5;0.0
2021;2021-51;Mossoró;0;2021;35;0.0
2021;2021-51;Natal;0;2021;34;0.0
2021;2021-51;Nazaré ¿ Maragogipe;0;2021;23;0.0
2021;2021-51;Nova Prata - Guaporé;0;2021;387;0.0
2021;2021-51;Oliveira;1;2021;431;23.201856148491878
2021;2021-51;Passo Fundo;1;2021;1722;5.807200929152149
2021;2021-51;Passos;1;2021;455;21.978021978021978
2021;2021-51;Patos;0;2021;27;0.0
2021;2021-51;Pinheiro;0;2021;189;0.0
2021;2021-51;Pirapora;0;2021;153;0.0
2021;2021-51;Piumhi;0;2021;36;0.0
2021;2021-51;Ponte Nova;0;2021;12;0.0
2021;2021-51;Porto Alegre;26;2021;15348;16.940317956737037
2021;2021-51;Princesa Isabel;0;2021;12;0.0
2021;2021-51;Quirinópolis;0;2021;65;0.0
2021;2021-51;Resende;1;2021;509;19.646365422396855
2021;2021-51;Ribeirão Preto;6;2021;6135;9.779951100244498
2021;2021-51;Rio Claro;2;2021;189;105.82010582010581
2021;2021-51;Rio de Janeiro;82;2021;40419;20.287488557361637
2021;2021-51;Russas - Limoeiro do Norte;1;2021;1039;9.624639076034649
2021;2021-51;Salvador;28;2021;12015;23.30420307948398
2021;2021-51;Santa Cruz do Sul;0;2021;1042;0.0
2021;2021-51;Santa Inês;0;2021;44;0.0
2021;2021-51;Santa Maria;0;2021;1110;0.0
2021;2021-51;Santa Maria da Vitoria;0;2021;13;0.0
2021;2021-51;Santana do Livramento;0;2021;89;0.0
2021;2021-51;Santos;0;2021;1071;0.0
2021;2021-51;Serra Talhada;0;2021;94;0.0
2021;2021-51;Soledade;1;2021;129;77.51937984496124
2021;2021-51;São Miguel do Oeste;2;2021;262;76.33587786259541
2021;2021-51;São Paulo;106;2021;73318;14.457568400665593
2021;2021-51;Teófilo Otoni;2;2021;555;36.03603603603604
2021;2021-51;Toledo;0;2021;42;0.0
2021;2021-51;Uberaba;0;2021;1886;0.0
2021;2021-51;Uberlândia;6;2021;3083;19.461563412260784
2021;2021-51;Uruguaiana;1;2021;222;45.04504504504504
2021;2021-51;Valença;0;2021;19;0.0
2021;2021-51;Vitória;0;2021;54;0.0
2021;2021-51;Vitória da Conquista;0;2021;14;0.0
2021;2021-51;Volta Redonda - Barra Mansa;0;2021;2694;0.0
2021;2021-52;Afonso Cláudio - Venda Nova do Imigrante - Santa Maria de Jetibá;2;2021;431;46.403712296983755
2021;2021-52;Alegre;1;2021;309;32.36245954692557
2021;2021-52;Araranguá;0;2021;502;0.0
2021;2021-52;Atalaia;0;2021;29;0.0
2021;2021-52;Bagé;0;2021;158;0.0
2021;2021-52;Belo Horizonte;46;2021;32062;14.347202295552368
2021;2021-52;Belém;15;2021;7079;21.189433535810142
2021;2021-52;Bento Gonçalves;0;2021;545;0.0
2021;2021-52;Boa Vista;0;2021;89;0.0
2021;2021-52;Bragança Paulista;0;2021;24;0.0
2021;2021-52;Brumado;0;2021;246;0.0
2021;2021-52;Camacan;0;2021;2;0.0
2021;2021-52;Campina Grande;0;2021;2373;0.0
2021;2021-52;Campo Belo;0;2021;35;0.0
2021;2021-52;Campos dos Goytacazes;1;2021;1009;9.910802775024777
2021;2021-52;Caratinga;1;2021;716;13.966480446927374
2021;2021-52;Carazinho;0;2021;48;0.0
2021;2021-52;Cascavel;0;2021;36;0.0
2021;2021-52;Catalão;1;2021;250;40.0
2021;2021-52;Catanduva;0;2021;13;0.0
2021;2021-52;Caxias do Sul;2;2021;3731;5.3604931653712145
2021;2021-52;Conceição do Coité;0;2021;33;0.0
2021;2021-52;Cruz Alta;2;2021;226;88.49557522123894
2021;2021-52;Curitiba;20;2021;16261;12.299366582620996
2021;2021-52;Curitibanos;0;2021;10;0.0
2021;2021-52;Distrito Federal;113;2021;11128;101.54565061107117
2021;2021-52;Eunápolis - Porto Seguro;1;2021;17;588.2352941176471
2021;2021-52;Frederico Westphalen;1;2021;238;42.016806722689076
2021;2021-52;Goiana ¿ Timbaúba;0;2021;730;0.0
2021;2021-52;Guarabira;0;2021;22;0.0
2021;2021-52;Guarapuava;0;2021;11;0.0
2021;2021-52;Gurupi;0;2021;32;0.0
2021;2021-52;Ijuí;0;2021;472;0.0
2021;2021-52;Imperatriz;0;2021;10;0.0
2021;2021-52;Itacoatiara;0;2021;14;0.0
2021;2021-52;Jaú;0;2021;172;0.0
2021;2021-52;Ji-Paraná;0;2021;16;0.0
2021;2021-52;Joaçaba - Herval d'Oeste;4;2021;659;60.698027314112295
2021;2021-52;Joinville;0;2021;33;0.0
2021;2021-52;Juiz de Fora;0;2021;2594;0.0
2021;2021-52;Linhares;1;2021;733;13.642564802182811
2021;2021-52;Maceió;0;2021;46;0.0
2021;2021-52;Manaus;10;2021;3961;25.246149962130776
2021;2021-52;Mantena;0;2021;118;0.0
2021;2021-52;Maringá;3;2021;2708;11.078286558345644
2021;2021-52;Marília;2;2021;1054;18.975332068311197
2021;2021-52;Monteiro;0;2021;5;0.0
2021;2021-52;Mossoró;0;2021;35;0.0
2021;2021-52;Natal;0;2021;34;0.0
2021;2021-52;Nazaré ¿ Maragogipe;0;2021;23;0.0
2021;2021-52;Nova Prata - Guaporé;0;2021;387;0.0
2021;2021-52;Oliveira;1;2021;431;23.201856148491878
2021;2021-52;Passo Fundo;0;2021;1722;0.0
2021;2021-52;Passos;0;2021;455;0.0
2021;2021-52;Patos;0;2021;27;0.0
2021;2021-52;Pinheiro;0;2021;189;0.0
2021;2021-52;Pirapora;0;2021;153;0.0
2021;2021-52;Piumhi;0;2021;36;0.0
2021;2021-52;Ponte Nova;0;2021;12;0.0
2021;2021-52;Porto Alegre;14;2021;15348;9.12170966901225
2021;2021-52;Princesa Isabel;0;2021;12;0.0
2021;2021-52;Quirinópolis;0;2021;65;0.0
2021;2021-52;Resende;0;2021;509;0.0
2021;2021-52;Ribeirão Preto;9;2021;6135;14.66992665036675
2021;2021-52;Rio Claro;0;2021;189;0.0
2021;2021-52;Rio de Janeiro;62;2021;40419;15.339320616541725
2021;2021-52;Russas - Limoeiro do Norte;0;2021;1039;0.0
2021;2021-52;Salvador;14;2021;12015;11.65210153974199
2021;2021-52;Santa Cruz do Sul;1;2021;1042;9.596928982725528
2021;2021-52;Santa Inês;0;2021;44;0.0
2021;2021-52;Santa Maria;2;2021;1110;18.01801801801802
2021;2021-52;Santa Maria da Vitoria;0;2021;13;0.0
2021;2021-52;Santana do Livramento;0;2021;89;0.0
2021;2021-52;Santos;0;2021;1071;0.0
2021;2021-52;Serra Talhada;0;2021;94;0.0
2021;2021-52;Soledade;0;2021;129;0.0
2021;2021-52;São Miguel do Oeste;1;2021;262;38.167938931297705
2021;2021-52;São Paulo;108;2021;73318;14.730352710112115
2021;2021-52;Teófilo Otoni;0;2021;555;0.0
2021;2021-52;Toledo;0;2021;42;0.0
2021;2021-52;Uberaba;2;2021;1886;10.604453870625663
2021;2021-52;Uberlândia;8;2021;3083;25.948751216347713
2021;2021-52;Uruguaiana;0;2021;222;0.0
2021;2021-52;Valença;0;2021;19;0.0
2021;2021-52;Vitória;0;2021;54;0.0
2021;2021-52;Vitória da Conquista;0;2021;14;0.0
2021;2021-52;Volta Redonda - Barra Mansa;0;2021;2694;0.0
2022;2022-00;Afonso Cláudio - Venda Nova do Imigrante - Santa Maria de Jetibá;2;2022;567;35.273368606701936
2022;2022-00;Alegre;0;2022;357;0.0
2022;2022-00;Araranguá;0;2022;451;0.0
2022;2022-00;Atalaia;0;2022;7;0.0
2022;2022-00;Bagé;0;2022;190;0.0
2022;2022-00;Belo Horizonte;13;2022;33319;3.901677721420211
2022;2022-00;Belém;2;2022;13358;1.4972301242701005
2022;2022-00;Bento Gonçalves;0;2022;423;0.0
2022;2022-00;Boa Vista;0;2022;499;0.0
2022;2022-00;Bragança Paulista;0;2022;34;0.0
2022;2022-00;Brumado;0;2022;266;0.0
2022;2022-00;Camacan;0;2022;2;0.0
2022;2022-00;Campina Grande;0;2022;2245;0.0
2022;2022-00;Campo Belo;0;2022;18;0.0
2022;2022-00;Campos dos Goytacazes;0;2022;1020;0.0
2022;2022-00;Caratinga;0;2022;513;0.0
2022;2022-00;Carazinho;0;2022;67;0.0
2022;2022-00;Cascavel;0;2022;32;0.0
2022;2022-00;Catalão;0;2022;277;0.0
2022;2022-00;Catanduva;0;2022;27;0.0
2022;2022-00;Caxias do Sul;3;2022;2853;10.515247108307046
2022;2022-00;Ceres - Rialma - Goianésia;0;2022;1;0.0
2022;2022-00;Conceição do Coité;0;2022;24;0.0
2022;2022-00;Cruz Alta;0;2022;291;0.0
2022;2022-00;Curitiba;6;2022;17424;3.443526170798898
2022;2022-00;Curitibanos;0;2022;5;0.0
2022;2022-00;Distrito Federal;38;2022;13408;28.34128878281623
2022;2022-00;Eunápolis - Porto Seguro;0;2022;24;0.0
2022;2022-00;Frederico Westphalen;0;2022;238;0.0
2022;2022-00;Goiana ¿ Timbaúba;0;2022;236;0.0
2022;2022-00;Guarabira;0;2022;60;0.0
2022;2022-00;Guarapuava;0;2022;14;0.0
2022;2022-00;Gurupi;0;2022;36;0.0
2022;2022-00;Ijuí;0;2022;602;0.0
2022;2022-00;Imperatriz;0;2022;20;0.0
2022;2022-00;Itacoatiara;0;2022;29;0.0
2022;2022-00;Jaú;0;2022;83;0.0
2022;2022-00;Ji-Paraná;0;2022;31;0.0
2022;2022-00;Joaçaba - Herval d'Oeste;0;2022;338;0.0
2022;2022-00;Joinville;0;2022;38;0.0
2022;2022-00;Juiz de Fora;0;2022;2568;0.0
2022;2022-00;Linhares;1;2022;937;10.672358591248667
2022;2022-00;Maceió;0;2022;35;0.0
2022;2022-00;Manaus;7;2022;4047;17.29676303434643
2022;2022-00;Mantena;0;2022;133;0.0
2022;2022-00;Maringá;0;2022;3831;0.0
2022;2022-00;Marília;0;2022;1119;0.0
2022;2022-00;Monteiro;0;2022;2;0.0
2022;2022-00;Mossoró;0;2022;25;0.0
2022;2022-00;Natal;0;2022;11;0.0
2022;2022-00;Nazaré ¿ Maragogipe;0;2022;40;0.0
2022;2022-00;Nova Prata - Guaporé;0;2022;358;0.0
2022;2022-00;Oliveira;0;2022;607;0.0
2022;2022-00;Passo Fundo;0;2022;874;0.0
2022;2022-00;Passos;0;2022;712;0.0
2022;2022-00;Patos;0;2022;55;0.0
2022;2022-00;Pinheiro;0;2022;88;0.0
2022;2022-00;Pirapora;0;2022;183;0.0
2022;2022-00;Piumhi;0;2022;12;0.0
2022;2022-00;Ponte Nova;0;2022;12;0.0
2022;2022-00;Porto Alegre;8;2022;20837;3.8393242789269086
2022;2022-00;Princesa Isabel;0;2022;25;0.0
2022;2022-00;Quirinópolis;0;2022;122;0.0
2022;2022-00;Resende;0;2022;489;0.0
2022;2022-00;Ribeirão Preto;2;2022;5529;3.6172906493036714
2022;2022-00;Rio Claro;0;2022;254;0.0
2022;2022-00;Rio de Janeiro;20;2022;39424;5.073051948051948
2022;2022-00;Russas - Limoeiro do Norte;0;2022;841;0.0
2022;2022-00;Salvador;0;2022;11937;0.0
2022;2022-00;Santa Cruz do Sul;0;2022;1031;0.0
2022;2022-00;Santa Inês;0;2022;46;0.0
2022;2022-00;Santa Maria;0;2022;1169;0.0
2022;2022-00;Santa Maria da Vitoria;0;2022;8;0.0
2022;2022-00;Santana do Livramento;0;2022;101;0.0
2022;2022-00;Santos;0;2022;1142;0.0
2022;2022-00;Serra Talhada;0;2022;95;0.0
2022;2022-00;Soledade;0;2022;298;0.0
2022;2022-00;São Miguel do Oeste;0;2022;349;0.0
2022;2022-00;São Paulo;32;2022;70656;4.528985507246377
2022;2022-00;Teófilo Otoni;0;2022;633;0.0
2022;2022-00;Toledo;0;2022;66;0.0
2022;2022-00;Uberaba;0;2022;1703;0.0
2022;2022-00;Uberlândia;1;2022;3115;3.2102728731942216
2022;2022-00;Uruguaiana;0;2022;210;0.0
2022;2022-00;Valença;0;2022;20;0.0
2022;2022-00;Vitória;0;2022;73;0.0
2022;2022-00;Vitória da Conquista;0;2022;63;0.0
2022;2022-00;Volta Redonda - Barra Mansa;1;2022;2314;4.32152117545376
2022;2022-01;Afonso Cláudio - Venda Nova do Imigrante - Santa Maria de Jetibá;2;2022;567;35.273368606701936
2022;2022-01;Alegre;0;2022;357;0.0
2022;2022-01;Araranguá;0;2022;451;0.0
2022;2022-01;Atalaia;0;2022;7;0.0
2022;2022-01;Bagé;1;2022;190;52.63157894736842
2022;2022-01;Belo Horizonte;104;2022;33319;31.213421771361688
2022;2022-01;Belém;23;2022;13358;17.218146429106152
2022;2022-01;Bento Gonçalves;0;2022;423;0.0
2022;2022-01;Boa Vista;0;2022;499;0.0
2022;2022-01;Bragança Paulista;0;2022;34;0.0
2022;2022-01;Brumado;1;2022;266;37.59398496240601
2022;2022-01;Camacan;0;2022;2;0.0
2022;2022-01;Campina Grande;1;2022;2245;4.4543429844097995
2022;2022-01;Campo Belo;0;2022;18;0.0
2022;2022-01;Campos dos Goytacazes;0;2022;1020;0.0
2022;2022-01;Caratinga;2;2022;513;38.98635477582846
2022;2022-01;Carazinho;0;2022;67;0.0
2022;2022-01;Cascavel;0;2022;32;0.0
2022;2022-01;Catalão;4;2022;277;144.4043321299639
2022;2022-01;Catanduva;1;2022;27;370.3703703703703
2022;2022-01;Caxias do Sul;3;2022;2853;10.515247108307046
2022;2022-01;Ceres - Rialma - Goianésia;0;2022;1;0.0
2022;2022-01;Conceição do Coité;0;2022;24;0.0
2022;2022-01;Cruz Alta;1;2022;291;34.36426116838488
2022;2022-01;Curitiba;47;2022;17424;26.9742883379247
2022;2022-01;Curitibanos;0;2022;5;0.0
2022;2022-01;Distrito Federal;175;2022;13408;130.51909307875894
2022;2022-01;Eunápolis - Porto Seguro;0;2022;24;0.0
2022;2022-01;Frederico Westphalen;0;2022;238;0.0
2022;2022-01;Goiana ¿ Timbaúba;0;2022;236;0.0
2022;2022-01;Guarabira;0;2022;60;0.0
2022;2022-01;Guarapuava;0;2022;14;0.0
2022;2022-01;Gurupi;0;2022;36;0.0
2022;2022-01;Ijuí;2;2022;602;33.222591362126245
2022;2022-01;Imperatriz;0;2022;20;0.0
2022;2022-01;Itacoatiara;0;2022;29;0.0
2022;2022-01;Jaú;0;2022;83;0.0
2022;2022-01;Ji-Paraná;0;2022;31;0.0
2022;2022-01;Joaçaba - Herval d'Oeste;0;2022;338;0.0
2022;2022-01;Joinville;0;2022;38;0.0
2022;2022-01;Juiz de Fora;2;2022;2568;7.78816199376947
2022;2022-01;Linhares;0;2022;937;0.0
2022;2022-01;Maceió;0;2022;35;0.0
2022;2022-01;Manaus;15;2022;4047;37.064492216456635
2022;2022-01;Mantena;0;2022;133;0.0
2022;2022-01;Maringá;3;2022;3831;7.830853563038371
2022;2022-01;Marília;2;2022;1119;17.873100983020553
2022;2022-01;Monteiro;0;2022;2;0.0
2022;2022-01;Mossoró;0;2022;25;0.0
2022;2022-01;Natal;0;2022;11;0.0
2022;2022-01;Nazaré ¿ Maragogipe;0;2022;40;0.0
2022;2022-01;Nova Prata - Guaporé;0;2022;358;0.0
2022;2022-01;Oliveira;1;2022;607;16.474464579901152
2022;2022-01;Passo Fundo;0;2022;874;0.0
2022;2022-01;Passos;3;2022;712;42.13483146067416
2022;2022-01;Patos;0;2022;55;0.0
2022;2022-01;Pinheiro;0;2022;88;0.0
2022;2022-01;Pirapora;0;2022;183;0.0
2022;2022-01;Piumhi;0;2022;12;0.0
2022;2022-01;Ponte Nova;0;2022;12;0.0
2022;2022-01;Porto Alegre;37;2022;20837;17.756874790036953
2022;2022-01;Princesa Isabel;0;2022;25;0.0
2022;2022-01;Quirinópolis;0;2022;122;0.0
2022;2022-01;Resende;0;2022;489;0.0
2022;2022-01;Ribeirão Preto;9;2022;5529;16.277807921866522
2022;2022-01;Rio Claro;5;2022;254;196.8503937007874
2022;2022-01;Rio de Janeiro;138;2022;39424;35.00405844155844
2022;2022-01;Russas - Limoeiro do Norte;1;2022;841;11.890606420927467
2022;2022-01;Salvador;22;2022;11937;18.43009131272514
2022;2022-01;Santa Cruz do Sul;1;2022;1031;9.699321047526674
2022;2022-01;Santa Inês;0;2022;46;0.0
2022;2022-01;Santa Maria;2;2022;1169;17.10863986313088
2022;2022-01;Santa Maria da Vitoria;0;2022;8;0.0
2022;2022-01;Santana do Livramento;0;2022;101;0.0
2022;2022-01;Santos;0;2022;1142;0.0
2022;2022-01;Serra Talhada;2;2022;95;210.52631578947367
2022;2022-01;Soledade;0;2022;298;0.0
2022;2022-01;São Miguel do Oeste;0;2022;349;0.0
2022;2022-01;São Paulo;166;2022;70656;23.49411231884058
2022;2022-01;Teófilo Otoni;0;2022;633;0.0
2022;2022-01;Toledo;0;2022;66;0.0
2022;2022-01;Uberaba;2;2022;1703;11.743981209630064
2022;2022-01;Uberlândia;16;2022;3115;51.364365971107546
2022;2022-01;Uruguaiana;1;2022;210;47.61904761904762
2022;2022-01;Valença;0;2022;20;0.0
2022;2022-01;Vitória;0;2022;73;0.0
2022;2022-01;Vitória da Conquista;0;2022;63;0.0
2022;2022-01;Volta Redonda - Barra Mansa;1;2022;2314;4.32152117545376
2022;2022-02;Afonso Cláudio - Venda Nova do Imigrante - Santa Maria de Jetibá;2;2022;567;35.273368606701936
2022;2022-02;Alegre;0;2022;357;0.0
2022;2022-02;Araranguá;0;2022;451;0.0
2022;2022-02;Atalaia;0;2022;7;0.0
2022;2022-02;Bagé;0;2022;190;0.0
2022;2022-02;Belo Horizonte;144;2022;33319;43.21858399111618
2022;2022-02;Belém;15;2022;13358;11.229225932025754
2022;2022-02;Bento Gonçalves;0;2022;423;0.0
2022;2022-02;Boa Vista;0;2022;499;0.0
2022;2022-02;Bragança Paulista;0;2022;34;0.0
2022;2022-02;Brumado;0;2022;266;0.0
2022;2022-02;Camacan;0;2022;2;0.0
2022;2022-02;Campina Grande;0;2022;2245;0.0
2022;2022-02;Campo Belo;0;2022;18;0.0
2022;2022-02;Campos dos Goytacazes;0;2022;1020;0.0
2022;2022-02;Caratinga;0;2022;513;0.0
2022;2022-02;Carazinho;0;2022;67;0.0
2022;2022-02;Cascavel;0;2022;32;0.0
2022;2022-02;Catalão;2;2022;277;72.20216606498195
2022;2022-02;Catanduva;1;2022;27;370.3703703703703
2022;2022-02;Caxias do Sul;0;2022;2853;0.0
2022;2022-02;Ceres - Rialma - Goianésia;0;2022;1;0.0
2022;2022-02;Conceição do Coité;0;2022;24;0.0
2022;2022-02;Cruz Alta;0;2022;291;0.0
2022;2022-02;Curitiba;31;2022;17424;17.791551882460972
2022;2022-02;Curitibanos;0;2022;5;0.0
2022;2022-02;Distrito Federal;156;2022;13408;116.34844868735084
2022;2022-02;Eunápolis - Porto Seguro;0;2022;24;0.0
2022;2022-02;Frederico Westphalen;0;2022;238;0.0
2022;2022-02;Goiana ¿ Timbaúba;0;2022;236;0.0
2022;2022-02;Guarabira;0;2022;60;0.0
2022;2022-02;Guarapuava;0;2022;14;0.0
2022;2022-02;Gurupi;0;2022;36;0.0
2022;2022-02;Ijuí;1;2022;602;16.611295681063122
2022;2022-02;Imperatriz;0;2022;20;0.0
2022;2022-02;Itacoatiara;0;2022;29;0.0
2022;2022-02;Jaú;0;2022;83;0.0
2022;2022-02;Ji-Paraná;0;2022;31;0.0
2022;2022-02;Joaçaba - Herval d'Oeste;0;2022;338;0.0
2022;2022-02;Joinville;0;2022;38;0.0
2022;2022-02;Juiz de Fora;4;2022;2568;15.57632398753894
2022;2022-02;Linhares;0;2022;937;0.0
2022;2022-02;Maceió;0;2022;35;0.0
2022;2022-02;Manaus;19;2022;4047;46.948356807511736
2022;2022-02;Mantena;1;2022;133;75.18796992481202
2022;2022-02;Maringá;4;2022;3831;10.441138084051163
2022;2022-02;Marília;0;2022;1119;0.0
2022;2022-02;Monteiro;0;2022;2;0.0
2022;2022-02;Mossoró;0;2022;25;0.0
2022;2022-02;Natal;0;2022;11;0.0
2022;2022-02;Nazaré ¿ Maragogipe;0;2022;40;0.0
2022;2022-02;Nova Prata - Guaporé;0;2022;358;0.0
2022;2022-02;Oliveira;2;2022;607;32.948929159802304
2022;2022-02;Passo Fundo;0;2022;874;0.0
2022;2022-02;Passos;2;2022;712;28.089887640449437
2022;2022-02;Patos;0;2022;55;0.0
2022;2022-02;Pinheiro;0;2022;88;0.0
2022;2022-02;Pirapora;1;2022;183;54.6448087431694
2022;2022-02;Piumhi;0;2022;12;0.0
2022;2022-02;Ponte Nova;0;2022;12;0.0
2022;2022-02;Porto Alegre;40;2022;20837;19.196621394634544
2022;2022-02;Princesa Isabel;0;2022;25;0.0
2022;2022-02;Quirinópolis;0;2022;122;0.0
2022;2022-02;Resende;0;2022;489;0.0
2022;2022-02;Ribeirão Preto;7;2022;5529;12.66051727256285
2022;2022-02;Rio Claro;0;2022;254;0.0
2022;2022-02;Rio de Janeiro;111;2022;39424;28.15543831168831
2022;2022-02;Russas - Limoeiro do Norte;1;2022;841;11.890606420927467
2022;2022-02;Salvador;33;2022;11937;27.64513696908771
2022;2022-02;Santa Cruz do Sul;2;2022;1031;19.398642095053347
2022;2022-02;Santa Inês;0;2022;46;0.0
2022;2022-02;Santa Maria;3;2022;1169;25.662959794696324
2022;2022-02;Santa Maria da Vitoria;0;2022;8;0.0
2022;2022-02;Santana do Livramento;1;2022;101;99.00990099009901
2022;2022-02;Santos;0;2022;1142;0.0
2022;2022-02;Serra Talhada;0;2022;95;0.0
2022;2022-02;Soledade;0;2022;298;0.0
2022;2022-02;São Miguel do Oeste;2;2022;349;57.306590257879655
2022;2022-02;São Paulo;196;2022;70656;27.74003623188406
2022;2022-02;Teófilo Otoni;1;2022;633;15.797788309636651
2022;2022-02;Toledo;0;2022;66;0.0
2022;2022-02;Uberaba;6;2022;1703;35.23194362889019
2022;2022-02;Uberlândia;3;2022;3115;9.630818619582664
2022;2022-02;Uruguaiana;1;2022;210;47.61904761904762
2022;2022-02;Valença;0;2022;20;0.0
2022;2022-02;Vitória;0;2022;73;0.0
2022;2022-02;Vitória da Conquista;0;2022;63;0.0
2022;2022-02;Volta Redonda - Barra Mansa;1;2022;2314;4.32152117545376
2022;2022-03;Afonso Cláudio - Venda Nova do Imigrante - Santa Maria de Jetibá;1;2022;567;17.636684303350968
2022;2022-03;Alegre;0;2022;357;0.0
2022;2022-03;Araranguá;0;2022;451;0.0
2022;2022-03;Atalaia;0;2022;7;0.0
2022;2022-03;Bagé;0;2022;190;0.0
2022;2022-03;Belo Horizonte;154;2022;33319;46.219874546054804
2022;2022-03;Belém;13;2022;13358;9.731995807755652
2022;2022-03;Bento Gonçalves;0;2022;423;0.0
2022;2022-03;Boa Vista;1;2022;499;20.040080160320638
2022;2022-03;Bragança Paulista;0;2022;34;0.0
2022;2022-03;Brumado;0;2022;266;0.0
2022;2022-03;Camacan;0;2022;2;0.0
2022;2022-03;Campina Grande;8;2022;2245;35.634743875278396
2022;2022-03;Campo Belo;0;2022;18;0.0
2022;2022-03;Campos dos Goytacazes;2;2022;1020;19.607843137254903
2022;2022-03;Caratinga;2;2022;513;38.98635477582846
2022;2022-03;Carazinho;0;2022;67;0.0
2022;2022-03;Cascavel;0;2022;32;0.0
2022;2022-03;Catalão;2;2022;277;72.20216606498195
2022;2022-03;Catanduva;0;2022;27;0.0
2022;2022-03;Caxias do Sul;0;2022;2853;0.0
2022;2022-03;Ceres - Rialma - Goianésia;0;2022;1;0.0
2022;2022-03;Conceição do Coité;0;2022;24;0.0
2022;2022-03;Cruz Alta;0;2022;291;0.0
2022;2022-03;Curitiba;24;2022;17424;13.774104683195592
2022;2022-03;Curitibanos;0;2022;5;0.0
2022;2022-03;Distrito Federal;138;2022;13408;102.9236276849642
2022;2022-03;Eunápolis - Porto Seguro;0;2022;24;0.0
2022;2022-03;Frederico Westphalen;0;2022;238;0.0
2022;2022-03;Goiana ¿ Timbaúba;0;2022;236;0.0
2022;2022-03;Guarabira;0;2022;60;0.0
2022;2022-03;Guarapuava;0;2022;14;0.0
2022;2022-03;Gurupi;0;2022;36;0.0
2022;2022-03;Ijuí;2;2022;602;33.222591362126245
2022;2022-03;Imperatriz;0;2022;20;0.0
2022;2022-03;Itacoatiara;0;2022;29;0.0
2022;2022-03;Jaú;1;2022;83;120.48192771084338
2022;2022-03;Ji-Paraná;0;2022;31;0.0
2022;2022-03;Joaçaba - Herval d'Oeste;2;2022;338;59.171597633136095
2022;2022-03;Joinville;0;2022;38;0.0
2022;2022-03;Juiz de Fora;3;2022;2568;11.682242990654204
2022;2022-03;Linhares;1;2022;937;10.672358591248667
2022;2022-03;Maceió;0;2022;35;0.0
2022;2022-03;Manaus;15;2022;4047;37.064492216456635
2022;2022-03;Mantena;1;2022;133;75.18796992481202
2022;2022-03;Maringá;15;2022;3831;39.15426781519186
2022;2022-03;Marília;1;2022;1119;8.936550491510276
2022;2022-03;Monteiro;0;2022;2;0.0
2022;2022-03;Mossoró;0;2022;25;0.0
2022;2022-03;Natal;0;2022;11;0.0
2022;2022-03;Nazaré ¿ Maragogipe;0;2022;40;0.0
2022;2022-03;Nova Prata - Guaporé;1;2022;358;27.932960893854748
2022;2022-03;Oliveira;1;2022;607;16.474464579901152
2022;2022-03;Passo Fundo;0;2022;874;0.0
2022;2022-03;Passos;0;2022;712;0.0
2022;2022-03;Patos;0;2022;55;0.0
2022;2022-03;Pinheiro;0;2022;88;0.0
2022;2022-03;Pirapora;0;2022;183;0.0
2022;2022-03;Piumhi;0;2022;12;0.0
2022;2022-03;Ponte Nova;0;2022;12;0.0
2022;2022-03;Porto Alegre;46;2022;20837;22.076114603829726
2022;2022-03;Princesa Isabel;0;2022;25;0.0
2022;2022-03;Quirinópolis;0;2022;122;0.0
2022;2022-03;Resende;1;2022;489;20.449897750511248
2022;2022-03;Ribeirão Preto;6;2022;5529;10.851871947911015
2022;2022-03;Rio Claro;0;2022;254;0.0
2022;2022-03;Rio de Janeiro;93;2022;39424;23.589691558441558
2022;2022-03;Russas - Limoeiro do Norte;0;2022;841;0.0
2022;2022-03;Salvador;42;2022;11937;35.184719778838904
2022;2022-03;Santa Cruz do Sul;1;2022;1031;9.699321047526674
2022;2022-03;Santa Inês;0;2022;46;0.0
2022;2022-03;Santa Maria;1;2022;1169;8.55431993156544
2022;2022-03;Santa Maria da Vitoria;0;2022;8;0.0
2022;2022-03;Santana do Livramento;0;2022;101;0.0
2022;2022-03;Santos;2;2022;1142;17.513134851138354
2022;2022-03;Serra Talhada;0;2022;95;0.0
2022;2022-03;Soledade;0;2022;298;0.0
2022;2022-03;São Miguel do Oeste;1;2022;349;28.653295128939828
2022;2022-03;São Paulo;194;2022;70656;27.45697463768116
2022;2022-03;Teófilo Otoni;0;2022;633;0.0
2022;2022-03;Toledo;0;2022;66;0.0
2022;2022-03;Uberaba;8;2022;1703;46.97592483852026
2022;2022-03;Uberlândia;7;2022;3115;22.471910112359552
2022;2022-03;Uruguaiana;0;2022;210;0.0
2022;2022-03;Valença;0;2022;20;0.0
2022;2022-03;Vitória;0;2022;73;0.0
2022;2022-03;Vitória da Conquista;0;2022;63;0.0
2022;2022-03;Volta Redonda - Barra Mansa;0;2022;2314;0.0
2022;2022-04;Afonso Cláudio - Venda Nova do Imigrante - Santa Maria de Jetibá;0;2022;567;0.0
2022;2022-04;Alegre;1;2022;357;28.011204481792717
2022;2022-04;Araranguá;0;2022;451;0.0
2022;2022-04;Atalaia;0;2022;7;0.0
2022;2022-04;Bagé;0;2022;190;0.0
2022;2022-04;Belo Horizonte;104;2022;33319;31.213421771361688
2022;2022-04;Belém;9;2022;13358;6.737535559215451
2022;2022-04;Bento Gonçalves;0;2022;423;0.0
2022;2022-04;Boa Vista;0;2022;499;0.0
2022;2022-04;Bragança Paulista;0;2022;34;0.0
2022;2022-04;Brumado;0;2022;266;0.0
2022;2022-04;Camacan;0;2022;2;0.0
2022;2022-04;Campina Grande;2;2022;2245;8.908685968819599
2022;2022-04;Campo Belo;0;2022;18;0.0
2022;2022-04;Campos dos Goytacazes;0;2022;1020;0.0
2022;2022-04;Caratinga;1;2022;513;19.49317738791423
2022;2022-04;Carazinho;0;2022;67;0.0
2022;2022-04;Cascavel;0;2022;32;0.0
2022;2022-04;Catalão;2;2022;277;72.20216606498195
2022;2022-04;Catanduva;0;2022;27;0.0
2022;2022-04;Caxias do Sul;3;2022;2853;10.515247108307046
2022;2022-04;Ceres - Rialma - Goianésia;0;2022;1;0.0
2022;2022-04;Conceição do Coité;0;2022;24;0.0
2022;2022-04;Cruz Alta;0;2022;291;0.0
2022;2022-04;Curitiba;24;2022;17424;13.774104683195592
2022;2022-04;Curitibanos;0;2022;5;0.0
2022;2022-04;Distrito Federal;208;2022;13408;155.13126491646779
2022;2022-04;Eunápolis - Porto Seguro;0;2022;24;0.0
2022;2022-04;Frederico Westphalen;3;2022;238;126.05042016806723
2022;2022-04;Goiana ¿ Timbaúba;1;2022;236;42.3728813559322
2022;2022-04;Guarabira;0;2022;60;0.0
2022;2022-04;Guarapuava;0;2022;14;0.0
2022;2022-04;Gurupi;0;2022;36;0.0
2022;2022-04;Ijuí;1;2022;602;16.611295681063122
2022;2022-04;Imperatriz;0;2022;20;0.0
2022;2022-04;Itacoatiara;0;2022;29;0.0
2022;2022-04;Jaú;0;2022;83;0.0
2022;2022-04;Ji-Paraná;0;2022;31;0.0
2022;2022-04;Joaçaba - Herval d'Oeste;1;2022;338;29.585798816568047
2022;2022-04;Joinville;0;2022;38;0.0
2022;2022-04;Juiz de Fora;6;2022;2568;23.36448598130841
2022;2022-04;Linhares;0;2022;937;0.0
2022;2022-04;Maceió;0;2022;35;0.0
2022;2022-04;Manaus;29;2022;4047;71.6580182851495
2022;2022-04;Mantena;2;2022;133;150.37593984962405
2022;2022-04;Maringá;5;2022;3831;13.051422605063951
2022;2022-04;Marília;2;2022;1119;17.873100983020553
2022;2022-04;Monteiro;0;2022;2;0.0
2022;2022-04;Mossoró;0;2022;25;0.0
2022;2022-04;Natal;0;2022;11;0.0
2022;2022-04;Nazaré ¿ Maragogipe;0;2022;40;0.0
2022;2022-04;Nova Prata - Guaporé;0;2022;358;0.0
2022;2022-04;Oliveira;0;2022;607;0.0
2022;2022-04;Passo Fundo;0;2022;874;0.0
2022;2022-04;Passos;0;2022;712;0.0
2022;2022-04;Patos;0;2022;55;0.0
2022;2022-04;Pinheiro;0;2022;88;0.0
2022;2022-04;Pirapora;1;2022;183;54.6448087431694
2022;2022-04;Piumhi;0;2022;12;0.0
2022;2022-04;Ponte Nova;0;2022;12;0.0
2022;2022-04;Porto Alegre;29;2022;20837;13.917550511110045
2022;2022-04;Princesa Isabel;0;2022;25;0.0
2022;2022-04;Quirinópolis;0;2022;122;0.0
2022;2022-04;Resende;0;2022;489;0.0
2022;2022-04;Ribeirão Preto;4;2022;5529;7.234581298607343
2022;2022-04;Rio Claro;1;2022;254;39.37007874015748
2022;2022-04;Rio de Janeiro;111;2022;39424;28.15543831168831
2022;2022-04;Russas - Limoeiro do Norte;1;2022;841;11.890606420927467
2022;2022-04;Salvador;48;2022;11937;40.21110831867303
2022;2022-04;Santa Cruz do Sul;1;2022;1031;9.699321047526674
2022;2022-04;Santa Inês;0;2022;46;0.0
2022;2022-04;Santa Maria;1;2022;1169;8.55431993156544
2022;2022-04;Santa Maria da Vitoria;0;2022;8;0.0
2022;2022-04;Santana do Livramento;0;2022;101;0.0
2022;2022-04;Santos;1;2022;1142;8.756567425569177
2022;2022-04;Serra Talhada;0;2022;95;0.0
2022;2022-04;Soledade;0;2022;298;0.0
2022;2022-04;São Miguel do Oeste;0;2022;349;0.0
2022;2022-04;São Paulo;219;2022;70656;30.99524456521739
2022;2022-04;Teófilo Otoni;3;2022;633;47.39336492890995
2022;2022-04;Toledo;0;2022;66;0.0
2022;2022-04;Uberaba;4;2022;1703;23.48796241926013
2022;2022-04;Uberlândia;11;2022;3115;35.313001605136435
2022;2022-04;Uruguaiana;1;2022;210;47.61904761904762
2022;2022-04;Valença;0;2022;20;0.0
2022;2022-04;Vitória;0;2022;73;0.0
2022;2022-04;Vitória da Conquista;0;2022;63;0.0
2022;2022-04;Volta Redonda - Barra Mansa;5;2022;2314;21.6076058772688
2022;2022-05;Afonso Cláudio - Venda Nova do Imigrante - Santa Maria de Jetibá;0;2022;567;0.0
2022;2022-05;Alegre;3;2022;357;84.03361344537815
2022;2022-05;Araranguá;0;2022;451;0.0
2022;2022-05;Atalaia;0;2022;7;0.0
2022;2022-05;Bagé;0;2022;190;0.0
2022;2022-05;Belo Horizonte;123;2022;33319;36.91587382574507
2022;2022-05;Belém;12;2022;13358;8.983380745620602
2022;2022-05;Bento Gonçalves;0;2022;423;0.0
2022;2022-05;Boa Vista;0;2022;499;0.0
2022;2022-05;Bragança Paulista;0;2022;34;0.0
2022;2022-05;Brumado;1;2022;266;37.59398496240601
2022;2022-05;Camacan;0;2022;2;0.0
2022;2022-05;Campina Grande;2;2022;2245;8.908685968819599
2022;2022-05;Campo Belo;0;2022;18;0.0
2022;2022-05;Campos dos Goytacazes;0;2022;1020;0.0
2022;2022-05;Caratinga;0;2022;513;0.0
2022;2022-05;Carazinho;0;2022;67;0.0
2022;2022-05;Cascavel;0;2022;32;0.0
2022;2022-05;Catalão;1;2022;277;36.101083032490976
2022;2022-05;Catanduva;0;2022;27;0.0
2022;2022-05;Caxias do Sul;2;2022;2853;7.010164738871364
2022;2022-05;Ceres - Rialma - Goianésia;0;2022;1;0.0
2022;2022-05;Conceição do Coité;0;2022;24;0.0
2022;2022-05;Cruz Alta;0;2022;291;0.0
2022;2022-05;Curitiba;35;2022;17424;20.087235996326907
2022;2022-05;Curitibanos;0;2022;5;0.0
2022;2022-05;Distrito Federal;191;2022;13408;142.45226730310264
2022;2022-05;Eunápolis - Porto Seguro;0;2022;24;0.0
2022;2022-05;Frederico Westphalen;1;2022;238;42.016806722689076
2022;2022-05;Goiana ¿ Timbaúba;0;2022;236;0.0
2022;2022-05;Guarabira;0;2022;60;0.0
2022;2022-05;Guarapuava;0;2022;14;0.0
2022;2022-05;Gurupi;0;2022;36;0.0
2022;2022-05;Ijuí;1;2022;602;16.611295681063122
2022;2022-05;Imperatriz;0;2022;20;0.0
2022;2022-05;Itacoatiara;0;2022;29;0.0
2022;2022-05;Jaú;0;2022;83;0.0
2022;2022-05;Ji-Paraná;0;2022;31;0.0
2022;2022-05;Joaçaba - Herval d'Oeste;0;2022;338;0.0
2022;2022-05;Joinville;0;2022;38;0.0
2022;2022-05;Juiz de Fora;3;2022;2568;11.682242990654204
2022;2022-05;Linhares;0;2022;937;0.0
2022;2022-05;Maceió;0;2022;35;0.0
2022;2022-05;Manaus;25;2022;4047;61.774153694094394
2022;2022-05;Mantena;0;2022;133;0.0
2022;2022-05;Maringá;9;2022;3831;23.492560689115116
2022;2022-05;Marília;3;2022;1119;26.80965147453083
2022;2022-05;Monteiro;0;2022;2;0.0
2022;2022-05;Mossoró;0;2022;25;0.0
2022;2022-05;Natal;0;2022;11;0.0
2022;2022-05;Nazaré ¿ Maragogipe;0;2022;40;0.0
2022;2022-05;Nova Prata - Guaporé;0;2022;358;0.0
2022;2022-05;Oliveira;2;2022;607;32.948929159802304
2022;2022-05;Passo Fundo;1;2022;874;11.441647597254004
2022;2022-05;Passos;0;2022;712;0.0
2022;2022-05;Patos;0;2022;55;0.0
2022;2022-05;Pinheiro;0;2022;88;0.0
2022;2022-05;Pirapora;2;2022;183;109.2896174863388
2022;2022-05;Piumhi;0;2022;12;0.0
2022;2022-05;Ponte Nova;0;2022;12;0.0
2022;2022-05;Porto Alegre;33;2022;20837;15.8372126505735
2022;2022-05;Princesa Isabel;0;2022;25;0.0
2022;2022-05;Quirinópolis;0;2022;122;0.0
2022;2022-05;Resende;0;2022;489;0.0
2022;2022-05;Ribeirão Preto;12;2022;5529;21.70374389582203
2022;2022-05;Rio Claro;0;2022;254;0.0
2022;2022-05;Rio de Janeiro;118;2022;39424;29.931006493506494
2022;2022-05;Russas - Limoeiro do Norte;1;2022;841;11.890606420927467
2022;2022-05;Salvador;61;2022;11937;51.101616821646985
2022;2022-05;Santa Cruz do Sul;0;2022;1031;0.0
2022;2022-05;Santa Inês;0;2022;46;0.0
2022;2022-05;Santa Maria;0;2022;1169;0.0
2022;2022-05;Santa Maria da Vitoria;0;2022;8;0.0
2022;2022-05;Santana do Livramento;1;2022;101;99.00990099009901
2022;2022-05;Santos;0;2022;1142;0.0
2022;2022-05;Serra Talhada;1;2022;95;105.26315789473684
2022;2022-05;Soledade;0;2022;298;0.0
2022;2022-05;São Miguel do Oeste;2;2022;349;57.306590257879655
2022;2022-05;São Paulo;215;2022;70656;30.429121376811594
2022;2022-05;Teófilo Otoni;1;2022;633;15.797788309636651
2022;2022-05;Toledo;0;2022;66;0.0
2022;2022-05;Uberaba;4;2022;1703;23.48796241926013
2022;2022-05;Uberlândia;12;2022;3115;38.523274478330656
2022;2022-05;Uruguaiana;0;2022;210;0.0
2022;2022-05;Valença;0;2022;20;0.0
2022;2022-05;Vitória;2;2022;73;273.972602739726
2022;2022-05;Vitória da Conquista;0;2022;63;0.0
2022;2022-05;Volta Redonda - Barra Mansa;2;2022;2314;8.64304235090752
2022;2022-06;Afonso Cláudio - Venda Nova do Imigrante - Santa Maria de Jetibá;0;2022;567;0.0
2022;2022-06;Alegre;2;2022;357;56.022408963585434
2022;2022-06;Araranguá;0;2022;451;0.0
2022;2022-06;Atalaia;0;2022;7;0.0
2022;2022-06;Bagé;3;2022;190;157.89473684210526
2022;2022-06;Belo Horizonte;88;2022;33319;26.411356883459888
2022;2022-06;Belém;17;2022;13358;12.726456056295854
2022;2022-06;Bento Gonçalves;0;2022;423;0.0
2022;2022-06;Boa Vista;0;2022;499;0.0
2022;2022-06;Bragança Paulista;0;2022;34;0.0
2022;2022-06;Brumado;1;2022;266;37.59398496240601
2022;2022-06;Camacan;0;2022;2;0.0
2022;2022-06;Campina Grande;6;2022;2245;26.7260579064588
2022;2022-06;Campo Belo;0;2022;18;0.0
2022;2022-06;Campos dos Goytacazes;0;2022;1020;0.0
2022;2022-06;Caratinga;1;2022;513;19.49317738791423
2022;2022-06;Carazinho;0;2022;67;0.0
2022;2022-06;Cascavel;0;2022;32;0.0
2022;2022-06;Catalão;0;2022;277;0.0
2022;2022-06;Catanduva;0;2022;27;0.0
2022;2022-06;Caxias do Sul;0;2022;2853;0.0
2022;2022-06;Ceres - Rialma - Goianésia;0;2022;1;0.0
2022;2022-06;Conceição do Coité;0;2022;24;0.0
2022;2022-06;Cruz Alta;0;2022;291;0.0
2022;2022-06;Curitiba;43;2022;17424;24.67860422405877
2022;2022-06;Curitibanos;0;2022;5;0.0
2022;2022-06;Distrito Federal;175;2022;13408;130.51909307875894
2022;2022-06;Eunápolis - Porto Seguro;0;2022;24;0.0
2022;2022-06;Frederico Westphalen;2;2022;238;84.03361344537815
2022;2022-06;Goiana ¿ Timbaúba;0;2022;236;0.0
2022;2022-06;Guarabira;0;2022;60;0.0
2022;2022-06;Guarapuava;0;2022;14;0.0
2022;2022-06;Gurupi;0;2022;36;0.0
2022;2022-06;Ijuí;1;2022;602;16.611295681063122
2022;2022-06;Imperatriz;0;2022;20;0.0
2022;2022-06;Itacoatiara;0;2022;29;0.0
2022;2022-06;Jaú;0;2022;83;0.0
2022;2022-06;Ji-Paraná;0;2022;31;0.0
2022;2022-06;Joaçaba - Herval d'Oeste;0;2022;338;0.0
2022;2022-06;Joinville;0;2022;38;0.0
2022;2022-06;Juiz de Fora;1;2022;2568;3.894080996884735
2022;2022-06;Linhares;0;2022;937;0.0
2022;2022-06;Maceió;0;2022;35;0.0
2022;2022-06;Manaus;20;2022;4047;49.41932295527552
2022;2022-06;Mantena;0;2022;133;0.0
2022;2022-06;Maringá;16;2022;3831;41.76455233620465
2022;2022-06;Marília;4;2022;1119;35.746201966041106
2022;2022-06;Monteiro;0;2022;2;0.0
2022;2022-06;Mossoró;0;2022;25;0.0
2022;2022-06;Natal;0;2022;11;0.0
2022;2022-06;Nazaré ¿ Maragogipe;0;2022;40;0.0
2022;2022-06;Nova Prata - Guaporé;2;2022;358;55.865921787709496
2022;2022-06;Oliveira;0;2022;607;0.0
2022;2022-06;Passo Fundo;3;2022;874;34.32494279176201
2022;2022-06;Passos;0;2022;712;0.0
2022;2022-06;Patos;0;2022;55;0.0
2022;2022-06;Pinheiro;0;2022;88;0.0
2022;2022-06;Pirapora;2;2022;183;109.2896174863388
2022;2022-06;Piumhi;0;2022;12;0.0
2022;2022-06;Ponte Nova;0;2022;12;0.0
2022;2022-06;Porto Alegre;28;2022;20837;13.43763497624418
2022;2022-06;Princesa Isabel;0;2022;25;0.0
2022;2022-06;Quirinópolis;2;2022;122;163.9344262295082
2022;2022-06;Resende;1;2022;489;20.449897750511248
2022;2022-06;Ribeirão Preto;13;2022;5529;23.512389220473867
2022;2022-06;Rio Claro;0;2022;254;0.0
2022;2022-06;Rio de Janeiro;123;2022;39424;31.19926948051948
2022;2022-06;Russas - Limoeiro do Norte;0;2022;841;0.0
2022;2022-06;Salvador;55;2022;11937;46.07522828181285
2022;2022-06;Santa Cruz do Sul;2;2022;1031;19.398642095053347
2022;2022-06;Santa Inês;0;2022;46;0.0
2022;2022-06;Santa Maria;1;2022;1169;8.55431993156544
2022;2022-06;Santa Maria da Vitoria;0;2022;8;0.0
2022;2022-06;Santana do Livramento;0;2022;101;0.0
2022;2022-06;Santos;0;2022;1142;0.0
2022;2022-06;Serra Talhada;3;2022;95;315.7894736842105
2022;2022-06;Soledade;0;2022;298;0.0
2022;2022-06;São Miguel do Oeste;4;2022;349;114.61318051575931
2022;2022-06;São Paulo;208;2022;70656;29.43840579710145
2022;2022-06;Teófilo Otoni;0;2022;633;0.0
2022;2022-06;Toledo;0;2022;66;0.0
2022;2022-06;Uberaba;6;2022;1703;35.23194362889019
2022;2022-06;Uberlândia;3;2022;3115;9.630818619582664
2022;2022-06;Uruguaiana;0;2022;210;0.0
2022;2022-06;Valença;0;2022;20;0.0
2022;2022-06;Vitória;0;2022;73;0.0
2022;2022-06;Vitória da Conquista;0;2022;63;0.0
2022;2022-06;Volta Redonda - Barra Mansa;2;2022;2314;8.64304235090752
2022;2022-07;Afonso Cláudio - Venda Nova do Imigrante - Santa Maria de Jetibá;1;2022;567;17.636684303350968
2022;2022-07;Alegre;1;2022;357;28.011204481792717
2022;2022-07;Araranguá;1;2022;451;22.172949002217294
2022;2022-07;Atalaia;0;2022;7;0.0
2022;2022-07;Bagé;0;2022;190;0.0
2022;2022-07;Belo Horizonte;110;2022;33319;33.01419610432486
2022;2022-07;Belém;9;2022;13358;6.737535559215451
2022;2022-07;Bento Gonçalves;0;2022;423;0.0
2022;2022-07;Boa Vista;1;2022;499;20.040080160320638
2022;2022-07;Bragança Paulista;0;2022;34;0.0
2022;2022-07;Brumado;1;2022;266;37.59398496240601
2022;2022-07;Camacan;0;2022;2;0.0
2022;2022-07;Campina Grande;6;2022;2245;26.7260579064588
2022;2022-07;Campo Belo;0;2022;18;0.0
2022;2022-07;Campos dos Goytacazes;2;2022;1020;19.607843137254903
2022;2022-07;Caratinga;1;2022;513;19.49317738791423
2022;2022-07;Carazinho;0;2022;67;0.0
2022;2022-07;Cascavel;0;2022;32;0.0
2022;2022-07;Catalão;0;2022;277;0.0
2022;2022-07;Catanduva;0;2022;27;0.0
2022;2022-07;Caxias do Sul;0;2022;2853;0.0
2022;2022-07;Ceres - Rialma - Goianésia;0;2022;1;0.0
2022;2022-07;Conceição do Coité;0;2022;24;0.0
2022;2022-07;Cruz Alta;1;2022;291;34.36426116838488
2022;2022-07;Curitiba;56;2022;17424;32.13957759412305
2022;2022-07;Curitibanos;0;2022;5;0.0
2022;2022-07;Distrito Federal;185;2022;13408;137.97732696897376
2022;2022-07;Eunápolis - Porto Seguro;2;2022;24;833.3333333333333
2022;2022-07;Frederico Westphalen;5;2022;238;210.0840336134454
2022;2022-07;Goiana ¿ Timbaúba;0;2022;236;0.0
2022;2022-07;Guarabira;1;2022;60;166.66666666666666
2022;2022-07;Guarapuava;0;2022;14;0.0
2022;2022-07;Gurupi;0;2022;36;0.0
2022;2022-07;Ijuí;2;2022;602;33.222591362126245
2022;2022-07;Imperatriz;0;2022;20;0.0
2022;2022-07;Itacoatiara;0;2022;29;0.0
2022;2022-07;Jaú;0;2022;83;0.0
2022;2022-07;Ji-Paraná;0;2022;31;0.0
2022;2022-07;Joaçaba - Herval d'Oeste;0;2022;338;0.0
2022;2022-07;Joinville;0;2022;38;0.0
2022;2022-07;Juiz de Fora;4;2022;2568;15.57632398753894
2022;2022-07;Linhares;0;2022;937;0.0
2022;2022-07;Maceió;0;2022;35;0.0
2022;2022-07;Manaus;33;2022;4047;81.5418828762046
2022;2022-07;Mantena;0;2022;133;0.0
2022;2022-07;Maringá;13;2022;3831;33.93369877316628
2022;2022-07;Marília;6;2022;1119;53.61930294906166
2022;2022-07;Monteiro;0;2022;2;0.0
2022;2022-07;Mossoró;0;2022;25;0.0
2022;2022-07;Natal;0;2022;11;0.0
2022;2022-07;Nazaré ¿ Maragogipe;0;2022;40;0.0
2022;2022-07;Nova Prata - Guaporé;3;2022;358;83.79888268156425
2022;2022-07;Oliveira;0;2022;607;0.0
2022;2022-07;Passo Fundo;0;2022;874;0.0
2022;2022-07;Passos;4;2022;712;56.17977528089887
2022;2022-07;Patos;0;2022;55;0.0
2022;2022-07;Pinheiro;0;2022;88;0.0
2022;2022-07;Pirapora;1;2022;183;54.6448087431694
2022;2022-07;Piumhi;0;2022;12;0.0
2022;2022-07;Ponte Nova;0;2022;12;0.0
2022;2022-07;Porto Alegre;32;2022;20837;15.357297115707635
2022;2022-07;Princesa Isabel;0;2022;25;0.0
2022;2022-07;Quirinópolis;1;2022;122;81.9672131147541
2022;2022-07;Resende;0;2022;489;0.0
2022;2022-07;Ribeirão Preto;13;2022;5529;23.512389220473867
2022;2022-07;Rio Claro;0;2022;254;0.0
2022;2022-07;Rio de Janeiro;136;2022;39424;34.496753246753244
2022;2022-07;Russas - Limoeiro do Norte;0;2022;841;0.0
2022;2022-07;Salvador;69;2022;11937;57.80346820809248
2022;2022-07;Santa Cruz do Sul;4;2022;1031;38.797284190106694
2022;2022-07;Santa Inês;1;2022;46;217.3913043478261
2022;2022-07;Santa Maria;1;2022;1169;8.55431993156544
2022;2022-07;Santa Maria da Vitoria;0;2022;8;0.0
2022;2022-07;Santana do Livramento;1;2022;101;99.00990099009901
2022;2022-07;Santos;0;2022;1142;0.0
2022;2022-07;Serra Talhada;1;2022;95;105.26315789473684
2022;2022-07;Soledade;0;2022;298;0.0
2022;2022-07;São Miguel do Oeste;1;2022;349;28.653295128939828
2022;2022-07;São Paulo;234;2022;70656;33.11820652173913
2022;2022-07;Teófilo Otoni;0;2022;633;0.0
2022;2022-07;Toledo;0;2022;66;0.0
2022;2022-07;Uberaba;3;2022;1703;17.615971814445096
2022;2022-07;Uberlândia;6;2022;3115;19.261637239165328
2022;2022-07;Uruguaiana;0;2022;210;0.0
2022;2022-07;Valença;0;2022;20;0.0
2022;2022-07;Vitória;0;2022;73;0.0
2022;2022-07;Vitória da Conquista;0;2022;63;0.0
2022;2022-07;Volta Redonda - Barra Mansa;4;2022;2314;17.28608470181504
2022;2022-08;Afonso Cláudio - Venda Nova do Imigrante - Santa Maria de Jetibá;0;2022;567;0.0
2022;2022-08;Alegre;0;2022;357;0.0
2022;2022-08;Araranguá;0;2022;451;0.0
2022;2022-08;Atalaia;0;2022;7;0.0
2022;2022-08;Bagé;0;2022;190;0.0
2022;2022-08;Belo Horizonte;107;2022;33319;32.113808937843274
2022;2022-08;Belém;11;2022;13358;8.234765683485552
2022;2022-08;Bento Gonçalves;0;2022;423;0.0
2022;2022-08;Boa Vista;0;2022;499;0.0
2022;2022-08;Bragança Paulista;0;2022;34;0.0
2022;2022-08;Brumado;0;2022;266;0.0
2022;2022-08;Camacan;0;2022;2;0.0
2022;2022-08;Campina Grande;8;2022;2245;35.634743875278396
2022;2022-08;Campo Belo;0;2022;18;0.0
2022;2022-08;Campos dos Goytacazes;1;2022;1020;9.803921568627452
2022;2022-08;Caratinga;2;2022;513;38.98635477582846
2022;2022-08;Carazinho;0;2022;67;0.0
2022;2022-08;Cascavel;1;2022;32;312.5
2022;2022-08;Catalão;3;2022;277;108.30324909747291
2022;2022-08;Catanduva;0;2022;27;0.0
2022;2022-08;Caxias do Sul;2;2022;2853;7.010164738871364
2022;2022-08;Ceres - Rialma - Goianésia;0;2022;1;0.0
2022;2022-08;Conceição do Coité;0;2022;24;0.0
2022;2022-08;Cruz Alta;0;2022;291;0.0
2022;2022-08;Curitiba;60;2022;17424;34.43526170798898
2022;2022-08;Curitibanos;0;2022;5;0.0
2022;2022-08;Distrito Federal;161;2022;13408;120.07756563245823
2022;2022-08;Eunápolis - Porto Seguro;0;2022;24;0.0
2022;2022-08;Frederico Westphalen;2;2022;238;84.03361344537815
2022;2022-08;Goiana ¿ Timbaúba;0;2022;236;0.0
2022;2022-08;Guarabira;0;2022;60;0.0
2022;2022-08;Guarapuava;0;2022;14;0.0
2022;2022-08;Gurupi;0;2022;36;0.0
2022;2022-08;Ijuí;0;2022;602;0.0
2022;2022-08;Imperatriz;0;2022;20;0.0
2022;2022-08;Itacoatiara;0;2022;29;0.0
2022;2022-08;Jaú;0;2022;83;0.0
2022;2022-08;Ji-Paraná;0;2022;31;0.0
2022;2022-08;Joaçaba - Herval d'Oeste;0;2022;338;0.0
2022;2022-08;Joinville;0;2022;38;0.0
2022;2022-08;Juiz de Fora;1;2022;2568;3.894080996884735
2022;2022-08;Linhares;0;2022;937;0.0
2022;2022-08;Maceió;0;2022;35;0.0
2022;2022-08;Manaus;31;2022;4047;76.59995058067705
2022;2022-08;Mantena;0;2022;133;0.0
2022;2022-08;Maringá;13;2022;3831;33.93369877316628
2022;2022-08;Marília;5;2022;1119;44.68275245755138
2022;2022-08;Monteiro;0;2022;2;0.0
2022;2022-08;Mossoró;0;2022;25;0.0
2022;2022-08;Natal;0;2022;11;0.0
2022;2022-08;Nazaré ¿ Maragogipe;0;2022;40;0.0
2022;2022-08;Nova Prata - Guaporé;0;2022;358;0.0
2022;2022-08;Oliveira;0;2022;607;0.0
2022;2022-08;Passo Fundo;1;2022;874;11.441647597254004
2022;2022-08;Passos;0;2022;712;0.0
2022;2022-08;Patos;0;2022;55;0.0
2022;2022-08;Pinheiro;0;2022;88;0.0
2022;2022-08;Pirapora;0;2022;183;0.0
2022;2022-08;Piumhi;0;2022;12;0.0
2022;2022-08;Ponte Nova;0;2022;12;0.0
2022;2022-08;Porto Alegre;57;2022;20837;27.355185487354227
2022;2022-08;Princesa Isabel;0;2022;25;0.0
2022;2022-08;Quirinópolis;0;2022;122;0.0
2022;2022-08;Resende;1;2022;489;20.449897750511248
2022;2022-08;Ribeirão Preto;3;2022;5529;5.425935973955507
2022;2022-08;Rio Claro;0;2022;254;0.0
2022;2022-08;Rio de Janeiro;127;2022;39424;32.21387987012987
2022;2022-08;Russas - Limoeiro do Norte;0;2022;841;0.0
2022;2022-08;Salvador;56;2022;11937;46.91295970511854
2022;2022-08;Santa Cruz do Sul;1;2022;1031;9.699321047526674
2022;2022-08;Santa Inês;0;2022;46;0.0
2022;2022-08;Santa Maria;0;2022;1169;0.0
2022;2022-08;Santa Maria da Vitoria;0;2022;8;0.0
2022;2022-08;Santana do Livramento;0;2022;101;0.0
2022;2022-08;Santos;0;2022;1142;0.0
2022;2022-08;Serra Talhada;3;2022;95;315.7894736842105
2022;2022-08;Soledade;0;2022;298;0.0
2022;2022-08;São Miguel do Oeste;0;2022;349;0.0
2022;2022-08;São Paulo;259;2022;70656;36.65647644927536
2022;2022-08;Teófilo Otoni;0;2022;633;0.0
2022;2022-08;Toledo;0;2022;66;0.0
2022;2022-08;Uberaba;0;2022;1703;0.0
2022;2022-08;Uberlândia;12;2022;3115;38.523274478330656
2022;2022-08;Uruguaiana;0;2022;210;0.0
2022;2022-08;Valença;1;2022;20;500.0
2022;2022-08;Vitória;0;2022;73;0.0
2022;2022-08;Vitória da Conquista;0;2022;63;0.0
2022;2022-08;Volta Redonda - Barra Mansa;1;2022;2314;4.32152117545376
2022;2022-09;Afonso Cláudio - Venda Nova do Imigrante - Santa Maria de Jetibá;0;2022;567;0.0
2022;2022-09;Alegre;0;2022;357;0.0
2022;2022-09;Araranguá;0;2022;451;0.0
2022;2022-09;Atalaia;0;2022;7;0.0
2022;2022-09;Bagé;0;2022;190;0.0
2022;2022-09;Belo Horizonte;89;2022;33319;26.71148593895375
2022;2022-09;Belém;1;2022;13358;0.7486150621350502
2022;2022-09;Bento Gonçalves;1;2022;423;23.64066193853428
2022;2022-09;Boa Vista;0;2022;499;0.0
2022;2022-09;Bragança Paulista;0;2022;34;0.0
2022;2022-09;Brumado;2;2022;266;75.18796992481202
2022;2022-09;Camacan;0;2022;2;0.0
2022;2022-09;Campina Grande;1;2022;2245;4.4543429844097995
2022;2022-09;Campo Belo;0;2022;18;0.0
2022;2022-09;Campos dos Goytacazes;1;2022;1020;9.803921568627452
2022;2022-09;Caratinga;0;2022;513;0.0
2022;2022-09;Carazinho;0;2022;67;0.0
2022;2022-09;Cascavel;0;2022;32;0.0
2022;2022-09;Catalão;0;2022;277;0.0
2022;2022-09;Catanduva;0;2022;27;0.0
2022;2022-09;Caxias do Sul;6;2022;2853;21.03049421661409
2022;2022-09;Ceres - Rialma - Goianésia;0;2022;1;0.0
2022;2022-09;Conceição do Coité;0;2022;24;0.0
2022;2022-09;Cruz Alta;6;2022;291;206.18556701030928
2022;2022-09;Curitiba;103;2022;17424;59.113865932047744
2022;2022-09;Curitibanos;0;2022;5;0.0
2022;2022-09;Distrito Federal;197;2022;13408;146.9272076372315
2022;2022-09;Eunápolis - Porto Seguro;0;2022;24;0.0
2022;2022-09;Frederico Westphalen;9;2022;238;378.1512605042017
2022;2022-09;Goiana ¿ Timbaúba;0;2022;236;0.0
2022;2022-09;Guarabira;0;2022;60;0.0
2022;2022-09;Guarapuava;0;2022;14;0.0
2022;2022-09;Gurupi;0;2022;36;0.0
2022;2022-09;Ijuí;0;2022;602;0.0
2022;2022-09;Imperatriz;0;2022;20;0.0
2022;2022-09;Itacoatiara;0;2022;29;0.0
2022;2022-09;Jaú;1;2022;83;120.48192771084338
2022;2022-09;Ji-Paraná;0;2022;31;0.0
2022;2022-09;Joaçaba - Herval d'Oeste;0;2022;338;0.0
2022;2022-09;Joinville;0;2022;38;0.0
2022;2022-09;Juiz de Fora;0;2022;2568;0.0
2022;2022-09;Linhares;0;2022;937;0.0
2022;2022-09;Maceió;0;2022;35;0.0
2022;2022-09;Manaus;23;2022;4047;56.832221398566844
2022;2022-09;Mantena;0;2022;133;0.0
2022;2022-09;Maringá;9;2022;3831;23.492560689115116
2022;2022-09;Marília;5;2022;1119;44.68275245755138
2022;2022-09;Monteiro;0;2022;2;0.0
2022;2022-09;Mossoró;0;2022;25;0.0
2022;2022-09;Natal;0;2022;11;0.0
2022;2022-09;Nazaré ¿ Maragogipe;0;2022;40;0.0
2022;2022-09;Nova Prata - Guaporé;0;2022;358;0.0
2022;2022-09;Oliveira;0;2022;607;0.0
2022;2022-09;Passo Fundo;0;2022;874;0.0
2022;2022-09;Passos;8;2022;712;112.35955056179775
2022;2022-09;Patos;0;2022;55;0.0
2022;2022-09;Pinheiro;0;2022;88;0.0
2022;2022-09;Pirapora;2;2022;183;109.2896174863388
2022;2022-09;Piumhi;0;2022;12;0.0
2022;2022-09;Ponte Nova;0;2022;12;0.0
2022;2022-09;Porto Alegre;98;2022;20837;47.031722416854635
2022;2022-09;Princesa Isabel;0;2022;25;0.0
2022;2022-09;Quirinópolis;0;2022;122;0.0
2022;2022-09;Resende;1;2022;489;20.449897750511248
2022;2022-09;Ribeirão Preto;2;2022;5529;3.6172906493036714
2022;2022-09;Rio Claro;0;2022;254;0.0
2022;2022-09;Rio de Janeiro;123;2022;39424;31.19926948051948
2022;2022-09;Russas - Limoeiro do Norte;0;2022;841;0.0
2022;2022-09;Salvador;84;2022;11937;70.36943955767781
2022;2022-09;Santa Cruz do Sul;2;2022;1031;19.398642095053347
2022;2022-09;Santa Inês;0;2022;46;0.0
2022;2022-09;Santa Maria;0;2022;1169;0.0
2022;2022-09;Santa Maria da Vitoria;0;2022;8;0.0
2022;2022-09;Santana do Livramento;0;2022;101;0.0
2022;2022-09;Santos;0;2022;1142;0.0
2022;2022-09;Serra Talhada;1;2022;95;105.26315789473684
2022;2022-09;Soledade;0;2022;298;0.0
2022;2022-09;São Miguel do Oeste;7;2022;349;200.5730659025788
2022;2022-09;São Paulo;268;2022;70656;37.930253623188406
2022;2022-09;Teófilo Otoni;2;2022;633;31.595576619273302
2022;2022-09;Toledo;0;2022;66;0.0
2022;2022-09;Uberaba;0;2022;1703;0.0
2022;2022-09;Uberlândia;16;2022;3115;51.364365971107546
2022;2022-09;Uruguaiana;0;2022;210;0.0
2022;2022-09;Valença;0;2022;20;0.0
2022;2022-09;Vitória;0;2022;73;0.0
2022;2022-09;Vitória da Conquista;0;2022;63;0.0
2022;2022-09;Volta Redonda - Barra Mansa;0;2022;2314;0.0
2022;2022-10;Afonso Cláudio - Venda Nova do Imigrante - Santa Maria de Jetibá;1;2022;567;17.636684303350968
2022;2022-10;Alegre;0;2022;357;0.0
2022;2022-10;Araranguá;0;2022;451;0.0
2022;2022-10;Atalaia;0;2022;7;0.0
2022;2022-10;Bagé;0;2022;190;0.0
2022;2022-10;Belo Horizonte;108;2022;33319;32.413937993337136
2022;2022-10;Belém;23;2022;13358;17.218146429106152
2022;2022-10;Bento Gonçalves;0;2022;423;0.0
2022;2022-10;Boa Vista;0;2022;499;0.0
2022;2022-10;Bragança Paulista;0;2022;34;0.0
2022;2022-10;Brumado;2;2022;266;75.18796992481202
2022;2022-10;Camacan;0;2022;2;0.0
2022;2022-10;Campina Grande;3;2022;2245;13.3630289532294
2022;2022-10;Campo Belo;0;2022;18;0.0
2022;2022-10;Campos dos Goytacazes;0;2022;1020;0.0
2022;2022-10;Caratinga;2;2022;513;38.98635477582846
2022;2022-10;Carazinho;0;2022;67;0.0
2022;2022-10;Cascavel;0;2022;32;0.0
2022;2022-10;Catalão;3;2022;277;108.30324909747291
2022;2022-10;Catanduva;1;2022;27;370.3703703703703
2022;2022-10;Caxias do Sul;6;2022;2853;21.03049421661409
2022;2022-10;Ceres - Rialma - Goianésia;0;2022;1;0.0
2022;2022-10;Conceição do Coité;0;2022;24;0.0
2022;2022-10;Cruz Alta;0;2022;291;0.0
2022;2022-10;Curitiba;142;2022;17424;81.49678604224059
2022;2022-10;Curitibanos;0;2022;5;0.0
2022;2022-10;Distrito Federal;184;2022;13408;137.23150357995226
2022;2022-10;Eunápolis - Porto Seguro;0;2022;24;0.0
2022;2022-10;Frederico Westphalen;5;2022;238;210.0840336134454
2022;2022-10;Goiana ¿ Timbaúba;2;2022;236;84.7457627118644
2022;2022-10;Guarabira;0;2022;60;0.0
2022;2022-10;Guarapuava;0;2022;14;0.0
2022;2022-10;Gurupi;0;2022;36;0.0
2022;2022-10;Ijuí;2;2022;602;33.222591362126245
2022;2022-10;Imperatriz;0;2022;20;0.0
2022;2022-10;Itacoatiara;0;2022;29;0.0
2022;2022-10;Jaú;1;2022;83;120.48192771084338
2022;2022-10;Ji-Paraná;0;2022;31;0.0
2022;2022-10;Joaçaba - Herval d'Oeste;1;2022;338;29.585798816568047
2022;2022-10;Joinville;0;2022;38;0.0
2022;2022-10;Juiz de Fora;2;2022;2568;7.78816199376947
2022;2022-10;Linhares;1;2022;937;10.672358591248667
2022;2022-10;Maceió;0;2022;35;0.0
2022;2022-10;Manaus;27;2022;4047;66.71608598962194
2022;2022-10;Mantena;0;2022;133;0.0
2022;2022-10;Maringá;17;2022;3831;44.37483685721744
2022;2022-10;Marília;4;2022;1119;35.746201966041106
2022;2022-10;Monteiro;0;2022;2;0.0
2022;2022-10;Mossoró;0;2022;25;0.0
2022;2022-10;Natal;0;2022;11;0.0
2022;2022-10;Nazaré ¿ Maragogipe;0;2022;40;0.0
2022;2022-10;Nova Prata - Guaporé;0;2022;358;0.0
2022;2022-10;Oliveira;0;2022;607;0.0
2022;2022-10;Passo Fundo;8;2022;874;91.53318077803203
2022;2022-10;Passos;7;2022;712;98.31460674157303
2022;2022-10;Patos;0;2022;55;0.0
2022;2022-10;Pinheiro;0;2022;88;0.0
2022;2022-10;Pirapora;0;2022;183;0.0
2022;2022-10;Piumhi;0;2022;12;0.0
2022;2022-10;Ponte Nova;0;2022;12;0.0
2022;2022-10;Porto Alegre;184;2022;20837;88.3044584153189
2022;2022-10;Princesa Isabel;0;2022;25;0.0
2022;2022-10;Quirinópolis;0;2022;122;0.0
2022;2022-10;Resende;3;2022;489;61.34969325153374
2022;2022-10;Ribeirão Preto;7;2022;5529;12.66051727256285
2022;2022-10;Rio Claro;1;2022;254;39.37007874015748
2022;2022-10;Rio de Janeiro;121;2022;39424;30.691964285714285
2022;2022-10;Russas - Limoeiro do Norte;2;2022;841;23.781212841854934
2022;2022-10;Salvador;79;2022;11937;66.18078244114938
2022;2022-10;Santa Cruz do Sul;4;2022;1031;38.797284190106694
2022;2022-10;Santa Inês;2;2022;46;434.7826086956522
2022;2022-10;Santa Maria;0;2022;1169;0.0
2022;2022-10;Santa Maria da Vitoria;0;2022;8;0.0
2022;2022-10;Santana do Livramento;1;2022;101;99.00990099009901
2022;2022-10;Santos;1;2022;1142;8.756567425569177
2022;2022-10;Serra Talhada;0;2022;95;0.0
2022;2022-10;Soledade;0;2022;298;0.0
2022;2022-10;São Miguel do Oeste;2;2022;349;57.306590257879655
2022;2022-10;São Paulo;338;2022;70656;47.83740942028986
2022;2022-10;Teófilo Otoni;1;2022;633;15.797788309636651
2022;2022-10;Toledo;1;2022;66;151.51515151515153
2022;2022-10;Uberaba;5;2022;1703;29.35995302407516
2022;2022-10;Uberlândia;14;2022;3115;44.943820224719104
2022;2022-10;Uruguaiana;0;2022;210;0.0
2022;2022-10;Valença;0;2022;20;0.0
2022;2022-10;Vitória;0;2022;73;0.0
2022;2022-10;Vitória da Conquista;0;2022;63;0.0
2022;2022-10;Volta Redonda - Barra Mansa;2;2022;2314;8.64304235090752
2022;2022-11;Afonso Cláudio - Venda Nova do Imigrante - Santa Maria de Jetibá;0;2022;567;0.0
2022;2022-11;Alegre;1;2022;357;28.011204481792717
2022;2022-11;Araranguá;1;2022;451;22.172949002217294
2022;2022-11;Atalaia;0;2022;7;0.0
2022;2022-11;Bagé;2;2022;190;105.26315789473684
2022;2022-11;Belo Horizonte;150;2022;33319;45.019358324079356
2022;2022-11;Belém;10;2022;13358;7.486150621350501
2022;2022-11;Bento Gonçalves;0;2022;423;0.0
2022;2022-11;Boa Vista;0;2022;499;0.0
2022;2022-11;Bragança Paulista;0;2022;34;0.0
2022;2022-11;Brumado;1;2022;266;37.59398496240601
2022;2022-11;Camacan;0;2022;2;0.0
2022;2022-11;Campina Grande;3;2022;2245;13.3630289532294
2022;2022-11;Campo Belo;0;2022;18;0.0
2022;2022-11;Campos dos Goytacazes;1;2022;1020;9.803921568627452
2022;2022-11;Caratinga;2;2022;513;38.98635477582846
2022;2022-11;Carazinho;6;2022;67;895.5223880597015
2022;2022-11;Cascavel;0;2022;32;0.0
2022;2022-11;Catalão;5;2022;277;180.50541516245488
2022;2022-11;Catanduva;0;2022;27;0.0
2022;2022-11;Caxias do Sul;8;2022;2853;28.040658955485455
2022;2022-11;Ceres - Rialma - Goianésia;0;2022;1;0.0
2022;2022-11;Conceição do Coité;0;2022;24;0.0
2022;2022-11;Cruz Alta;1;2022;291;34.36426116838488
2022;2022-11;Curitiba;179;2022;17424;102.73186409550047
2022;2022-11;Curitibanos;0;2022;5;0.0
2022;2022-11;Distrito Federal;200;2022;13408;149.16467780429593
2022;2022-11;Eunápolis - Porto Seguro;1;2022;24;416.66666666666663
2022;2022-11;Frederico Westphalen;5;2022;238;210.0840336134454
2022;2022-11;Goiana ¿ Timbaúba;3;2022;236;127.11864406779662
2022;2022-11;Guarabira;0;2022;60;0.0
2022;2022-11;Guarapuava;0;2022;14;0.0
2022;2022-11;Gurupi;0;2022;36;0.0
2022;2022-11;Ijuí;3;2022;602;49.833887043189364
2022;2022-11;Imperatriz;0;2022;20;0.0
2022;2022-11;Itacoatiara;0;2022;29;0.0
2022;2022-11;Jaú;0;2022;83;0.0
2022;2022-11;Ji-Paraná;0;2022;31;0.0
2022;2022-11;Joaçaba - Herval d'Oeste;0;2022;338;0.0
2022;2022-11;Joinville;0;2022;38;0.0
2022;2022-11;Juiz de Fora;4;2022;2568;15.57632398753894
2022;2022-11;Linhares;0;2022;937;0.0
2022;2022-11;Maceió;0;2022;35;0.0
2022;2022-11;Manaus;20;2022;4047;49.41932295527552
2022;2022-11;Mantena;0;2022;133;0.0
2022;2022-11;Maringá;19;2022;3831;49.59540589924301
2022;2022-11;Marília;7;2022;1119;62.555853440571944
2022;2022-11;Monteiro;0;2022;2;0.0
2022;2022-11;Mossoró;0;2022;25;0.0
2022;2022-11;Natal;0;2022;11;0.0
2022;2022-11;Nazaré ¿ Maragogipe;0;2022;40;0.0
2022;2022-11;Nova Prata - Guaporé;7;2022;358;195.53072625698323
2022;2022-11;Oliveira;7;2022;607;115.32125205930808
2022;2022-11;Passo Fundo;5;2022;874;57.20823798627002
2022;2022-11;Passos;5;2022;712;70.2247191011236
2022;2022-11;Patos;0;2022;55;0.0
2022;2022-11;Pinheiro;0;2022;88;0.0
2022;2022-11;Pirapora;0;2022;183;0.0
2022;2022-11;Piumhi;0;2022;12;0.0
2022;2022-11;Ponte Nova;0;2022;12;0.0
2022;2022-11;Porto Alegre;304;2022;20837;145.89432259922253
2022;2022-11;Princesa Isabel;0;2022;25;0.0
2022;2022-11;Quirinópolis;0;2022;122;0.0
2022;2022-11;Resende;0;2022;489;0.0
2022;2022-11;Ribeirão Preto;11;2022;5529;19.89509857117019
2022;2022-11;Rio Claro;0;2022;254;0.0
2022;2022-11;Rio de Janeiro;154;2022;39424;39.0625
2022;2022-11;Russas - Limoeiro do Norte;1;2022;841;11.890606420927467
2022;2022-11;Salvador;80;2022;11937;67.01851386445506
2022;2022-11;Santa Cruz do Sul;10;2022;1031;96.99321047526674
2022;2022-11;Santa Inês;0;2022;46;0.0
2022;2022-11;Santa Maria;1;2022;1169;8.55431993156544
2022;2022-11;Santa Maria da Vitoria;0;2022;8;0.0
2022;2022-11;Santana do Livramento;0;2022;101;0.0
2022;2022-11;Santos;0;2022;1142;0.0
2022;2022-11;Serra Talhada;1;2022;95;105.26315789473684
2022;2022-11;Soledade;1;2022;298;33.557046979865774
2022;2022-11;São Miguel do Oeste;5;2022;349;143.26647564469914
2022;2022-11;São Paulo;325;2022;70656;45.99750905797101
2022;2022-11;Teófilo Otoni;0;2022;633;0.0
2022;2022-11;Toledo;0;2022;66;0.0
2022;2022-11;Uberaba;10;2022;1703;58.71990604815032
2022;2022-11;Uberlândia;24;2022;3115;77.04654895666131
2022;2022-11;Uruguaiana;1;2022;210;47.61904761904762
2022;2022-11;Valença;0;2022;20;0.0
2022;2022-11;Vitória;0;2022;73;0.0
2022;2022-11;Vitória da Conquista;0;2022;63;0.0
2022;2022-11;Volta Redonda - Barra Mansa;1;2022;2314;4.32152117545376
2022;2022-12;Afonso Cláudio - Venda Nova do Imigrante - Santa Maria de Jetibá;2;2022;567;35.273368606701936
2022;2022-12;Alegre;3;2022;357;84.03361344537815
2022;2022-12;Araranguá;0;2022;451;0.0
2022;2022-12;Atalaia;0;2022;7;0.0
2022;2022-12;Bagé;0;2022;190;0.0
2022;2022-12;Belo Horizonte;170;2022;33319;51.0219394339566
2022;2022-12;Belém;13;2022;13358;9.731995807755652
2022;2022-12;Bento Gonçalves;3;2022;423;70.92198581560284
2022;2022-12;Boa Vista;0;2022;499;0.0
2022;2022-12;Bragança Paulista;0;2022;34;0.0
2022;2022-12;Brumado;0;2022;266;0.0
2022;2022-12;Camacan;1;2022;2;5000.0
2022;2022-12;Campina Grande;7;2022;2245;31.180400890868597
2022;2022-12;Campo Belo;0;2022;18;0.0
2022;2022-12;Campos dos Goytacazes;2;2022;1020;19.607843137254903
2022;2022-12;Caratinga;2;2022;513;38.98635477582846
2022;2022-12;Carazinho;0;2022;67;0.0
2022;2022-12;Cascavel;0;2022;32;0.0
2022;2022-12;Catalão;4;2022;277;144.4043321299639
2022;2022-12;Catanduva;0;2022;27;0.0
2022;2022-12;Caxias do Sul;18;2022;2853;63.09148264984227
2022;2022-12;Ceres - Rialma - Goianésia;0;2022;1;0.0
2022;2022-12;Conceição do Coité;0;2022;24;0.0
2022;2022-12;Cruz Alta;1;2022;291;34.36426116838488
2022;2022-12;Curitiba;166;2022;17424;95.27089072543617
2022;2022-12;Curitibanos;0;2022;5;0.0
2022;2022-12;Distrito Federal;186;2022;13408;138.72315035799522
2022;2022-12;Eunápolis - Porto Seguro;0;2022;24;0.0
2022;2022-12;Frederico Westphalen;5;2022;238;210.0840336134454
2022;2022-12;Goiana ¿ Timbaúba;0;2022;236;0.0
2022;2022-12;Guarabira;0;2022;60;0.0
2022;2022-12;Guarapuava;0;2022;14;0.0
2022;2022-12;Gurupi;0;2022;36;0.0
2022;2022-12;Ijuí;6;2022;602;99.66777408637873
2022;2022-12;Imperatriz;0;2022;20;0.0
2022;2022-12;Itacoatiara;0;2022;29;0.0
2022;2022-12;Jaú;2;2022;83;240.96385542168676
2022;2022-12;Ji-Paraná;0;2022;31;0.0
2022;2022-12;Joaçaba - Herval d'Oeste;7;2022;338;207.10059171597635
2022;2022-12;Joinville;0;2022;38;0.0
2022;2022-12;Juiz de Fora;4;2022;2568;15.57632398753894
2022;2022-12;Linhares;0;2022;937;0.0
2022;2022-12;Maceió;0;2022;35;0.0
2022;2022-12;Manaus;29;2022;4047;71.6580182851495
2022;2022-12;Mantena;0;2022;133;0.0
2022;2022-12;Maringá;28;2022;3831;73.08796658835813
2022;2022-12;Marília;4;2022;1119;35.746201966041106
2022;2022-12;Monteiro;0;2022;2;0.0
2022;2022-12;Mossoró;0;2022;25;0.0
2022;2022-12;Natal;0;2022;11;0.0
2022;2022-12;Nazaré ¿ Maragogipe;0;2022;40;0.0
2022;2022-12;Nova Prata - Guaporé;12;2022;358;335.195530726257
2022;2022-12;Oliveira;4;2022;607;65.89785831960461
2022;2022-12;Passo Fundo;10;2022;874;114.41647597254004
2022;2022-12;Passos;2;2022;712;28.089887640449437
2022;2022-12;Patos;0;2022;55;0.0
2022;2022-12;Pinheiro;0;2022;88;0.0
2022;2022-12;Pirapora;0;2022;183;0.0
2022;2022-12;Piumhi;0;2022;12;0.0
2022;2022-12;Ponte Nova;0;2022;12;0.0
2022;2022-12;Porto Alegre;345;2022;20837;165.57085952872293
2022;2022-12;Princesa Isabel;0;2022;25;0.0
2022;2022-12;Quirinópolis;0;2022;122;0.0
2022;2022-12;Resende;1;2022;489;20.449897750511248
2022;2022-12;Ribeirão Preto;8;2022;5529;14.469162597214686
2022;2022-12;Rio Claro;0;2022;254;0.0
2022;2022-12;Rio de Janeiro;137;2022;39424;34.75040584415584
2022;2022-12;Russas - Limoeiro do Norte;0;2022;841;0.0
2022;2022-12;Salvador;75;2022;11937;62.82985674792661
2022;2022-12;Santa Cruz do Sul;6;2022;1031;58.19592628516004
2022;2022-12;Santa Inês;0;2022;46;0.0
2022;2022-12;Santa Maria;2;2022;1169;17.10863986313088
2022;2022-12;Santa Maria da Vitoria;0;2022;8;0.0
2022;2022-12;Santana do Livramento;0;2022;101;0.0
2022;2022-12;Santos;0;2022;1142;0.0
2022;2022-12;Serra Talhada;0;2022;95;0.0
2022;2022-12;Soledade;0;2022;298;0.0
2022;2022-12;São Miguel do Oeste;8;2022;349;229.22636103151862
2022;2022-12;São Paulo;386;2022;70656;54.63088768115942
2022;2022-12;Teófilo Otoni;1;2022;633;15.797788309636651
2022;2022-12;Toledo;0;2022;66;0.0
2022;2022-12;Uberaba;2;2022;1703;11.743981209630064
2022;2022-12;Uberlândia;21;2022;3115;67.41573033707866
2022;2022-12;Uruguaiana;0;2022;210;0.0
2022;2022-12;Valença;0;2022;20;0.0
2022;2022-12;Vitória;0;2022;73;0.0
2022;2022-12;Vitória da Conquista;0;2022;63;0.0
2022;2022-12;Volta Redonda - Barra Mansa;2;2022;2314;8.64304235090752
2022;2022-13;Afonso Cláudio - Venda Nova do Imigrante - Santa Maria de Jetibá;0;2022;567;0.0
2022;2022-13;Alegre;1;2022;357;28.011204481792717
2022;2022-13;Araranguá;0;2022;451;0.0
2022;2022-13;Atalaia;0;2022;7;0.0
2022;2022-13;Bagé;1;2022;190;52.63157894736842
2022;2022-13;Belo Horizonte;186;2022;33319;55.824004321858396
2022;2022-13;Belém;12;2022;13358;8.983380745620602
2022;2022-13;Bento Gonçalves;2;2022;423;47.28132387706856
2022;2022-13;Boa Vista;1;2022;499;20.040080160320638
2022;2022-13;Bragança Paulista;0;2022;34;0.0
2022;2022-13;Brumado;0;2022;266;0.0
2022;2022-13;Camacan;0;2022;2;0.0
2022;2022-13;Campina Grande;9;2022;2245;40.089086859688194
2022;2022-13;Campo Belo;0;2022;18;0.0
2022;2022-13;Campos dos Goytacazes;1;2022;1020;9.803921568627452
2022;2022-13;Caratinga;4;2022;513;77.97270955165692
2022;2022-13;Carazinho;2;2022;67;298.5074626865672
2022;2022-13;Cascavel;0;2022;32;0.0
2022;2022-13;Catalão;5;2022;277;180.50541516245488
2022;2022-13;Catanduva;0;2022;27;0.0
2022;2022-13;Caxias do Sul;18;2022;2853;63.09148264984227
2022;2022-13;Ceres - Rialma - Goianésia;0;2022;1;0.0
2022;2022-13;Conceição do Coité;0;2022;24;0.0
2022;2022-13;Cruz Alta;2;2022;291;68.72852233676976
2022;2022-13;Curitiba;200;2022;17424;114.7842056932966
2022;2022-13;Curitibanos;0;2022;5;0.0
2022;2022-13;Distrito Federal;192;2022;13408;143.1980906921241
2022;2022-13;Eunápolis - Porto Seguro;0;2022;24;0.0
2022;2022-13;Frederico Westphalen;8;2022;238;336.1344537815126
2022;2022-13;Goiana ¿ Timbaúba;0;2022;236;0.0
2022;2022-13;Guarabira;0;2022;60;0.0
2022;2022-13;Guarapuava;0;2022;14;0.0
2022;2022-13;Gurupi;0;2022;36;0.0
2022;2022-13;Ijuí;4;2022;602;66.44518272425249
2022;2022-13;Imperatriz;0;2022;20;0.0
2022;2022-13;Itacoatiara;0;2022;29;0.0
2022;2022-13;Jaú;2;2022;83;240.96385542168676
2022;2022-13;Ji-Paraná;0;2022;31;0.0
2022;2022-13;Joaçaba - Herval d'Oeste;4;2022;338;118.34319526627219
2022;2022-13;Joinville;2;2022;38;526.3157894736842
2022;2022-13;Juiz de Fora;9;2022;2568;35.046728971962615
2022;2022-13;Linhares;1;2022;937;10.672358591248667
2022;2022-13;Maceió;0;2022;35;0.0
2022;2022-13;Manaus;19;2022;4047;46.948356807511736
2022;2022-13;Mantena;0;2022;133;0.0
2022;2022-13;Maringá;34;2022;3831;88.74967371443488
2022;2022-13;Marília;13;2022;1119;116.1751563896336
2022;2022-13;Monteiro;0;2022;2;0.0
2022;2022-13;Mossoró;0;2022;25;0.0
2022;2022-13;Natal;0;2022;11;0.0
2022;2022-13;Nazaré ¿ Maragogipe;0;2022;40;0.0
2022;2022-13;Nova Prata - Guaporé;7;2022;358;195.53072625698323
2022;2022-13;Oliveira;0;2022;607;0.0
2022;2022-13;Passo Fundo;7;2022;874;80.09153318077803
2022;2022-13;Passos;6;2022;712;84.26966292134831
2022;2022-13;Patos;0;2022;55;0.0
2022;2022-13;Pinheiro;1;2022;88;113.63636363636364
2022;2022-13;Pirapora;2;2022;183;109.2896174863388
2022;2022-13;Piumhi;0;2022;12;0.0
2022;2022-13;Ponte Nova;0;2022;12;0.0
2022;2022-13;Porto Alegre;459;2022;20837;220.2812305034314
2022;2022-13;Princesa Isabel;0;2022;25;0.0
2022;2022-13;Quirinópolis;1;2022;122;81.9672131147541
2022;2022-13;Resende;0;2022;489;0.0
2022;2022-13;Ribeirão Preto;20;2022;5529;36.17290649303671
2022;2022-13;Rio Claro;0;2022;254;0.0
2022;2022-13;Rio de Janeiro;146;2022;39424;37.03327922077922
2022;2022-13;Russas - Limoeiro do Norte;2;2022;841;23.781212841854934
2022;2022-13;Salvador;82;2022;11937;68.69397671106644
2022;2022-13;Santa Cruz do Sul;13;2022;1031;126.09117361784675
2022;2022-13;Santa Inês;1;2022;46;217.3913043478261
2022;2022-13;Santa Maria;7;2022;1169;59.880239520958085
2022;2022-13;Santa Maria da Vitoria;0;2022;8;0.0
2022;2022-13;Santana do Livramento;2;2022;101;198.01980198019803
2022;2022-13;Santos;3;2022;1142;26.26970227670753
2022;2022-13;Serra Talhada;1;2022;95;105.26315789473684
2022;2022-13;Soledade;0;2022;298;0.0
2022;2022-13;São Miguel do Oeste;6;2022;349;171.91977077363896
2022;2022-13;São Paulo;496;2022;70656;70.19927536231884
2022;2022-13;Teófilo Otoni;4;2022;633;63.191153238546605
2022;2022-13;Toledo;0;2022;66;0.0
2022;2022-13;Uberaba;7;2022;1703;41.103934233705225
2022;2022-13;Uberlândia;37;2022;3115;118.7800963081862
2022;2022-13;Uruguaiana;0;2022;210;0.0
2022;2022-13;Valença;0;2022;20;0.0
2022;2022-13;Vitória;0;2022;73;0.0
2022;2022-13;Vitória da Conquista;0;2022;63;0.0
2022;2022-13;Volta Redonda - Barra Mansa;2;2022;2314;8.64304235090752
2022;2022-14;Afonso Cláudio - Venda Nova do Imigrante - Santa Maria de Jetibá;1;2022;567;17.636684303350968
2022;2022-14;Alegre;1;2022;357;28.011204481792717
2022;2022-14;Araranguá;3;2022;451;66.51884700665188
2022;2022-14;Atalaia;0;2022;7;0.0
2022;2022-14;Bagé;1;2022;190;52.63157894736842
2022;2022-14;Belo Horizonte;263;2022;33319;78.9339415948858
2022;2022-14;Belém;8;2022;13358;5.988920497080402
2022;2022-14;Bento Gonçalves;4;2022;423;94.56264775413712
2022;2022-14;Boa Vista;0;2022;499;0.0
2022;2022-14;Bragança Paulista;0;2022;34;0.0
2022;2022-14;Brumado;0;2022;266;0.0
2022;2022-14;Camacan;0;2022;2;0.0
2022;2022-14;Campina Grande;11;2022;2245;48.99777282850779
2022;2022-14;Campo Belo;0;2022;18;0.0
2022;2022-14;Campos dos Goytacazes;1;2022;1020;9.803921568627452
2022;2022-14;Caratinga;6;2022;513;116.95906432748538
2022;2022-14;Carazinho;2;2022;67;298.5074626865672
2022;2022-14;Cascavel;0;2022;32;0.0
2022;2022-14;Catalão;2;2022;277;72.20216606498195
2022;2022-14;Catanduva;0;2022;27;0.0
2022;2022-14;Caxias do Sul;19;2022;2853;66.59656501927795
2022;2022-14;Ceres - Rialma - Goianésia;0;2022;1;0.0
2022;2022-14;Conceição do Coité;0;2022;24;0.0
2022;2022-14;Cruz Alta;2;2022;291;68.72852233676976
2022;2022-14;Curitiba;190;2022;17424;109.04499540863176
2022;2022-14;Curitibanos;0;2022;5;0.0
2022;2022-14;Distrito Federal;233;2022;13408;173.77684964200478
2022;2022-14;Eunápolis - Porto Seguro;0;2022;24;0.0
2022;2022-14;Frederico Westphalen;5;2022;238;210.0840336134454
2022;2022-14;Goiana ¿ Timbaúba;0;2022;236;0.0
2022;2022-14;Guarabira;0;2022;60;0.0
2022;2022-14;Guarapuava;1;2022;14;714.2857142857142
2022;2022-14;Gurupi;0;2022;36;0.0
2022;2022-14;Ijuí;9;2022;602;149.5016611295681
2022;2022-14;Imperatriz;0;2022;20;0.0
2022;2022-14;Itacoatiara;0;2022;29;0.0
2022;2022-14;Jaú;0;2022;83;0.0
2022;2022-14;Ji-Paraná;0;2022;31;0.0
2022;2022-14;Joaçaba - Herval d'Oeste;4;2022;338;118.34319526627219
2022;2022-14;Joinville;5;2022;38;1315.7894736842104
2022;2022-14;Juiz de Fora;2;2022;2568;7.78816199376947
2022;2022-14;Linhares;4;2022;937;42.68943436499467
2022;2022-14;Maceió;0;2022;35;0.0
2022;2022-14;Manaus;17;2022;4047;42.00642451198419
2022;2022-14;Mantena;0;2022;133;0.0
2022;2022-14;Maringá;42;2022;3831;109.63194988253719
2022;2022-14;Marília;13;2022;1119;116.1751563896336
2022;2022-14;Monteiro;0;2022;2;0.0
2022;2022-14;Mossoró;0;2022;25;0.0
2022;2022-14;Natal;0;2022;11;0.0
2022;2022-14;Nazaré ¿ Maragogipe;0;2022;40;0.0
2022;2022-14;Nova Prata - Guaporé;7;2022;358;195.53072625698323
2022;2022-14;Oliveira;3;2022;607;49.42339373970346
2022;2022-14;Passo Fundo;10;2022;874;114.41647597254004
2022;2022-14;Passos;3;2022;712;42.13483146067416
2022;2022-14;Patos;0;2022;55;0.0
2022;2022-14;Pinheiro;2;2022;88;227.27272727272728
2022;2022-14;Pirapora;0;2022;183;0.0
2022;2022-14;Piumhi;0;2022;12;0.0
2022;2022-14;Ponte Nova;0;2022;12;0.0
2022;2022-14;Porto Alegre;407;2022;20837;195.32562269040648
2022;2022-14;Princesa Isabel;0;2022;25;0.0
2022;2022-14;Quirinópolis;1;2022;122;81.9672131147541
2022;2022-14;Resende;0;2022;489;0.0
2022;2022-14;Ribeirão Preto;28;2022;5529;50.6420690902514
2022;2022-14;Rio Claro;2;2022;254;78.74015748031496
2022;2022-14;Rio de Janeiro;193;2022;39424;48.9549512987013
2022;2022-14;Russas - Limoeiro do Norte;0;2022;841;0.0
2022;2022-14;Salvador;92;2022;11937;77.07129094412332
2022;2022-14;Santa Cruz do Sul;14;2022;1031;135.79049466537342
2022;2022-14;Santa Inês;1;2022;46;217.3913043478261
2022;2022-14;Santa Maria;7;2022;1169;59.880239520958085
2022;2022-14;Santa Maria da Vitoria;0;2022;8;0.0
2022;2022-14;Santana do Livramento;3;2022;101;297.029702970297
2022;2022-14;Santos;0;2022;1142;0.0
2022;2022-14;Serra Talhada;4;2022;95;421.05263157894734
2022;2022-14;Soledade;0;2022;298;0.0
2022;2022-14;São Miguel do Oeste;4;2022;349;114.61318051575931
2022;2022-14;São Paulo;638;2022;70656;90.29664855072464
2022;2022-14;Teófilo Otoni;4;2022;633;63.191153238546605
2022;2022-14;Toledo;1;2022;66;151.51515151515153
2022;2022-14;Uberaba;10;2022;1703;58.71990604815032
2022;2022-14;Uberlândia;34;2022;3115;109.14927768860353
2022;2022-14;Uruguaiana;2;2022;210;95.23809523809524
2022;2022-14;Valença;0;2022;20;0.0
2022;2022-14;Vitória;0;2022;73;0.0
2022;2022-14;Vitória da Conquista;0;2022;63;0.0
2022;2022-14;Volta Redonda - Barra Mansa;3;2022;2314;12.964563526361278
2022;2022-15;Afonso Cláudio - Venda Nova do Imigrante - Santa Maria de Jetibá;1;2022;567;17.636684303350968
2022;2022-15;Alegre;0;2022;357;0.0
2022;2022-15;Araranguá;0;2022;451;0.0
2022;2022-15;Atalaia;0;2022;7;0.0
2022;2022-15;Bagé;0;2022;190;0.0
2022;2022-15;Belo Horizonte;201;2022;33319;60.325940154266334
2022;2022-15;Belém;29;2022;13358;21.709836801916456
2022;2022-15;Bento Gonçalves;0;2022;423;0.0
2022;2022-15;Boa Vista;0;2022;499;0.0
2022;2022-15;Bragança Paulista;0;2022;34;0.0
2022;2022-15;Brumado;1;2022;266;37.59398496240601
2022;2022-15;Camacan;0;2022;2;0.0
2022;2022-15;Campina Grande;9;2022;2245;40.089086859688194
2022;2022-15;Campo Belo;0;2022;18;0.0
2022;2022-15;Campos dos Goytacazes;0;2022;1020;0.0
2022;2022-15;Caratinga;0;2022;513;0.0
2022;2022-15;Carazinho;0;2022;67;0.0
2022;2022-15;Cascavel;0;2022;32;0.0
2022;2022-15;Catalão;7;2022;277;252.7075812274368
2022;2022-15;Catanduva;4;2022;27;1481.4814814814813
2022;2022-15;Caxias do Sul;13;2022;2853;45.566070802663866
2022;2022-15;Ceres - Rialma - Goianésia;0;2022;1;0.0
2022;2022-15;Conceição do Coité;0;2022;24;0.0
2022;2022-15;Cruz Alta;5;2022;291;171.8213058419244
2022;2022-15;Curitiba;205;2022;17424;117.65381083562902
2022;2022-15;Curitibanos;0;2022;5;0.0
2022;2022-15;Distrito Federal;214;2022;13408;159.60620525059664
2022;2022-15;Eunápolis - Porto Seguro;0;2022;24;0.0
2022;2022-15;Frederico Westphalen;14;2022;238;588.2352941176471
2022;2022-15;Goiana ¿ Timbaúba;0;2022;236;0.0
2022;2022-15;Guarabira;0;2022;60;0.0
2022;2022-15;Guarapuava;1;2022;14;714.2857142857142
2022;2022-15;Gurupi;0;2022;36;0.0
2022;2022-15;Ijuí;19;2022;602;315.6146179401993
2022;2022-15;Imperatriz;0;2022;20;0.0
2022;2022-15;Itacoatiara;0;2022;29;0.0
2022;2022-15;Jaú;3;2022;83;361.4457831325301
2022;2022-15;Ji-Paraná;0;2022;31;0.0
2022;2022-15;Joaçaba - Herval d'Oeste;1;2022;338;29.585798816568047
2022;2022-15;Joinville;1;2022;38;263.1578947368421
2022;2022-15;Juiz de Fora;4;2022;2568;15.57632398753894
2022;2022-15;Linhares;2;2022;937;21.344717182497334
2022;2022-15;Maceió;0;2022;35;0.0
2022;2022-15;Manaus;31;2022;4047;76.59995058067705
2022;2022-15;Mantena;0;2022;133;0.0
2022;2022-15;Maringá;33;2022;3831;86.13938919342208
2022;2022-15;Marília;13;2022;1119;116.1751563896336
2022;2022-15;Monteiro;0;2022;2;0.0
2022;2022-15;Mossoró;0;2022;25;0.0
2022;2022-15;Natal;0;2022;11;0.0
2022;2022-15;Nazaré ¿ Maragogipe;0;2022;40;0.0
2022;2022-15;Nova Prata - Guaporé;5;2022;358;139.66480446927375
2022;2022-15;Oliveira;6;2022;607;98.84678747940691
2022;2022-15;Passo Fundo;6;2022;874;68.64988558352402
2022;2022-15;Passos;5;2022;712;70.2247191011236
2022;2022-15;Patos;0;2022;55;0.0
2022;2022-15;Pinheiro;2;2022;88;227.27272727272728
2022;2022-15;Pirapora;0;2022;183;0.0
2022;2022-15;Piumhi;0;2022;12;0.0
2022;2022-15;Ponte Nova;0;2022;12;0.0
2022;2022-15;Porto Alegre;406;2022;20837;194.84570715554062
2022;2022-15;Princesa Isabel;0;2022;25;0.0
2022;2022-15;Quirinópolis;0;2022;122;0.0
2022;2022-15;Resende;2;2022;489;40.899795501022496
2022;2022-15;Ribeirão Preto;17;2022;5529;30.74697051908121
2022;2022-15;Rio Claro;0;2022;254;0.0
2022;2022-15;Rio de Janeiro;162;2022;39424;41.09172077922078
2022;2022-15;Russas - Limoeiro do Norte;5;2022;841;59.45303210463734
2022;2022-15;Salvador;83;2022;11937;69.53170813437212
2022;2022-15;Santa Cruz do Sul;16;2022;1031;155.18913676042678
2022;2022-15;Santa Inês;0;2022;46;0.0
2022;2022-15;Santa Maria;10;2022;1169;85.5431993156544
2022;2022-15;Santa Maria da Vitoria;0;2022;8;0.0
2022;2022-15;Santana do Livramento;1;2022;101;99.00990099009901
2022;2022-15;Santos;2;2022;1142;17.513134851138354
2022;2022-15;Serra Talhada;0;2022;95;0.0
2022;2022-15;Soledade;0;2022;298;0.0
2022;2022-15;São Miguel do Oeste;9;2022;349;257.87965616045847
2022;2022-15;São Paulo;592;2022;70656;83.78623188405798
2022;2022-15;Teófilo Otoni;1;2022;633;15.797788309636651
2022;2022-15;Toledo;1;2022;66;151.51515151515153
2022;2022-15;Uberaba;13;2022;1703;76.33587786259541
2022;2022-15;Uberlândia;24;2022;3115;77.04654895666131
2022;2022-15;Uruguaiana;2;2022;210;95.23809523809524
2022;2022-15;Valença;0;2022;20;0.0
2022;2022-15;Vitória;0;2022;73;0.0
2022;2022-15;Vitória da Conquista;0;2022;63;0.0
2022;2022-15;Volta Redonda - Barra Mansa;3;2022;2314;12.964563526361278
2022;2022-16;Afonso Cláudio - Venda Nova do Imigrante - Santa Maria de Jetibá;4;2022;567;70.54673721340387
2022;2022-16;Alegre;1;2022;357;28.011204481792717
2022;2022-16;Araranguá;5;2022;451;110.86474501108648
2022;2022-16;Atalaia;0;2022;7;0.0
2022;2022-16;Bagé;3;2022;190;157.89473684210526
2022;2022-16;Belo Horizonte;284;2022;33319;85.2366517602569
2022;2022-16;Belém;36;2022;13358;26.950142236861804
2022;2022-16;Bento Gonçalves;3;2022;423;70.92198581560284
2022;2022-16;Boa Vista;1;2022;499;20.040080160320638
2022;2022-16;Bragança Paulista;0;2022;34;0.0
2022;2022-16;Brumado;4;2022;266;150.37593984962405
2022;2022-16;Camacan;0;2022;2;0.0
2022;2022-16;Campina Grande;15;2022;2245;66.815144766147
2022;2022-16;Campo Belo;0;2022;18;0.0
2022;2022-16;Campos dos Goytacazes;1;2022;1020;9.803921568627452
2022;2022-16;Caratinga;1;2022;513;19.49317738791423
2022;2022-16;Carazinho;2;2022;67;298.5074626865672
2022;2022-16;Cascavel;0;2022;32;0.0
2022;2022-16;Catalão;5;2022;277;180.50541516245488
2022;2022-16;Catanduva;0;2022;27;0.0
2022;2022-16;Caxias do Sul;19;2022;2853;66.59656501927795
2022;2022-16;Ceres - Rialma - Goianésia;0;2022;1;0.0
2022;2022-16;Conceição do Coité;0;2022;24;0.0
2022;2022-16;Cruz Alta;3;2022;291;103.09278350515464
2022;2022-16;Curitiba;221;2022;17424;126.83654729109274
2022;2022-16;Curitibanos;0;2022;5;0.0
2022;2022-16;Distrito Federal;175;2022;13408;130.51909307875894
2022;2022-16;Eunápolis - Porto Seguro;0;2022;24;0.0
2022;2022-16;Frederico Westphalen;2;2022;238;84.03361344537815
2022;2022-16;Goiana ¿ Timbaúba;0;2022;236;0.0
2022;2022-16;Guarabira;0;2022;60;0.0
2022;2022-16;Guarapuava;0;2022;14;0.0
2022;2022-16;Gurupi;0;2022;36;0.0
2022;2022-16;Ijuí;16;2022;602;265.78073089700996
2022;2022-16;Imperatriz;1;2022;20;500.0
2022;2022-16;Itacoatiara;0;2022;29;0.0
2022;2022-16;Jaú;0;2022;83;0.0
2022;2022-16;Ji-Paraná;0;2022;31;0.0
2022;2022-16;Joaçaba - Herval d'Oeste;4;2022;338;118.34319526627219
2022;2022-16;Joinville;3;2022;38;789.4736842105262
2022;2022-16;Juiz de Fora;8;2022;2568;31.15264797507788
2022;2022-16;Linhares;2;2022;937;21.344717182497334
2022;2022-16;Maceió;0;2022;35;0.0
2022;2022-16;Manaus;52;2022;4047;128.49023968371634
2022;2022-16;Mantena;0;2022;133;0.0
2022;2022-16;Maringá;49;2022;3831;127.90394152962672
2022;2022-16;Marília;12;2022;1119;107.23860589812332
2022;2022-16;Monteiro;0;2022;2;0.0
2022;2022-16;Mossoró;0;2022;25;0.0
2022;2022-16;Natal;0;2022;11;0.0
2022;2022-16;Nazaré ¿ Maragogipe;0;2022;40;0.0
2022;2022-16;Nova Prata - Guaporé;2;2022;358;55.865921787709496
2022;2022-16;Oliveira;6;2022;607;98.84678747940691
2022;2022-16;Passo Fundo;16;2022;874;183.06636155606407
2022;2022-16;Passos;6;2022;712;84.26966292134831
2022;2022-16;Patos;0;2022;55;0.0
2022;2022-16;Pinheiro;0;2022;88;0.0
2022;2022-16;Pirapora;0;2022;183;0.0
2022;2022-16;Piumhi;0;2022;12;0.0
2022;2022-16;Ponte Nova;0;2022;12;0.0
2022;2022-16;Porto Alegre;479;2022;20837;229.8795412007487
2022;2022-16;Princesa Isabel;0;2022;25;0.0
2022;2022-16;Quirinópolis;1;2022;122;81.9672131147541
2022;2022-16;Resende;2;2022;489;40.899795501022496
2022;2022-16;Ribeirão Preto;30;2022;5529;54.25935973955507
2022;2022-16;Rio Claro;2;2022;254;78.74015748031496
2022;2022-16;Rio de Janeiro;230;2022;39424;58.3400974025974
2022;2022-16;Russas - Limoeiro do Norte;1;2022;841;11.890606420927467
2022;2022-16;Salvador;90;2022;11937;75.39582809751194
2022;2022-16;Santa Cruz do Sul;12;2022;1031;116.39185257032008
2022;2022-16;Santa Inês;0;2022;46;0.0
2022;2022-16;Santa Maria;20;2022;1169;171.0863986313088
2022;2022-16;Santa Maria da Vitoria;0;2022;8;0.0
2022;2022-16;Santana do Livramento;4;2022;101;396.03960396039605
2022;2022-16;Santos;1;2022;1142;8.756567425569177
2022;2022-16;Serra Talhada;0;2022;95;0.0
2022;2022-16;Soledade;0;2022;298;0.0
2022;2022-16;São Miguel do Oeste;7;2022;349;200.5730659025788
2022;2022-16;São Paulo;850;2022;70656;120.30117753623188
2022;2022-16;Teófilo Otoni;4;2022;633;63.191153238546605
2022;2022-16;Toledo;2;2022;66;303.03030303030306
2022;2022-16;Uberaba;11;2022;1703;64.59189665296536
2022;2022-16;Uberlândia;37;2022;3115;118.7800963081862
2022;2022-16;Uruguaiana;2;2022;210;95.23809523809524
2022;2022-16;Valença;0;2022;20;0.0
2022;2022-16;Vitória;0;2022;73;0.0
2022;2022-16;Vitória da Conquista;0;2022;63;0.0
2022;2022-16;Volta Redonda - Barra Mansa;7;2022;2314;30.250648228176317
2022;2022-17;Afonso Cláudio - Venda Nova do Imigrante - Santa Maria de Jetibá;3;2022;567;52.910052910052904
2022;2022-17;Alegre;1;2022;357;28.011204481792717
2022;2022-17;Araranguá;4;2022;451;88.69179600886918
2022;2022-17;Atalaia;0;2022;7;0.0
2022;2022-17;Bagé;2;2022;190;105.26315789473684
2022;2022-17;Belo Horizonte;247;2022;33319;74.131876706984
2022;2022-17;Belém;18;2022;13358;13.475071118430902
2022;2022-17;Bento Gonçalves;3;2022;423;70.92198581560284
2022;2022-17;Boa Vista;0;2022;499;0.0
2022;2022-17;Bragança Paulista;0;2022;34;0.0
2022;2022-17;Brumado;0;2022;266;0.0
2022;2022-17;Camacan;0;2022;2;0.0
2022;2022-17;Campina Grande;16;2022;2245;71.26948775055679
2022;2022-17;Campo Belo;0;2022;18;0.0
2022;2022-17;Campos dos Goytacazes;2;2022;1020;19.607843137254903
2022;2022-17;Caratinga;8;2022;513;155.94541910331384
2022;2022-17;Carazinho;0;2022;67;0.0
2022;2022-17;Cascavel;0;2022;32;0.0
2022;2022-17;Catalão;2;2022;277;72.20216606498195
2022;2022-17;Catanduva;1;2022;27;370.3703703703703
2022;2022-17;Caxias do Sul;23;2022;2853;80.61689449702068
2022;2022-17;Ceres - Rialma - Goianésia;0;2022;1;0.0
2022;2022-17;Conceição do Coité;0;2022;24;0.0
2022;2022-17;Cruz Alta;7;2022;291;240.54982817869418
2022;2022-17;Curitiba;237;2022;17424;136.01928374655648
2022;2022-17;Curitibanos;0;2022;5;0.0
2022;2022-17;Distrito Federal;211;2022;13408;157.36873508353221
2022;2022-17;Eunápolis - Porto Seguro;0;2022;24;0.0
2022;2022-17;Frederico Westphalen;12;2022;238;504.20168067226894
2022;2022-17;Goiana ¿ Timbaúba;0;2022;236;0.0
2022;2022-17;Guarabira;0;2022;60;0.0
2022;2022-17;Guarapuava;0;2022;14;0.0
2022;2022-17;Gurupi;0;2022;36;0.0
2022;2022-17;Ijuí;13;2022;602;215.94684385382058
2022;2022-17;Imperatriz;0;2022;20;0.0
2022;2022-17;Itacoatiara;0;2022;29;0.0
2022;2022-17;Jaú;0;2022;83;0.0
2022;2022-17;Ji-Paraná;0;2022;31;0.0
2022;2022-17;Joaçaba - Herval d'Oeste;3;2022;338;88.75739644970415
2022;2022-17;Joinville;2;2022;38;526.3157894736842
2022;2022-17;Juiz de Fora;4;2022;2568;15.57632398753894
2022;2022-17;Linhares;1;2022;937;10.672358591248667
2022;2022-17;Maceió;0;2022;35;0.0
2022;2022-17;Manaus;26;2022;4047;64.24511984185817
2022;2022-17;Mantena;0;2022;133;0.0
2022;2022-17;Maringá;47;2022;3831;122.68337248760116
2022;2022-17;Marília;16;2022;1119;142.98480786416442
2022;2022-17;Monteiro;0;2022;2;0.0
2022;2022-17;Mossoró;0;2022;25;0.0
2022;2022-17;Natal;0;2022;11;0.0
2022;2022-17;Nazaré ¿ Maragogipe;0;2022;40;0.0
2022;2022-17;Nova Prata - Guaporé;5;2022;358;139.66480446927375
2022;2022-17;Oliveira;6;2022;607;98.84678747940691
2022;2022-17;Passo Fundo;16;2022;874;183.06636155606407
2022;2022-17;Passos;3;2022;712;42.13483146067416
2022;2022-17;Patos;1;2022;55;181.8181818181818
2022;2022-17;Pinheiro;1;2022;88;113.63636363636364
2022;2022-17;Pirapora;1;2022;183;54.6448087431694
2022;2022-17;Piumhi;0;2022;12;0.0
2022;2022-17;Ponte Nova;0;2022;12;0.0
2022;2022-17;Porto Alegre;452;2022;20837;216.92182175937037
2022;2022-17;Princesa Isabel;0;2022;25;0.0
2022;2022-17;Quirinópolis;0;2022;122;0.0
2022;2022-17;Resende;0;2022;489;0.0
2022;2022-17;Ribeirão Preto;25;2022;5529;45.21613311629589
2022;2022-17;Rio Claro;1;2022;254;39.37007874015748
2022;2022-17;Rio de Janeiro;205;2022;39424;51.99878246753247
2022;2022-17;Russas - Limoeiro do Norte;2;2022;841;23.781212841854934
2022;2022-17;Salvador;119;2022;11937;99.69003937337689
2022;2022-17;Santa Cruz do Sul;15;2022;1031;145.48981571290008
2022;2022-17;Santa Inês;1;2022;46;217.3913043478261
2022;2022-17;Santa Maria;22;2022;1169;188.19503849443967
2022;2022-17;Santa Maria da Vitoria;0;2022;8;0.0
2022;2022-17;Santana do Livramento;4;2022;101;396.03960396039605
2022;2022-17;Santos;1;2022;1142;8.756567425569177
2022;2022-17;Serra Talhada;0;2022;95;0.0
2022;2022-17;Soledade;0;2022;298;0.0
2022;2022-17;São Miguel do Oeste;5;2022;349;143.26647564469914
2022;2022-17;São Paulo;823;2022;70656;116.47984601449276
2022;2022-17;Teófilo Otoni;0;2022;633;0.0
2022;2022-17;Toledo;1;2022;66;151.51515151515153
2022;2022-17;Uberaba;16;2022;1703;93.95184967704051
2022;2022-17;Uberlândia;28;2022;3115;89.88764044943821
2022;2022-17;Uruguaiana;1;2022;210;47.61904761904762
2022;2022-17;Valença;0;2022;20;0.0
2022;2022-17;Vitória;0;2022;73;0.0
2022;2022-17;Vitória da Conquista;1;2022;63;158.73015873015873
2022;2022-17;Volta Redonda - Barra Mansa;4;2022;2314;17.28608470181504
2022;2022-18;Afonso Cláudio - Venda Nova do Imigrante - Santa Maria de Jetibá;2;2022;567;35.273368606701936
2022;2022-18;Alegre;3;2022;357;84.03361344537815
2022;2022-18;Araranguá;3;2022;451;66.51884700665188
2022;2022-18;Atalaia;0;2022;7;0.0
2022;2022-18;Bagé;0;2022;190;0.0
2022;2022-18;Belo Horizonte;261;2022;33319;78.33368348389807
2022;2022-18;Belém;16;2022;13358;11.977840994160804
2022;2022-18;Bento Gonçalves;8;2022;423;189.12529550827423
2022;2022-18;Boa Vista;0;2022;499;0.0
2022;2022-18;Bragança Paulista;0;2022;34;0.0
2022;2022-18;Brumado;0;2022;266;0.0
2022;2022-18;Camacan;0;2022;2;0.0
2022;2022-18;Campina Grande;16;2022;2245;71.26948775055679
2022;2022-18;Campo Belo;0;2022;18;0.0
2022;2022-18;Campos dos Goytacazes;3;2022;1020;29.41176470588235
2022;2022-18;Caratinga;3;2022;513;58.47953216374269
2022;2022-18;Carazinho;1;2022;67;149.2537313432836
2022;2022-18;Cascavel;0;2022;32;0.0
2022;2022-18;Catalão;3;2022;277;108.30324909747291
2022;2022-18;Catanduva;1;2022;27;370.3703703703703
2022;2022-18;Caxias do Sul;13;2022;2853;45.566070802663866
2022;2022-18;Ceres - Rialma - Goianésia;0;2022;1;0.0
2022;2022-18;Conceição do Coité;0;2022;24;0.0
2022;2022-18;Cruz Alta;10;2022;291;343.6426116838488
2022;2022-18;Curitiba;181;2022;17424;103.87970615243343
2022;2022-18;Curitibanos;0;2022;5;0.0
2022;2022-18;Distrito Federal;186;2022;13408;138.72315035799522
2022;2022-18;Eunápolis - Porto Seguro;0;2022;24;0.0
2022;2022-18;Frederico Westphalen;3;2022;238;126.05042016806723
2022;2022-18;Goiana ¿ Timbaúba;0;2022;236;0.0
2022;2022-18;Guarabira;0;2022;60;0.0
2022;2022-18;Guarapuava;0;2022;14;0.0
2022;2022-18;Gurupi;0;2022;36;0.0
2022;2022-18;Ijuí;16;2022;602;265.78073089700996
2022;2022-18;Imperatriz;0;2022;20;0.0
2022;2022-18;Itacoatiara;0;2022;29;0.0
2022;2022-18;Jaú;0;2022;83;0.0
2022;2022-18;Ji-Paraná;0;2022;31;0.0
2022;2022-18;Joaçaba - Herval d'Oeste;5;2022;338;147.92899408284023
2022;2022-18;Joinville;0;2022;38;0.0
2022;2022-18;Juiz de Fora;3;2022;2568;11.682242990654204
2022;2022-18;Linhares;4;2022;937;42.68943436499467
2022;2022-18;Maceió;0;2022;35;0.0
2022;2022-18;Manaus;18;2022;4047;44.47739065974796
2022;2022-18;Mantena;0;2022;133;0.0
2022;2022-18;Maringá;48;2022;3831;125.29365700861393
2022;2022-18;Marília;7;2022;1119;62.555853440571944
2022;2022-18;Monteiro;0;2022;2;0.0
2022;2022-18;Mossoró;0;2022;25;0.0
2022;2022-18;Natal;0;2022;11;0.0
2022;2022-18;Nazaré ¿ Maragogipe;0;2022;40;0.0
2022;2022-18;Nova Prata - Guaporé;5;2022;358;139.66480446927375
2022;2022-18;Oliveira;2;2022;607;32.948929159802304
2022;2022-18;Passo Fundo;9;2022;874;102.97482837528604
2022;2022-18;Passos;5;2022;712;70.2247191011236
2022;2022-18;Patos;0;2022;55;0.0
2022;2022-18;Pinheiro;1;2022;88;113.63636363636364
2022;2022-18;Pirapora;0;2022;183;0.0
2022;2022-18;Piumhi;0;2022;12;0.0
2022;2022-18;Ponte Nova;0;2022;12;0.0
2022;2022-18;Porto Alegre;311;2022;20837;149.2537313432836
2022;2022-18;Princesa Isabel;0;2022;25;0.0
2022;2022-18;Quirinópolis;0;2022;122;0.0
2022;2022-18;Resende;0;2022;489;0.0
2022;2022-18;Ribeirão Preto;26;2022;5529;47.024778440947735
2022;2022-18;Rio Claro;2;2022;254;78.74015748031496
2022;2022-18;Rio de Janeiro;213;2022;39424;54.02800324675325
2022;2022-18;Russas - Limoeiro do Norte;0;2022;841;0.0
2022;2022-18;Salvador;129;2022;11937;108.06735360643377
2022;2022-18;Santa Cruz do Sul;13;2022;1031;126.09117361784675
2022;2022-18;Santa Inês;0;2022;46;0.0
2022;2022-18;Santa Maria;12;2022;1169;102.6518391787853
2022;2022-18;Santa Maria da Vitoria;0;2022;8;0.0
2022;2022-18;Santana do Livramento;1;2022;101;99.00990099009901
2022;2022-18;Santos;3;2022;1142;26.26970227670753
2022;2022-18;Serra Talhada;0;2022;95;0.0
2022;2022-18;Soledade;1;2022;298;33.557046979865774
2022;2022-18;São Miguel do Oeste;5;2022;349;143.26647564469914
2022;2022-18;São Paulo;795;2022;70656;112.51698369565219
2022;2022-18;Teófilo Otoni;4;2022;633;63.191153238546605
2022;2022-18;Toledo;2;2022;66;303.03030303030306
2022;2022-18;Uberaba;19;2022;1703;111.56782149148562
2022;2022-18;Uberlândia;36;2022;3115;115.56982343499199
2022;2022-18;Uruguaiana;2;2022;210;95.23809523809524
2022;2022-18;Valença;0;2022;20;0.0
2022;2022-18;Vitória;0;2022;73;0.0
2022;2022-18;Vitória da Conquista;0;2022;63;0.0
2022;2022-18;Volta Redonda - Barra Mansa;4;2022;2314;17.28608470181504
2022;2022-19;Afonso Cláudio - Venda Nova do Imigrante - Santa Maria de Jetibá;7;2022;567;123.45679012345678
2022;2022-19;Alegre;0;2022;357;0.0
2022;2022-19;Araranguá;3;2022;451;66.51884700665188
2022;2022-19;Atalaia;1;2022;7;1428.5714285714284
2022;2022-19;Bagé;0;2022;190;0.0
2022;2022-19;Belo Horizonte;299;2022;33319;89.73858759266484
2022;2022-19;Belém;39;2022;13358;29.195987423266956
2022;2022-19;Bento Gonçalves;0;2022;423;0.0
2022;2022-19;Boa Vista;0;2022;499;0.0
2022;2022-19;Bragança Paulista;0;2022;34;0.0
2022;2022-19;Brumado;0;2022;266;0.0
2022;2022-19;Camacan;0;2022;2;0.0
2022;2022-19;Campina Grande;18;2022;2245;80.17817371937639
2022;2022-19;Campo Belo;0;2022;18;0.0
2022;2022-19;Campos dos Goytacazes;5;2022;1020;49.01960784313725
2022;2022-19;Caratinga;5;2022;513;97.46588693957115
2022;2022-19;Carazinho;1;2022;67;149.2537313432836
2022;2022-19;Cascavel;0;2022;32;0.0
2022;2022-19;Catalão;3;2022;277;108.30324909747291
2022;2022-19;Catanduva;1;2022;27;370.3703703703703
2022;2022-19;Caxias do Sul;19;2022;2853;66.59656501927795
2022;2022-19;Ceres - Rialma - Goianésia;0;2022;1;0.0
2022;2022-19;Conceição do Coité;0;2022;24;0.0
2022;2022-19;Cruz Alta;6;2022;291;206.18556701030928
2022;2022-19;Curitiba;191;2022;17424;109.61891643709825
2022;2022-19;Curitibanos;0;2022;5;0.0
2022;2022-19;Distrito Federal;149;2022;13408;111.12768496420048
2022;2022-19;Eunápolis - Porto Seguro;0;2022;24;0.0
2022;2022-19;Frederico Westphalen;2;2022;238;84.03361344537815
2022;2022-19;Goiana ¿ Timbaúba;1;2022;236;42.3728813559322
2022;2022-19;Guarabira;0;2022;60;0.0
2022;2022-19;Guarapuava;1;2022;14;714.2857142857142
2022;2022-19;Gurupi;1;2022;36;277.77777777777777
2022;2022-19;Ijuí;6;2022;602;99.66777408637873
2022;2022-19;Imperatriz;0;2022;20;0.0
2022;2022-19;Itacoatiara;0;2022;29;0.0
2022;2022-19;Jaú;2;2022;83;240.96385542168676
2022;2022-19;Ji-Paraná;0;2022;31;0.0
2022;2022-19;Joaçaba - Herval d'Oeste;0;2022;338;0.0
2022;2022-19;Joinville;2;2022;38;526.3157894736842
2022;2022-19;Juiz de Fora;11;2022;2568;42.834890965732086
2022;2022-19;Linhares;3;2022;937;32.017075773746
2022;2022-19;Maceió;0;2022;35;0.0
2022;2022-19;Manaus;19;2022;4047;46.948356807511736
2022;2022-19;Mantena;0;2022;133;0.0
2022;2022-19;Maringá;39;2022;3831;101.80109631949882
2022;2022-19;Marília;5;2022;1119;44.68275245755138
2022;2022-19;Monteiro;0;2022;2;0.0
2022;2022-19;Mossoró;2;2022;25;800.0
2022;2022-19;Natal;0;2022;11;0.0
2022;2022-19;Nazaré ¿ Maragogipe;0;2022;40;0.0
2022;2022-19;Nova Prata - Guaporé;4;2022;358;111.73184357541899
2022;2022-19;Oliveira;9;2022;607;148.27018121911038
2022;2022-19;Passo Fundo;9;2022;874;102.97482837528604
2022;2022-19;Passos;4;2022;712;56.17977528089887
2022;2022-19;Patos;0;2022;55;0.0
2022;2022-19;Pinheiro;0;2022;88;0.0
2022;2022-19;Pirapora;7;2022;183;382.5136612021858
2022;2022-19;Piumhi;0;2022;12;0.0
2022;2022-19;Ponte Nova;0;2022;12;0.0
2022;2022-19;Porto Alegre;278;2022;20837;133.4165186927101
2022;2022-19;Princesa Isabel;1;2022;25;400.0
2022;2022-19;Quirinópolis;0;2022;122;0.0
2022;2022-19;Resende;0;2022;489;0.0
2022;2022-19;Ribeirão Preto;28;2022;5529;50.6420690902514
2022;2022-19;Rio Claro;1;2022;254;39.37007874015748
2022;2022-19;Rio de Janeiro;245;2022;39424;62.14488636363636
2022;2022-19;Russas - Limoeiro do Norte;5;2022;841;59.45303210463734
2022;2022-19;Salvador;100;2022;11937;83.77314233056882
2022;2022-19;Santa Cruz do Sul;15;2022;1031;145.48981571290008
2022;2022-19;Santa Inês;0;2022;46;0.0
2022;2022-19;Santa Maria;9;2022;1169;76.98887938408896
2022;2022-19;Santa Maria da Vitoria;0;2022;8;0.0
2022;2022-19;Santana do Livramento;3;2022;101;297.029702970297
2022;2022-19;Santos;1;2022;1142;8.756567425569177
2022;2022-19;Serra Talhada;0;2022;95;0.0
2022;2022-19;Soledade;0;2022;298;0.0
2022;2022-19;São Miguel do Oeste;2;2022;349;57.306590257879655
2022;2022-19;São Paulo;677;2022;70656;95.81634963768116
2022;2022-19;Teófilo Otoni;2;2022;633;31.595576619273302
2022;2022-19;Toledo;0;2022;66;0.0
2022;2022-19;Uberaba;13;2022;1703;76.33587786259541
2022;2022-19;Uberlândia;34;2022;3115;109.14927768860353
2022;2022-19;Uruguaiana;2;2022;210;95.23809523809524
2022;2022-19;Valença;0;2022;20;0.0
2022;2022-19;Vitória;0;2022;73;0.0
2022;2022-19;Vitória da Conquista;0;2022;63;0.0
2022;2022-19;Volta Redonda - Barra Mansa;3;2022;2314;12.964563526361278
2022;2022-20;Afonso Cláudio - Venda Nova do Imigrante - Santa Maria de Jetibá;0;2022;567;0.0
2022;2022-20;Alegre;1;2022;357;28.011204481792717
2022;2022-20;Araranguá;0;2022;451;0.0
2022;2022-20;Atalaia;1;2022;7;1428.5714285714284
2022;2022-20;Bagé;0;2022;190;0.0
2022;2022-20;Belo Horizonte;186;2022;33319;55.824004321858396
2022;2022-20;Belém;80;2022;13358;59.88920497080401
2022;2022-20;Bento Gonçalves;3;2022;423;70.92198581560284
2022;2022-20;Boa Vista;0;2022;499;0.0
2022;2022-20;Bragança Paulista;0;2022;34;0.0
2022;2022-20;Brumado;0;2022;266;0.0
2022;2022-20;Camacan;0;2022;2;0.0
2022;2022-20;Campina Grande;18;2022;2245;80.17817371937639
2022;2022-20;Campo Belo;0;2022;18;0.0
2022;2022-20;Campos dos Goytacazes;3;2022;1020;29.41176470588235
2022;2022-20;Caratinga;2;2022;513;38.98635477582846
2022;2022-20;Carazinho;0;2022;67;0.0
2022;2022-20;Cascavel;0;2022;32;0.0
2022;2022-20;Catalão;4;2022;277;144.4043321299639
2022;2022-20;Catanduva;1;2022;27;370.3703703703703
2022;2022-20;Caxias do Sul;16;2022;2853;56.08131791097091
2022;2022-20;Ceres - Rialma - Goianésia;0;2022;1;0.0
2022;2022-20;Conceição do Coité;0;2022;24;0.0
2022;2022-20;Cruz Alta;4;2022;291;137.4570446735395
2022;2022-20;Curitiba;130;2022;17424;74.60973370064279
2022;2022-20;Curitibanos;0;2022;5;0.0
2022;2022-20;Distrito Federal;144;2022;13408;107.39856801909308
2022;2022-20;Eunápolis - Porto Seguro;0;2022;24;0.0
2022;2022-20;Frederico Westphalen;0;2022;238;0.0
2022;2022-20;Goiana ¿ Timbaúba;0;2022;236;0.0
2022;2022-20;Guarabira;1;2022;60;166.66666666666666
2022;2022-20;Guarapuava;0;2022;14;0.0
2022;2022-20;Gurupi;0;2022;36;0.0
2022;2022-20;Ijuí;3;2022;602;49.833887043189364
2022;2022-20;Imperatriz;0;2022;20;0.0
2022;2022-20;Itacoatiara;0;2022;29;0.0
2022;2022-20;Jaú;0;2022;83;0.0
2022;2022-20;Ji-Paraná;0;2022;31;0.0
2022;2022-20;Joaçaba - Herval d'Oeste;2;2022;338;59.171597633136095
2022;2022-20;Joinville;1;2022;38;263.1578947368421
2022;2022-20;Juiz de Fora;11;2022;2568;42.834890965732086
2022;2022-20;Linhares;1;2022;937;10.672358591248667
2022;2022-20;Maceió;0;2022;35;0.0
2022;2022-20;Manaus;33;2022;4047;81.5418828762046
2022;2022-20;Mantena;1;2022;133;75.18796992481202
2022;2022-20;Maringá;19;2022;3831;49.59540589924301
2022;2022-20;Marília;2;2022;1119;17.873100983020553
2022;2022-20;Monteiro;0;2022;2;0.0
2022;2022-20;Mossoró;0;2022;25;0.0
2022;2022-20;Natal;0;2022;11;0.0
2022;2022-20;Nazaré ¿ Maragogipe;0;2022;40;0.0
2022;2022-20;Nova Prata - Guaporé;4;2022;358;111.73184357541899
2022;2022-20;Oliveira;1;2022;607;16.474464579901152
2022;2022-20;Passo Fundo;9;2022;874;102.97482837528604
2022;2022-20;Passos;10;2022;712;140.4494382022472
2022;2022-20;Patos;0;2022;55;0.0
2022;2022-20;Pinheiro;0;2022;88;0.0
2022;2022-20;Pirapora;1;2022;183;54.6448087431694
2022;2022-20;Piumhi;0;2022;12;0.0
2022;2022-20;Ponte Nova;0;2022;12;0.0
2022;2022-20;Porto Alegre;212;2022;20837;101.74209339156309
2022;2022-20;Princesa Isabel;0;2022;25;0.0
2022;2022-20;Quirinópolis;0;2022;122;0.0
2022;2022-20;Resende;3;2022;489;61.34969325153374
2022;2022-20;Ribeirão Preto;14;2022;5529;25.3210345451257
2022;2022-20;Rio Claro;2;2022;254;78.74015748031496
2022;2022-20;Rio de Janeiro;201;2022;39424;50.98417207792208
2022;2022-20;Russas - Limoeiro do Norte;6;2022;841;71.3436385255648
2022;2022-20;Salvador;128;2022;11937;107.2296221831281
2022;2022-20;Santa Cruz do Sul;3;2022;1031;29.09796314258002
2022;2022-20;Santa Inês;1;2022;46;217.3913043478261
2022;2022-20;Santa Maria;6;2022;1169;51.32591958939265
2022;2022-20;Santa Maria da Vitoria;0;2022;8;0.0
2022;2022-20;Santana do Livramento;0;2022;101;0.0
2022;2022-20;Santos;2;2022;1142;17.513134851138354
2022;2022-20;Serra Talhada;0;2022;95;0.0
2022;2022-20;Soledade;1;2022;298;33.557046979865774
2022;2022-20;São Miguel do Oeste;0;2022;349;0.0
2022;2022-20;São Paulo;398;2022;70656;56.32925724637681
2022;2022-20;Teófilo Otoni;1;2022;633;15.797788309636651
2022;2022-20;Toledo;0;2022;66;0.0
2022;2022-20;Uberaba;15;2022;1703;88.07985907222547
2022;2022-20;Uberlândia;25;2022;3115;80.25682182985553
2022;2022-20;Uruguaiana;1;2022;210;47.61904761904762
2022;2022-20;Valença;0;2022;20;0.0
2022;2022-20;Vitória;0;2022;73;0.0
2022;2022-20;Vitória da Conquista;0;2022;63;0.0
2022;2022-20;Volta Redonda - Barra Mansa;5;2022;2314;21.6076058772688
2022;2022-21;Afonso Cláudio - Venda Nova do Imigrante - Santa Maria de Jetibá;3;2022;567;52.910052910052904
2022;2022-21;Alegre;3;2022;357;84.03361344537815
2022;2022-21;Araranguá;4;2022;451;88.69179600886918
2022;2022-21;Atalaia;0;2022;7;0.0
2022;2022-21;Bagé;0;2022;190;0.0
2022;2022-21;Belo Horizonte;145;2022;33319;43.51871304661004
2022;2022-21;Belém;61;2022;13358;45.66551879023806
2022;2022-21;Bento Gonçalves;0;2022;423;0.0
2022;2022-21;Boa Vista;0;2022;499;0.0
2022;2022-21;Bragança Paulista;0;2022;34;0.0
2022;2022-21;Brumado;1;2022;266;37.59398496240601
2022;2022-21;Camacan;0;2022;2;0.0
2022;2022-21;Campina Grande;11;2022;2245;48.99777282850779
2022;2022-21;Campo Belo;0;2022;18;0.0
2022;2022-21;Campos dos Goytacazes;4;2022;1020;39.21568627450981
2022;2022-21;Caratinga;1;2022;513;19.49317738791423
2022;2022-21;Carazinho;0;2022;67;0.0
2022;2022-21;Cascavel;0;2022;32;0.0
2022;2022-21;Catalão;0;2022;277;0.0
2022;2022-21;Catanduva;0;2022;27;0.0
2022;2022-21;Caxias do Sul;10;2022;2853;35.050823694356815
2022;2022-21;Ceres - Rialma - Goianésia;0;2022;1;0.0
2022;2022-21;Conceição do Coité;0;2022;24;0.0
2022;2022-21;Cruz Alta;9;2022;291;309.27835051546396
2022;2022-21;Curitiba;104;2022;17424;59.68778696051423
2022;2022-21;Curitibanos;0;2022;5;0.0
2022;2022-21;Distrito Federal;126;2022;13408;93.97374701670645
2022;2022-21;Eunápolis - Porto Seguro;0;2022;24;0.0
2022;2022-21;Frederico Westphalen;3;2022;238;126.05042016806723
2022;2022-21;Goiana ¿ Timbaúba;0;2022;236;0.0
2022;2022-21;Guarabira;0;2022;60;0.0
2022;2022-21;Guarapuava;0;2022;14;0.0
2022;2022-21;Gurupi;0;2022;36;0.0
2022;2022-21;Ijuí;1;2022;602;16.611295681063122
2022;2022-21;Imperatriz;0;2022;20;0.0
2022;2022-21;Itacoatiara;0;2022;29;0.0
2022;2022-21;Jaú;0;2022;83;0.0
2022;2022-21;Ji-Paraná;0;2022;31;0.0
2022;2022-21;Joaçaba - Herval d'Oeste;0;2022;338;0.0
2022;2022-21;Joinville;0;2022;38;0.0
2022;2022-21;Juiz de Fora;6;2022;2568;23.36448598130841
2022;2022-21;Linhares;2;2022;937;21.344717182497334
2022;2022-21;Maceió;0;2022;35;0.0
2022;2022-21;Manaus;20;2022;4047;49.41932295527552
2022;2022-21;Mantena;0;2022;133;0.0
2022;2022-21;Maringá;16;2022;3831;41.76455233620465
2022;2022-21;Marília;4;2022;1119;35.746201966041106
2022;2022-21;Monteiro;0;2022;2;0.0
2022;2022-21;Mossoró;0;2022;25;0.0
2022;2022-21;Natal;0;2022;11;0.0
2022;2022-21;Nazaré ¿ Maragogipe;0;2022;40;0.0
2022;2022-21;Nova Prata - Guaporé;1;2022;358;27.932960893854748
2022;2022-21;Oliveira;0;2022;607;0.0
2022;2022-21;Passo Fundo;7;2022;874;80.09153318077803
2022;2022-21;Passos;5;2022;712;70.2247191011236
2022;2022-21;Patos;0;2022;55;0.0
2022;2022-21;Pinheiro;1;2022;88;113.63636363636364
2022;2022-21;Pirapora;0;2022;183;0.0
2022;2022-21;Piumhi;0;2022;12;0.0
2022;2022-21;Ponte Nova;0;2022;12;0.0
2022;2022-21;Porto Alegre;144;2022;20837;69.10783702068436
2022;2022-21;Princesa Isabel;0;2022;25;0.0
2022;2022-21;Quirinópolis;0;2022;122;0.0
2022;2022-21;Resende;0;2022;489;0.0
2022;2022-21;Ribeirão Preto;19;2022;5529;34.36426116838488
2022;2022-21;Rio Claro;0;2022;254;0.0
2022;2022-21;Rio de Janeiro;153;2022;39424;38.80884740259741
2022;2022-21;Russas - Limoeiro do Norte;10;2022;841;118.90606420927467
2022;2022-21;Salvador;64;2022;11937;53.61481109156405
2022;2022-21;Santa Cruz do Sul;6;2022;1031;58.19592628516004
2022;2022-21;Santa Inês;1;2022;46;217.3913043478261
2022;2022-21;Santa Maria;12;2022;1169;102.6518391787853
2022;2022-21;Santa Maria da Vitoria;0;2022;8;0.0
2022;2022-21;Santana do Livramento;1;2022;101;99.00990099009901
2022;2022-21;Santos;1;2022;1142;8.756567425569177
2022;2022-21;Serra Talhada;0;2022;95;0.0
2022;2022-21;Soledade;0;2022;298;0.0
2022;2022-21;São Miguel do Oeste;4;2022;349;114.61318051575931
2022;2022-21;São Paulo;287;2022;70656;40.61933876811594
2022;2022-21;Teófilo Otoni;0;2022;633;0.0
2022;2022-21;Toledo;1;2022;66;151.51515151515153
2022;2022-21;Uberaba;12;2022;1703;70.46388725778039
2022;2022-21;Uberlândia;12;2022;3115;38.523274478330656
2022;2022-21;Uruguaiana;0;2022;210;0.0
2022;2022-21;Valença;0;2022;20;0.0
2022;2022-21;Vitória;0;2022;73;0.0
2022;2022-21;Vitória da Conquista;0;2022;63;0.0
2022;2022-21;Volta Redonda - Barra Mansa;2;2022;2314;8.64304235090752
2022;2022-22;Afonso Cláudio - Venda Nova do Imigrante - Santa Maria de Jetibá;0;2022;567;0.0
2022;2022-22;Alegre;2;2022;357;56.022408963585434
2022;2022-22;Araranguá;2;2022;451;44.34589800443459
2022;2022-22;Atalaia;0;2022;7;0.0
2022;2022-22;Bagé;2;2022;190;105.26315789473684
2022;2022-22;Belo Horizonte;167;2022;33319;50.12155226747502
2022;2022-22;Belém;56;2022;13358;41.9224434795628
2022;2022-22;Bento Gonçalves;1;2022;423;23.64066193853428
2022;2022-22;Boa Vista;0;2022;499;0.0
2022;2022-22;Bragança Paulista;0;2022;34;0.0
2022;2022-22;Brumado;0;2022;266;0.0
2022;2022-22;Camacan;0;2022;2;0.0
2022;2022-22;Campina Grande;13;2022;2245;57.906458797327396
2022;2022-22;Campo Belo;0;2022;18;0.0
2022;2022-22;Campos dos Goytacazes;3;2022;1020;29.41176470588235
2022;2022-22;Caratinga;0;2022;513;0.0
2022;2022-22;Carazinho;0;2022;67;0.0
2022;2022-22;Cascavel;0;2022;32;0.0
2022;2022-22;Catalão;1;2022;277;36.101083032490976
2022;2022-22;Catanduva;0;2022;27;0.0
2022;2022-22;Caxias do Sul;4;2022;2853;14.020329477742727
2022;2022-22;Ceres - Rialma - Goianésia;0;2022;1;0.0
2022;2022-22;Conceição do Coité;1;2022;24;416.66666666666663
2022;2022-22;Cruz Alta;2;2022;291;68.72852233676976
2022;2022-22;Curitiba;50;2022;17424;28.69605142332415
2022;2022-22;Curitibanos;0;2022;5;0.0
2022;2022-22;Distrito Federal;93;2022;13408;69.36157517899761
2022;2022-22;Eunápolis - Porto Seguro;0;2022;24;0.0
2022;2022-22;Frederico Westphalen;0;2022;238;0.0
2022;2022-22;Goiana ¿ Timbaúba;0;2022;236;0.0
2022;2022-22;Guarabira;0;2022;60;0.0
2022;2022-22;Guarapuava;0;2022;14;0.0
2022;2022-22;Gurupi;0;2022;36;0.0
2022;2022-22;Ijuí;8;2022;602;132.89036544850498
2022;2022-22;Imperatriz;0;2022;20;0.0
2022;2022-22;Itacoatiara;0;2022;29;0.0
2022;2022-22;Jaú;0;2022;83;0.0
2022;2022-22;Ji-Paraná;0;2022;31;0.0
2022;2022-22;Joaçaba - Herval d'Oeste;2;2022;338;59.171597633136095
2022;2022-22;Joinville;0;2022;38;0.0
2022;2022-22;Juiz de Fora;5;2022;2568;19.470404984423677
2022;2022-22;Linhares;3;2022;937;32.017075773746
2022;2022-22;Maceió;0;2022;35;0.0
2022;2022-22;Manaus;22;2022;4047;54.36125525080306
2022;2022-22;Mantena;0;2022;133;0.0
2022;2022-22;Maringá;7;2022;3831;18.271991647089532
2022;2022-22;Marília;3;2022;1119;26.80965147453083
2022;2022-22;Monteiro;0;2022;2;0.0
2022;2022-22;Mossoró;0;2022;25;0.0
2022;2022-22;Natal;0;2022;11;0.0
2022;2022-22;Nazaré ¿ Maragogipe;0;2022;40;0.0
2022;2022-22;Nova Prata - Guaporé;0;2022;358;0.0
2022;2022-22;Oliveira;2;2022;607;32.948929159802304
2022;2022-22;Passo Fundo;6;2022;874;68.64988558352402
2022;2022-22;Passos;5;2022;712;70.2247191011236
2022;2022-22;Patos;0;2022;55;0.0
2022;2022-22;Pinheiro;0;2022;88;0.0
2022;2022-22;Pirapora;1;2022;183;54.6448087431694
2022;2022-22;Piumhi;0;2022;12;0.0
2022;2022-22;Ponte Nova;0;2022;12;0.0
2022;2022-22;Porto Alegre;76;2022;20837;36.47358064980563
2022;2022-22;Princesa Isabel;0;2022;25;0.0
2022;2022-22;Quirinópolis;0;2022;122;0.0
2022;2022-22;Resende;3;2022;489;61.34969325153374
2022;2022-22;Ribeirão Preto;10;2022;5529;18.086453246518357
2022;2022-22;Rio Claro;1;2022;254;39.37007874015748
2022;2022-22;Rio de Janeiro;147;2022;39424;37.28693181818182
2022;2022-22;Russas - Limoeiro do Norte;4;2022;841;47.56242568370987
2022;2022-22;Salvador;70;2022;11937;58.64119963139817
2022;2022-22;Santa Cruz do Sul;3;2022;1031;29.09796314258002
2022;2022-22;Santa Inês;0;2022;46;0.0
2022;2022-22;Santa Maria;7;2022;1169;59.880239520958085
2022;2022-22;Santa Maria da Vitoria;0;2022;8;0.0
2022;2022-22;Santana do Livramento;2;2022;101;198.01980198019803
2022;2022-22;Santos;0;2022;1142;0.0
2022;2022-22;Serra Talhada;0;2022;95;0.0
2022;2022-22;Soledade;0;2022;298;0.0
2022;2022-22;São Miguel do Oeste;3;2022;349;85.95988538681948
2022;2022-22;São Paulo;208;2022;70656;29.43840579710145
2022;2022-22;Teófilo Otoni;4;2022;633;63.191153238546605
2022;2022-22;Toledo;0;2022;66;0.0
2022;2022-22;Uberaba;15;2022;1703;88.07985907222547
2022;2022-22;Uberlândia;12;2022;3115;38.523274478330656
2022;2022-22;Uruguaiana;0;2022;210;0.0
2022;2022-22;Valença;0;2022;20;0.0
2022;2022-22;Vitória;0;2022;73;0.0
2022;2022-22;Vitória da Conquista;0;2022;63;0.0
2022;2022-22;Volta Redonda - Barra Mansa;0;2022;2314;0.0
2022;2022-23;Afonso Cláudio - Venda Nova do Imigrante - Santa Maria de Jetibá;1;2022;567;17.636684303350968
2022;2022-23;Alegre;1;2022;357;28.011204481792717
2022;2022-23;Araranguá;1;2022;451;22.172949002217294
2022;2022-23;Atalaia;0;2022;7;0.0
2022;2022-23;Bagé;0;2022;190;0.0
2022;2022-23;Belo Horizonte;145;2022;33319;43.51871304661004
2022;2022-23;Belém;32;2022;13358;23.955681988321608
2022;2022-23;Bento Gonçalves;0;2022;423;0.0
2022;2022-23;Boa Vista;0;2022;499;0.0
2022;2022-23;Bragança Paulista;0;2022;34;0.0
2022;2022-23;Brumado;1;2022;266;37.59398496240601
2022;2022-23;Camacan;0;2022;2;0.0
2022;2022-23;Campina Grande;7;2022;2245;31.180400890868597
2022;2022-23;Campo Belo;0;2022;18;0.0
2022;2022-23;Campos dos Goytacazes;0;2022;1020;0.0
2022;2022-23;Caratinga;2;2022;513;38.98635477582846
2022;2022-23;Carazinho;0;2022;67;0.0
2022;2022-23;Cascavel;0;2022;32;0.0
2022;2022-23;Catalão;2;2022;277;72.20216606498195
2022;2022-23;Catanduva;0;2022;27;0.0
2022;2022-23;Caxias do Sul;1;2022;2853;3.505082369435682
2022;2022-23;Ceres - Rialma - Goianésia;0;2022;1;0.0
2022;2022-23;Conceição do Coité;1;2022;24;416.66666666666663
2022;2022-23;Cruz Alta;0;2022;291;0.0
2022;2022-23;Curitiba;55;2022;17424;31.565656565656564
2022;2022-23;Curitibanos;0;2022;5;0.0
2022;2022-23;Distrito Federal;72;2022;13408;53.69928400954654
2022;2022-23;Eunápolis - Porto Seguro;0;2022;24;0.0
2022;2022-23;Frederico Westphalen;1;2022;238;42.016806722689076
2022;2022-23;Goiana ¿ Timbaúba;0;2022;236;0.0
2022;2022-23;Guarabira;0;2022;60;0.0
2022;2022-23;Guarapuava;0;2022;14;0.0
2022;2022-23;Gurupi;0;2022;36;0.0
2022;2022-23;Ijuí;2;2022;602;33.222591362126245
2022;2022-23;Imperatriz;0;2022;20;0.0
2022;2022-23;Itacoatiara;0;2022;29;0.0
2022;2022-23;Jaú;1;2022;83;120.48192771084338
2022;2022-23;Ji-Paraná;0;2022;31;0.0
2022;2022-23;Joaçaba - Herval d'Oeste;1;2022;338;29.585798816568047
2022;2022-23;Joinville;1;2022;38;263.1578947368421
2022;2022-23;Juiz de Fora;3;2022;2568;11.682242990654204
2022;2022-23;Linhares;1;2022;937;10.672358591248667
2022;2022-23;Maceió;0;2022;35;0.0
2022;2022-23;Manaus;28;2022;4047;69.18705213738572
2022;2022-23;Mantena;0;2022;133;0.0
2022;2022-23;Maringá;11;2022;3831;28.713129731140693
2022;2022-23;Marília;4;2022;1119;35.746201966041106
2022;2022-23;Monteiro;0;2022;2;0.0
2022;2022-23;Mossoró;0;2022;25;0.0
2022;2022-23;Natal;0;2022;11;0.0
2022;2022-23;Nazaré ¿ Maragogipe;0;2022;40;0.0
2022;2022-23;Nova Prata - Guaporé;1;2022;358;27.932960893854748
2022;2022-23;Oliveira;1;2022;607;16.474464579901152
2022;2022-23;Passo Fundo;2;2022;874;22.88329519450801
2022;2022-23;Passos;5;2022;712;70.2247191011236
2022;2022-23;Patos;0;2022;55;0.0
2022;2022-23;Pinheiro;0;2022;88;0.0
2022;2022-23;Pirapora;1;2022;183;54.6448087431694
2022;2022-23;Piumhi;0;2022;12;0.0
2022;2022-23;Ponte Nova;0;2022;12;0.0
2022;2022-23;Porto Alegre;73;2022;20837;35.033834045208046
2022;2022-23;Princesa Isabel;0;2022;25;0.0
2022;2022-23;Quirinópolis;0;2022;122;0.0
2022;2022-23;Resende;0;2022;489;0.0
2022;2022-23;Ribeirão Preto;9;2022;5529;16.277807921866522
2022;2022-23;Rio Claro;0;2022;254;0.0
2022;2022-23;Rio de Janeiro;132;2022;39424;33.482142857142854
2022;2022-23;Russas - Limoeiro do Norte;5;2022;841;59.45303210463734
2022;2022-23;Salvador;50;2022;11937;41.88657116528441
2022;2022-23;Santa Cruz do Sul;7;2022;1031;67.89524733268671
2022;2022-23;Santa Inês;0;2022;46;0.0
2022;2022-23;Santa Maria;3;2022;1169;25.662959794696324
2022;2022-23;Santa Maria da Vitoria;0;2022;8;0.0
2022;2022-23;Santana do Livramento;1;2022;101;99.00990099009901
2022;2022-23;Santos;1;2022;1142;8.756567425569177
2022;2022-23;Serra Talhada;0;2022;95;0.0
2022;2022-23;Soledade;0;2022;298;0.0
2022;2022-23;São Miguel do Oeste;1;2022;349;28.653295128939828
2022;2022-23;São Paulo;194;2022;70656;27.45697463768116
2022;2022-23;Teófilo Otoni;2;2022;633;31.595576619273302
2022;2022-23;Toledo;1;2022;66;151.51515151515153
2022;2022-23;Uberaba;10;2022;1703;58.71990604815032
2022;2022-23;Uberlândia;14;2022;3115;44.943820224719104
2022;2022-23;Uruguaiana;0;2022;210;0.0
2022;2022-23;Valença;2;2022;20;1000.0
2022;2022-23;Vitória;0;2022;73;0.0
2022;2022-23;Vitória da Conquista;0;2022;63;0.0
2022;2022-23;Volta Redonda - Barra Mansa;5;2022;2314;21.6076058772688
2022;2022-24;Afonso Cláudio - Venda Nova do Imigrante - Santa Maria de Jetibá;4;2022;567;70.54673721340387
2022;2022-24;Alegre;0;2022;357;0.0
2022;2022-24;Araranguá;3;2022;451;66.51884700665188
2022;2022-24;Atalaia;0;2022;7;0.0
2022;2022-24;Bagé;0;2022;190;0.0
2022;2022-24;Belo Horizonte;87;2022;33319;26.111227827966026
2022;2022-24;Belém;21;2022;13358;15.720916304836052
2022;2022-24;Bento Gonçalves;0;2022;423;0.0
2022;2022-24;Boa Vista;0;2022;499;0.0
2022;2022-24;Bragança Paulista;0;2022;34;0.0
2022;2022-24;Brumado;0;2022;266;0.0
2022;2022-24;Camacan;0;2022;2;0.0
2022;2022-24;Campina Grande;15;2022;2245;66.815144766147
2022;2022-24;Campo Belo;0;2022;18;0.0
2022;2022-24;Campos dos Goytacazes;0;2022;1020;0.0
2022;2022-24;Caratinga;4;2022;513;77.97270955165692
2022;2022-24;Carazinho;0;2022;67;0.0
2022;2022-24;Cascavel;0;2022;32;0.0
2022;2022-24;Catalão;0;2022;277;0.0
2022;2022-24;Catanduva;0;2022;27;0.0
2022;2022-24;Caxias do Sul;5;2022;2853;17.525411847178407
2022;2022-24;Ceres - Rialma - Goianésia;0;2022;1;0.0
2022;2022-24;Conceição do Coité;0;2022;24;0.0
2022;2022-24;Cruz Alta;1;2022;291;34.36426116838488
2022;2022-24;Curitiba;43;2022;17424;24.67860422405877
2022;2022-24;Curitibanos;0;2022;5;0.0
2022;2022-24;Distrito Federal;52;2022;13408;38.782816229116946
2022;2022-24;Eunápolis - Porto Seguro;0;2022;24;0.0
2022;2022-24;Frederico Westphalen;0;2022;238;0.0
2022;2022-24;Goiana ¿ Timbaúba;0;2022;236;0.0
2022;2022-24;Guarabira;0;2022;60;0.0
2022;2022-24;Guarapuava;0;2022;14;0.0
2022;2022-24;Gurupi;0;2022;36;0.0
2022;2022-24;Ijuí;1;2022;602;16.611295681063122
2022;2022-24;Imperatriz;0;2022;20;0.0
2022;2022-24;Itacoatiara;0;2022;29;0.0
2022;2022-24;Jaú;0;2022;83;0.0
2022;2022-24;Ji-Paraná;0;2022;31;0.0
2022;2022-24;Joaçaba - Herval d'Oeste;0;2022;338;0.0
2022;2022-24;Joinville;0;2022;38;0.0
2022;2022-24;Juiz de Fora;4;2022;2568;15.57632398753894
2022;2022-24;Linhares;3;2022;937;32.017075773746
2022;2022-24;Maceió;0;2022;35;0.0
2022;2022-24;Manaus;11;2022;4047;27.18062762540153
2022;2022-24;Mantena;0;2022;133;0.0
2022;2022-24;Maringá;8;2022;3831;20.882276168102326
2022;2022-24;Marília;1;2022;1119;8.936550491510276
2022;2022-24;Monteiro;0;2022;2;0.0
2022;2022-24;Mossoró;0;2022;25;0.0
2022;2022-24;Natal;0;2022;11;0.0
2022;2022-24;Nazaré ¿ Maragogipe;0;2022;40;0.0
2022;2022-24;Nova Prata - Guaporé;0;2022;358;0.0
2022;2022-24;Oliveira;0;2022;607;0.0
2022;2022-24;Passo Fundo;0;2022;874;0.0
2022;2022-24;Passos;2;2022;712;28.089887640449437
2022;2022-24;Patos;0;2022;55;0.0
2022;2022-24;Pinheiro;1;2022;88;113.63636363636364
2022;2022-24;Pirapora;0;2022;183;0.0
2022;2022-24;Piumhi;0;2022;12;0.0
2022;2022-24;Ponte Nova;0;2022;12;0.0
2022;2022-24;Porto Alegre;50;2022;20837;23.99577674329318
2022;2022-24;Princesa Isabel;0;2022;25;0.0
2022;2022-24;Quirinópolis;0;2022;122;0.0
2022;2022-24;Resende;1;2022;489;20.449897750511248
2022;2022-24;Ribeirão Preto;10;2022;5529;18.086453246518357
2022;2022-24;Rio Claro;0;2022;254;0.0
2022;2022-24;Rio de Janeiro;101;2022;39424;25.61891233766234
2022;2022-24;Russas - Limoeiro do Norte;2;2022;841;23.781212841854934
2022;2022-24;Salvador;49;2022;11937;41.04883974197872
2022;2022-24;Santa Cruz do Sul;1;2022;1031;9.699321047526674
2022;2022-24;Santa Inês;0;2022;46;0.0
2022;2022-24;Santa Maria;1;2022;1169;8.55431993156544
2022;2022-24;Santa Maria da Vitoria;0;2022;8;0.0
2022;2022-24;Santana do Livramento;0;2022;101;0.0
2022;2022-24;Santos;1;2022;1142;8.756567425569177
2022;2022-24;Serra Talhada;0;2022;95;0.0
2022;2022-24;Soledade;0;2022;298;0.0
2022;2022-24;São Miguel do Oeste;0;2022;349;0.0
2022;2022-24;São Paulo;191;2022;70656;27.03238224637681
2022;2022-24;Teófilo Otoni;3;2022;633;47.39336492890995
2022;2022-24;Toledo;3;2022;66;454.54545454545456
2022;2022-24;Uberaba;4;2022;1703;23.48796241926013
2022;2022-24;Uberlândia;14;2022;3115;44.943820224719104
2022;2022-24;Uruguaiana;0;2022;210;0.0
2022;2022-24;Valença;0;2022;20;0.0
2022;2022-24;Vitória;0;2022;73;0.0
2022;2022-24;Vitória da Conquista;0;2022;63;0.0
2022;2022-24;Volta Redonda - Barra Mansa;0;2022;2314;0.0
2022;2022-25;Afonso Cláudio - Venda Nova do Imigrante - Santa Maria de Jetibá;1;2022;567;17.636684303350968
2022;2022-25;Alegre;0;2022;357;0.0
2022;2022-25;Araranguá;1;2022;451;22.172949002217294
2022;2022-25;Atalaia;0;2022;7;0.0
2022;2022-25;Bagé;1;2022;190;52.63157894736842
2022;2022-25;Belo Horizonte;81;2022;33319;24.310453495002854
2022;2022-25;Belém;27;2022;13358;20.212606677646352
2022;2022-25;Bento Gonçalves;3;2022;423;70.92198581560284
2022;2022-25;Boa Vista;3;2022;499;60.120240480961925
2022;2022-25;Bragança Paulista;0;2022;34;0.0
2022;2022-25;Brumado;1;2022;266;37.59398496240601
2022;2022-25;Camacan;0;2022;2;0.0
2022;2022-25;Campina Grande;4;2022;2245;17.817371937639198
2022;2022-25;Campo Belo;0;2022;18;0.0
2022;2022-25;Campos dos Goytacazes;0;2022;1020;0.0
2022;2022-25;Caratinga;0;2022;513;0.0
2022;2022-25;Carazinho;0;2022;67;0.0
2022;2022-25;Cascavel;0;2022;32;0.0
2022;2022-25;Catalão;0;2022;277;0.0
2022;2022-25;Catanduva;1;2022;27;370.3703703703703
2022;2022-25;Caxias do Sul;2;2022;2853;7.010164738871364
2022;2022-25;Ceres - Rialma - Goianésia;0;2022;1;0.0
2022;2022-25;Conceição do Coité;0;2022;24;0.0
2022;2022-25;Cruz Alta;0;2022;291;0.0
2022;2022-25;Curitiba;46;2022;17424;26.40036730945822
2022;2022-25;Curitibanos;0;2022;5;0.0
2022;2022-25;Distrito Federal;45;2022;13408;33.562052505966584
2022;2022-25;Eunápolis - Porto Seguro;0;2022;24;0.0
2022;2022-25;Frederico Westphalen;0;2022;238;0.0
2022;2022-25;Goiana ¿ Timbaúba;0;2022;236;0.0
2022;2022-25;Guarabira;0;2022;60;0.0
2022;2022-25;Guarapuava;0;2022;14;0.0
2022;2022-25;Gurupi;0;2022;36;0.0
2022;2022-25;Ijuí;3;2022;602;49.833887043189364
2022;2022-25;Imperatriz;0;2022;20;0.0
2022;2022-25;Itacoatiara;0;2022;29;0.0
2022;2022-25;Jaú;0;2022;83;0.0
2022;2022-25;Ji-Paraná;0;2022;31;0.0
2022;2022-25;Joaçaba - Herval d'Oeste;1;2022;338;29.585798816568047
2022;2022-25;Joinville;1;2022;38;263.1578947368421
2022;2022-25;Juiz de Fora;0;2022;2568;0.0
2022;2022-25;Linhares;1;2022;937;10.672358591248667
2022;2022-25;Maceió;0;2022;35;0.0
2022;2022-25;Manaus;15;2022;4047;37.064492216456635
2022;2022-25;Mantena;0;2022;133;0.0
2022;2022-25;Maringá;0;2022;3831;0.0
2022;2022-25;Marília;5;2022;1119;44.68275245755138
2022;2022-25;Monteiro;0;2022;2;0.0
2022;2022-25;Mossoró;0;2022;25;0.0
2022;2022-25;Natal;0;2022;11;0.0
2022;2022-25;Nazaré ¿ Maragogipe;0;2022;40;0.0
2022;2022-25;Nova Prata - Guaporé;0;2022;358;0.0
2022;2022-25;Oliveira;0;2022;607;0.0
2022;2022-25;Passo Fundo;0;2022;874;0.0
2022;2022-25;Passos;4;2022;712;56.17977528089887
2022;2022-25;Patos;0;2022;55;0.0
2022;2022-25;Pinheiro;1;2022;88;113.63636363636364
2022;2022-25;Pirapora;0;2022;183;0.0
2022;2022-25;Piumhi;0;2022;12;0.0
2022;2022-25;Ponte Nova;0;2022;12;0.0
2022;2022-25;Porto Alegre;42;2022;20837;20.15645246436627
2022;2022-25;Princesa Isabel;0;2022;25;0.0
2022;2022-25;Quirinópolis;1;2022;122;81.9672131147541
2022;2022-25;Resende;0;2022;489;0.0
2022;2022-25;Ribeirão Preto;8;2022;5529;14.469162597214686
2022;2022-25;Rio Claro;1;2022;254;39.37007874015748
2022;2022-25;Rio de Janeiro;84;2022;39424;21.30681818181818
2022;2022-25;Russas - Limoeiro do Norte;4;2022;841;47.56242568370987
2022;2022-25;Salvador;51;2022;11937;42.72430258859009
2022;2022-25;Santa Cruz do Sul;2;2022;1031;19.398642095053347
2022;2022-25;Santa Inês;0;2022;46;0.0
2022;2022-25;Santa Maria;2;2022;1169;17.10863986313088
2022;2022-25;Santa Maria da Vitoria;0;2022;8;0.0
2022;2022-25;Santana do Livramento;0;2022;101;0.0
2022;2022-25;Santos;0;2022;1142;0.0
2022;2022-25;Serra Talhada;0;2022;95;0.0
2022;2022-25;Soledade;0;2022;298;0.0
2022;2022-25;São Miguel do Oeste;0;2022;349;0.0
2022;2022-25;São Paulo;171;2022;70656;24.201766304347824
2022;2022-25;Teófilo Otoni;1;2022;633;15.797788309636651
2022;2022-25;Toledo;3;2022;66;454.54545454545456
2022;2022-25;Uberaba;2;2022;1703;11.743981209630064
2022;2022-25;Uberlândia;10;2022;3115;32.102728731942214
2022;2022-25;Uruguaiana;1;2022;210;47.61904761904762
2022;2022-25;Valença;0;2022;20;0.0
2022;2022-25;Vitória;0;2022;73;0.0
2022;2022-25;Vitória da Conquista;0;2022;63;0.0
2022;2022-25;Volta Redonda - Barra Mansa;1;2022;2314;4.32152117545376
2022;2022-26;Afonso Cláudio - Venda Nova do Imigrante - Santa Maria de Jetibá;1;2022;567;17.636684303350968
2022;2022-26;Alegre;1;2022;357;28.011204481792717
2022;2022-26;Araranguá;0;2022;451;0.0
2022;2022-26;Atalaia;0;2022;7;0.0
2022;2022-26;Bagé;2;2022;190;105.26315789473684
2022;2022-26;Belo Horizonte;67;2022;33319;20.108646718088778
2022;2022-26;Belém;18;2022;13358;13.475071118430902
2022;2022-26;Bento Gonçalves;1;2022;423;23.64066193853428
2022;2022-26;Boa Vista;1;2022;499;20.040080160320638
2022;2022-26;Bragança Paulista;0;2022;34;0.0
2022;2022-26;Brumado;0;2022;266;0.0
2022;2022-26;Camacan;0;2022;2;0.0
2022;2022-26;Campina Grande;10;2022;2245;44.54342984409799
2022;2022-26;Campo Belo;0;2022;18;0.0
2022;2022-26;Campos dos Goytacazes;1;2022;1020;9.803921568627452
2022;2022-26;Caratinga;0;2022;513;0.0
2022;2022-26;Carazinho;0;2022;67;0.0
2022;2022-26;Cascavel;0;2022;32;0.0
2022;2022-26;Catalão;0;2022;277;0.0
2022;2022-26;Catanduva;0;2022;27;0.0
2022;2022-26;Caxias do Sul;2;2022;2853;7.010164738871364
2022;2022-26;Ceres - Rialma - Goianésia;0;2022;1;0.0
2022;2022-26;Conceição do Coité;0;2022;24;0.0
2022;2022-26;Cruz Alta;1;2022;291;34.36426116838488
2022;2022-26;Curitiba;31;2022;17424;17.791551882460972
2022;2022-26;Curitibanos;0;2022;5;0.0
2022;2022-26;Distrito Federal;53;2022;13408;39.52863961813842
2022;2022-26;Eunápolis - Porto Seguro;0;2022;24;0.0
2022;2022-26;Frederico Westphalen;1;2022;238;42.016806722689076
2022;2022-26;Goiana ¿ Timbaúba;0;2022;236;0.0
2022;2022-26;Guarabira;0;2022;60;0.0
2022;2022-26;Guarapuava;0;2022;14;0.0
2022;2022-26;Gurupi;0;2022;36;0.0
2022;2022-26;Ijuí;0;2022;602;0.0
2022;2022-26;Imperatriz;0;2022;20;0.0
2022;2022-26;Itacoatiara;0;2022;29;0.0
2022;2022-26;Jaú;0;2022;83;0.0
2022;2022-26;Ji-Paraná;0;2022;31;0.0
2022;2022-26;Joaçaba - Herval d'Oeste;0;2022;338;0.0
2022;2022-26;Joinville;0;2022;38;0.0
2022;2022-26;Juiz de Fora;1;2022;2568;3.894080996884735
2022;2022-26;Linhares;2;2022;937;21.344717182497334
2022;2022-26;Maceió;0;2022;35;0.0
2022;2022-26;Manaus;10;2022;4047;24.70966147763776
2022;2022-26;Mantena;1;2022;133;75.18796992481202
2022;2022-26;Maringá;8;2022;3831;20.882276168102326
2022;2022-26;Marília;1;2022;1119;8.936550491510276
2022;2022-26;Monteiro;0;2022;2;0.0
2022;2022-26;Mossoró;0;2022;25;0.0
2022;2022-26;Natal;0;2022;11;0.0
2022;2022-26;Nazaré ¿ Maragogipe;0;2022;40;0.0
2022;2022-26;Nova Prata - Guaporé;0;2022;358;0.0
2022;2022-26;Oliveira;0;2022;607;0.0
2022;2022-26;Passo Fundo;2;2022;874;22.88329519450801
2022;2022-26;Passos;1;2022;712;14.044943820224718
2022;2022-26;Patos;0;2022;55;0.0
2022;2022-26;Pinheiro;0;2022;88;0.0
2022;2022-26;Pirapora;2;2022;183;109.2896174863388
2022;2022-26;Piumhi;0;2022;12;0.0
2022;2022-26;Ponte Nova;0;2022;12;0.0
2022;2022-26;Porto Alegre;43;2022;20837;20.636367999232135
2022;2022-26;Princesa Isabel;0;2022;25;0.0
2022;2022-26;Quirinópolis;0;2022;122;0.0
2022;2022-26;Resende;0;2022;489;0.0
2022;2022-26;Ribeirão Preto;3;2022;5529;5.425935973955507
2022;2022-26;Rio Claro;0;2022;254;0.0
2022;2022-26;Rio de Janeiro;80;2022;39424;20.29220779220779
2022;2022-26;Russas - Limoeiro do Norte;3;2022;841;35.6718192627824
2022;2022-26;Salvador;38;2022;11937;31.83379408561615
2022;2022-26;Santa Cruz do Sul;4;2022;1031;38.797284190106694
2022;2022-26;Santa Inês;4;2022;46;869.5652173913044
2022;2022-26;Santa Maria;1;2022;1169;8.55431993156544
2022;2022-26;Santa Maria da Vitoria;0;2022;8;0.0
2022;2022-26;Santana do Livramento;0;2022;101;0.0
2022;2022-26;Santos;1;2022;1142;8.756567425569177
2022;2022-26;Serra Talhada;0;2022;95;0.0
2022;2022-26;Soledade;0;2022;298;0.0
2022;2022-26;São Miguel do Oeste;0;2022;349;0.0
2022;2022-26;São Paulo;146;2022;70656;20.663496376811594
2022;2022-26;Teófilo Otoni;0;2022;633;0.0
2022;2022-26;Toledo;3;2022;66;454.54545454545456
2022;2022-26;Uberaba;3;2022;1703;17.615971814445096
2022;2022-26;Uberlândia;0;2022;3115;0.0
2022;2022-26;Uruguaiana;0;2022;210;0.0
2022;2022-26;Valença;0;2022;20;0.0
2022;2022-26;Vitória;0;2022;73;0.0
2022;2022-26;Vitória da Conquista;0;2022;63;0.0
2022;2022-26;Volta Redonda - Barra Mansa;1;2022;2314;4.32152117545376
2022;2022-27;Afonso Cláudio - Venda Nova do Imigrante - Santa Maria de Jetibá;0;2022;567;0.0
2022;2022-27;Alegre;3;2022;357;84.03361344537815
2022;2022-27;Araranguá;0;2022;451;0.0
2022;2022-27;Atalaia;0;2022;7;0.0
2022;2022-27;Bagé;0;2022;190;0.0
2022;2022-27;Belo Horizonte;61;2022;33319;18.307872385125602
2022;2022-27;Belém;11;2022;13358;8.234765683485552
2022;2022-27;Bento Gonçalves;2;2022;423;47.28132387706856
2022;2022-27;Boa Vista;1;2022;499;20.040080160320638
2022;2022-27;Bragança Paulista;0;2022;34;0.0
2022;2022-27;Brumado;0;2022;266;0.0
2022;2022-27;Camacan;0;2022;2;0.0
2022;2022-27;Campina Grande;7;2022;2245;31.180400890868597
2022;2022-27;Campo Belo;0;2022;18;0.0
2022;2022-27;Campos dos Goytacazes;0;2022;1020;0.0
2022;2022-27;Caratinga;1;2022;513;19.49317738791423
2022;2022-27;Carazinho;0;2022;67;0.0
2022;2022-27;Cascavel;0;2022;32;0.0
2022;2022-27;Catalão;0;2022;277;0.0
2022;2022-27;Catanduva;0;2022;27;0.0
2022;2022-27;Caxias do Sul;2;2022;2853;7.010164738871364
2022;2022-27;Ceres - Rialma - Goianésia;0;2022;1;0.0
2022;2022-27;Conceição do Coité;0;2022;24;0.0
2022;2022-27;Cruz Alta;0;2022;291;0.0
2022;2022-27;Curitiba;30;2022;17424;17.21763085399449
2022;2022-27;Curitibanos;0;2022;5;0.0
2022;2022-27;Distrito Federal;48;2022;13408;35.79952267303103
2022;2022-27;Eunápolis - Porto Seguro;0;2022;24;0.0
2022;2022-27;Frederico Westphalen;0;2022;238;0.0
2022;2022-27;Goiana ¿ Timbaúba;0;2022;236;0.0
2022;2022-27;Guarabira;0;2022;60;0.0
2022;2022-27;Guarapuava;0;2022;14;0.0
2022;2022-27;Gurupi;0;2022;36;0.0
2022;2022-27;Ijuí;1;2022;602;16.611295681063122
2022;2022-27;Imperatriz;0;2022;20;0.0
2022;2022-27;Itacoatiara;0;2022;29;0.0
2022;2022-27;Jaú;0;2022;83;0.0
2022;2022-27;Ji-Paraná;0;2022;31;0.0
2022;2022-27;Joaçaba - Herval d'Oeste;0;2022;338;0.0
2022;2022-27;Joinville;0;2022;38;0.0
2022;2022-27;Juiz de Fora;2;2022;2568;7.78816199376947
2022;2022-27;Linhares;0;2022;937;0.0
2022;2022-27;Maceió;0;2022;35;0.0
2022;2022-27;Manaus;17;2022;4047;42.00642451198419
2022;2022-27;Mantena;1;2022;133;75.18796992481202
2022;2022-27;Maringá;6;2022;3831;15.661707126076742
2022;2022-27;Marília;4;2022;1119;35.746201966041106
2022;2022-27;Monteiro;0;2022;2;0.0
2022;2022-27;Mossoró;0;2022;25;0.0
2022;2022-27;Natal;0;2022;11;0.0
2022;2022-27;Nazaré ¿ Maragogipe;0;2022;40;0.0
2022;2022-27;Nova Prata - Guaporé;1;2022;358;27.932960893854748
2022;2022-27;Oliveira;2;2022;607;32.948929159802304
2022;2022-27;Passo Fundo;0;2022;874;0.0
2022;2022-27;Passos;0;2022;712;0.0
2022;2022-27;Patos;0;2022;55;0.0
2022;2022-27;Pinheiro;0;2022;88;0.0
2022;2022-27;Pirapora;0;2022;183;0.0
2022;2022-27;Piumhi;0;2022;12;0.0
2022;2022-27;Ponte Nova;0;2022;12;0.0
2022;2022-27;Porto Alegre;43;2022;20837;20.636367999232135
2022;2022-27;Princesa Isabel;0;2022;25;0.0
2022;2022-27;Quirinópolis;0;2022;122;0.0
2022;2022-27;Resende;0;2022;489;0.0
2022;2022-27;Ribeirão Preto;3;2022;5529;5.425935973955507
2022;2022-27;Rio Claro;0;2022;254;0.0
2022;2022-27;Rio de Janeiro;57;2022;39424;14.458198051948052
2022;2022-27;Russas - Limoeiro do Norte;0;2022;841;0.0
2022;2022-27;Salvador;72;2022;11937;60.31666247800955
2022;2022-27;Santa Cruz do Sul;2;2022;1031;19.398642095053347
2022;2022-27;Santa Inês;1;2022;46;217.3913043478261
2022;2022-27;Santa Maria;4;2022;1169;34.21727972626176
2022;2022-27;Santa Maria da Vitoria;0;2022;8;0.0
2022;2022-27;Santana do Livramento;0;2022;101;0.0
2022;2022-27;Santos;0;2022;1142;0.0
2022;2022-27;Serra Talhada;0;2022;95;0.0
2022;2022-27;Soledade;0;2022;298;0.0
2022;2022-27;São Miguel do Oeste;0;2022;349;0.0
2022;2022-27;São Paulo;169;2022;70656;23.91870471014493
2022;2022-27;Teófilo Otoni;0;2022;633;0.0
2022;2022-27;Toledo;1;2022;66;151.51515151515153
2022;2022-27;Uberaba;3;2022;1703;17.615971814445096
2022;2022-27;Uberlândia;10;2022;3115;32.102728731942214
2022;2022-27;Uruguaiana;0;2022;210;0.0
2022;2022-27;Valença;0;2022;20;0.0
2022;2022-27;Vitória;0;2022;73;0.0
2022;2022-27;Vitória da Conquista;0;2022;63;0.0
2022;2022-27;Volta Redonda - Barra Mansa;1;2022;2314;4.32152117545376
2022;2022-28;Afonso Cláudio - Venda Nova do Imigrante - Santa Maria de Jetibá;1;2022;567;17.636684303350968
2022;2022-28;Alegre;0;2022;357;0.0
2022;2022-28;Araranguá;0;2022;451;0.0
2022;2022-28;Atalaia;0;2022;7;0.0
2022;2022-28;Bagé;0;2022;190;0.0
2022;2022-28;Belo Horizonte;48;2022;33319;14.406194663705394
2022;2022-28;Belém;8;2022;13358;5.988920497080402
2022;2022-28;Bento Gonçalves;1;2022;423;23.64066193853428
2022;2022-28;Boa Vista;1;2022;499;20.040080160320638
2022;2022-28;Bragança Paulista;0;2022;34;0.0
2022;2022-28;Brumado;1;2022;266;37.59398496240601
2022;2022-28;Camacan;0;2022;2;0.0
2022;2022-28;Campina Grande;3;2022;2245;13.3630289532294
2022;2022-28;Campo Belo;0;2022;18;0.0
2022;2022-28;Campos dos Goytacazes;0;2022;1020;0.0
2022;2022-28;Caratinga;0;2022;513;0.0
2022;2022-28;Carazinho;0;2022;67;0.0
2022;2022-28;Cascavel;0;2022;32;0.0
2022;2022-28;Catalão;1;2022;277;36.101083032490976
2022;2022-28;Catanduva;0;2022;27;0.0
2022;2022-28;Caxias do Sul;0;2022;2853;0.0
2022;2022-28;Ceres - Rialma - Goianésia;0;2022;1;0.0
2022;2022-28;Conceição do Coité;0;2022;24;0.0
2022;2022-28;Cruz Alta;0;2022;291;0.0
2022;2022-28;Curitiba;40;2022;17424;22.95684113865932
2022;2022-28;Curitibanos;0;2022;5;0.0
2022;2022-28;Distrito Federal;34;2022;13408;25.357995226730313
2022;2022-28;Eunápolis - Porto Seguro;0;2022;24;0.0
2022;2022-28;Frederico Westphalen;0;2022;238;0.0
2022;2022-28;Goiana ¿ Timbaúba;0;2022;236;0.0
2022;2022-28;Guarabira;0;2022;60;0.0
2022;2022-28;Guarapuava;0;2022;14;0.0
2022;2022-28;Gurupi;0;2022;36;0.0
2022;2022-28;Ijuí;2;2022;602;33.222591362126245
2022;2022-28;Imperatriz;0;2022;20;0.0
2022;2022-28;Itacoatiara;0;2022;29;0.0
2022;2022-28;Jaú;0;2022;83;0.0
2022;2022-28;Ji-Paraná;0;2022;31;0.0
2022;2022-28;Joaçaba - Herval d'Oeste;1;2022;338;29.585798816568047
2022;2022-28;Joinville;0;2022;38;0.0
2022;2022-28;Juiz de Fora;3;2022;2568;11.682242990654204
2022;2022-28;Linhares;2;2022;937;21.344717182497334
2022;2022-28;Maceió;0;2022;35;0.0
2022;2022-28;Manaus;11;2022;4047;27.18062762540153
2022;2022-28;Mantena;0;2022;133;0.0
2022;2022-28;Maringá;8;2022;3831;20.882276168102326
2022;2022-28;Marília;4;2022;1119;35.746201966041106
2022;2022-28;Monteiro;0;2022;2;0.0
2022;2022-28;Mossoró;0;2022;25;0.0
2022;2022-28;Natal;0;2022;11;0.0
2022;2022-28;Nazaré ¿ Maragogipe;0;2022;40;0.0
2022;2022-28;Nova Prata - Guaporé;1;2022;358;27.932960893854748
2022;2022-28;Oliveira;0;2022;607;0.0
2022;2022-28;Passo Fundo;0;2022;874;0.0
2022;2022-28;Passos;0;2022;712;0.0
2022;2022-28;Patos;0;2022;55;0.0
2022;2022-28;Pinheiro;0;2022;88;0.0
2022;2022-28;Pirapora;0;2022;183;0.0
2022;2022-28;Piumhi;0;2022;12;0.0
2022;2022-28;Ponte Nova;0;2022;12;0.0
2022;2022-28;Porto Alegre;24;2022;20837;11.517972836780727
2022;2022-28;Princesa Isabel;0;2022;25;0.0
2022;2022-28;Quirinópolis;0;2022;122;0.0
2022;2022-28;Resende;0;2022;489;0.0
2022;2022-28;Ribeirão Preto;3;2022;5529;5.425935973955507
2022;2022-28;Rio Claro;0;2022;254;0.0
2022;2022-28;Rio de Janeiro;73;2022;39424;18.51663961038961
2022;2022-28;Russas - Limoeiro do Norte;0;2022;841;0.0
2022;2022-28;Salvador;39;2022;11937;32.67152550892184
2022;2022-28;Santa Cruz do Sul;4;2022;1031;38.797284190106694
2022;2022-28;Santa Inês;0;2022;46;0.0
2022;2022-28;Santa Maria;0;2022;1169;0.0
2022;2022-28;Santa Maria da Vitoria;0;2022;8;0.0
2022;2022-28;Santana do Livramento;0;2022;101;0.0
2022;2022-28;Santos;2;2022;1142;17.513134851138354
2022;2022-28;Serra Talhada;0;2022;95;0.0
2022;2022-28;Soledade;0;2022;298;0.0
2022;2022-28;São Miguel do Oeste;0;2022;349;0.0
2022;2022-28;São Paulo;130;2022;70656;18.399003623188406
2022;2022-28;Teófilo Otoni;0;2022;633;0.0
2022;2022-28;Toledo;3;2022;66;454.54545454545456
2022;2022-28;Uberaba;4;2022;1703;23.48796241926013
2022;2022-28;Uberlândia;7;2022;3115;22.471910112359552
2022;2022-28;Uruguaiana;0;2022;210;0.0
2022;2022-28;Valença;0;2022;20;0.0
2022;2022-28;Vitória;0;2022;73;0.0
2022;2022-28;Vitória da Conquista;0;2022;63;0.0
2022;2022-28;Volta Redonda - Barra Mansa;1;2022;2314;4.32152117545376
2022;2022-29;Afonso Cláudio - Venda Nova do Imigrante - Santa Maria de Jetibá;1;2022;567;17.636684303350968
2022;2022-29;Alegre;0;2022;357;0.0
2022;2022-29;Araranguá;1;2022;451;22.172949002217294
2022;2022-29;Atalaia;0;2022;7;0.0
2022;2022-29;Bagé;0;2022;190;0.0
2022;2022-29;Belo Horizonte;70;2022;33319;21.009033884570364
2022;2022-29;Belém;9;2022;13358;6.737535559215451
2022;2022-29;Bento Gonçalves;0;2022;423;0.0
2022;2022-29;Boa Vista;0;2022;499;0.0
2022;2022-29;Bragança Paulista;0;2022;34;0.0
2022;2022-29;Brumado;0;2022;266;0.0
2022;2022-29;Camacan;0;2022;2;0.0
2022;2022-29;Campina Grande;2;2022;2245;8.908685968819599
2022;2022-29;Campo Belo;0;2022;18;0.0
2022;2022-29;Campos dos Goytacazes;1;2022;1020;9.803921568627452
2022;2022-29;Caratinga;1;2022;513;19.49317738791423
2022;2022-29;Carazinho;0;2022;67;0.0
2022;2022-29;Cascavel;0;2022;32;0.0
2022;2022-29;Catalão;0;2022;277;0.0
2022;2022-29;Catanduva;0;2022;27;0.0
2022;2022-29;Caxias do Sul;1;2022;2853;3.505082369435682
2022;2022-29;Ceres - Rialma - Goianésia;0;2022;1;0.0
2022;2022-29;Conceição do Coité;0;2022;24;0.0
2022;2022-29;Cruz Alta;0;2022;291;0.0
2022;2022-29;Curitiba;29;2022;17424;16.643709825528006
2022;2022-29;Curitibanos;0;2022;5;0.0
2022;2022-29;Distrito Federal;30;2022;13408;22.37470167064439
2022;2022-29;Eunápolis - Porto Seguro;0;2022;24;0.0
2022;2022-29;Frederico Westphalen;1;2022;238;42.016806722689076
2022;2022-29;Goiana ¿ Timbaúba;1;2022;236;42.3728813559322
2022;2022-29;Guarabira;0;2022;60;0.0
2022;2022-29;Guarapuava;0;2022;14;0.0
2022;2022-29;Gurupi;0;2022;36;0.0
2022;2022-29;Ijuí;0;2022;602;0.0
2022;2022-29;Imperatriz;0;2022;20;0.0
2022;2022-29;Itacoatiara;0;2022;29;0.0
2022;2022-29;Jaú;0;2022;83;0.0
2022;2022-29;Ji-Paraná;0;2022;31;0.0
2022;2022-29;Joaçaba - Herval d'Oeste;1;2022;338;29.585798816568047
2022;2022-29;Joinville;0;2022;38;0.0
2022;2022-29;Juiz de Fora;1;2022;2568;3.894080996884735
2022;2022-29;Linhares;1;2022;937;10.672358591248667
2022;2022-29;Maceió;0;2022;35;0.0
2022;2022-29;Manaus;11;2022;4047;27.18062762540153
2022;2022-29;Mantena;0;2022;133;0.0
2022;2022-29;Maringá;3;2022;3831;7.830853563038371
2022;2022-29;Marília;2;2022;1119;17.873100983020553
2022;2022-29;Monteiro;0;2022;2;0.0
2022;2022-29;Mossoró;0;2022;25;0.0
2022;2022-29;Natal;0;2022;11;0.0
2022;2022-29;Nazaré ¿ Maragogipe;0;2022;40;0.0
2022;2022-29;Nova Prata - Guaporé;0;2022;358;0.0
2022;2022-29;Oliveira;0;2022;607;0.0
2022;2022-29;Passo Fundo;3;2022;874;34.32494279176201
2022;2022-29;Passos;1;2022;712;14.044943820224718
2022;2022-29;Patos;0;2022;55;0.0
2022;2022-29;Pinheiro;0;2022;88;0.0
2022;2022-29;Pirapora;0;2022;183;0.0
2022;2022-29;Piumhi;0;2022;12;0.0
2022;2022-29;Ponte Nova;0;2022;12;0.0
2022;2022-29;Porto Alegre;24;2022;20837;11.517972836780727
2022;2022-29;Princesa Isabel;0;2022;25;0.0
2022;2022-29;Quirinópolis;0;2022;122;0.0
2022;2022-29;Resende;0;2022;489;0.0
2022;2022-29;Ribeirão Preto;2;2022;5529;3.6172906493036714
2022;2022-29;Rio Claro;0;2022;254;0.0
2022;2022-29;Rio de Janeiro;48;2022;39424;12.175324675324674
2022;2022-29;Russas - Limoeiro do Norte;2;2022;841;23.781212841854934
2022;2022-29;Salvador;49;2022;11937;41.04883974197872
2022;2022-29;Santa Cruz do Sul;0;2022;1031;0.0
2022;2022-29;Santa Inês;0;2022;46;0.0
2022;2022-29;Santa Maria;0;2022;1169;0.0
2022;2022-29;Santa Maria da Vitoria;0;2022;8;0.0
2022;2022-29;Santana do Livramento;0;2022;101;0.0
2022;2022-29;Santos;0;2022;1142;0.0
2022;2022-29;Serra Talhada;0;2022;95;0.0
2022;2022-29;Soledade;0;2022;298;0.0
2022;2022-29;São Miguel do Oeste;0;2022;349;0.0
2022;2022-29;São Paulo;150;2022;70656;21.22961956521739
2022;2022-29;Teófilo Otoni;1;2022;633;15.797788309636651
2022;2022-29;Toledo;0;2022;66;0.0
2022;2022-29;Uberaba;1;2022;1703;5.871990604815032
2022;2022-29;Uberlândia;11;2022;3115;35.313001605136435
2022;2022-29;Uruguaiana;0;2022;210;0.0
2022;2022-29;Valença;0;2022;20;0.0
2022;2022-29;Vitória;0;2022;73;0.0
2022;2022-29;Vitória da Conquista;0;2022;63;0.0
2022;2022-29;Volta Redonda - Barra Mansa;1;2022;2314;4.32152117545376
2022;2022-30;Afonso Cláudio - Venda Nova do Imigrante - Santa Maria de Jetibá;1;2022;567;17.636684303350968
2022;2022-30;Alegre;2;2022;357;56.022408963585434
2022;2022-30;Araranguá;0;2022;451;0.0
2022;2022-30;Atalaia;0;2022;7;0.0
2022;2022-30;Bagé;0;2022;190;0.0
2022;2022-30;Belo Horizonte;90;2022;33319;27.011614994447612
2022;2022-30;Belém;21;2022;13358;15.720916304836052
2022;2022-30;Bento Gonçalves;0;2022;423;0.0
2022;2022-30;Boa Vista;2;2022;499;40.080160320641276
2022;2022-30;Bragança Paulista;0;2022;34;0.0
2022;2022-30;Brumado;0;2022;266;0.0
2022;2022-30;Camacan;0;2022;2;0.0
2022;2022-30;Campina Grande;10;2022;2245;44.54342984409799
2022;2022-30;Campo Belo;0;2022;18;0.0
2022;2022-30;Campos dos Goytacazes;2;2022;1020;19.607843137254903
2022;2022-30;Caratinga;1;2022;513;19.49317738791423
2022;2022-30;Carazinho;0;2022;67;0.0
2022;2022-30;Cascavel;0;2022;32;0.0
2022;2022-30;Catalão;2;2022;277;72.20216606498195
2022;2022-30;Catanduva;0;2022;27;0.0
2022;2022-30;Caxias do Sul;1;2022;2853;3.505082369435682
2022;2022-30;Ceres - Rialma - Goianésia;0;2022;1;0.0
2022;2022-30;Conceição do Coité;0;2022;24;0.0
2022;2022-30;Cruz Alta;0;2022;291;0.0
2022;2022-30;Curitiba;33;2022;17424;18.93939393939394
2022;2022-30;Curitibanos;0;2022;5;0.0
2022;2022-30;Distrito Federal;31;2022;13408;23.12052505966587
2022;2022-30;Eunápolis - Porto Seguro;0;2022;24;0.0
2022;2022-30;Frederico Westphalen;0;2022;238;0.0
2022;2022-30;Goiana ¿ Timbaúba;0;2022;236;0.0
2022;2022-30;Guarabira;0;2022;60;0.0
2022;2022-30;Guarapuava;0;2022;14;0.0
2022;2022-30;Gurupi;0;2022;36;0.0
2022;2022-30;Ijuí;2;2022;602;33.222591362126245
2022;2022-30;Imperatriz;0;2022;20;0.0
2022;2022-30;Itacoatiara;0;2022;29;0.0
2022;2022-30;Jaú;0;2022;83;0.0
2022;2022-30;Ji-Paraná;0;2022;31;0.0
2022;2022-30;Joaçaba - Herval d'Oeste;0;2022;338;0.0
2022;2022-30;Joinville;0;2022;38;0.0
2022;2022-30;Juiz de Fora;2;2022;2568;7.78816199376947
2022;2022-30;Linhares;0;2022;937;0.0
2022;2022-30;Maceió;0;2022;35;0.0
2022;2022-30;Manaus;10;2022;4047;24.70966147763776
2022;2022-30;Mantena;0;2022;133;0.0
2022;2022-30;Maringá;7;2022;3831;18.271991647089532
2022;2022-30;Marília;6;2022;1119;53.61930294906166
2022;2022-30;Monteiro;0;2022;2;0.0
2022;2022-30;Mossoró;0;2022;25;0.0
2022;2022-30;Natal;0;2022;11;0.0
2022;2022-30;Nazaré ¿ Maragogipe;0;2022;40;0.0
2022;2022-30;Nova Prata - Guaporé;7;2022;358;195.53072625698323
2022;2022-30;Oliveira;1;2022;607;16.474464579901152
2022;2022-30;Passo Fundo;0;2022;874;0.0
2022;2022-30;Passos;3;2022;712;42.13483146067416
2022;2022-30;Patos;0;2022;55;0.0
2022;2022-30;Pinheiro;0;2022;88;0.0
2022;2022-30;Pirapora;0;2022;183;0.0
2022;2022-30;Piumhi;0;2022;12;0.0
2022;2022-30;Ponte Nova;0;2022;12;0.0
2022;2022-30;Porto Alegre;27;2022;20837;12.957719441378318
2022;2022-30;Princesa Isabel;0;2022;25;0.0
2022;2022-30;Quirinópolis;0;2022;122;0.0
2022;2022-30;Resende;0;2022;489;0.0
2022;2022-30;Ribeirão Preto;6;2022;5529;10.851871947911015
2022;2022-30;Rio Claro;0;2022;254;0.0
2022;2022-30;Rio de Janeiro;44;2022;39424;11.160714285714285
2022;2022-30;Russas - Limoeiro do Norte;2;2022;841;23.781212841854934
2022;2022-30;Salvador;58;2022;11937;48.58842255172991
2022;2022-30;Santa Cruz do Sul;2;2022;1031;19.398642095053347
2022;2022-30;Santa Inês;0;2022;46;0.0
2022;2022-30;Santa Maria;0;2022;1169;0.0
2022;2022-30;Santa Maria da Vitoria;0;2022;8;0.0
2022;2022-30;Santana do Livramento;0;2022;101;0.0
2022;2022-30;Santos;0;2022;1142;0.0
2022;2022-30;Serra Talhada;1;2022;95;105.26315789473684
2022;2022-30;Soledade;0;2022;298;0.0
2022;2022-30;São Miguel do Oeste;0;2022;349;0.0
2022;2022-30;São Paulo;76;2022;70656;10.756340579710145
2022;2022-30;Teófilo Otoni;0;2022;633;0.0
2022;2022-30;Toledo;2;2022;66;303.03030303030306
2022;2022-30;Uberaba;6;2022;1703;35.23194362889019
2022;2022-30;Uberlândia;10;2022;3115;32.102728731942214
2022;2022-30;Uruguaiana;0;2022;210;0.0
2022;2022-30;Valença;0;2022;20;0.0
2022;2022-30;Vitória;0;2022;73;0.0
2022;2022-30;Vitória da Conquista;0;2022;63;0.0
2022;2022-30;Volta Redonda - Barra Mansa;1;2022;2314;4.32152117545376
2022;2022-31;Afonso Cláudio - Venda Nova do Imigrante - Santa Maria de Jetibá;0;2022;567;0.0
2022;2022-31;Alegre;2;2022;357;56.022408963585434
2022;2022-31;Araranguá;0;2022;451;0.0
2022;2022-31;Atalaia;0;2022;7;0.0
2022;2022-31;Bagé;0;2022;190;0.0
2022;2022-31;Belo Horizonte;63;2022;33319;18.90813049611333
2022;2022-31;Belém;18;2022;13358;13.475071118430902
2022;2022-31;Bento Gonçalves;0;2022;423;0.0
2022;2022-31;Boa Vista;1;2022;499;20.040080160320638
2022;2022-31;Bragança Paulista;0;2022;34;0.0
2022;2022-31;Brumado;0;2022;266;0.0
2022;2022-31;Camacan;0;2022;2;0.0
2022;2022-31;Campina Grande;3;2022;2245;13.3630289532294
2022;2022-31;Campo Belo;0;2022;18;0.0
2022;2022-31;Campos dos Goytacazes;3;2022;1020;29.41176470588235
2022;2022-31;Caratinga;0;2022;513;0.0
2022;2022-31;Carazinho;0;2022;67;0.0
2022;2022-31;Cascavel;0;2022;32;0.0
2022;2022-31;Catalão;0;2022;277;0.0
2022;2022-31;Catanduva;0;2022;27;0.0
2022;2022-31;Caxias do Sul;0;2022;2853;0.0
2022;2022-31;Ceres - Rialma - Goianésia;0;2022;1;0.0
2022;2022-31;Conceição do Coité;0;2022;24;0.0
2022;2022-31;Cruz Alta;1;2022;291;34.36426116838488
2022;2022-31;Curitiba;31;2022;17424;17.791551882460972
2022;2022-31;Curitibanos;0;2022;5;0.0
2022;2022-31;Distrito Federal;35;2022;13408;26.10381861575179
2022;2022-31;Eunápolis - Porto Seguro;0;2022;24;0.0
2022;2022-31;Frederico Westphalen;0;2022;238;0.0
2022;2022-31;Goiana ¿ Timbaúba;0;2022;236;0.0
2022;2022-31;Guarabira;0;2022;60;0.0
2022;2022-31;Guarapuava;0;2022;14;0.0
2022;2022-31;Gurupi;0;2022;36;0.0
2022;2022-31;Ijuí;0;2022;602;0.0
2022;2022-31;Imperatriz;0;2022;20;0.0
2022;2022-31;Itacoatiara;0;2022;29;0.0
2022;2022-31;Jaú;0;2022;83;0.0
2022;2022-31;Ji-Paraná;0;2022;31;0.0
2022;2022-31;Joaçaba - Herval d'Oeste;1;2022;338;29.585798816568047
2022;2022-31;Joinville;0;2022;38;0.0
2022;2022-31;Juiz de Fora;1;2022;2568;3.894080996884735
2022;2022-31;Linhares;0;2022;937;0.0
2022;2022-31;Maceió;0;2022;35;0.0
2022;2022-31;Manaus;16;2022;4047;39.53545836422041
2022;2022-31;Mantena;0;2022;133;0.0
2022;2022-31;Maringá;5;2022;3831;13.051422605063951
2022;2022-31;Marília;3;2022;1119;26.80965147453083
2022;2022-31;Monteiro;0;2022;2;0.0
2022;2022-31;Mossoró;0;2022;25;0.0
2022;2022-31;Natal;0;2022;11;0.0
2022;2022-31;Nazaré ¿ Maragogipe;0;2022;40;0.0
2022;2022-31;Nova Prata - Guaporé;3;2022;358;83.79888268156425
2022;2022-31;Oliveira;0;2022;607;0.0
2022;2022-31;Passo Fundo;5;2022;874;57.20823798627002
2022;2022-31;Passos;1;2022;712;14.044943820224718
2022;2022-31;Patos;0;2022;55;0.0
2022;2022-31;Pinheiro;0;2022;88;0.0
2022;2022-31;Pirapora;0;2022;183;0.0
2022;2022-31;Piumhi;0;2022;12;0.0
2022;2022-31;Ponte Nova;0;2022;12;0.0
2022;2022-31;Porto Alegre;17;2022;20837;8.158564092719681
2022;2022-31;Princesa Isabel;0;2022;25;0.0
2022;2022-31;Quirinópolis;0;2022;122;0.0
2022;2022-31;Resende;0;2022;489;0.0
2022;2022-31;Ribeirão Preto;5;2022;5529;9.043226623259178
2022;2022-31;Rio Claro;0;2022;254;0.0
2022;2022-31;Rio de Janeiro;34;2022;39424;8.624188311688311
2022;2022-31;Russas - Limoeiro do Norte;2;2022;841;23.781212841854934
2022;2022-31;Salvador;37;2022;11937;30.996062662310464
2022;2022-31;Santa Cruz do Sul;1;2022;1031;9.699321047526674
2022;2022-31;Santa Inês;0;2022;46;0.0
2022;2022-31;Santa Maria;1;2022;1169;8.55431993156544
2022;2022-31;Santa Maria da Vitoria;0;2022;8;0.0
2022;2022-31;Santana do Livramento;0;2022;101;0.0
2022;2022-31;Santos;0;2022;1142;0.0
2022;2022-31;Serra Talhada;2;2022;95;210.52631578947367
2022;2022-31;Soledade;0;2022;298;0.0
2022;2022-31;São Miguel do Oeste;2;2022;349;57.306590257879655
2022;2022-31;São Paulo;93;2022;70656;13.162364130434783
2022;2022-31;Teófilo Otoni;2;2022;633;31.595576619273302
2022;2022-31;Toledo;0;2022;66;0.0
2022;2022-31;Uberaba;6;2022;1703;35.23194362889019
2022;2022-31;Uberlândia;7;2022;3115;22.471910112359552
2022;2022-31;Uruguaiana;0;2022;210;0.0
2022;2022-31;Valença;0;2022;20;0.0
2022;2022-31;Vitória;0;2022;73;0.0
2022;2022-31;Vitória da Conquista;0;2022;63;0.0
2022;2022-31;Volta Redonda - Barra Mansa;0;2022;2314;0.0
2022;2022-32;Afonso Cláudio - Venda Nova do Imigrante - Santa Maria de Jetibá;0;2022;567;0.0
2022;2022-32;Alegre;0;2022;357;0.0
2022;2022-32;Araranguá;0;2022;451;0.0
2022;2022-32;Atalaia;0;2022;7;0.0
2022;2022-32;Bagé;0;2022;190;0.0
2022;2022-32;Belo Horizonte;56;2022;33319;16.807227107656292
2022;2022-32;Belém;11;2022;13358;8.234765683485552
2022;2022-32;Bento Gonçalves;1;2022;423;23.64066193853428
2022;2022-32;Boa Vista;0;2022;499;0.0
2022;2022-32;Bragança Paulista;0;2022;34;0.0
2022;2022-32;Brumado;0;2022;266;0.0
2022;2022-32;Camacan;0;2022;2;0.0
2022;2022-32;Campina Grande;7;2022;2245;31.180400890868597
2022;2022-32;Campo Belo;0;2022;18;0.0
2022;2022-32;Campos dos Goytacazes;0;2022;1020;0.0
2022;2022-32;Caratinga;0;2022;513;0.0
2022;2022-32;Carazinho;0;2022;67;0.0
2022;2022-32;Cascavel;0;2022;32;0.0
2022;2022-32;Catalão;0;2022;277;0.0
2022;2022-32;Catanduva;0;2022;27;0.0
2022;2022-32;Caxias do Sul;1;2022;2853;3.505082369435682
2022;2022-32;Ceres - Rialma - Goianésia;0;2022;1;0.0
2022;2022-32;Conceição do Coité;0;2022;24;0.0
2022;2022-32;Cruz Alta;0;2022;291;0.0
2022;2022-32;Curitiba;21;2022;17424;12.052341597796143
2022;2022-32;Curitibanos;0;2022;5;0.0
2022;2022-32;Distrito Federal;19;2022;13408;14.170644391408114
2022;2022-32;Eunápolis - Porto Seguro;0;2022;24;0.0
2022;2022-32;Frederico Westphalen;0;2022;238;0.0
2022;2022-32;Goiana ¿ Timbaúba;0;2022;236;0.0
2022;2022-32;Guarabira;0;2022;60;0.0
2022;2022-32;Guarapuava;0;2022;14;0.0
2022;2022-32;Gurupi;0;2022;36;0.0
2022;2022-32;Ijuí;0;2022;602;0.0
2022;2022-32;Imperatriz;0;2022;20;0.0
2022;2022-32;Itacoatiara;0;2022;29;0.0
2022;2022-32;Jaú;0;2022;83;0.0
2022;2022-32;Ji-Paraná;0;2022;31;0.0
2022;2022-32;Joaçaba - Herval d'Oeste;1;2022;338;29.585798816568047
2022;2022-32;Joinville;0;2022;38;0.0
2022;2022-32;Juiz de Fora;1;2022;2568;3.894080996884735
2022;2022-32;Linhares;0;2022;937;0.0
2022;2022-32;Maceió;0;2022;35;0.0
2022;2022-32;Manaus;2;2022;4047;4.941932295527551
2022;2022-32;Mantena;0;2022;133;0.0
2022;2022-32;Maringá;6;2022;3831;15.661707126076742
2022;2022-32;Marília;0;2022;1119;0.0
2022;2022-32;Monteiro;0;2022;2;0.0
2022;2022-32;Mossoró;0;2022;25;0.0
2022;2022-32;Natal;0;2022;11;0.0
2022;2022-32;Nazaré ¿ Maragogipe;0;2022;40;0.0
2022;2022-32;Nova Prata - Guaporé;1;2022;358;27.932960893854748
2022;2022-32;Oliveira;0;2022;607;0.0
2022;2022-32;Passo Fundo;0;2022;874;0.0
2022;2022-32;Passos;0;2022;712;0.0
2022;2022-32;Patos;0;2022;55;0.0
2022;2022-32;Pinheiro;0;2022;88;0.0
2022;2022-32;Pirapora;0;2022;183;0.0
2022;2022-32;Piumhi;0;2022;12;0.0
2022;2022-32;Ponte Nova;0;2022;12;0.0
2022;2022-32;Porto Alegre;19;2022;20837;9.118395162451408
2022;2022-32;Princesa Isabel;0;2022;25;0.0
2022;2022-32;Quirinópolis;0;2022;122;0.0
2022;2022-32;Resende;0;2022;489;0.0
2022;2022-32;Ribeirão Preto;2;2022;5529;3.6172906493036714
2022;2022-32;Rio Claro;0;2022;254;0.0
2022;2022-32;Rio de Janeiro;39;2022;39424;9.892451298701298
2022;2022-32;Russas - Limoeiro do Norte;2;2022;841;23.781212841854934
2022;2022-32;Salvador;40;2022;11937;33.50925693222753
2022;2022-32;Santa Cruz do Sul;1;2022;1031;9.699321047526674
2022;2022-32;Santa Inês;1;2022;46;217.3913043478261
2022;2022-32;Santa Maria;0;2022;1169;0.0
2022;2022-32;Santa Maria da Vitoria;0;2022;8;0.0
2022;2022-32;Santana do Livramento;0;2022;101;0.0
2022;2022-32;Santos;0;2022;1142;0.0
2022;2022-32;Serra Talhada;0;2022;95;0.0
2022;2022-32;Soledade;0;2022;298;0.0
2022;2022-32;São Miguel do Oeste;0;2022;349;0.0
2022;2022-32;São Paulo;74;2022;70656;10.473278985507248
2022;2022-32;Teófilo Otoni;0;2022;633;0.0
2022;2022-32;Toledo;0;2022;66;0.0
2022;2022-32;Uberaba;1;2022;1703;5.871990604815032
2022;2022-32;Uberlândia;7;2022;3115;22.471910112359552
2022;2022-32;Uruguaiana;0;2022;210;0.0
2022;2022-32;Valença;0;2022;20;0.0
2022;2022-32;Vitória;0;2022;73;0.0
2022;2022-32;Vitória da Conquista;0;2022;63;0.0
2022;2022-32;Volta Redonda - Barra Mansa;3;2022;2314;12.964563526361278
2022;2022-33;Afonso Cláudio - Venda Nova do Imigrante - Santa Maria de Jetibá;1;2022;567;17.636684303350968
2022;2022-33;Alegre;0;2022;357;0.0
2022;2022-33;Araranguá;0;2022;451;0.0
2022;2022-33;Atalaia;0;2022;7;0.0
2022;2022-33;Bagé;1;2022;190;52.63157894736842
2022;2022-33;Belo Horizonte;42;2022;33319;12.605420330742218
2022;2022-33;Belém;8;2022;13358;5.988920497080402
2022;2022-33;Bento Gonçalves;1;2022;423;23.64066193853428
2022;2022-33;Boa Vista;0;2022;499;0.0
2022;2022-33;Bragança Paulista;0;2022;34;0.0
2022;2022-33;Brumado;1;2022;266;37.59398496240601
2022;2022-33;Camacan;0;2022;2;0.0
2022;2022-33;Campina Grande;3;2022;2245;13.3630289532294
2022;2022-33;Campo Belo;0;2022;18;0.0
2022;2022-33;Campos dos Goytacazes;0;2022;1020;0.0
2022;2022-33;Caratinga;0;2022;513;0.0
2022;2022-33;Carazinho;0;2022;67;0.0
2022;2022-33;Cascavel;0;2022;32;0.0
2022;2022-33;Catalão;0;2022;277;0.0
2022;2022-33;Catanduva;0;2022;27;0.0
2022;2022-33;Caxias do Sul;1;2022;2853;3.505082369435682
2022;2022-33;Ceres - Rialma - Goianésia;0;2022;1;0.0
2022;2022-33;Conceição do Coité;1;2022;24;416.66666666666663
2022;2022-33;Cruz Alta;1;2022;291;34.36426116838488
2022;2022-33;Curitiba;19;2022;17424;10.904499540863178
2022;2022-33;Curitibanos;0;2022;5;0.0
2022;2022-33;Distrito Federal;27;2022;13408;20.137231503579955
2022;2022-33;Eunápolis - Porto Seguro;0;2022;24;0.0
2022;2022-33;Frederico Westphalen;0;2022;238;0.0
2022;2022-33;Goiana ¿ Timbaúba;0;2022;236;0.0
2022;2022-33;Guarabira;0;2022;60;0.0
2022;2022-33;Guarapuava;0;2022;14;0.0
2022;2022-33;Gurupi;0;2022;36;0.0
2022;2022-33;Ijuí;1;2022;602;16.611295681063122
2022;2022-33;Imperatriz;0;2022;20;0.0
2022;2022-33;Itacoatiara;0;2022;29;0.0
2022;2022-33;Jaú;0;2022;83;0.0
2022;2022-33;Ji-Paraná;0;2022;31;0.0
2022;2022-33;Joaçaba - Herval d'Oeste;0;2022;338;0.0
2022;2022-33;Joinville;0;2022;38;0.0
2022;2022-33;Juiz de Fora;1;2022;2568;3.894080996884735
2022;2022-33;Linhares;0;2022;937;0.0
2022;2022-33;Maceió;0;2022;35;0.0
2022;2022-33;Manaus;6;2022;4047;14.825796886582653
2022;2022-33;Mantena;0;2022;133;0.0
2022;2022-33;Maringá;3;2022;3831;7.830853563038371
2022;2022-33;Marília;0;2022;1119;0.0
2022;2022-33;Monteiro;0;2022;2;0.0
2022;2022-33;Mossoró;0;2022;25;0.0
2022;2022-33;Natal;0;2022;11;0.0
2022;2022-33;Nazaré ¿ Maragogipe;0;2022;40;0.0
2022;2022-33;Nova Prata - Guaporé;0;2022;358;0.0
2022;2022-33;Oliveira;0;2022;607;0.0
2022;2022-33;Passo Fundo;7;2022;874;80.09153318077803
2022;2022-33;Passos;0;2022;712;0.0
2022;2022-33;Patos;0;2022;55;0.0
2022;2022-33;Pinheiro;0;2022;88;0.0
2022;2022-33;Pirapora;0;2022;183;0.0
2022;2022-33;Piumhi;0;2022;12;0.0
2022;2022-33;Ponte Nova;0;2022;12;0.0
2022;2022-33;Porto Alegre;18;2022;20837;8.638479627585545
2022;2022-33;Princesa Isabel;1;2022;25;400.0
2022;2022-33;Quirinópolis;0;2022;122;0.0
2022;2022-33;Resende;0;2022;489;0.0
2022;2022-33;Ribeirão Preto;2;2022;5529;3.6172906493036714
2022;2022-33;Rio Claro;0;2022;254;0.0
2022;2022-33;Rio de Janeiro;61;2022;39424;15.472808441558442
2022;2022-33;Russas - Limoeiro do Norte;2;2022;841;23.781212841854934
2022;2022-33;Salvador;23;2022;11937;19.26782273603083
2022;2022-33;Santa Cruz do Sul;0;2022;1031;0.0
2022;2022-33;Santa Inês;0;2022;46;0.0
2022;2022-33;Santa Maria;0;2022;1169;0.0
2022;2022-33;Santa Maria da Vitoria;0;2022;8;0.0
2022;2022-33;Santana do Livramento;0;2022;101;0.0
2022;2022-33;Santos;0;2022;1142;0.0
2022;2022-33;Serra Talhada;0;2022;95;0.0
2022;2022-33;Soledade;0;2022;298;0.0
2022;2022-33;São Miguel do Oeste;0;2022;349;0.0
2022;2022-33;São Paulo;70;2022;70656;9.90715579710145
2022;2022-33;Teófilo Otoni;1;2022;633;15.797788309636651
2022;2022-33;Toledo;0;2022;66;0.0
2022;2022-33;Uberaba;3;2022;1703;17.615971814445096
2022;2022-33;Uberlândia;7;2022;3115;22.471910112359552
2022;2022-33;Uruguaiana;0;2022;210;0.0
2022;2022-33;Valença;0;2022;20;0.0
2022;2022-33;Vitória;0;2022;73;0.0
2022;2022-33;Vitória da Conquista;0;2022;63;0.0
2022;2022-33;Volta Redonda - Barra Mansa;2;2022;2314;8.64304235090752
2022;2022-34;Afonso Cláudio - Venda Nova do Imigrante - Santa Maria de Jetibá;0;2022;567;0.0
2022;2022-34;Alegre;0;2022;357;0.0
2022;2022-34;Araranguá;0;2022;451;0.0
2022;2022-34;Atalaia;0;2022;7;0.0
2022;2022-34;Bagé;0;2022;190;0.0
2022;2022-34;Belo Horizonte;43;2022;33319;12.90554938623608
2022;2022-34;Belém;11;2022;13358;8.234765683485552
2022;2022-34;Bento Gonçalves;0;2022;423;0.0
2022;2022-34;Boa Vista;0;2022;499;0.0
2022;2022-34;Bragança Paulista;0;2022;34;0.0
2022;2022-34;Brumado;1;2022;266;37.59398496240601
2022;2022-34;Camacan;0;2022;2;0.0
2022;2022-34;Campina Grande;1;2022;2245;4.4543429844097995
2022;2022-34;Campo Belo;0;2022;18;0.0
2022;2022-34;Campos dos Goytacazes;1;2022;1020;9.803921568627452
2022;2022-34;Caratinga;0;2022;513;0.0
2022;2022-34;Carazinho;0;2022;67;0.0
2022;2022-34;Cascavel;0;2022;32;0.0
2022;2022-34;Catalão;0;2022;277;0.0
2022;2022-34;Catanduva;0;2022;27;0.0
2022;2022-34;Caxias do Sul;0;2022;2853;0.0
2022;2022-34;Ceres - Rialma - Goianésia;0;2022;1;0.0
2022;2022-34;Conceição do Coité;0;2022;24;0.0
2022;2022-34;Cruz Alta;0;2022;291;0.0
2022;2022-34;Curitiba;10;2022;17424;5.73921028466483
2022;2022-34;Curitibanos;0;2022;5;0.0
2022;2022-34;Distrito Federal;23;2022;13408;17.153937947494033
2022;2022-34;Eunápolis - Porto Seguro;0;2022;24;0.0
2022;2022-34;Frederico Westphalen;0;2022;238;0.0
2022;2022-34;Goiana ¿ Timbaúba;0;2022;236;0.0
2022;2022-34;Guarabira;0;2022;60;0.0
2022;2022-34;Guarapuava;0;2022;14;0.0
2022;2022-34;Gurupi;0;2022;36;0.0
2022;2022-34;Ijuí;0;2022;602;0.0
2022;2022-34;Imperatriz;0;2022;20;0.0
2022;2022-34;Itacoatiara;0;2022;29;0.0
2022;2022-34;Jaú;0;2022;83;0.0
2022;2022-34;Ji-Paraná;0;2022;31;0.0
2022;2022-34;Joaçaba - Herval d'Oeste;0;2022;338;0.0
2022;2022-34;Joinville;0;2022;38;0.0
2022;2022-34;Juiz de Fora;4;2022;2568;15.57632398753894
2022;2022-34;Linhares;1;2022;937;10.672358591248667
2022;2022-34;Maceió;0;2022;35;0.0
2022;2022-34;Manaus;7;2022;4047;17.29676303434643
2022;2022-34;Mantena;0;2022;133;0.0
2022;2022-34;Maringá;3;2022;3831;7.830853563038371
2022;2022-34;Marília;1;2022;1119;8.936550491510276
2022;2022-34;Monteiro;0;2022;2;0.0
2022;2022-34;Mossoró;0;2022;25;0.0
2022;2022-34;Natal;0;2022;11;0.0
2022;2022-34;Nazaré ¿ Maragogipe;0;2022;40;0.0
2022;2022-34;Nova Prata - Guaporé;0;2022;358;0.0
2022;2022-34;Oliveira;1;2022;607;16.474464579901152
2022;2022-34;Passo Fundo;0;2022;874;0.0
2022;2022-34;Passos;0;2022;712;0.0
2022;2022-34;Patos;0;2022;55;0.0
2022;2022-34;Pinheiro;0;2022;88;0.0
2022;2022-34;Pirapora;2;2022;183;109.2896174863388
2022;2022-34;Piumhi;0;2022;12;0.0
2022;2022-34;Ponte Nova;0;2022;12;0.0
2022;2022-34;Porto Alegre;18;2022;20837;8.638479627585545
2022;2022-34;Princesa Isabel;0;2022;25;0.0
2022;2022-34;Quirinópolis;0;2022;122;0.0
2022;2022-34;Resende;0;2022;489;0.0
2022;2022-34;Ribeirão Preto;4;2022;5529;7.234581298607343
2022;2022-34;Rio Claro;0;2022;254;0.0
2022;2022-34;Rio de Janeiro;48;2022;39424;12.175324675324674
2022;2022-34;Russas - Limoeiro do Norte;6;2022;841;71.3436385255648
2022;2022-34;Salvador;34;2022;11937;28.482868392393396
2022;2022-34;Santa Cruz do Sul;0;2022;1031;0.0
2022;2022-34;Santa Inês;0;2022;46;0.0
2022;2022-34;Santa Maria;0;2022;1169;0.0
2022;2022-34;Santa Maria da Vitoria;0;2022;8;0.0
2022;2022-34;Santana do Livramento;0;2022;101;0.0
2022;2022-34;Santos;0;2022;1142;0.0
2022;2022-34;Serra Talhada;0;2022;95;0.0
2022;2022-34;Soledade;0;2022;298;0.0
2022;2022-34;São Miguel do Oeste;0;2022;349;0.0
2022;2022-34;São Paulo;71;2022;70656;10.048686594202898
2022;2022-34;Teófilo Otoni;0;2022;633;0.0
2022;2022-34;Toledo;1;2022;66;151.51515151515153
2022;2022-34;Uberaba;1;2022;1703;5.871990604815032
2022;2022-34;Uberlândia;7;2022;3115;22.471910112359552
2022;2022-34;Uruguaiana;0;2022;210;0.0
2022;2022-34;Valença;0;2022;20;0.0
2022;2022-34;Vitória;0;2022;73;0.0
2022;2022-34;Vitória da Conquista;0;2022;63;0.0
2022;2022-34;Volta Redonda - Barra Mansa;0;2022;2314;0.0
2022;2022-35;Afonso Cláudio - Venda Nova do Imigrante - Santa Maria de Jetibá;0;2022;567;0.0
2022;2022-35;Alegre;0;2022;357;0.0
2022;2022-35;Araranguá;0;2022;451;0.0
2022;2022-35;Atalaia;0;2022;7;0.0
2022;2022-35;Bagé;0;2022;190;0.0
2022;2022-35;Belo Horizonte;41;2022;33319;12.305291275248358
2022;2022-35;Belém;9;2022;13358;6.737535559215451
2022;2022-35;Bento Gonçalves;0;2022;423;0.0
2022;2022-35;Boa Vista;1;2022;499;20.040080160320638
2022;2022-35;Bragança Paulista;0;2022;34;0.0
2022;2022-35;Brumado;0;2022;266;0.0
2022;2022-35;Camacan;0;2022;2;0.0
2022;2022-35;Campina Grande;2;2022;2245;8.908685968819599
2022;2022-35;Campo Belo;0;2022;18;0.0
2022;2022-35;Campos dos Goytacazes;0;2022;1020;0.0
2022;2022-35;Caratinga;0;2022;513;0.0
2022;2022-35;Carazinho;0;2022;67;0.0
2022;2022-35;Cascavel;0;2022;32;0.0
2022;2022-35;Catalão;0;2022;277;0.0
2022;2022-35;Catanduva;0;2022;27;0.0
2022;2022-35;Caxias do Sul;3;2022;2853;10.515247108307046
2022;2022-35;Ceres - Rialma - Goianésia;0;2022;1;0.0
2022;2022-35;Conceição do Coité;0;2022;24;0.0
2022;2022-35;Cruz Alta;0;2022;291;0.0
2022;2022-35;Curitiba;19;2022;17424;10.904499540863178
2022;2022-35;Curitibanos;0;2022;5;0.0
2022;2022-35;Distrito Federal;17;2022;13408;12.678997613365157
2022;2022-35;Eunápolis - Porto Seguro;0;2022;24;0.0
2022;2022-35;Frederico Westphalen;0;2022;238;0.0
2022;2022-35;Goiana ¿ Timbaúba;0;2022;236;0.0
2022;2022-35;Guarabira;0;2022;60;0.0
2022;2022-35;Guarapuava;0;2022;14;0.0
2022;2022-35;Gurupi;0;2022;36;0.0
2022;2022-35;Ijuí;0;2022;602;0.0
2022;2022-35;Imperatriz;0;2022;20;0.0
2022;2022-35;Itacoatiara;0;2022;29;0.0
2022;2022-35;Jaú;0;2022;83;0.0
2022;2022-35;Ji-Paraná;0;2022;31;0.0
2022;2022-35;Joaçaba - Herval d'Oeste;1;2022;338;29.585798816568047
2022;2022-35;Joinville;0;2022;38;0.0
2022;2022-35;Juiz de Fora;1;2022;2568;3.894080996884735
2022;2022-35;Linhares;1;2022;937;10.672358591248667
2022;2022-35;Maceió;0;2022;35;0.0
2022;2022-35;Manaus;5;2022;4047;12.35483073881888
2022;2022-35;Mantena;0;2022;133;0.0
2022;2022-35;Maringá;5;2022;3831;13.051422605063951
2022;2022-35;Marília;0;2022;1119;0.0
2022;2022-35;Monteiro;0;2022;2;0.0
2022;2022-35;Mossoró;0;2022;25;0.0
2022;2022-35;Natal;0;2022;11;0.0
2022;2022-35;Nazaré ¿ Maragogipe;0;2022;40;0.0
2022;2022-35;Nova Prata - Guaporé;2;2022;358;55.865921787709496
2022;2022-35;Oliveira;0;2022;607;0.0
2022;2022-35;Passo Fundo;1;2022;874;11.441647597254004
2022;2022-35;Passos;1;2022;712;14.044943820224718
2022;2022-35;Patos;0;2022;55;0.0
2022;2022-35;Pinheiro;0;2022;88;0.0
2022;2022-35;Pirapora;0;2022;183;0.0
2022;2022-35;Piumhi;0;2022;12;0.0
2022;2022-35;Ponte Nova;0;2022;12;0.0
2022;2022-35;Porto Alegre;16;2022;20837;7.678648557853817
2022;2022-35;Princesa Isabel;0;2022;25;0.0
2022;2022-35;Quirinópolis;0;2022;122;0.0
2022;2022-35;Resende;0;2022;489;0.0
2022;2022-35;Ribeirão Preto;2;2022;5529;3.6172906493036714
2022;2022-35;Rio Claro;0;2022;254;0.0
2022;2022-35;Rio de Janeiro;36;2022;39424;9.131493506493506
2022;2022-35;Russas - Limoeiro do Norte;2;2022;841;23.781212841854934
2022;2022-35;Salvador;42;2022;11937;35.184719778838904
2022;2022-35;Santa Cruz do Sul;1;2022;1031;9.699321047526674
2022;2022-35;Santa Inês;1;2022;46;217.3913043478261
2022;2022-35;Santa Maria;0;2022;1169;0.0
2022;2022-35;Santa Maria da Vitoria;0;2022;8;0.0
2022;2022-35;Santana do Livramento;0;2022;101;0.0
2022;2022-35;Santos;0;2022;1142;0.0
2022;2022-35;Serra Talhada;0;2022;95;0.0
2022;2022-35;Soledade;0;2022;298;0.0
2022;2022-35;São Miguel do Oeste;1;2022;349;28.653295128939828
2022;2022-35;São Paulo;60;2022;70656;8.491847826086957
2022;2022-35;Teófilo Otoni;0;2022;633;0.0
2022;2022-35;Toledo;0;2022;66;0.0
2022;2022-35;Uberaba;1;2022;1703;5.871990604815032
2022;2022-35;Uberlândia;5;2022;3115;16.051364365971107
2022;2022-35;Uruguaiana;0;2022;210;0.0
2022;2022-35;Valença;0;2022;20;0.0
2022;2022-35;Vitória;0;2022;73;0.0
2022;2022-35;Vitória da Conquista;0;2022;63;0.0
2022;2022-35;Volta Redonda - Barra Mansa;1;2022;2314;4.32152117545376
2022;2022-36;Afonso Cláudio - Venda Nova do Imigrante - Santa Maria de Jetibá;0;2022;567;0.0
2022;2022-36;Alegre;0;2022;357;0.0
2022;2022-36;Araranguá;0;2022;451;0.0
2022;2022-36;Atalaia;0;2022;7;0.0
2022;2022-36;Bagé;0;2022;190;0.0
2022;2022-36;Belo Horizonte;44;2022;33319;13.205678441729944
2022;2022-36;Belém;9;2022;13358;6.737535559215451
2022;2022-36;Bento Gonçalves;0;2022;423;0.0
2022;2022-36;Boa Vista;3;2022;499;60.120240480961925
2022;2022-36;Bragança Paulista;0;2022;34;0.0
2022;2022-36;Brumado;0;2022;266;0.0
2022;2022-36;Camacan;0;2022;2;0.0
2022;2022-36;Campina Grande;2;2022;2245;8.908685968819599
2022;2022-36;Campo Belo;0;2022;18;0.0
2022;2022-36;Campos dos Goytacazes;0;2022;1020;0.0
2022;2022-36;Caratinga;0;2022;513;0.0
2022;2022-36;Carazinho;0;2022;67;0.0
2022;2022-36;Cascavel;0;2022;32;0.0
2022;2022-36;Catalão;0;2022;277;0.0
2022;2022-36;Catanduva;0;2022;27;0.0
2022;2022-36;Caxias do Sul;0;2022;2853;0.0
2022;2022-36;Ceres - Rialma - Goianésia;0;2022;1;0.0
2022;2022-36;Conceição do Coité;0;2022;24;0.0
2022;2022-36;Cruz Alta;0;2022;291;0.0
2022;2022-36;Curitiba;7;2022;17424;4.017447199265381
2022;2022-36;Curitibanos;0;2022;5;0.0
2022;2022-36;Distrito Federal;17;2022;13408;12.678997613365157
2022;2022-36;Eunápolis - Porto Seguro;0;2022;24;0.0
2022;2022-36;Frederico Westphalen;0;2022;238;0.0
2022;2022-36;Goiana ¿ Timbaúba;0;2022;236;0.0
2022;2022-36;Guarabira;0;2022;60;0.0
2022;2022-36;Guarapuava;0;2022;14;0.0
2022;2022-36;Gurupi;0;2022;36;0.0
2022;2022-36;Ijuí;1;2022;602;16.611295681063122
2022;2022-36;Imperatriz;0;2022;20;0.0
2022;2022-36;Itacoatiara;0;2022;29;0.0
2022;2022-36;Jaú;0;2022;83;0.0
2022;2022-36;Ji-Paraná;0;2022;31;0.0
2022;2022-36;Joaçaba - Herval d'Oeste;0;2022;338;0.0
2022;2022-36;Joinville;0;2022;38;0.0
2022;2022-36;Juiz de Fora;2;2022;2568;7.78816199376947
2022;2022-36;Linhares;0;2022;937;0.0
2022;2022-36;Maceió;0;2022;35;0.0
2022;2022-36;Manaus;8;2022;4047;19.767729182110205
2022;2022-36;Mantena;0;2022;133;0.0
2022;2022-36;Maringá;11;2022;3831;28.713129731140693
2022;2022-36;Marília;0;2022;1119;0.0
2022;2022-36;Monteiro;0;2022;2;0.0
2022;2022-36;Mossoró;0;2022;25;0.0
2022;2022-36;Natal;0;2022;11;0.0
2022;2022-36;Nazaré ¿ Maragogipe;0;2022;40;0.0
2022;2022-36;Nova Prata - Guaporé;0;2022;358;0.0
2022;2022-36;Oliveira;0;2022;607;0.0
2022;2022-36;Passo Fundo;1;2022;874;11.441647597254004
2022;2022-36;Passos;0;2022;712;0.0
2022;2022-36;Patos;0;2022;55;0.0
2022;2022-36;Pinheiro;0;2022;88;0.0
2022;2022-36;Pirapora;0;2022;183;0.0
2022;2022-36;Piumhi;0;2022;12;0.0
2022;2022-36;Ponte Nova;0;2022;12;0.0
2022;2022-36;Porto Alegre;12;2022;20837;5.758986418390363
2022;2022-36;Princesa Isabel;0;2022;25;0.0
2022;2022-36;Quirinópolis;2;2022;122;163.9344262295082
2022;2022-36;Resende;0;2022;489;0.0
2022;2022-36;Ribeirão Preto;5;2022;5529;9.043226623259178
2022;2022-36;Rio Claro;0;2022;254;0.0
2022;2022-36;Rio de Janeiro;39;2022;39424;9.892451298701298
2022;2022-36;Russas - Limoeiro do Norte;1;2022;841;11.890606420927467
2022;2022-36;Salvador;23;2022;11937;19.26782273603083
2022;2022-36;Santa Cruz do Sul;0;2022;1031;0.0
2022;2022-36;Santa Inês;0;2022;46;0.0
2022;2022-36;Santa Maria;2;2022;1169;17.10863986313088
2022;2022-36;Santa Maria da Vitoria;0;2022;8;0.0
2022;2022-36;Santana do Livramento;0;2022;101;0.0
2022;2022-36;Santos;0;2022;1142;0.0
2022;2022-36;Serra Talhada;0;2022;95;0.0
2022;2022-36;Soledade;0;2022;298;0.0
2022;2022-36;São Miguel do Oeste;0;2022;349;0.0
2022;2022-36;São Paulo;62;2022;70656;8.774909420289855
2022;2022-36;Teófilo Otoni;0;2022;633;0.0
2022;2022-36;Toledo;0;2022;66;0.0
2022;2022-36;Uberaba;4;2022;1703;23.48796241926013
2022;2022-36;Uberlândia;3;2022;3115;9.630818619582664
2022;2022-36;Uruguaiana;1;2022;210;47.61904761904762
2022;2022-36;Valença;0;2022;20;0.0
2022;2022-36;Vitória;0;2022;73;0.0
2022;2022-36;Vitória da Conquista;0;2022;63;0.0
2022;2022-36;Volta Redonda - Barra Mansa;1;2022;2314;4.32152117545376
2022;2022-37;Afonso Cláudio - Venda Nova do Imigrante - Santa Maria de Jetibá;0;2022;567;0.0
2022;2022-37;Alegre;0;2022;357;0.0
2022;2022-37;Araranguá;0;2022;451;0.0
2022;2022-37;Atalaia;0;2022;7;0.0
2022;2022-37;Bagé;0;2022;190;0.0
2022;2022-37;Belo Horizonte;49;2022;33319;14.706323719199256
2022;2022-37;Belém;7;2022;13358;5.24030543494535
2022;2022-37;Bento Gonçalves;0;2022;423;0.0
2022;2022-37;Boa Vista;0;2022;499;0.0
2022;2022-37;Bragança Paulista;0;2022;34;0.0
2022;2022-37;Brumado;0;2022;266;0.0
2022;2022-37;Camacan;0;2022;2;0.0
2022;2022-37;Campina Grande;1;2022;2245;4.4543429844097995
2022;2022-37;Campo Belo;0;2022;18;0.0
2022;2022-37;Campos dos Goytacazes;0;2022;1020;0.0
2022;2022-37;Caratinga;0;2022;513;0.0
2022;2022-37;Carazinho;0;2022;67;0.0
2022;2022-37;Cascavel;0;2022;32;0.0
2022;2022-37;Catalão;0;2022;277;0.0
2022;2022-37;Catanduva;0;2022;27;0.0
2022;2022-37;Caxias do Sul;2;2022;2853;7.010164738871364
2022;2022-37;Ceres - Rialma - Goianésia;0;2022;1;0.0
2022;2022-37;Conceição do Coité;0;2022;24;0.0
2022;2022-37;Cruz Alta;0;2022;291;0.0
2022;2022-37;Curitiba;17;2022;17424;9.75665748393021
2022;2022-37;Curitibanos;0;2022;5;0.0
2022;2022-37;Distrito Federal;20;2022;13408;14.916467780429594
2022;2022-37;Eunápolis - Porto Seguro;0;2022;24;0.0
2022;2022-37;Frederico Westphalen;0;2022;238;0.0
2022;2022-37;Goiana ¿ Timbaúba;0;2022;236;0.0
2022;2022-37;Guarabira;0;2022;60;0.0
2022;2022-37;Guarapuava;0;2022;14;0.0
2022;2022-37;Gurupi;0;2022;36;0.0
2022;2022-37;Ijuí;0;2022;602;0.0
2022;2022-37;Imperatriz;0;2022;20;0.0
2022;2022-37;Itacoatiara;0;2022;29;0.0
2022;2022-37;Jaú;0;2022;83;0.0
2022;2022-37;Ji-Paraná;0;2022;31;0.0
2022;2022-37;Joaçaba - Herval d'Oeste;0;2022;338;0.0
2022;2022-37;Joinville;0;2022;38;0.0
2022;2022-37;Juiz de Fora;0;2022;2568;0.0
2022;2022-37;Linhares;0;2022;937;0.0
2022;2022-37;Maceió;0;2022;35;0.0
2022;2022-37;Manaus;7;2022;4047;17.29676303434643
2022;2022-37;Mantena;0;2022;133;0.0
2022;2022-37;Maringá;7;2022;3831;18.271991647089532
2022;2022-37;Marília;0;2022;1119;0.0
2022;2022-37;Monteiro;0;2022;2;0.0
2022;2022-37;Mossoró;0;2022;25;0.0
2022;2022-37;Natal;0;2022;11;0.0
2022;2022-37;Nazaré ¿ Maragogipe;0;2022;40;0.0
2022;2022-37;Nova Prata - Guaporé;0;2022;358;0.0
2022;2022-37;Oliveira;1;2022;607;16.474464579901152
2022;2022-37;Passo Fundo;0;2022;874;0.0
2022;2022-37;Passos;1;2022;712;14.044943820224718
2022;2022-37;Patos;0;2022;55;0.0
2022;2022-37;Pinheiro;0;2022;88;0.0
2022;2022-37;Pirapora;1;2022;183;54.6448087431694
2022;2022-37;Piumhi;0;2022;12;0.0
2022;2022-37;Ponte Nova;0;2022;12;0.0
2022;2022-37;Porto Alegre;11;2022;20837;5.279070883524501
2022;2022-37;Princesa Isabel;0;2022;25;0.0
2022;2022-37;Quirinópolis;0;2022;122;0.0
2022;2022-37;Resende;1;2022;489;20.449897750511248
2022;2022-37;Ribeirão Preto;6;2022;5529;10.851871947911015
2022;2022-37;Rio Claro;0;2022;254;0.0
2022;2022-37;Rio de Janeiro;37;2022;39424;9.385146103896103
2022;2022-37;Russas - Limoeiro do Norte;2;2022;841;23.781212841854934
2022;2022-37;Salvador;33;2022;11937;27.64513696908771
2022;2022-37;Santa Cruz do Sul;1;2022;1031;9.699321047526674
2022;2022-37;Santa Inês;0;2022;46;0.0
2022;2022-37;Santa Maria;2;2022;1169;17.10863986313088
2022;2022-37;Santa Maria da Vitoria;0;2022;8;0.0
2022;2022-37;Santana do Livramento;0;2022;101;0.0
2022;2022-37;Santos;1;2022;1142;8.756567425569177
2022;2022-37;Serra Talhada;0;2022;95;0.0
2022;2022-37;Soledade;0;2022;298;0.0
2022;2022-37;São Miguel do Oeste;0;2022;349;0.0
2022;2022-37;São Paulo;50;2022;70656;7.076539855072464
2022;2022-37;Teófilo Otoni;3;2022;633;47.39336492890995
2022;2022-37;Toledo;0;2022;66;0.0
2022;2022-37;Uberaba;6;2022;1703;35.23194362889019
2022;2022-37;Uberlândia;8;2022;3115;25.682182985553773
2022;2022-37;Uruguaiana;0;2022;210;0.0
2022;2022-37;Valença;0;2022;20;0.0
2022;2022-37;Vitória;0;2022;73;0.0
2022;2022-37;Vitória da Conquista;0;2022;63;0.0
2022;2022-37;Volta Redonda - Barra Mansa;2;2022;2314;8.64304235090752
2022;2022-38;Afonso Cláudio - Venda Nova do Imigrante - Santa Maria de Jetibá;0;2022;567;0.0
2022;2022-38;Alegre;1;2022;357;28.011204481792717
2022;2022-38;Araranguá;0;2022;451;0.0
2022;2022-38;Atalaia;0;2022;7;0.0
2022;2022-38;Bagé;0;2022;190;0.0
2022;2022-38;Belo Horizonte;42;2022;33319;12.605420330742218
2022;2022-38;Belém;14;2022;13358;10.4806108698907
2022;2022-38;Bento Gonçalves;1;2022;423;23.64066193853428
2022;2022-38;Boa Vista;2;2022;499;40.080160320641276
2022;2022-38;Bragança Paulista;0;2022;34;0.0
2022;2022-38;Brumado;0;2022;266;0.0
2022;2022-38;Camacan;0;2022;2;0.0
2022;2022-38;Campina Grande;2;2022;2245;8.908685968819599
2022;2022-38;Campo Belo;0;2022;18;0.0
2022;2022-38;Campos dos Goytacazes;1;2022;1020;9.803921568627452
2022;2022-38;Caratinga;1;2022;513;19.49317738791423
2022;2022-38;Carazinho;0;2022;67;0.0
2022;2022-38;Cascavel;0;2022;32;0.0
2022;2022-38;Catalão;0;2022;277;0.0
2022;2022-38;Catanduva;0;2022;27;0.0
2022;2022-38;Caxias do Sul;0;2022;2853;0.0
2022;2022-38;Ceres - Rialma - Goianésia;0;2022;1;0.0
2022;2022-38;Conceição do Coité;0;2022;24;0.0
2022;2022-38;Cruz Alta;0;2022;291;0.0
2022;2022-38;Curitiba;18;2022;17424;10.330578512396695
2022;2022-38;Curitibanos;0;2022;5;0.0
2022;2022-38;Distrito Federal;31;2022;13408;23.12052505966587
2022;2022-38;Eunápolis - Porto Seguro;0;2022;24;0.0
2022;2022-38;Frederico Westphalen;0;2022;238;0.0
2022;2022-38;Goiana ¿ Timbaúba;0;2022;236;0.0
2022;2022-38;Guarabira;0;2022;60;0.0
2022;2022-38;Guarapuava;0;2022;14;0.0
2022;2022-38;Gurupi;0;2022;36;0.0
2022;2022-38;Ijuí;0;2022;602;0.0
2022;2022-38;Imperatriz;0;2022;20;0.0
2022;2022-38;Itacoatiara;0;2022;29;0.0
2022;2022-38;Jaú;0;2022;83;0.0
2022;2022-38;Ji-Paraná;0;2022;31;0.0
2022;2022-38;Joaçaba - Herval d'Oeste;0;2022;338;0.0
2022;2022-38;Joinville;0;2022;38;0.0
2022;2022-38;Juiz de Fora;1;2022;2568;3.894080996884735
2022;2022-38;Linhares;0;2022;937;0.0
2022;2022-38;Maceió;0;2022;35;0.0
2022;2022-38;Manaus;6;2022;4047;14.825796886582653
2022;2022-38;Mantena;0;2022;133;0.0
2022;2022-38;Maringá;6;2022;3831;15.661707126076742
2022;2022-38;Marília;0;2022;1119;0.0
2022;2022-38;Monteiro;0;2022;2;0.0
2022;2022-38;Mossoró;0;2022;25;0.0
2022;2022-38;Natal;0;2022;11;0.0
2022;2022-38;Nazaré ¿ Maragogipe;0;2022;40;0.0
2022;2022-38;Nova Prata - Guaporé;0;2022;358;0.0
2022;2022-38;Oliveira;0;2022;607;0.0
2022;2022-38;Passo Fundo;1;2022;874;11.441647597254004
2022;2022-38;Passos;0;2022;712;0.0
2022;2022-38;Patos;0;2022;55;0.0
2022;2022-38;Pinheiro;0;2022;88;0.0
2022;2022-38;Pirapora;1;2022;183;54.6448087431694
2022;2022-38;Piumhi;0;2022;12;0.0
2022;2022-38;Ponte Nova;0;2022;12;0.0
2022;2022-38;Porto Alegre;10;2022;20837;4.799155348658636
2022;2022-38;Princesa Isabel;0;2022;25;0.0
2022;2022-38;Quirinópolis;0;2022;122;0.0
2022;2022-38;Resende;1;2022;489;20.449897750511248
2022;2022-38;Ribeirão Preto;5;2022;5529;9.043226623259178
2022;2022-38;Rio Claro;1;2022;254;39.37007874015748
2022;2022-38;Rio de Janeiro;35;2022;39424;8.877840909090908
2022;2022-38;Russas - Limoeiro do Norte;1;2022;841;11.890606420927467
2022;2022-38;Salvador;26;2022;11937;21.78101700594789
2022;2022-38;Santa Cruz do Sul;0;2022;1031;0.0
2022;2022-38;Santa Inês;0;2022;46;0.0
2022;2022-38;Santa Maria;0;2022;1169;0.0
2022;2022-38;Santa Maria da Vitoria;0;2022;8;0.0
2022;2022-38;Santana do Livramento;0;2022;101;0.0
2022;2022-38;Santos;0;2022;1142;0.0
2022;2022-38;Serra Talhada;0;2022;95;0.0
2022;2022-38;Soledade;0;2022;298;0.0
2022;2022-38;São Miguel do Oeste;0;2022;349;0.0
2022;2022-38;São Paulo;72;2022;70656;10.190217391304348
2022;2022-38;Teófilo Otoni;0;2022;633;0.0
2022;2022-38;Toledo;0;2022;66;0.0
2022;2022-38;Uberaba;4;2022;1703;23.48796241926013
2022;2022-38;Uberlândia;5;2022;3115;16.051364365971107
2022;2022-38;Uruguaiana;0;2022;210;0.0
2022;2022-38;Valença;0;2022;20;0.0
2022;2022-38;Vitória;0;2022;73;0.0
2022;2022-38;Vitória da Conquista;0;2022;63;0.0
2022;2022-38;Volta Redonda - Barra Mansa;1;2022;2314;4.32152117545376
2022;2022-39;Afonso Cláudio - Venda Nova do Imigrante - Santa Maria de Jetibá;0;2022;567;0.0
2022;2022-39;Alegre;0;2022;357;0.0
2022;2022-39;Araranguá;0;2022;451;0.0
2022;2022-39;Atalaia;0;2022;7;0.0
2022;2022-39;Bagé;0;2022;190;0.0
2022;2022-39;Belo Horizonte;40;2022;33319;12.005162219754496
2022;2022-39;Belém;6;2022;13358;4.491690372810301
2022;2022-39;Bento Gonçalves;2;2022;423;47.28132387706856
2022;2022-39;Boa Vista;0;2022;499;0.0
2022;2022-39;Bragança Paulista;0;2022;34;0.0
2022;2022-39;Brumado;1;2022;266;37.59398496240601
2022;2022-39;Camacan;0;2022;2;0.0
2022;2022-39;Campina Grande;1;2022;2245;4.4543429844097995
2022;2022-39;Campo Belo;0;2022;18;0.0
2022;2022-39;Campos dos Goytacazes;2;2022;1020;19.607843137254903
2022;2022-39;Caratinga;0;2022;513;0.0
2022;2022-39;Carazinho;0;2022;67;0.0
2022;2022-39;Cascavel;0;2022;32;0.0
2022;2022-39;Catalão;0;2022;277;0.0
2022;2022-39;Catanduva;0;2022;27;0.0
2022;2022-39;Caxias do Sul;0;2022;2853;0.0
2022;2022-39;Ceres - Rialma - Goianésia;0;2022;1;0.0
2022;2022-39;Conceição do Coité;0;2022;24;0.0
2022;2022-39;Cruz Alta;0;2022;291;0.0
2022;2022-39;Curitiba;15;2022;17424;8.608815426997245
2022;2022-39;Curitibanos;0;2022;5;0.0
2022;2022-39;Distrito Federal;35;2022;13408;26.10381861575179
2022;2022-39;Eunápolis - Porto Seguro;0;2022;24;0.0
2022;2022-39;Frederico Westphalen;0;2022;238;0.0
2022;2022-39;Goiana ¿ Timbaúba;0;2022;236;0.0
2022;2022-39;Guarabira;0;2022;60;0.0
2022;2022-39;Guarapuava;0;2022;14;0.0
2022;2022-39;Gurupi;0;2022;36;0.0
2022;2022-39;Ijuí;0;2022;602;0.0
2022;2022-39;Imperatriz;0;2022;20;0.0
2022;2022-39;Itacoatiara;0;2022;29;0.0
2022;2022-39;Jaú;0;2022;83;0.0
2022;2022-39;Ji-Paraná;0;2022;31;0.0
2022;2022-39;Joaçaba - Herval d'Oeste;0;2022;338;0.0
2022;2022-39;Joinville;0;2022;38;0.0
2022;2022-39;Juiz de Fora;2;2022;2568;7.78816199376947
2022;2022-39;Linhares;1;2022;937;10.672358591248667
2022;2022-39;Maceió;0;2022;35;0.0
2022;2022-39;Manaus;7;2022;4047;17.29676303434643
2022;2022-39;Mantena;0;2022;133;0.0
2022;2022-39;Maringá;4;2022;3831;10.441138084051163
2022;2022-39;Marília;0;2022;1119;0.0
2022;2022-39;Monteiro;0;2022;2;0.0
2022;2022-39;Mossoró;0;2022;25;0.0
2022;2022-39;Natal;0;2022;11;0.0
2022;2022-39;Nazaré ¿ Maragogipe;0;2022;40;0.0
2022;2022-39;Nova Prata - Guaporé;2;2022;358;55.865921787709496
2022;2022-39;Oliveira;1;2022;607;16.474464579901152
2022;2022-39;Passo Fundo;0;2022;874;0.0
2022;2022-39;Passos;1;2022;712;14.044943820224718
2022;2022-39;Patos;0;2022;55;0.0
2022;2022-39;Pinheiro;0;2022;88;0.0
2022;2022-39;Pirapora;0;2022;183;0.0
2022;2022-39;Piumhi;0;2022;12;0.0
2022;2022-39;Ponte Nova;0;2022;12;0.0
2022;2022-39;Porto Alegre;14;2022;20837;6.71881748812209
2022;2022-39;Princesa Isabel;0;2022;25;0.0
2022;2022-39;Quirinópolis;1;2022;122;81.9672131147541
2022;2022-39;Resende;0;2022;489;0.0
2022;2022-39;Ribeirão Preto;5;2022;5529;9.043226623259178
2022;2022-39;Rio Claro;0;2022;254;0.0
2022;2022-39;Rio de Janeiro;42;2022;39424;10.65340909090909
2022;2022-39;Russas - Limoeiro do Norte;2;2022;841;23.781212841854934
2022;2022-39;Salvador;22;2022;11937;18.43009131272514
2022;2022-39;Santa Cruz do Sul;1;2022;1031;9.699321047526674
2022;2022-39;Santa Inês;0;2022;46;0.0
2022;2022-39;Santa Maria;1;2022;1169;8.55431993156544
2022;2022-39;Santa Maria da Vitoria;0;2022;8;0.0
2022;2022-39;Santana do Livramento;0;2022;101;0.0
2022;2022-39;Santos;1;2022;1142;8.756567425569177
2022;2022-39;Serra Talhada;0;2022;95;0.0
2022;2022-39;Soledade;0;2022;298;0.0
2022;2022-39;São Miguel do Oeste;0;2022;349;0.0
2022;2022-39;São Paulo;66;2022;70656;9.341032608695652
2022;2022-39;Teófilo Otoni;1;2022;633;15.797788309636651
2022;2022-39;Toledo;0;2022;66;0.0
2022;2022-39;Uberaba;1;2022;1703;5.871990604815032
2022;2022-39;Uberlândia;3;2022;3115;9.630818619582664
2022;2022-39;Uruguaiana;0;2022;210;0.0
2022;2022-39;Valença;0;2022;20;0.0
2022;2022-39;Vitória;0;2022;73;0.0
2022;2022-39;Vitória da Conquista;0;2022;63;0.0
2022;2022-39;Volta Redonda - Barra Mansa;1;2022;2314;4.32152117545376
2022;2022-40;Afonso Cláudio - Venda Nova do Imigrante - Santa Maria de Jetibá;0;2022;567;0.0
2022;2022-40;Alegre;1;2022;357;28.011204481792717
2022;2022-40;Araranguá;0;2022;451;0.0
2022;2022-40;Atalaia;0;2022;7;0.0
2022;2022-40;Bagé;0;2022;190;0.0
2022;2022-40;Belo Horizonte;42;2022;33319;12.605420330742218
2022;2022-40;Belém;9;2022;13358;6.737535559215451
2022;2022-40;Bento Gonçalves;0;2022;423;0.0
2022;2022-40;Boa Vista;2;2022;499;40.080160320641276
2022;2022-40;Bragança Paulista;0;2022;34;0.0
2022;2022-40;Brumado;0;2022;266;0.0
2022;2022-40;Camacan;0;2022;2;0.0
2022;2022-40;Campina Grande;2;2022;2245;8.908685968819599
2022;2022-40;Campo Belo;0;2022;18;0.0
2022;2022-40;Campos dos Goytacazes;1;2022;1020;9.803921568627452
2022;2022-40;Caratinga;0;2022;513;0.0
2022;2022-40;Carazinho;0;2022;67;0.0
2022;2022-40;Cascavel;0;2022;32;0.0
2022;2022-40;Catalão;0;2022;277;0.0
2022;2022-40;Catanduva;0;2022;27;0.0
2022;2022-40;Caxias do Sul;2;2022;2853;7.010164738871364
2022;2022-40;Ceres - Rialma - Goianésia;0;2022;1;0.0
2022;2022-40;Conceição do Coité;0;2022;24;0.0
2022;2022-40;Cruz Alta;0;2022;291;0.0
2022;2022-40;Curitiba;15;2022;17424;8.608815426997245
2022;2022-40;Curitibanos;0;2022;5;0.0
2022;2022-40;Distrito Federal;36;2022;13408;26.84964200477327
2022;2022-40;Eunápolis - Porto Seguro;0;2022;24;0.0
2022;2022-40;Frederico Westphalen;1;2022;238;42.016806722689076
2022;2022-40;Goiana ¿ Timbaúba;0;2022;236;0.0
2022;2022-40;Guarabira;0;2022;60;0.0
2022;2022-40;Guarapuava;0;2022;14;0.0
2022;2022-40;Gurupi;0;2022;36;0.0
2022;2022-40;Ijuí;0;2022;602;0.0
2022;2022-40;Imperatriz;0;2022;20;0.0
2022;2022-40;Itacoatiara;0;2022;29;0.0
2022;2022-40;Jaú;0;2022;83;0.0
2022;2022-40;Ji-Paraná;0;2022;31;0.0
2022;2022-40;Joaçaba - Herval d'Oeste;0;2022;338;0.0
2022;2022-40;Joinville;0;2022;38;0.0
2022;2022-40;Juiz de Fora;1;2022;2568;3.894080996884735
2022;2022-40;Linhares;0;2022;937;0.0
2022;2022-40;Maceió;0;2022;35;0.0
2022;2022-40;Manaus;9;2022;4047;22.23869532987398
2022;2022-40;Mantena;0;2022;133;0.0
2022;2022-40;Maringá;1;2022;3831;2.6102845210127907
2022;2022-40;Marília;0;2022;1119;0.0
2022;2022-40;Monteiro;0;2022;2;0.0
2022;2022-40;Mossoró;0;2022;25;0.0
2022;2022-40;Natal;0;2022;11;0.0
2022;2022-40;Nazaré ¿ Maragogipe;0;2022;40;0.0
2022;2022-40;Nova Prata - Guaporé;0;2022;358;0.0
2022;2022-40;Oliveira;0;2022;607;0.0
2022;2022-40;Passo Fundo;0;2022;874;0.0
2022;2022-40;Passos;2;2022;712;28.089887640449437
2022;2022-40;Patos;0;2022;55;0.0
2022;2022-40;Pinheiro;0;2022;88;0.0
2022;2022-40;Pirapora;0;2022;183;0.0
2022;2022-40;Piumhi;0;2022;12;0.0
2022;2022-40;Ponte Nova;0;2022;12;0.0
2022;2022-40;Porto Alegre;16;2022;20837;7.678648557853817
2022;2022-40;Princesa Isabel;0;2022;25;0.0
2022;2022-40;Quirinópolis;0;2022;122;0.0
2022;2022-40;Resende;0;2022;489;0.0
2022;2022-40;Ribeirão Preto;7;2022;5529;12.66051727256285
2022;2022-40;Rio Claro;0;2022;254;0.0
2022;2022-40;Rio de Janeiro;31;2022;39424;7.86323051948052
2022;2022-40;Russas - Limoeiro do Norte;0;2022;841;0.0
2022;2022-40;Salvador;23;2022;11937;19.26782273603083
2022;2022-40;Santa Cruz do Sul;0;2022;1031;0.0
2022;2022-40;Santa Inês;0;2022;46;0.0
2022;2022-40;Santa Maria;3;2022;1169;25.662959794696324
2022;2022-40;Santa Maria da Vitoria;0;2022;8;0.0
2022;2022-40;Santana do Livramento;0;2022;101;0.0
2022;2022-40;Santos;0;2022;1142;0.0
2022;2022-40;Serra Talhada;0;2022;95;0.0
2022;2022-40;Soledade;0;2022;298;0.0
2022;2022-40;São Miguel do Oeste;0;2022;349;0.0
2022;2022-40;São Paulo;76;2022;70656;10.756340579710145
2022;2022-40;Teófilo Otoni;1;2022;633;15.797788309636651
2022;2022-40;Toledo;0;2022;66;0.0
2022;2022-40;Uberaba;2;2022;1703;11.743981209630064
2022;2022-40;Uberlândia;6;2022;3115;19.261637239165328
2022;2022-40;Uruguaiana;0;2022;210;0.0
2022;2022-40;Valença;0;2022;20;0.0
2022;2022-40;Vitória;0;2022;73;0.0
2022;2022-40;Vitória da Conquista;0;2022;63;0.0
2022;2022-40;Volta Redonda - Barra Mansa;2;2022;2314;8.64304235090752
2022;2022-41;Afonso Cláudio - Venda Nova do Imigrante - Santa Maria de Jetibá;2;2022;567;35.273368606701936
2022;2022-41;Alegre;1;2022;357;28.011204481792717
2022;2022-41;Araranguá;2;2022;451;44.34589800443459
2022;2022-41;Atalaia;0;2022;7;0.0
2022;2022-41;Bagé;0;2022;190;0.0
2022;2022-41;Belo Horizonte;28;2022;33319;8.403613553828146
2022;2022-41;Belém;4;2022;13358;2.994460248540201
2022;2022-41;Bento Gonçalves;0;2022;423;0.0
2022;2022-41;Boa Vista;2;2022;499;40.080160320641276
2022;2022-41;Bragança Paulista;0;2022;34;0.0
2022;2022-41;Brumado;0;2022;266;0.0
2022;2022-41;Camacan;0;2022;2;0.0
2022;2022-41;Campina Grande;1;2022;2245;4.4543429844097995
2022;2022-41;Campo Belo;0;2022;18;0.0
2022;2022-41;Campos dos Goytacazes;1;2022;1020;9.803921568627452
2022;2022-41;Caratinga;0;2022;513;0.0
2022;2022-41;Carazinho;0;2022;67;0.0
2022;2022-41;Cascavel;0;2022;32;0.0
2022;2022-41;Catalão;0;2022;277;0.0
2022;2022-41;Catanduva;0;2022;27;0.0
2022;2022-41;Caxias do Sul;0;2022;2853;0.0
2022;2022-41;Ceres - Rialma - Goianésia;0;2022;1;0.0
2022;2022-41;Conceição do Coité;0;2022;24;0.0
2022;2022-41;Cruz Alta;0;2022;291;0.0
2022;2022-41;Curitiba;16;2022;17424;9.182736455463727
2022;2022-41;Curitibanos;0;2022;5;0.0
2022;2022-41;Distrito Federal;26;2022;13408;19.391408114558473
2022;2022-41;Eunápolis - Porto Seguro;0;2022;24;0.0
2022;2022-41;Frederico Westphalen;0;2022;238;0.0
2022;2022-41;Goiana ¿ Timbaúba;0;2022;236;0.0
2022;2022-41;Guarabira;0;2022;60;0.0
2022;2022-41;Guarapuava;0;2022;14;0.0
2022;2022-41;Gurupi;0;2022;36;0.0
2022;2022-41;Ijuí;2;2022;602;33.222591362126245
2022;2022-41;Imperatriz;0;2022;20;0.0
2022;2022-41;Itacoatiara;0;2022;29;0.0
2022;2022-41;Jaú;0;2022;83;0.0
2022;2022-41;Ji-Paraná;0;2022;31;0.0
2022;2022-41;Joaçaba - Herval d'Oeste;0;2022;338;0.0
2022;2022-41;Joinville;0;2022;38;0.0
2022;2022-41;Juiz de Fora;1;2022;2568;3.894080996884735
2022;2022-41;Linhares;0;2022;937;0.0
2022;2022-41;Maceió;0;2022;35;0.0
2022;2022-41;Manaus;6;2022;4047;14.825796886582653
2022;2022-41;Mantena;0;2022;133;0.0
2022;2022-41;Maringá;5;2022;3831;13.051422605063951
2022;2022-41;Marília;0;2022;1119;0.0
2022;2022-41;Monteiro;0;2022;2;0.0
2022;2022-41;Mossoró;0;2022;25;0.0
2022;2022-41;Natal;0;2022;11;0.0
2022;2022-41;Nazaré ¿ Maragogipe;0;2022;40;0.0
2022;2022-41;Nova Prata - Guaporé;1;2022;358;27.932960893854748
2022;2022-41;Oliveira;2;2022;607;32.948929159802304
2022;2022-41;Passo Fundo;2;2022;874;22.88329519450801
2022;2022-41;Passos;0;2022;712;0.0
2022;2022-41;Patos;0;2022;55;0.0
2022;2022-41;Pinheiro;0;2022;88;0.0
2022;2022-41;Pirapora;0;2022;183;0.0
2022;2022-41;Piumhi;0;2022;12;0.0
2022;2022-41;Ponte Nova;0;2022;12;0.0
2022;2022-41;Porto Alegre;8;2022;20837;3.8393242789269086
2022;2022-41;Princesa Isabel;0;2022;25;0.0
2022;2022-41;Quirinópolis;0;2022;122;0.0
2022;2022-41;Resende;0;2022;489;0.0
2022;2022-41;Ribeirão Preto;2;2022;5529;3.6172906493036714
2022;2022-41;Rio Claro;0;2022;254;0.0
2022;2022-41;Rio de Janeiro;48;2022;39424;12.175324675324674
2022;2022-41;Russas - Limoeiro do Norte;0;2022;841;0.0
2022;2022-41;Salvador;26;2022;11937;21.78101700594789
2022;2022-41;Santa Cruz do Sul;0;2022;1031;0.0
2022;2022-41;Santa Inês;0;2022;46;0.0
2022;2022-41;Santa Maria;0;2022;1169;0.0
2022;2022-41;Santa Maria da Vitoria;0;2022;8;0.0
2022;2022-41;Santana do Livramento;0;2022;101;0.0
2022;2022-41;Santos;0;2022;1142;0.0
2022;2022-41;Serra Talhada;0;2022;95;0.0
2022;2022-41;Soledade;0;2022;298;0.0
2022;2022-41;São Miguel do Oeste;0;2022;349;0.0
2022;2022-41;São Paulo;43;2022;70656;6.085824275362318
2022;2022-41;Teófilo Otoni;1;2022;633;15.797788309636651
2022;2022-41;Toledo;1;2022;66;151.51515151515153
2022;2022-41;Uberaba;2;2022;1703;11.743981209630064
2022;2022-41;Uberlândia;5;2022;3115;16.051364365971107
2022;2022-41;Uruguaiana;0;2022;210;0.0
2022;2022-41;Valença;0;2022;20;0.0
2022;2022-41;Vitória;0;2022;73;0.0
2022;2022-41;Vitória da Conquista;0;2022;63;0.0
2022;2022-41;Volta Redonda - Barra Mansa;1;2022;2314;4.32152117545376
2022;2022-42;Afonso Cláudio - Venda Nova do Imigrante - Santa Maria de Jetibá;0;2022;567;0.0
2022;2022-42;Alegre;0;2022;357;0.0
2022;2022-42;Araranguá;1;2022;451;22.172949002217294
2022;2022-42;Atalaia;0;2022;7;0.0
2022;2022-42;Bagé;0;2022;190;0.0
2022;2022-42;Belo Horizonte;58;2022;33319;17.407485218644016
2022;2022-42;Belém;9;2022;13358;6.737535559215451
2022;2022-42;Bento Gonçalves;0;2022;423;0.0
2022;2022-42;Boa Vista;0;2022;499;0.0
2022;2022-42;Bragança Paulista;0;2022;34;0.0
2022;2022-42;Brumado;0;2022;266;0.0
2022;2022-42;Camacan;0;2022;2;0.0
2022;2022-42;Campina Grande;1;2022;2245;4.4543429844097995
2022;2022-42;Campo Belo;0;2022;18;0.0
2022;2022-42;Campos dos Goytacazes;1;2022;1020;9.803921568627452
2022;2022-42;Caratinga;1;2022;513;19.49317738791423
2022;2022-42;Carazinho;0;2022;67;0.0
2022;2022-42;Cascavel;0;2022;32;0.0
2022;2022-42;Catalão;0;2022;277;0.0
2022;2022-42;Catanduva;0;2022;27;0.0
2022;2022-42;Caxias do Sul;3;2022;2853;10.515247108307046
2022;2022-42;Ceres - Rialma - Goianésia;0;2022;1;0.0
2022;2022-42;Conceição do Coité;0;2022;24;0.0
2022;2022-42;Cruz Alta;0;2022;291;0.0
2022;2022-42;Curitiba;27;2022;17424;15.495867768595042
2022;2022-42;Curitibanos;0;2022;5;0.0
2022;2022-42;Distrito Federal;27;2022;13408;20.137231503579955
2022;2022-42;Eunápolis - Porto Seguro;0;2022;24;0.0
2022;2022-42;Frederico Westphalen;0;2022;238;0.0
2022;2022-42;Goiana ¿ Timbaúba;0;2022;236;0.0
2022;2022-42;Guarabira;0;2022;60;0.0
2022;2022-42;Guarapuava;0;2022;14;0.0
2022;2022-42;Gurupi;0;2022;36;0.0
2022;2022-42;Ijuí;2;2022;602;33.222591362126245
2022;2022-42;Imperatriz;0;2022;20;0.0
2022;2022-42;Itacoatiara;0;2022;29;0.0
2022;2022-42;Jaú;0;2022;83;0.0
2022;2022-42;Ji-Paraná;0;2022;31;0.0
2022;2022-42;Joaçaba - Herval d'Oeste;1;2022;338;29.585798816568047
2022;2022-42;Joinville;0;2022;38;0.0
2022;2022-42;Juiz de Fora;3;2022;2568;11.682242990654204
2022;2022-42;Linhares;1;2022;937;10.672358591248667
2022;2022-42;Maceió;0;2022;35;0.0
2022;2022-42;Manaus;5;2022;4047;12.35483073881888
2022;2022-42;Mantena;0;2022;133;0.0
2022;2022-42;Maringá;2;2022;3831;5.2205690420255815
2022;2022-42;Marília;1;2022;1119;8.936550491510276
2022;2022-42;Monteiro;0;2022;2;0.0
2022;2022-42;Mossoró;0;2022;25;0.0
2022;2022-42;Natal;0;2022;11;0.0
2022;2022-42;Nazaré ¿ Maragogipe;0;2022;40;0.0
2022;2022-42;Nova Prata - Guaporé;2;2022;358;55.865921787709496
2022;2022-42;Oliveira;0;2022;607;0.0
2022;2022-42;Passo Fundo;0;2022;874;0.0
2022;2022-42;Passos;1;2022;712;14.044943820224718
2022;2022-42;Patos;0;2022;55;0.0
2022;2022-42;Pinheiro;0;2022;88;0.0
2022;2022-42;Pirapora;0;2022;183;0.0
2022;2022-42;Piumhi;0;2022;12;0.0
2022;2022-42;Ponte Nova;0;2022;12;0.0
2022;2022-42;Porto Alegre;12;2022;20837;5.758986418390363
2022;2022-42;Princesa Isabel;0;2022;25;0.0
2022;2022-42;Quirinópolis;1;2022;122;81.9672131147541
2022;2022-42;Resende;1;2022;489;20.449897750511248
2022;2022-42;Ribeirão Preto;2;2022;5529;3.6172906493036714
2022;2022-42;Rio Claro;0;2022;254;0.0
2022;2022-42;Rio de Janeiro;50;2022;39424;12.68262987012987
2022;2022-42;Russas - Limoeiro do Norte;0;2022;841;0.0
2022;2022-42;Salvador;10;2022;11937;8.377314233056882
2022;2022-42;Santa Cruz do Sul;0;2022;1031;0.0
2022;2022-42;Santa Inês;0;2022;46;0.0
2022;2022-42;Santa Maria;1;2022;1169;8.55431993156544
2022;2022-42;Santa Maria da Vitoria;0;2022;8;0.0
2022;2022-42;Santana do Livramento;0;2022;101;0.0
2022;2022-42;Santos;1;2022;1142;8.756567425569177
2022;2022-42;Serra Talhada;0;2022;95;0.0
2022;2022-42;Soledade;0;2022;298;0.0
2022;2022-42;São Miguel do Oeste;0;2022;349;0.0
2022;2022-42;São Paulo;91;2022;70656;12.879302536231885
2022;2022-42;Teófilo Otoni;3;2022;633;47.39336492890995
2022;2022-42;Toledo;0;2022;66;0.0
2022;2022-42;Uberaba;1;2022;1703;5.871990604815032
2022;2022-42;Uberlândia;4;2022;3115;12.841091492776886
2022;2022-42;Uruguaiana;0;2022;210;0.0
2022;2022-42;Valença;0;2022;20;0.0
2022;2022-42;Vitória;0;2022;73;0.0
2022;2022-42;Vitória da Conquista;0;2022;63;0.0
2022;2022-42;Volta Redonda - Barra Mansa;1;2022;2314;4.32152117545376
2022;2022-43;Afonso Cláudio - Venda Nova do Imigrante - Santa Maria de Jetibá;0;2022;567;0.0
2022;2022-43;Alegre;0;2022;357;0.0
2022;2022-43;Araranguá;0;2022;451;0.0
2022;2022-43;Atalaia;0;2022;7;0.0
2022;2022-43;Bagé;0;2022;190;0.0
2022;2022-43;Belo Horizonte;47;2022;33319;14.106065608211532
2022;2022-43;Belém;6;2022;13358;4.491690372810301
2022;2022-43;Bento Gonçalves;1;2022;423;23.64066193853428
2022;2022-43;Boa Vista;1;2022;499;20.040080160320638
2022;2022-43;Bragança Paulista;0;2022;34;0.0
2022;2022-43;Brumado;0;2022;266;0.0
2022;2022-43;Camacan;0;2022;2;0.0
2022;2022-43;Campina Grande;1;2022;2245;4.4543429844097995
2022;2022-43;Campo Belo;0;2022;18;0.0
2022;2022-43;Campos dos Goytacazes;0;2022;1020;0.0
2022;2022-43;Caratinga;0;2022;513;0.0
2022;2022-43;Carazinho;0;2022;67;0.0
2022;2022-43;Cascavel;0;2022;32;0.0
2022;2022-43;Catalão;0;2022;277;0.0
2022;2022-43;Catanduva;0;2022;27;0.0
2022;2022-43;Caxias do Sul;0;2022;2853;0.0
2022;2022-43;Ceres - Rialma - Goianésia;0;2022;1;0.0
2022;2022-43;Conceição do Coité;0;2022;24;0.0
2022;2022-43;Cruz Alta;0;2022;291;0.0
2022;2022-43;Curitiba;13;2022;17424;7.460973370064279
2022;2022-43;Curitibanos;0;2022;5;0.0
2022;2022-43;Distrito Federal;28;2022;13408;20.883054892601432
2022;2022-43;Eunápolis - Porto Seguro;0;2022;24;0.0
2022;2022-43;Frederico Westphalen;0;2022;238;0.0
2022;2022-43;Goiana ¿ Timbaúba;0;2022;236;0.0
2022;2022-43;Guarabira;0;2022;60;0.0
2022;2022-43;Guarapuava;0;2022;14;0.0
2022;2022-43;Gurupi;0;2022;36;0.0
2022;2022-43;Ijuí;2;2022;602;33.222591362126245
2022;2022-43;Imperatriz;0;2022;20;0.0
2022;2022-43;Itacoatiara;0;2022;29;0.0
2022;2022-43;Jaú;0;2022;83;0.0
2022;2022-43;Ji-Paraná;0;2022;31;0.0
2022;2022-43;Joaçaba - Herval d'Oeste;0;2022;338;0.0
2022;2022-43;Joinville;0;2022;38;0.0
2022;2022-43;Juiz de Fora;1;2022;2568;3.894080996884735
2022;2022-43;Linhares;0;2022;937;0.0
2022;2022-43;Maceió;0;2022;35;0.0
2022;2022-43;Manaus;9;2022;4047;22.23869532987398
2022;2022-43;Mantena;0;2022;133;0.0
2022;2022-43;Maringá;4;2022;3831;10.441138084051163
2022;2022-43;Marília;0;2022;1119;0.0
2022;2022-43;Monteiro;0;2022;2;0.0
2022;2022-43;Mossoró;0;2022;25;0.0
2022;2022-43;Natal;0;2022;11;0.0
2022;2022-43;Nazaré ¿ Maragogipe;0;2022;40;0.0
2022;2022-43;Nova Prata - Guaporé;5;2022;358;139.66480446927375
2022;2022-43;Oliveira;2;2022;607;32.948929159802304
2022;2022-43;Passo Fundo;0;2022;874;0.0
2022;2022-43;Passos;0;2022;712;0.0
2022;2022-43;Patos;0;2022;55;0.0
2022;2022-43;Pinheiro;0;2022;88;0.0
2022;2022-43;Pirapora;0;2022;183;0.0
2022;2022-43;Piumhi;0;2022;12;0.0
2022;2022-43;Ponte Nova;0;2022;12;0.0
2022;2022-43;Porto Alegre;21;2022;20837;10.078226232183136
2022;2022-43;Princesa Isabel;0;2022;25;0.0
2022;2022-43;Quirinópolis;0;2022;122;0.0
2022;2022-43;Resende;0;2022;489;0.0
2022;2022-43;Ribeirão Preto;2;2022;5529;3.6172906493036714
2022;2022-43;Rio Claro;0;2022;254;0.0
2022;2022-43;Rio de Janeiro;69;2022;39424;17.50202922077922
2022;2022-43;Russas - Limoeiro do Norte;0;2022;841;0.0
2022;2022-43;Salvador;14;2022;11937;11.728239926279635
2022;2022-43;Santa Cruz do Sul;2;2022;1031;19.398642095053347
2022;2022-43;Santa Inês;0;2022;46;0.0
2022;2022-43;Santa Maria;1;2022;1169;8.55431993156544
2022;2022-43;Santa Maria da Vitoria;0;2022;8;0.0
2022;2022-43;Santana do Livramento;0;2022;101;0.0
2022;2022-43;Santos;1;2022;1142;8.756567425569177
2022;2022-43;Serra Talhada;0;2022;95;0.0
2022;2022-43;Soledade;0;2022;298;0.0
2022;2022-43;São Miguel do Oeste;0;2022;349;0.0
2022;2022-43;São Paulo;59;2022;70656;8.350317028985508
2022;2022-43;Teófilo Otoni;1;2022;633;15.797788309636651
2022;2022-43;Toledo;0;2022;66;0.0
2022;2022-43;Uberaba;0;2022;1703;0.0
2022;2022-43;Uberlândia;4;2022;3115;12.841091492776886
2022;2022-43;Uruguaiana;1;2022;210;47.61904761904762
2022;2022-43;Valença;0;2022;20;0.0
2022;2022-43;Vitória;0;2022;73;0.0
2022;2022-43;Vitória da Conquista;0;2022;63;0.0
2022;2022-43;Volta Redonda - Barra Mansa;2;2022;2314;8.64304235090752
2022;2022-44;Afonso Cláudio - Venda Nova do Imigrante - Santa Maria de Jetibá;1;2022;567;17.636684303350968
2022;2022-44;Alegre;0;2022;357;0.0
2022;2022-44;Araranguá;0;2022;451;0.0
2022;2022-44;Atalaia;0;2022;7;0.0
2022;2022-44;Bagé;0;2022;190;0.0
2022;2022-44;Belo Horizonte;44;2022;33319;13.205678441729944
2022;2022-44;Belém;10;2022;13358;7.486150621350501
2022;2022-44;Bento Gonçalves;1;2022;423;23.64066193853428
2022;2022-44;Boa Vista;1;2022;499;20.040080160320638
2022;2022-44;Bragança Paulista;0;2022;34;0.0
2022;2022-44;Brumado;1;2022;266;37.59398496240601
2022;2022-44;Camacan;0;2022;2;0.0
2022;2022-44;Campina Grande;0;2022;2245;0.0
2022;2022-44;Campo Belo;0;2022;18;0.0
2022;2022-44;Campos dos Goytacazes;0;2022;1020;0.0
2022;2022-44;Caratinga;1;2022;513;19.49317738791423
2022;2022-44;Carazinho;0;2022;67;0.0
2022;2022-44;Cascavel;0;2022;32;0.0
2022;2022-44;Catalão;0;2022;277;0.0
2022;2022-44;Catanduva;0;2022;27;0.0
2022;2022-44;Caxias do Sul;1;2022;2853;3.505082369435682
2022;2022-44;Ceres - Rialma - Goianésia;0;2022;1;0.0
2022;2022-44;Conceição do Coité;0;2022;24;0.0
2022;2022-44;Cruz Alta;0;2022;291;0.0
2022;2022-44;Curitiba;24;2022;17424;13.774104683195592
2022;2022-44;Curitibanos;0;2022;5;0.0
2022;2022-44;Distrito Federal;16;2022;13408;11.933174224343675
2022;2022-44;Eunápolis - Porto Seguro;0;2022;24;0.0
2022;2022-44;Frederico Westphalen;0;2022;238;0.0
2022;2022-44;Goiana ¿ Timbaúba;0;2022;236;0.0
2022;2022-44;Guarabira;0;2022;60;0.0
2022;2022-44;Guarapuava;0;2022;14;0.0
2022;2022-44;Gurupi;0;2022;36;0.0
2022;2022-44;Ijuí;1;2022;602;16.611295681063122
2022;2022-44;Imperatriz;0;2022;20;0.0
2022;2022-44;Itacoatiara;0;2022;29;0.0
2022;2022-44;Jaú;0;2022;83;0.0
2022;2022-44;Ji-Paraná;0;2022;31;0.0
2022;2022-44;Joaçaba - Herval d'Oeste;0;2022;338;0.0
2022;2022-44;Joinville;0;2022;38;0.0
2022;2022-44;Juiz de Fora;1;2022;2568;3.894080996884735
2022;2022-44;Linhares;0;2022;937;0.0
2022;2022-44;Maceió;0;2022;35;0.0
2022;2022-44;Manaus;6;2022;4047;14.825796886582653
2022;2022-44;Mantena;0;2022;133;0.0
2022;2022-44;Maringá;3;2022;3831;7.830853563038371
2022;2022-44;Marília;2;2022;1119;17.873100983020553
2022;2022-44;Monteiro;0;2022;2;0.0
2022;2022-44;Mossoró;0;2022;25;0.0
2022;2022-44;Natal;0;2022;11;0.0
2022;2022-44;Nazaré ¿ Maragogipe;0;2022;40;0.0
2022;2022-44;Nova Prata - Guaporé;0;2022;358;0.0
2022;2022-44;Oliveira;0;2022;607;0.0
2022;2022-44;Passo Fundo;2;2022;874;22.88329519450801
2022;2022-44;Passos;0;2022;712;0.0
2022;2022-44;Patos;0;2022;55;0.0
2022;2022-44;Pinheiro;0;2022;88;0.0
2022;2022-44;Pirapora;0;2022;183;0.0
2022;2022-44;Piumhi;0;2022;12;0.0
2022;2022-44;Ponte Nova;0;2022;12;0.0
2022;2022-44;Porto Alegre;16;2022;20837;7.678648557853817
2022;2022-44;Princesa Isabel;0;2022;25;0.0
2022;2022-44;Quirinópolis;0;2022;122;0.0
2022;2022-44;Resende;0;2022;489;0.0
2022;2022-44;Ribeirão Preto;2;2022;5529;3.6172906493036714
2022;2022-44;Rio Claro;0;2022;254;0.0
2022;2022-44;Rio de Janeiro;67;2022;39424;16.994724025974026
2022;2022-44;Russas - Limoeiro do Norte;3;2022;841;35.6718192627824
2022;2022-44;Salvador;25;2022;11937;20.943285582642204
2022;2022-44;Santa Cruz do Sul;0;2022;1031;0.0
2022;2022-44;Santa Inês;0;2022;46;0.0
2022;2022-44;Santa Maria;0;2022;1169;0.0
2022;2022-44;Santa Maria da Vitoria;1;2022;8;1250.0
2022;2022-44;Santana do Livramento;0;2022;101;0.0
2022;2022-44;Santos;0;2022;1142;0.0
2022;2022-44;Serra Talhada;0;2022;95;0.0
2022;2022-44;Soledade;0;2022;298;0.0
2022;2022-44;São Miguel do Oeste;1;2022;349;28.653295128939828
2022;2022-44;São Paulo;58;2022;70656;8.208786231884057
2022;2022-44;Teófilo Otoni;0;2022;633;0.0
2022;2022-44;Toledo;0;2022;66;0.0
2022;2022-44;Uberaba;3;2022;1703;17.615971814445096
2022;2022-44;Uberlândia;3;2022;3115;9.630818619582664
2022;2022-44;Uruguaiana;0;2022;210;0.0
2022;2022-44;Valença;0;2022;20;0.0
2022;2022-44;Vitória;0;2022;73;0.0
2022;2022-44;Vitória da Conquista;0;2022;63;0.0
2022;2022-44;Volta Redonda - Barra Mansa;1;2022;2314;4.32152117545376
2022;2022-45;Afonso Cláudio - Venda Nova do Imigrante - Santa Maria de Jetibá;2;2022;567;35.273368606701936
2022;2022-45;Alegre;0;2022;357;0.0
2022;2022-45;Araranguá;0;2022;451;0.0
2022;2022-45;Atalaia;0;2022;7;0.0
2022;2022-45;Bagé;0;2022;190;0.0
2022;2022-45;Belo Horizonte;66;2022;33319;19.808517662594916
2022;2022-45;Belém;6;2022;13358;4.491690372810301
2022;2022-45;Bento Gonçalves;0;2022;423;0.0
2022;2022-45;Boa Vista;0;2022;499;0.0
2022;2022-45;Bragança Paulista;0;2022;34;0.0
2022;2022-45;Brumado;0;2022;266;0.0
2022;2022-45;Camacan;0;2022;2;0.0
2022;2022-45;Campina Grande;0;2022;2245;0.0
2022;2022-45;Campo Belo;0;2022;18;0.0
2022;2022-45;Campos dos Goytacazes;3;2022;1020;29.41176470588235
2022;2022-45;Caratinga;0;2022;513;0.0
2022;2022-45;Carazinho;0;2022;67;0.0
2022;2022-45;Cascavel;0;2022;32;0.0
2022;2022-45;Catalão;0;2022;277;0.0
2022;2022-45;Catanduva;0;2022;27;0.0
2022;2022-45;Caxias do Sul;2;2022;2853;7.010164738871364
2022;2022-45;Ceres - Rialma - Goianésia;0;2022;1;0.0
2022;2022-45;Conceição do Coité;0;2022;24;0.0
2022;2022-45;Cruz Alta;1;2022;291;34.36426116838488
2022;2022-45;Curitiba;14;2022;17424;8.034894398530762
2022;2022-45;Curitibanos;0;2022;5;0.0
2022;2022-45;Distrito Federal;24;2022;13408;17.899761336515514
2022;2022-45;Eunápolis - Porto Seguro;0;2022;24;0.0
2022;2022-45;Frederico Westphalen;0;2022;238;0.0
2022;2022-45;Goiana ¿ Timbaúba;0;2022;236;0.0
2022;2022-45;Guarabira;0;2022;60;0.0
2022;2022-45;Guarapuava;0;2022;14;0.0
2022;2022-45;Gurupi;0;2022;36;0.0
2022;2022-45;Ijuí;0;2022;602;0.0
2022;2022-45;Imperatriz;0;2022;20;0.0
2022;2022-45;Itacoatiara;0;2022;29;0.0
2022;2022-45;Jaú;0;2022;83;0.0
2022;2022-45;Ji-Paraná;0;2022;31;0.0
2022;2022-45;Joaçaba - Herval d'Oeste;0;2022;338;0.0
2022;2022-45;Joinville;0;2022;38;0.0
2022;2022-45;Juiz de Fora;0;2022;2568;0.0
2022;2022-45;Linhares;0;2022;937;0.0
2022;2022-45;Maceió;0;2022;35;0.0
2022;2022-45;Manaus;12;2022;4047;29.651593773165306
2022;2022-45;Mantena;1;2022;133;75.18796992481202
2022;2022-45;Maringá;2;2022;3831;5.2205690420255815
2022;2022-45;Marília;1;2022;1119;8.936550491510276
2022;2022-45;Monteiro;0;2022;2;0.0
2022;2022-45;Mossoró;0;2022;25;0.0
2022;2022-45;Natal;0;2022;11;0.0
2022;2022-45;Nazaré ¿ Maragogipe;0;2022;40;0.0
2022;2022-45;Nova Prata - Guaporé;1;2022;358;27.932960893854748
2022;2022-45;Oliveira;1;2022;607;16.474464579901152
2022;2022-45;Passo Fundo;0;2022;874;0.0
2022;2022-45;Passos;1;2022;712;14.044943820224718
2022;2022-45;Patos;1;2022;55;181.8181818181818
2022;2022-45;Pinheiro;0;2022;88;0.0
2022;2022-45;Pirapora;0;2022;183;0.0
2022;2022-45;Piumhi;0;2022;12;0.0
2022;2022-45;Ponte Nova;0;2022;12;0.0
2022;2022-45;Porto Alegre;19;2022;20837;9.118395162451408
2022;2022-45;Princesa Isabel;0;2022;25;0.0
2022;2022-45;Quirinópolis;1;2022;122;81.9672131147541
2022;2022-45;Resende;1;2022;489;20.449897750511248
2022;2022-45;Ribeirão Preto;5;2022;5529;9.043226623259178
2022;2022-45;Rio Claro;0;2022;254;0.0
2022;2022-45;Rio de Janeiro;49;2022;39424;12.428977272727273
2022;2022-45;Russas - Limoeiro do Norte;0;2022;841;0.0
2022;2022-45;Salvador;35;2022;11937;29.320599815699087
2022;2022-45;Santa Cruz do Sul;2;2022;1031;19.398642095053347
2022;2022-45;Santa Inês;0;2022;46;0.0
2022;2022-45;Santa Maria;1;2022;1169;8.55431993156544
2022;2022-45;Santa Maria da Vitoria;0;2022;8;0.0
2022;2022-45;Santana do Livramento;0;2022;101;0.0
2022;2022-45;Santos;0;2022;1142;0.0
2022;2022-45;Serra Talhada;0;2022;95;0.0
2022;2022-45;Soledade;0;2022;298;0.0
2022;2022-45;São Miguel do Oeste;1;2022;349;28.653295128939828
2022;2022-45;São Paulo;78;2022;70656;11.039402173913043
2022;2022-45;Teófilo Otoni;0;2022;633;0.0
2022;2022-45;Toledo;0;2022;66;0.0
2022;2022-45;Uberaba;3;2022;1703;17.615971814445096
2022;2022-45;Uberlândia;4;2022;3115;12.841091492776886
2022;2022-45;Uruguaiana;0;2022;210;0.0
2022;2022-45;Valença;0;2022;20;0.0
2022;2022-45;Vitória;1;2022;73;136.986301369863
2022;2022-45;Vitória da Conquista;0;2022;63;0.0
2022;2022-45;Volta Redonda - Barra Mansa;3;2022;2314;12.964563526361278
2022;2022-46;Afonso Cláudio - Venda Nova do Imigrante - Santa Maria de Jetibá;2;2022;567;35.273368606701936
2022;2022-46;Alegre;0;2022;357;0.0
2022;2022-46;Araranguá;1;2022;451;22.172949002217294
2022;2022-46;Atalaia;0;2022;7;0.0
2022;2022-46;Bagé;0;2022;190;0.0
2022;2022-46;Belo Horizonte;62;2022;33319;18.608001440619468
2022;2022-46;Belém;3;2022;13358;2.2458451864051505
2022;2022-46;Bento Gonçalves;1;2022;423;23.64066193853428
2022;2022-46;Boa Vista;0;2022;499;0.0
2022;2022-46;Bragança Paulista;0;2022;34;0.0
2022;2022-46;Brumado;0;2022;266;0.0
2022;2022-46;Camacan;0;2022;2;0.0
2022;2022-46;Campina Grande;1;2022;2245;4.4543429844097995
2022;2022-46;Campo Belo;0;2022;18;0.0
2022;2022-46;Campos dos Goytacazes;2;2022;1020;19.607843137254903
2022;2022-46;Caratinga;0;2022;513;0.0
2022;2022-46;Carazinho;0;2022;67;0.0
2022;2022-46;Cascavel;0;2022;32;0.0
2022;2022-46;Catalão;1;2022;277;36.101083032490976
2022;2022-46;Catanduva;0;2022;27;0.0
2022;2022-46;Caxias do Sul;0;2022;2853;0.0
2022;2022-46;Ceres - Rialma - Goianésia;0;2022;1;0.0
2022;2022-46;Conceição do Coité;0;2022;24;0.0
2022;2022-46;Cruz Alta;0;2022;291;0.0
2022;2022-46;Curitiba;20;2022;17424;11.47842056932966
2022;2022-46;Curitibanos;0;2022;5;0.0
2022;2022-46;Distrito Federal;40;2022;13408;29.832935560859188
2022;2022-46;Eunápolis - Porto Seguro;0;2022;24;0.0
2022;2022-46;Frederico Westphalen;0;2022;238;0.0
2022;2022-46;Goiana ¿ Timbaúba;0;2022;236;0.0
2022;2022-46;Guarabira;0;2022;60;0.0
2022;2022-46;Guarapuava;0;2022;14;0.0
2022;2022-46;Gurupi;0;2022;36;0.0
2022;2022-46;Ijuí;2;2022;602;33.222591362126245
2022;2022-46;Imperatriz;0;2022;20;0.0
2022;2022-46;Itacoatiara;0;2022;29;0.0
2022;2022-46;Jaú;0;2022;83;0.0
2022;2022-46;Ji-Paraná;0;2022;31;0.0
2022;2022-46;Joaçaba - Herval d'Oeste;0;2022;338;0.0
2022;2022-46;Joinville;0;2022;38;0.0
2022;2022-46;Juiz de Fora;1;2022;2568;3.894080996884735
2022;2022-46;Linhares;2;2022;937;21.344717182497334
2022;2022-46;Maceió;0;2022;35;0.0
2022;2022-46;Manaus;8;2022;4047;19.767729182110205
2022;2022-46;Mantena;0;2022;133;0.0
2022;2022-46;Maringá;6;2022;3831;15.661707126076742
2022;2022-46;Marília;1;2022;1119;8.936550491510276
2022;2022-46;Monteiro;0;2022;2;0.0
2022;2022-46;Mossoró;0;2022;25;0.0
2022;2022-46;Natal;0;2022;11;0.0
2022;2022-46;Nazaré ¿ Maragogipe;0;2022;40;0.0
2022;2022-46;Nova Prata - Guaporé;0;2022;358;0.0
2022;2022-46;Oliveira;0;2022;607;0.0
2022;2022-46;Passo Fundo;1;2022;874;11.441647597254004
2022;2022-46;Passos;1;2022;712;14.044943820224718
2022;2022-46;Patos;0;2022;55;0.0
2022;2022-46;Pinheiro;0;2022;88;0.0
2022;2022-46;Pirapora;0;2022;183;0.0
2022;2022-46;Piumhi;0;2022;12;0.0
2022;2022-46;Ponte Nova;0;2022;12;0.0
2022;2022-46;Porto Alegre;31;2022;20837;14.877381580841773
2022;2022-46;Princesa Isabel;0;2022;25;0.0
2022;2022-46;Quirinópolis;1;2022;122;81.9672131147541
2022;2022-46;Resende;0;2022;489;0.0
2022;2022-46;Ribeirão Preto;3;2022;5529;5.425935973955507
2022;2022-46;Rio Claro;0;2022;254;0.0
2022;2022-46;Rio de Janeiro;49;2022;39424;12.428977272727273
2022;2022-46;Russas - Limoeiro do Norte;0;2022;841;0.0
2022;2022-46;Salvador;21;2022;11937;17.592359889419452
2022;2022-46;Santa Cruz do Sul;1;2022;1031;9.699321047526674
2022;2022-46;Santa Inês;1;2022;46;217.3913043478261
2022;2022-46;Santa Maria;0;2022;1169;0.0
2022;2022-46;Santa Maria da Vitoria;0;2022;8;0.0
2022;2022-46;Santana do Livramento;0;2022;101;0.0
2022;2022-46;Santos;1;2022;1142;8.756567425569177
2022;2022-46;Serra Talhada;0;2022;95;0.0
2022;2022-46;Soledade;0;2022;298;0.0
2022;2022-46;São Miguel do Oeste;1;2022;349;28.653295128939828
2022;2022-46;São Paulo;73;2022;70656;10.331748188405797
2022;2022-46;Teófilo Otoni;0;2022;633;0.0
2022;2022-46;Toledo;0;2022;66;0.0
2022;2022-46;Uberaba;1;2022;1703;5.871990604815032
2022;2022-46;Uberlândia;8;2022;3115;25.682182985553773
2022;2022-46;Uruguaiana;0;2022;210;0.0
2022;2022-46;Valença;0;2022;20;0.0
2022;2022-46;Vitória;0;2022;73;0.0
2022;2022-46;Vitória da Conquista;0;2022;63;0.0
2022;2022-46;Volta Redonda - Barra Mansa;2;2022;2314;8.64304235090752
2022;2022-47;Afonso Cláudio - Venda Nova do Imigrante - Santa Maria de Jetibá;0;2022;567;0.0
2022;2022-47;Alegre;0;2022;357;0.0
2022;2022-47;Araranguá;0;2022;451;0.0
2022;2022-47;Atalaia;0;2022;7;0.0
2022;2022-47;Bagé;0;2022;190;0.0
2022;2022-47;Belo Horizonte;61;2022;33319;18.307872385125602
2022;2022-47;Belém;3;2022;13358;2.2458451864051505
2022;2022-47;Bento Gonçalves;0;2022;423;0.0
2022;2022-47;Boa Vista;0;2022;499;0.0
2022;2022-47;Bragança Paulista;0;2022;34;0.0
2022;2022-47;Brumado;0;2022;266;0.0
2022;2022-47;Camacan;0;2022;2;0.0
2022;2022-47;Campina Grande;0;2022;2245;0.0
2022;2022-47;Campo Belo;0;2022;18;0.0
2022;2022-47;Campos dos Goytacazes;2;2022;1020;19.607843137254903
2022;2022-47;Caratinga;2;2022;513;38.98635477582846
2022;2022-47;Carazinho;0;2022;67;0.0
2022;2022-47;Cascavel;0;2022;32;0.0
2022;2022-47;Catalão;2;2022;277;72.20216606498195
2022;2022-47;Catanduva;0;2022;27;0.0
2022;2022-47;Caxias do Sul;5;2022;2853;17.525411847178407
2022;2022-47;Ceres - Rialma - Goianésia;0;2022;1;0.0
2022;2022-47;Conceição do Coité;0;2022;24;0.0
2022;2022-47;Cruz Alta;0;2022;291;0.0
2022;2022-47;Curitiba;26;2022;17424;14.921946740128558
2022;2022-47;Curitibanos;0;2022;5;0.0
2022;2022-47;Distrito Federal;35;2022;13408;26.10381861575179
2022;2022-47;Eunápolis - Porto Seguro;0;2022;24;0.0
2022;2022-47;Frederico Westphalen;1;2022;238;42.016806722689076
2022;2022-47;Goiana ¿ Timbaúba;0;2022;236;0.0
2022;2022-47;Guarabira;0;2022;60;0.0
2022;2022-47;Guarapuava;0;2022;14;0.0
2022;2022-47;Gurupi;0;2022;36;0.0
2022;2022-47;Ijuí;1;2022;602;16.611295681063122
2022;2022-47;Imperatriz;0;2022;20;0.0
2022;2022-47;Itacoatiara;0;2022;29;0.0
2022;2022-47;Jaú;0;2022;83;0.0
2022;2022-47;Ji-Paraná;0;2022;31;0.0
2022;2022-47;Joaçaba - Herval d'Oeste;0;2022;338;0.0
2022;2022-47;Joinville;0;2022;38;0.0
2022;2022-47;Juiz de Fora;1;2022;2568;3.894080996884735
2022;2022-47;Linhares;2;2022;937;21.344717182497334
2022;2022-47;Maceió;0;2022;35;0.0
2022;2022-47;Manaus;5;2022;4047;12.35483073881888
2022;2022-47;Mantena;0;2022;133;0.0
2022;2022-47;Maringá;6;2022;3831;15.661707126076742
2022;2022-47;Marília;2;2022;1119;17.873100983020553
2022;2022-47;Monteiro;0;2022;2;0.0
2022;2022-47;Mossoró;0;2022;25;0.0
2022;2022-47;Natal;0;2022;11;0.0
2022;2022-47;Nazaré ¿ Maragogipe;0;2022;40;0.0
2022;2022-47;Nova Prata - Guaporé;0;2022;358;0.0
2022;2022-47;Oliveira;0;2022;607;0.0
2022;2022-47;Passo Fundo;4;2022;874;45.76659038901602
2022;2022-47;Passos;0;2022;712;0.0
2022;2022-47;Patos;0;2022;55;0.0
2022;2022-47;Pinheiro;2;2022;88;227.27272727272728
2022;2022-47;Pirapora;1;2022;183;54.6448087431694
2022;2022-47;Piumhi;0;2022;12;0.0
2022;2022-47;Ponte Nova;0;2022;12;0.0
2022;2022-47;Porto Alegre;25;2022;20837;11.99788837164659
2022;2022-47;Princesa Isabel;0;2022;25;0.0
2022;2022-47;Quirinópolis;0;2022;122;0.0
2022;2022-47;Resende;0;2022;489;0.0
2022;2022-47;Ribeirão Preto;4;2022;5529;7.234581298607343
2022;2022-47;Rio Claro;0;2022;254;0.0
2022;2022-47;Rio de Janeiro;55;2022;39424;13.950892857142858
2022;2022-47;Russas - Limoeiro do Norte;0;2022;841;0.0
2022;2022-47;Salvador;16;2022;11937;13.403702772891013
2022;2022-47;Santa Cruz do Sul;1;2022;1031;9.699321047526674
2022;2022-47;Santa Inês;0;2022;46;0.0
2022;2022-47;Santa Maria;2;2022;1169;17.10863986313088
2022;2022-47;Santa Maria da Vitoria;0;2022;8;0.0
2022;2022-47;Santana do Livramento;0;2022;101;0.0
2022;2022-47;Santos;0;2022;1142;0.0
2022;2022-47;Serra Talhada;0;2022;95;0.0
2022;2022-47;Soledade;0;2022;298;0.0
2022;2022-47;São Miguel do Oeste;2;2022;349;57.306590257879655
2022;2022-47;São Paulo;75;2022;70656;10.614809782608695
2022;2022-47;Teófilo Otoni;1;2022;633;15.797788309636651
2022;2022-47;Toledo;0;2022;66;0.0
2022;2022-47;Uberaba;0;2022;1703;0.0
2022;2022-47;Uberlândia;5;2022;3115;16.051364365971107
2022;2022-47;Uruguaiana;0;2022;210;0.0
2022;2022-47;Valença;0;2022;20;0.0
2022;2022-47;Vitória;0;2022;73;0.0
2022;2022-47;Vitória da Conquista;0;2022;63;0.0
2022;2022-47;Volta Redonda - Barra Mansa;0;2022;2314;0.0
2022;2022-48;Afonso Cláudio - Venda Nova do Imigrante - Santa Maria de Jetibá;0;2022;567;0.0
2022;2022-48;Alegre;0;2022;357;0.0
2022;2022-48;Araranguá;1;2022;451;22.172949002217294
2022;2022-48;Atalaia;0;2022;7;0.0
2022;2022-48;Bagé;0;2022;190;0.0
2022;2022-48;Belo Horizonte;58;2022;33319;17.407485218644016
2022;2022-48;Belém;10;2022;13358;7.486150621350501
2022;2022-48;Bento Gonçalves;0;2022;423;0.0
2022;2022-48;Boa Vista;0;2022;499;0.0
2022;2022-48;Bragança Paulista;0;2022;34;0.0
2022;2022-48;Brumado;0;2022;266;0.0
2022;2022-48;Camacan;0;2022;2;0.0
2022;2022-48;Campina Grande;1;2022;2245;4.4543429844097995
2022;2022-48;Campo Belo;0;2022;18;0.0
2022;2022-48;Campos dos Goytacazes;0;2022;1020;0.0
2022;2022-48;Caratinga;1;2022;513;19.49317738791423
2022;2022-48;Carazinho;0;2022;67;0.0
2022;2022-48;Cascavel;0;2022;32;0.0
2022;2022-48;Catalão;0;2022;277;0.0
2022;2022-48;Catanduva;0;2022;27;0.0
2022;2022-48;Caxias do Sul;2;2022;2853;7.010164738871364
2022;2022-48;Ceres - Rialma - Goianésia;0;2022;1;0.0
2022;2022-48;Conceição do Coité;0;2022;24;0.0
2022;2022-48;Cruz Alta;0;2022;291;0.0
2022;2022-48;Curitiba;24;2022;17424;13.774104683195592
2022;2022-48;Curitibanos;0;2022;5;0.0
2022;2022-48;Distrito Federal;33;2022;13408;24.61217183770883
2022;2022-48;Eunápolis - Porto Seguro;0;2022;24;0.0
2022;2022-48;Frederico Westphalen;0;2022;238;0.0
2022;2022-48;Goiana ¿ Timbaúba;0;2022;236;0.0
2022;2022-48;Guarabira;0;2022;60;0.0
2022;2022-48;Guarapuava;0;2022;14;0.0
2022;2022-48;Gurupi;0;2022;36;0.0
2022;2022-48;Ijuí;4;2022;602;66.44518272425249
2022;2022-48;Imperatriz;0;2022;20;0.0
2022;2022-48;Itacoatiara;0;2022;29;0.0
2022;2022-48;Jaú;0;2022;83;0.0
2022;2022-48;Ji-Paraná;0;2022;31;0.0
2022;2022-48;Joaçaba - Herval d'Oeste;0;2022;338;0.0
2022;2022-48;Joinville;0;2022;38;0.0
2022;2022-48;Juiz de Fora;2;2022;2568;7.78816199376947
2022;2022-48;Linhares;0;2022;937;0.0
2022;2022-48;Maceió;0;2022;35;0.0
2022;2022-48;Manaus;14;2022;4047;34.59352606869286
2022;2022-48;Mantena;0;2022;133;0.0
2022;2022-48;Maringá;8;2022;3831;20.882276168102326
2022;2022-48;Marília;3;2022;1119;26.80965147453083
2022;2022-48;Monteiro;0;2022;2;0.0
2022;2022-48;Mossoró;0;2022;25;0.0
2022;2022-48;Natal;0;2022;11;0.0
2022;2022-48;Nazaré ¿ Maragogipe;0;2022;40;0.0
2022;2022-48;Nova Prata - Guaporé;0;2022;358;0.0
2022;2022-48;Oliveira;0;2022;607;0.0
2022;2022-48;Passo Fundo;1;2022;874;11.441647597254004
2022;2022-48;Passos;1;2022;712;14.044943820224718
2022;2022-48;Patos;0;2022;55;0.0
2022;2022-48;Pinheiro;0;2022;88;0.0
2022;2022-48;Pirapora;0;2022;183;0.0
2022;2022-48;Piumhi;0;2022;12;0.0
2022;2022-48;Ponte Nova;0;2022;12;0.0
2022;2022-48;Porto Alegre;34;2022;20837;16.317128185439362
2022;2022-48;Princesa Isabel;0;2022;25;0.0
2022;2022-48;Quirinópolis;1;2022;122;81.9672131147541
2022;2022-48;Resende;0;2022;489;0.0
2022;2022-48;Ribeirão Preto;6;2022;5529;10.851871947911015
2022;2022-48;Rio Claro;1;2022;254;39.37007874015748
2022;2022-48;Rio de Janeiro;43;2022;39424;10.907061688311687
2022;2022-48;Russas - Limoeiro do Norte;0;2022;841;0.0
2022;2022-48;Salvador;17;2022;11937;14.241434196196698
2022;2022-48;Santa Cruz do Sul;0;2022;1031;0.0
2022;2022-48;Santa Inês;0;2022;46;0.0
2022;2022-48;Santa Maria;5;2022;1169;42.7715996578272
2022;2022-48;Santa Maria da Vitoria;0;2022;8;0.0
2022;2022-48;Santana do Livramento;0;2022;101;0.0
2022;2022-48;Santos;0;2022;1142;0.0
2022;2022-48;Serra Talhada;0;2022;95;0.0
2022;2022-48;Soledade;0;2022;298;0.0
2022;2022-48;São Miguel do Oeste;2;2022;349;57.306590257879655
2022;2022-48;São Paulo;78;2022;70656;11.039402173913043
2022;2022-48;Teófilo Otoni;0;2022;633;0.0
2022;2022-48;Toledo;0;2022;66;0.0
2022;2022-48;Uberaba;0;2022;1703;0.0
2022;2022-48;Uberlândia;7;2022;3115;22.471910112359552
2022;2022-48;Uruguaiana;1;2022;210;47.61904761904762
2022;2022-48;Valença;0;2022;20;0.0
2022;2022-48;Vitória;0;2022;73;0.0
2022;2022-48;Vitória da Conquista;0;2022;63;0.0
2022;2022-48;Volta Redonda - Barra Mansa;0;2022;2314;0.0
2022;2022-49;Afonso Cláudio - Venda Nova do Imigrante - Santa Maria de Jetibá;3;2022;567;52.910052910052904
2022;2022-49;Alegre;2;2022;357;56.022408963585434
2022;2022-49;Araranguá;1;2022;451;22.172949002217294
2022;2022-49;Atalaia;0;2022;7;0.0
2022;2022-49;Bagé;2;2022;190;105.26315789473684
2022;2022-49;Belo Horizonte;64;2022;33319;19.208259551607192
2022;2022-49;Belém;11;2022;13358;8.234765683485552
2022;2022-49;Bento Gonçalves;0;2022;423;0.0
2022;2022-49;Boa Vista;0;2022;499;0.0
2022;2022-49;Bragança Paulista;0;2022;34;0.0
2022;2022-49;Brumado;0;2022;266;0.0
2022;2022-49;Camacan;0;2022;2;0.0
2022;2022-49;Campina Grande;3;2022;2245;13.3630289532294
2022;2022-49;Campo Belo;0;2022;18;0.0
2022;2022-49;Campos dos Goytacazes;1;2022;1020;9.803921568627452
2022;2022-49;Caratinga;0;2022;513;0.0
2022;2022-49;Carazinho;0;2022;67;0.0
2022;2022-49;Cascavel;0;2022;32;0.0
2022;2022-49;Catalão;0;2022;277;0.0
2022;2022-49;Catanduva;0;2022;27;0.0
2022;2022-49;Caxias do Sul;0;2022;2853;0.0
2022;2022-49;Ceres - Rialma - Goianésia;0;2022;1;0.0
2022;2022-49;Conceição do Coité;0;2022;24;0.0
2022;2022-49;Cruz Alta;0;2022;291;0.0
2022;2022-49;Curitiba;21;2022;17424;12.052341597796143
2022;2022-49;Curitibanos;0;2022;5;0.0
2022;2022-49;Distrito Federal;46;2022;13408;34.307875894988065
2022;2022-49;Eunápolis - Porto Seguro;0;2022;24;0.0
2022;2022-49;Frederico Westphalen;0;2022;238;0.0
2022;2022-49;Goiana ¿ Timbaúba;0;2022;236;0.0
2022;2022-49;Guarabira;0;2022;60;0.0
2022;2022-49;Guarapuava;0;2022;14;0.0
2022;2022-49;Gurupi;0;2022;36;0.0
2022;2022-49;Ijuí;3;2022;602;49.833887043189364
2022;2022-49;Imperatriz;0;2022;20;0.0
2022;2022-49;Itacoatiara;0;2022;29;0.0
2022;2022-49;Jaú;0;2022;83;0.0
2022;2022-49;Ji-Paraná;0;2022;31;0.0
2022;2022-49;Joaçaba - Herval d'Oeste;1;2022;338;29.585798816568047
2022;2022-49;Joinville;0;2022;38;0.0
2022;2022-49;Juiz de Fora;3;2022;2568;11.682242990654204
2022;2022-49;Linhares;3;2022;937;32.017075773746
2022;2022-49;Maceió;0;2022;35;0.0
2022;2022-49;Manaus;12;2022;4047;29.651593773165306
2022;2022-49;Mantena;1;2022;133;75.18796992481202
2022;2022-49;Maringá;9;2022;3831;23.492560689115116
2022;2022-49;Marília;3;2022;1119;26.80965147453083
2022;2022-49;Monteiro;0;2022;2;0.0
2022;2022-49;Mossoró;0;2022;25;0.0
2022;2022-49;Natal;0;2022;11;0.0
2022;2022-49;Nazaré ¿ Maragogipe;0;2022;40;0.0
2022;2022-49;Nova Prata - Guaporé;1;2022;358;27.932960893854748
2022;2022-49;Oliveira;3;2022;607;49.42339373970346
2022;2022-49;Passo Fundo;0;2022;874;0.0
2022;2022-49;Passos;0;2022;712;0.0
2022;2022-49;Patos;0;2022;55;0.0
2022;2022-49;Pinheiro;0;2022;88;0.0
2022;2022-49;Pirapora;1;2022;183;54.6448087431694
2022;2022-49;Piumhi;0;2022;12;0.0
2022;2022-49;Ponte Nova;0;2022;12;0.0
2022;2022-49;Porto Alegre;23;2022;20837;11.038057301914863
2022;2022-49;Princesa Isabel;0;2022;25;0.0
2022;2022-49;Quirinópolis;2;2022;122;163.9344262295082
2022;2022-49;Resende;0;2022;489;0.0
2022;2022-49;Ribeirão Preto;6;2022;5529;10.851871947911015
2022;2022-49;Rio Claro;0;2022;254;0.0
2022;2022-49;Rio de Janeiro;50;2022;39424;12.68262987012987
2022;2022-49;Russas - Limoeiro do Norte;1;2022;841;11.890606420927467
2022;2022-49;Salvador;21;2022;11937;17.592359889419452
2022;2022-49;Santa Cruz do Sul;1;2022;1031;9.699321047526674
2022;2022-49;Santa Inês;0;2022;46;0.0
2022;2022-49;Santa Maria;1;2022;1169;8.55431993156544
2022;2022-49;Santa Maria da Vitoria;0;2022;8;0.0
2022;2022-49;Santana do Livramento;0;2022;101;0.0
2022;2022-49;Santos;2;2022;1142;17.513134851138354
2022;2022-49;Serra Talhada;0;2022;95;0.0
2022;2022-49;Soledade;0;2022;298;0.0
2022;2022-49;São Miguel do Oeste;1;2022;349;28.653295128939828
2022;2022-49;São Paulo;86;2022;70656;12.171648550724637
2022;2022-49;Teófilo Otoni;1;2022;633;15.797788309636651
2022;2022-49;Toledo;1;2022;66;151.51515151515153
2022;2022-49;Uberaba;1;2022;1703;5.871990604815032
2022;2022-49;Uberlândia;5;2022;3115;16.051364365971107
2022;2022-49;Uruguaiana;0;2022;210;0.0
2022;2022-49;Valença;0;2022;20;0.0
2022;2022-49;Vitória;0;2022;73;0.0
2022;2022-49;Vitória da Conquista;0;2022;63;0.0
2022;2022-49;Volta Redonda - Barra Mansa;1;2022;2314;4.32152117545376
2022;2022-50;Afonso Cláudio - Venda Nova do Imigrante - Santa Maria de Jetibá;3;2022;567;52.910052910052904
2022;2022-50;Alegre;4;2022;357;112.04481792717087
2022;2022-50;Araranguá;2;2022;451;44.34589800443459
2022;2022-50;Atalaia;0;2022;7;0.0
2022;2022-50;Bagé;0;2022;190;0.0
2022;2022-50;Belo Horizonte;70;2022;33319;21.009033884570364
2022;2022-50;Belém;17;2022;13358;12.726456056295854
2022;2022-50;Bento Gonçalves;0;2022;423;0.0
2022;2022-50;Boa Vista;1;2022;499;20.040080160320638
2022;2022-50;Bragança Paulista;0;2022;34;0.0
2022;2022-50;Brumado;0;2022;266;0.0
2022;2022-50;Camacan;0;2022;2;0.0
2022;2022-50;Campina Grande;4;2022;2245;17.817371937639198
2022;2022-50;Campo Belo;0;2022;18;0.0
2022;2022-50;Campos dos Goytacazes;1;2022;1020;9.803921568627452
2022;2022-50;Caratinga;3;2022;513;58.47953216374269
2022;2022-50;Carazinho;0;2022;67;0.0
2022;2022-50;Cascavel;0;2022;32;0.0
2022;2022-50;Catalão;0;2022;277;0.0
2022;2022-50;Catanduva;0;2022;27;0.0
2022;2022-50;Caxias do Sul;1;2022;2853;3.505082369435682
2022;2022-50;Ceres - Rialma - Goianésia;0;2022;1;0.0
2022;2022-50;Conceição do Coité;0;2022;24;0.0
2022;2022-50;Cruz Alta;1;2022;291;34.36426116838488
2022;2022-50;Curitiba;30;2022;17424;17.21763085399449
2022;2022-50;Curitibanos;0;2022;5;0.0
2022;2022-50;Distrito Federal;31;2022;13408;23.12052505966587
2022;2022-50;Eunápolis - Porto Seguro;0;2022;24;0.0
2022;2022-50;Frederico Westphalen;0;2022;238;0.0
2022;2022-50;Goiana ¿ Timbaúba;0;2022;236;0.0
2022;2022-50;Guarabira;0;2022;60;0.0
2022;2022-50;Guarapuava;0;2022;14;0.0
2022;2022-50;Gurupi;0;2022;36;0.0
2022;2022-50;Ijuí;1;2022;602;16.611295681063122
2022;2022-50;Imperatriz;0;2022;20;0.0
2022;2022-50;Itacoatiara;0;2022;29;0.0
2022;2022-50;Jaú;0;2022;83;0.0
2022;2022-50;Ji-Paraná;0;2022;31;0.0
2022;2022-50;Joaçaba - Herval d'Oeste;0;2022;338;0.0
2022;2022-50;Joinville;0;2022;38;0.0
2022;2022-50;Juiz de Fora;0;2022;2568;0.0
2022;2022-50;Linhares;1;2022;937;10.672358591248667
2022;2022-50;Maceió;0;2022;35;0.0
2022;2022-50;Manaus;16;2022;4047;39.53545836422041
2022;2022-50;Mantena;0;2022;133;0.0
2022;2022-50;Maringá;13;2022;3831;33.93369877316628
2022;2022-50;Marília;0;2022;1119;0.0
2022;2022-50;Monteiro;0;2022;2;0.0
2022;2022-50;Mossoró;0;2022;25;0.0
2022;2022-50;Natal;0;2022;11;0.0
2022;2022-50;Nazaré ¿ Maragogipe;0;2022;40;0.0
2022;2022-50;Nova Prata - Guaporé;1;2022;358;27.932960893854748
2022;2022-50;Oliveira;2;2022;607;32.948929159802304
2022;2022-50;Passo Fundo;1;2022;874;11.441647597254004
2022;2022-50;Passos;2;2022;712;28.089887640449437
2022;2022-50;Patos;0;2022;55;0.0
2022;2022-50;Pinheiro;0;2022;88;0.0
2022;2022-50;Pirapora;0;2022;183;0.0
2022;2022-50;Piumhi;0;2022;12;0.0
2022;2022-50;Ponte Nova;0;2022;12;0.0
2022;2022-50;Porto Alegre;18;2022;20837;8.638479627585545
2022;2022-50;Princesa Isabel;0;2022;25;0.0
2022;2022-50;Quirinópolis;5;2022;122;409.83606557377044
2022;2022-50;Resende;0;2022;489;0.0
2022;2022-50;Ribeirão Preto;2;2022;5529;3.6172906493036714
2022;2022-50;Rio Claro;0;2022;254;0.0
2022;2022-50;Rio de Janeiro;67;2022;39424;16.994724025974026
2022;2022-50;Russas - Limoeiro do Norte;0;2022;841;0.0
2022;2022-50;Salvador;24;2022;11937;20.105554159336513
2022;2022-50;Santa Cruz do Sul;4;2022;1031;38.797284190106694
2022;2022-50;Santa Inês;0;2022;46;0.0
2022;2022-50;Santa Maria;1;2022;1169;8.55431993156544
2022;2022-50;Santa Maria da Vitoria;0;2022;8;0.0
2022;2022-50;Santana do Livramento;0;2022;101;0.0
2022;2022-50;Santos;1;2022;1142;8.756567425569177
2022;2022-50;Serra Talhada;0;2022;95;0.0
2022;2022-50;Soledade;0;2022;298;0.0
2022;2022-50;São Miguel do Oeste;0;2022;349;0.0
2022;2022-50;São Paulo;107;2022;70656;15.143795289855072
2022;2022-50;Teófilo Otoni;0;2022;633;0.0
2022;2022-50;Toledo;0;2022;66;0.0
2022;2022-50;Uberaba;4;2022;1703;23.48796241926013
2022;2022-50;Uberlândia;6;2022;3115;19.261637239165328
2022;2022-50;Uruguaiana;0;2022;210;0.0
2022;2022-50;Valença;0;2022;20;0.0
2022;2022-50;Vitória;0;2022;73;0.0
2022;2022-50;Vitória da Conquista;0;2022;63;0.0
2022;2022-50;Volta Redonda - Barra Mansa;1;2022;2314;4.32152117545376
2022;2022-51;Afonso Cláudio - Venda Nova do Imigrante - Santa Maria de Jetibá;1;2022;567;17.636684303350968
2022;2022-51;Alegre;3;2022;357;84.03361344537815
2022;2022-51;Araranguá;0;2022;451;0.0
2022;2022-51;Atalaia;0;2022;7;0.0
2022;2022-51;Bagé;0;2022;190;0.0
2022;2022-51;Belo Horizonte;44;2022;33319;13.205678441729944
2022;2022-51;Belém;6;2022;13358;4.491690372810301
2022;2022-51;Bento Gonçalves;0;2022;423;0.0
2022;2022-51;Boa Vista;0;2022;499;0.0
2022;2022-51;Bragança Paulista;0;2022;34;0.0
2022;2022-51;Brumado;0;2022;266;0.0
2022;2022-51;Camacan;0;2022;2;0.0
2022;2022-51;Campina Grande;1;2022;2245;4.4543429844097995
2022;2022-51;Campo Belo;0;2022;18;0.0
2022;2022-51;Campos dos Goytacazes;0;2022;1020;0.0
2022;2022-51;Caratinga;1;2022;513;19.49317738791423
2022;2022-51;Carazinho;0;2022;67;0.0
2022;2022-51;Cascavel;0;2022;32;0.0
2022;2022-51;Catalão;1;2022;277;36.101083032490976
2022;2022-51;Catanduva;0;2022;27;0.0
2022;2022-51;Caxias do Sul;2;2022;2853;7.010164738871364
2022;2022-51;Ceres - Rialma - Goianésia;0;2022;1;0.0
2022;2022-51;Conceição do Coité;0;2022;24;0.0
2022;2022-51;Cruz Alta;0;2022;291;0.0
2022;2022-51;Curitiba;21;2022;17424;12.052341597796143
2022;2022-51;Curitibanos;0;2022;5;0.0
2022;2022-51;Distrito Federal;44;2022;13408;32.81622911694511
2022;2022-51;Eunápolis - Porto Seguro;0;2022;24;0.0
2022;2022-51;Frederico Westphalen;1;2022;238;42.016806722689076
2022;2022-51;Goiana ¿ Timbaúba;0;2022;236;0.0
2022;2022-51;Guarabira;0;2022;60;0.0
2022;2022-51;Guarapuava;0;2022;14;0.0
2022;2022-51;Gurupi;0;2022;36;0.0
2022;2022-51;Ijuí;0;2022;602;0.0
2022;2022-51;Imperatriz;0;2022;20;0.0
2022;2022-51;Itacoatiara;0;2022;29;0.0
2022;2022-51;Jaú;0;2022;83;0.0
2022;2022-51;Ji-Paraná;0;2022;31;0.0
2022;2022-51;Joaçaba - Herval d'Oeste;0;2022;338;0.0
2022;2022-51;Joinville;0;2022;38;0.0
2022;2022-51;Juiz de Fora;3;2022;2568;11.682242990654204
2022;2022-51;Linhares;1;2022;937;10.672358591248667
2022;2022-51;Maceió;0;2022;35;0.0
2022;2022-51;Manaus;11;2022;4047;27.18062762540153
2022;2022-51;Mantena;0;2022;133;0.0
2022;2022-51;Maringá;10;2022;3831;26.102845210127903
2022;2022-51;Marília;2;2022;1119;17.873100983020553
2022;2022-51;Monteiro;0;2022;2;0.0
2022;2022-51;Mossoró;0;2022;25;0.0
2022;2022-51;Natal;0;2022;11;0.0
2022;2022-51;Nazaré ¿ Maragogipe;0;2022;40;0.0
2022;2022-51;Nova Prata - Guaporé;0;2022;358;0.0
2022;2022-51;Oliveira;0;2022;607;0.0
2022;2022-51;Passo Fundo;1;2022;874;11.441647597254004
2022;2022-51;Passos;4;2022;712;56.17977528089887
2022;2022-51;Patos;0;2022;55;0.0
2022;2022-51;Pinheiro;0;2022;88;0.0
2022;2022-51;Pirapora;1;2022;183;54.6448087431694
2022;2022-51;Piumhi;0;2022;12;0.0
2022;2022-51;Ponte Nova;0;2022;12;0.0
2022;2022-51;Porto Alegre;15;2022;20837;7.198733022987954
2022;2022-51;Princesa Isabel;0;2022;25;0.0
2022;2022-51;Quirinópolis;0;2022;122;0.0
2022;2022-51;Resende;0;2022;489;0.0
2022;2022-51;Ribeirão Preto;2;2022;5529;3.6172906493036714
2022;2022-51;Rio Claro;1;2022;254;39.37007874015748
2022;2022-51;Rio de Janeiro;84;2022;39424;21.30681818181818
2022;2022-51;Russas - Limoeiro do Norte;0;2022;841;0.0
2022;2022-51;Salvador;31;2022;11937;25.969674122476334
2022;2022-51;Santa Cruz do Sul;1;2022;1031;9.699321047526674
2022;2022-51;Santa Inês;0;2022;46;0.0
2022;2022-51;Santa Maria;2;2022;1169;17.10863986313088
2022;2022-51;Santa Maria da Vitoria;0;2022;8;0.0
2022;2022-51;Santana do Livramento;1;2022;101;99.00990099009901
2022;2022-51;Santos;1;2022;1142;8.756567425569177
2022;2022-51;Serra Talhada;0;2022;95;0.0
2022;2022-51;Soledade;0;2022;298;0.0
2022;2022-51;São Miguel do Oeste;2;2022;349;57.306590257879655
2022;2022-51;São Paulo;113;2022;70656;15.992980072463768
2022;2022-51;Teófilo Otoni;4;2022;633;63.191153238546605
2022;2022-51;Toledo;0;2022;66;0.0
2022;2022-51;Uberaba;2;2022;1703;11.743981209630064
2022;2022-51;Uberlândia;3;2022;3115;9.630818619582664
2022;2022-51;Uruguaiana;0;2022;210;0.0
2022;2022-51;Valença;0;2022;20;0.0
2022;2022-51;Vitória;0;2022;73;0.0
2022;2022-51;Vitória da Conquista;0;2022;63;0.0
2022;2022-51;Volta Redonda - Barra Mansa;2;2022;2314;8.64304235090752
2022;2022-52;Afonso Cláudio - Venda Nova do Imigrante - Santa Maria de Jetibá;1;2022;567;17.636684303350968
2022;2022-52;Alegre;0;2022;357;0.0
2022;2022-52;Araranguá;0;2022;451;0.0
2022;2022-52;Atalaia;0;2022;7;0.0
2022;2022-52;Bagé;0;2022;190;0.0
2022;2022-52;Belo Horizonte;73;2022;33319;21.909421051051954
2022;2022-52;Belém;5;2022;13358;3.7430753106752506
2022;2022-52;Bento Gonçalves;0;2022;423;0.0
2022;2022-52;Boa Vista;0;2022;499;0.0
2022;2022-52;Bragança Paulista;0;2022;34;0.0
2022;2022-52;Brumado;0;2022;266;0.0
2022;2022-52;Camacan;0;2022;2;0.0
2022;2022-52;Campina Grande;0;2022;2245;0.0
2022;2022-52;Campo Belo;0;2022;18;0.0
2022;2022-52;Campos dos Goytacazes;1;2022;1020;9.803921568627452
2022;2022-52;Caratinga;0;2022;513;0.0
2022;2022-52;Carazinho;0;2022;67;0.0
2022;2022-52;Cascavel;0;2022;32;0.0
2022;2022-52;Catalão;1;2022;277;36.101083032490976
2022;2022-52;Catanduva;0;2022;27;0.0
2022;2022-52;Caxias do Sul;0;2022;2853;0.0
2022;2022-52;Ceres - Rialma - Goianésia;0;2022;1;0.0
2022;2022-52;Conceição do Coité;0;2022;24;0.0
2022;2022-52;Cruz Alta;0;2022;291;0.0
2022;2022-52;Curitiba;29;2022;17424;16.643709825528006
2022;2022-52;Curitibanos;0;2022;5;0.0
2022;2022-52;Distrito Federal;40;2022;13408;29.832935560859188
2022;2022-52;Eunápolis - Porto Seguro;0;2022;24;0.0
2022;2022-52;Frederico Westphalen;0;2022;238;0.0
2022;2022-52;Goiana ¿ Timbaúba;0;2022;236;0.0
2022;2022-52;Guarabira;0;2022;60;0.0
2022;2022-52;Guarapuava;0;2022;14;0.0
2022;2022-52;Gurupi;0;2022;36;0.0
2022;2022-52;Ijuí;0;2022;602;0.0
2022;2022-52;Imperatriz;0;2022;20;0.0
2022;2022-52;Itacoatiara;0;2022;29;0.0
2022;2022-52;Jaú;0;2022;83;0.0
2022;2022-52;Ji-Paraná;0;2022;31;0.0
2022;2022-52;Joaçaba - Herval d'Oeste;0;2022;338;0.0
2022;2022-52;Joinville;0;2022;38;0.0
2022;2022-52;Juiz de Fora;6;2022;2568;23.36448598130841
2022;2022-52;Linhares;3;2022;937;32.017075773746
2022;2022-52;Maceió;0;2022;35;0.0
2022;2022-52;Manaus;4;2022;4047;9.883864591055103
2022;2022-52;Mantena;0;2022;133;0.0
2022;2022-52;Maringá;3;2022;3831;7.830853563038371
2022;2022-52;Marília;8;2022;1119;71.49240393208221
2022;2022-52;Monteiro;0;2022;2;0.0
2022;2022-52;Mossoró;0;2022;25;0.0
2022;2022-52;Natal;0;2022;11;0.0
2022;2022-52;Nazaré ¿ Maragogipe;0;2022;40;0.0
2022;2022-52;Nova Prata - Guaporé;0;2022;358;0.0
2022;2022-52;Oliveira;1;2022;607;16.474464579901152
2022;2022-52;Passo Fundo;0;2022;874;0.0
2022;2022-52;Passos;1;2022;712;14.044943820224718
2022;2022-52;Patos;0;2022;55;0.0
2022;2022-52;Pinheiro;0;2022;88;0.0
2022;2022-52;Pirapora;2;2022;183;109.2896174863388
2022;2022-52;Piumhi;0;2022;12;0.0
2022;2022-52;Ponte Nova;0;2022;12;0.0
2022;2022-52;Porto Alegre;18;2022;20837;8.638479627585545
2022;2022-52;Princesa Isabel;0;2022;25;0.0
2022;2022-52;Quirinópolis;0;2022;122;0.0
2022;2022-52;Resende;0;2022;489;0.0
2022;2022-52;Ribeirão Preto;2;2022;5529;3.6172906493036714
2022;2022-52;Rio Claro;0;2022;254;0.0
2022;2022-52;Rio de Janeiro;94;2022;39424;23.843344155844154
2022;2022-52;Russas - Limoeiro do Norte;0;2022;841;0.0
2022;2022-52;Salvador;22;2022;11937;18.43009131272514
2022;2022-52;Santa Cruz do Sul;0;2022;1031;0.0
2022;2022-52;Santa Inês;3;2022;46;652.1739130434783
2022;2022-52;Santa Maria;1;2022;1169;8.55431993156544
2022;2022-52;Santa Maria da Vitoria;0;2022;8;0.0
2022;2022-52;Santana do Livramento;0;2022;101;0.0
2022;2022-52;Santos;0;2022;1142;0.0
2022;2022-52;Serra Talhada;0;2022;95;0.0
2022;2022-52;Soledade;0;2022;298;0.0
2022;2022-52;São Miguel do Oeste;0;2022;349;0.0
2022;2022-52;São Paulo;93;2022;70656;13.162364130434783
2022;2022-52;Teófilo Otoni;0;2022;633;0.0
2022;2022-52;Toledo;0;2022;66;0.0
2022;2022-52;Uberaba;1;2022;1703;5.871990604815032
2022;2022-52;Uberlândia;6;2022;3115;19.261637239165328
2022;2022-52;Uruguaiana;2;2022;210;95.23809523809524
2022;2022-52;Valença;0;2022;20;0.0
2022;2022-52;Vitória;1;2022;73;136.986301369863
2022;2022-52;Vitória da Conquista;0;2022;63;0.0
2022;2022-52;Volta Redonda - Barra Mansa;1;2022;2314;4.32152117545376
2023;2023-00;Afonso Cláudio - Venda Nova do Imigrante - Santa Maria de Jetibá;0;2023;866;0.0
2023;2023-00;Alegre;0;2023;390;0.0
2023;2023-00;Araranguá;0;2023;501;0.0
2023;2023-00;Atalaia;0;2023;2;0.0
2023;2023-00;Bagé;0;2023;202;0.0
2023;2023-00;Belo Horizonte;14;2023;22675;6.1742006615215
2023;2023-00;Belém;2;2023;6027;3.318400530944085
2023;2023-00;Bento Gonçalves;0;2023;418;0.0
2023;2023-00;Boa Vista;0;2023;575;0.0
2023;2023-00;Bragança Paulista;0;2023;43;0.0
2023;2023-00;Brumado;0;2023;249;0.0
2023;2023-00;Camacan;0;2023;2;0.0
2023;2023-00;Campina Grande;0;2023;2397;0.0
2023;2023-00;Campo Belo;0;2023;53;0.0
2023;2023-00;Campos dos Goytacazes;0;2023;711;0.0
2023;2023-00;Caratinga;0;2023;490;0.0
2023;2023-00;Carazinho;0;2023;43;0.0
2023;2023-00;Cascavel;0;2023;21;0.0
2023;2023-00;Catalão;0;2023;341;0.0
2023;2023-00;Caxias do Sul;0;2023;2081;0.0
2023;2023-00;Conceição do Coité;0;2023;26;0.0
2023;2023-00;Cruz Alta;0;2023;329;0.0
2023;2023-00;Curitiba;0;2023;14630;0.0
2023;2023-00;Curitibanos;0;2023;14;0.0
2023;2023-00;Distrito Federal;11;2023;12157;9.048284938718433
2023;2023-00;Eunápolis - Porto Seguro;0;2023;26;0.0
2023;2023-00;Frederico Westphalen;0;2023;312;0.0
2023;2023-00;Goiana ¿ Timbaúba;0;2023;371;0.0
2023;2023-00;Guarabira;0;2023;90;0.0
2023;2023-00;Guarapuava;0;2023;11;0.0
2023;2023-00;Gurupi;0;2023;9;0.0
2023;2023-00;Ijuí;0;2023;584;0.0
2023;2023-00;Imperatriz;0;2023;33;0.0
2023;2023-00;Itacoatiara;0;2023;34;0.0
2023;2023-00;Jaú;0;2023;69;0.0
2023;2023-00;Ji-Paraná;0;2023;7;0.0
2023;2023-00;Joaçaba - Herval d'Oeste;0;2023;321;0.0
2023;2023-00;Joinville;0;2023;67;0.0
2023;2023-00;Juiz de Fora;0;2023;3206;0.0
2023;2023-00;Linhares;0;2023;944;0.0
2023;2023-00;Maceió;0;2023;33;0.0
2023;2023-00;Manaus;0;2023;4170;0.0
2023;2023-00;Mantena;0;2023;118;0.0
2023;2023-00;Maringá;1;2023;3167;3.1575623618566464
2023;2023-00;Marília;0;2023;1376;0.0
2023;2023-00;Mossoró;0;2023;18;0.0
2023;2023-00;Natal;0;2023;13;0.0
2023;2023-00;Nazaré ¿ Maragogipe;0;2023;73;0.0
2023;2023-00;Nova Prata - Guaporé;0;2023;295;0.0
2023;2023-00;Oliveira;0;2023;551;0.0
2023;2023-00;Passo Fundo;0;2023;848;0.0
2023;2023-00;Passos;0;2023;651;0.0
2023;2023-00;Patos;0;2023;37;0.0
2023;2023-00;Pinheiro;0;2023;37;0.0
2023;2023-00;Pirapora;1;2023;219;45.662100456621005
2023;2023-00;Piumhi;0;2023;33;0.0
2023;2023-00;Ponte Nova;0;2023;14;0.0
2023;2023-00;Porto Alegre;1;2023;12769;0.7831466833737959
2023;2023-00;Princesa Isabel;0;2023;26;0.0
2023;2023-00;Quirinópolis;1;2023;96;104.16666666666666
2023;2023-00;Resende;0;2023;446;0.0
2023;2023-00;Ribeirão Preto;0;2023;4491;0.0
2023;2023-00;Rio Claro;0;2023;626;0.0
2023;2023-00;Rio de Janeiro;12;2023;33698;3.5610421983500506
2023;2023-00;Russas - Limoeiro do Norte;0;2023;865;0.0
2023;2023-00;Salvador;3;2023;12106;2.478110028085247
2023;2023-00;Santa Cruz do Sul;0;2023;843;0.0
2023;2023-00;Santa Inês;0;2023;94;0.0
2023;2023-00;Santa Maria;0;2023;1033;0.0
2023;2023-00;Santa Maria da Vitoria;0;2023;4;0.0
2023;2023-00;Santana do Livramento;0;2023;109;0.0
2023;2023-00;Santos;0;2023;1077;0.0
2023;2023-00;Serra Talhada;0;2023;36;0.0
2023;2023-00;Soledade;0;2023;136;0.0
2023;2023-00;São Miguel do Oeste;0;2023;295;0.0
2023;2023-00;São Paulo;7;2023;64323;1.0882576994232234
2023;2023-00;Teófilo Otoni;1;2023;689;14.513788098693759
2023;2023-00;Toledo;0;2023;69;0.0
2023;2023-00;Uberaba;0;2023;1379;0.0
2023;2023-00;Uberlândia;0;2023;3380;0.0
2023;2023-00;Uruguaiana;0;2023;182;0.0
2023;2023-00;Valença;0;2023;13;0.0
2023;2023-00;Vitória;0;2023;58;0.0
2023;2023-00;Vitória da Conquista;0;2023;30;0.0
2023;2023-00;Volta Redonda - Barra Mansa;0;2023;1794;0.0
2023;2023-01;Afonso Cláudio - Venda Nova do Imigrante - Santa Maria de Jetibá;2;2023;866;23.094688221709006
2023;2023-01;Alegre;2;2023;390;51.282051282051285
2023;2023-01;Araranguá;0;2023;501;0.0
2023;2023-01;Atalaia;0;2023;2;0.0
2023;2023-01;Bagé;0;2023;202;0.0
2023;2023-01;Belo Horizonte;117;2023;22675;51.5986769570011
2023;2023-01;Belém;6;2023;6027;9.955201592832255
2023;2023-01;Bento Gonçalves;0;2023;418;0.0
2023;2023-01;Boa Vista;0;2023;575;0.0
2023;2023-01;Bragança Paulista;0;2023;43;0.0
2023;2023-01;Brumado;0;2023;249;0.0
2023;2023-01;Camacan;0;2023;2;0.0
2023;2023-01;Campina Grande;0;2023;2397;0.0
2023;2023-01;Campo Belo;0;2023;53;0.0
2023;2023-01;Campos dos Goytacazes;5;2023;711;70.32348804500702
2023;2023-01;Caratinga;3;2023;490;61.224489795918366
2023;2023-01;Carazinho;0;2023;43;0.0
2023;2023-01;Cascavel;0;2023;21;0.0
2023;2023-01;Catalão;0;2023;341;0.0
2023;2023-01;Caxias do Sul;4;2023;2081;19.221528111484865
2023;2023-01;Conceição do Coité;0;2023;26;0.0
2023;2023-01;Cruz Alta;0;2023;329;0.0
2023;2023-01;Curitiba;58;2023;14630;39.644565960355436
2023;2023-01;Curitibanos;0;2023;14;0.0
2023;2023-01;Distrito Federal;57;2023;12157;46.886567409722794
2023;2023-01;Eunápolis - Porto Seguro;0;2023;26;0.0
2023;2023-01;Frederico Westphalen;1;2023;312;32.05128205128205
2023;2023-01;Goiana ¿ Timbaúba;0;2023;371;0.0
2023;2023-01;Guarabira;0;2023;90;0.0
2023;2023-01;Guarapuava;0;2023;11;0.0
2023;2023-01;Gurupi;0;2023;9;0.0
2023;2023-01;Ijuí;3;2023;584;51.36986301369863
2023;2023-01;Imperatriz;0;2023;33;0.0
2023;2023-01;Itacoatiara;0;2023;34;0.0
2023;2023-01;Jaú;0;2023;69;0.0
2023;2023-01;Ji-Paraná;0;2023;7;0.0
2023;2023-01;Joaçaba - Herval d'Oeste;2;2023;321;62.30529595015576
2023;2023-01;Joinville;0;2023;67;0.0
2023;2023-01;Juiz de Fora;2;2023;3206;6.238303181534622
2023;2023-01;Linhares;2;2023;944;21.1864406779661
2023;2023-01;Maceió;0;2023;33;0.0
2023;2023-01;Manaus;18;2023;4170;43.16546762589928
2023;2023-01;Mantena;0;2023;118;0.0
2023;2023-01;Maringá;4;2023;3167;12.630249447426586
2023;2023-01;Marília;2;2023;1376;14.534883720930232
2023;2023-01;Mossoró;0;2023;18;0.0
2023;2023-01;Natal;0;2023;13;0.0
2023;2023-01;Nazaré ¿ Maragogipe;0;2023;73;0.0
2023;2023-01;Nova Prata - Guaporé;1;2023;295;33.898305084745765
2023;2023-01;Oliveira;2;2023;551;36.29764065335753
2023;2023-01;Passo Fundo;0;2023;848;0.0
2023;2023-01;Passos;4;2023;651;61.443932411674346
2023;2023-01;Patos;0;2023;37;0.0
2023;2023-01;Pinheiro;0;2023;37;0.0
2023;2023-01;Pirapora;3;2023;219;136.986301369863
2023;2023-01;Piumhi;0;2023;33;0.0
2023;2023-01;Ponte Nova;0;2023;14;0.0
2023;2023-01;Porto Alegre;32;2023;12769;25.06069386796147
2023;2023-01;Princesa Isabel;0;2023;26;0.0
2023;2023-01;Quirinópolis;1;2023;96;104.16666666666666
2023;2023-01;Resende;0;2023;446;0.0
2023;2023-01;Ribeirão Preto;5;2023;4491;11.1333778668448
2023;2023-01;Rio Claro;1;2023;626;15.974440894568689
2023;2023-01;Rio de Janeiro;147;2023;33698;43.62276692978811
2023;2023-01;Russas - Limoeiro do Norte;1;2023;865;11.560693641618498
2023;2023-01;Salvador;47;2023;12106;38.82372377333554
2023;2023-01;Santa Cruz do Sul;0;2023;843;0.0
2023;2023-01;Santa Inês;0;2023;94;0.0
2023;2023-01;Santa Maria;0;2023;1033;0.0
2023;2023-01;Santa Maria da Vitoria;0;2023;4;0.0
2023;2023-01;Santana do Livramento;0;2023;109;0.0
2023;2023-01;Santos;0;2023;1077;0.0
2023;2023-01;Serra Talhada;0;2023;36;0.0
2023;2023-01;Soledade;0;2023;136;0.0
2023;2023-01;São Miguel do Oeste;1;2023;295;33.898305084745765
2023;2023-01;São Paulo;167;2023;64323;25.962719400525472
2023;2023-01;Teófilo Otoni;3;2023;689;43.54136429608128
2023;2023-01;Toledo;1;2023;69;144.92753623188406
2023;2023-01;Uberaba;4;2023;1379;29.0065264684554
2023;2023-01;Uberlândia;11;2023;3380;32.544378698224854
2023;2023-01;Uruguaiana;1;2023;182;54.94505494505495
2023;2023-01;Valença;0;2023;13;0.0
2023;2023-01;Vitória;2;2023;58;344.82758620689657
2023;2023-01;Vitória da Conquista;0;2023;30;0.0
2023;2023-01;Volta Redonda - Barra Mansa;1;2023;1794;5.574136008918617
2023;2023-02;Afonso Cláudio - Venda Nova do Imigrante - Santa Maria de Jetibá;3;2023;866;34.64203233256351
2023;2023-02;Alegre;2;2023;390;51.282051282051285
2023;2023-02;Araranguá;0;2023;501;0.0
2023;2023-02;Atalaia;0;2023;2;0.0
2023;2023-02;Bagé;0;2023;202;0.0
2023;2023-02;Belo Horizonte;111;2023;22675;48.95259095920618
2023;2023-02;Belém;11;2023;6027;18.251202920192465
2023;2023-02;Bento Gonçalves;0;2023;418;0.0
2023;2023-02;Boa Vista;1;2023;575;17.391304347826086
2023;2023-02;Bragança Paulista;0;2023;43;0.0
2023;2023-02;Brumado;0;2023;249;0.0
2023;2023-02;Camacan;0;2023;2;0.0
2023;2023-02;Campina Grande;0;2023;2397;0.0
2023;2023-02;Campo Belo;0;2023;53;0.0
2023;2023-02;Campos dos Goytacazes;1;2023;711;14.064697609001406
2023;2023-02;Caratinga;1;2023;490;20.408163265306126
2023;2023-02;Carazinho;0;2023;43;0.0
2023;2023-02;Cascavel;0;2023;21;0.0
2023;2023-02;Catalão;0;2023;341;0.0
2023;2023-02;Caxias do Sul;1;2023;2081;4.805382027871216
2023;2023-02;Conceição do Coité;0;2023;26;0.0
2023;2023-02;Cruz Alta;0;2023;329;0.0
2023;2023-02;Curitiba;43;2023;14630;29.39166097060834
2023;2023-02;Curitibanos;0;2023;14;0.0
2023;2023-02;Distrito Federal;73;2023;12157;60.047709138767786
2023;2023-02;Eunápolis - Porto Seguro;0;2023;26;0.0
2023;2023-02;Frederico Westphalen;0;2023;312;0.0
2023;2023-02;Goiana ¿ Timbaúba;0;2023;371;0.0
2023;2023-02;Guarabira;0;2023;90;0.0
2023;2023-02;Guarapuava;0;2023;11;0.0
2023;2023-02;Gurupi;0;2023;9;0.0
2023;2023-02;Ijuí;0;2023;584;0.0
2023;2023-02;Imperatriz;2;2023;33;606.0606060606061
2023;2023-02;Itacoatiara;0;2023;34;0.0
2023;2023-02;Jaú;0;2023;69;0.0
2023;2023-02;Ji-Paraná;1;2023;7;1428.5714285714284
2023;2023-02;Joaçaba - Herval d'Oeste;0;2023;321;0.0
2023;2023-02;Joinville;0;2023;67;0.0
2023;2023-02;Juiz de Fora;6;2023;3206;18.714909544603866
2023;2023-02;Linhares;4;2023;944;42.3728813559322
2023;2023-02;Maceió;0;2023;33;0.0
2023;2023-02;Manaus;21;2023;4170;50.35971223021582
2023;2023-02;Mantena;0;2023;118;0.0
2023;2023-02;Maringá;7;2023;3167;22.102936532996527
2023;2023-02;Marília;0;2023;1376;0.0
2023;2023-02;Mossoró;0;2023;18;0.0
2023;2023-02;Natal;0;2023;13;0.0
2023;2023-02;Nazaré ¿ Maragogipe;0;2023;73;0.0
2023;2023-02;Nova Prata - Guaporé;0;2023;295;0.0
2023;2023-02;Oliveira;0;2023;551;0.0
2023;2023-02;Passo Fundo;2;2023;848;23.58490566037736
2023;2023-02;Passos;2;2023;651;30.721966205837173
2023;2023-02;Patos;0;2023;37;0.0
2023;2023-02;Pinheiro;0;2023;37;0.0
2023;2023-02;Pirapora;0;2023;219;0.0
2023;2023-02;Piumhi;1;2023;33;303.03030303030306
2023;2023-02;Ponte Nova;0;2023;14;0.0
2023;2023-02;Porto Alegre;32;2023;12769;25.06069386796147
2023;2023-02;Princesa Isabel;0;2023;26;0.0
2023;2023-02;Quirinópolis;1;2023;96;104.16666666666666
2023;2023-02;Resende;0;2023;446;0.0
2023;2023-02;Ribeirão Preto;5;2023;4491;11.1333778668448
2023;2023-02;Rio Claro;1;2023;626;15.974440894568689
2023;2023-02;Rio de Janeiro;133;2023;33698;39.468217698379725
2023;2023-02;Russas - Limoeiro do Norte;0;2023;865;0.0
2023;2023-02;Salvador;51;2023;12106;42.1278704774492
2023;2023-02;Santa Cruz do Sul;1;2023;843;11.862396204033216
2023;2023-02;Santa Inês;0;2023;94;0.0
2023;2023-02;Santa Maria;0;2023;1033;0.0
2023;2023-02;Santa Maria da Vitoria;0;2023;4;0.0
2023;2023-02;Santana do Livramento;0;2023;109;0.0
2023;2023-02;Santos;0;2023;1077;0.0
2023;2023-02;Serra Talhada;0;2023;36;0.0
2023;2023-02;Soledade;0;2023;136;0.0
2023;2023-02;São Miguel do Oeste;1;2023;295;33.898305084745765
2023;2023-02;São Paulo;188;2023;64323;29.227492498795144
2023;2023-02;Teófilo Otoni;5;2023;689;72.5689404934688
2023;2023-02;Toledo;0;2023;69;0.0
2023;2023-02;Uberaba;12;2023;1379;87.0195794053662
2023;2023-02;Uberlândia;14;2023;3380;41.42011834319527
2023;2023-02;Uruguaiana;1;2023;182;54.94505494505495
2023;2023-02;Valença;0;2023;13;0.0
2023;2023-02;Vitória;3;2023;58;517.2413793103448
2023;2023-02;Vitória da Conquista;0;2023;30;0.0
2023;2023-02;Volta Redonda - Barra Mansa;2;2023;1794;11.148272017837234
2023;2023-03;Afonso Cláudio - Venda Nova do Imigrante - Santa Maria de Jetibá;8;2023;866;92.37875288683603
2023;2023-03;Alegre;1;2023;390;25.641025641025642
2023;2023-03;Araranguá;0;2023;501;0.0
2023;2023-03;Atalaia;0;2023;2;0.0
2023;2023-03;Bagé;1;2023;202;49.504950495049506
2023;2023-03;Belo Horizonte;156;2023;22675;68.79823594266814
2023;2023-03;Belém;24;2023;6027;39.82080637132902
2023;2023-03;Bento Gonçalves;1;2023;418;23.923444976076553
2023;2023-03;Boa Vista;0;2023;575;0.0
2023;2023-03;Bragança Paulista;0;2023;43;0.0
2023;2023-03;Brumado;1;2023;249;40.16064257028112
2023;2023-03;Camacan;0;2023;2;0.0
2023;2023-03;Campina Grande;1;2023;2397;4.171881518564873
2023;2023-03;Campo Belo;0;2023;53;0.0
2023;2023-03;Campos dos Goytacazes;0;2023;711;0.0
2023;2023-03;Caratinga;0;2023;490;0.0
2023;2023-03;Carazinho;0;2023;43;0.0
2023;2023-03;Cascavel;0;2023;21;0.0
2023;2023-03;Catalão;1;2023;341;29.325513196480937
2023;2023-03;Caxias do Sul;3;2023;2081;14.416146083613647
2023;2023-03;Conceição do Coité;0;2023;26;0.0
2023;2023-03;Cruz Alta;0;2023;329;0.0
2023;2023-03;Curitiba;52;2023;14630;35.543403964456594
2023;2023-03;Curitibanos;0;2023;14;0.0
2023;2023-03;Distrito Federal;56;2023;12157;46.06399605165748
2023;2023-03;Eunápolis - Porto Seguro;0;2023;26;0.0
2023;2023-03;Frederico Westphalen;0;2023;312;0.0
2023;2023-03;Goiana ¿ Timbaúba;0;2023;371;0.0
2023;2023-03;Guarabira;0;2023;90;0.0
2023;2023-03;Guarapuava;0;2023;11;0.0
2023;2023-03;Gurupi;0;2023;9;0.0
2023;2023-03;Ijuí;2;2023;584;34.24657534246575
2023;2023-03;Imperatriz;0;2023;33;0.0
2023;2023-03;Itacoatiara;0;2023;34;0.0
2023;2023-03;Jaú;0;2023;69;0.0
2023;2023-03;Ji-Paraná;0;2023;7;0.0
2023;2023-03;Joaçaba - Herval d'Oeste;0;2023;321;0.0
2023;2023-03;Joinville;0;2023;67;0.0
2023;2023-03;Juiz de Fora;5;2023;3206;15.595757953836557
2023;2023-03;Linhares;2;2023;944;21.1864406779661
2023;2023-03;Maceió;0;2023;33;0.0
2023;2023-03;Manaus;12;2023;4170;28.77697841726619
2023;2023-03;Mantena;0;2023;118;0.0
2023;2023-03;Maringá;5;2023;3167;15.787811809283234
2023;2023-03;Marília;0;2023;1376;0.0
2023;2023-03;Mossoró;0;2023;18;0.0
2023;2023-03;Natal;0;2023;13;0.0
2023;2023-03;Nazaré ¿ Maragogipe;0;2023;73;0.0
2023;2023-03;Nova Prata - Guaporé;2;2023;295;67.79661016949153
2023;2023-03;Oliveira;0;2023;551;0.0
2023;2023-03;Passo Fundo;0;2023;848;0.0
2023;2023-03;Passos;5;2023;651;76.80491551459293
2023;2023-03;Patos;0;2023;37;0.0
2023;2023-03;Pinheiro;0;2023;37;0.0
2023;2023-03;Pirapora;4;2023;219;182.64840182648402
2023;2023-03;Piumhi;0;2023;33;0.0
2023;2023-03;Ponte Nova;0;2023;14;0.0
2023;2023-03;Porto Alegre;23;2023;12769;18.012373717597306
2023;2023-03;Princesa Isabel;0;2023;26;0.0
2023;2023-03;Quirinópolis;2;2023;96;208.33333333333331
2023;2023-03;Resende;0;2023;446;0.0
2023;2023-03;Ribeirão Preto;6;2023;4491;13.360053440213761
2023;2023-03;Rio Claro;0;2023;626;0.0
2023;2023-03;Rio de Janeiro;157;2023;33698;46.59030209507983
2023;2023-03;Russas - Limoeiro do Norte;0;2023;865;0.0
2023;2023-03;Salvador;45;2023;12106;37.171650421278706
2023;2023-03;Santa Cruz do Sul;0;2023;843;0.0
2023;2023-03;Santa Inês;0;2023;94;0.0
2023;2023-03;Santa Maria;1;2023;1033;9.68054211035818
2023;2023-03;Santa Maria da Vitoria;0;2023;4;0.0
2023;2023-03;Santana do Livramento;0;2023;109;0.0
2023;2023-03;Santos;1;2023;1077;9.285051067780874
2023;2023-03;Serra Talhada;0;2023;36;0.0
2023;2023-03;Soledade;0;2023;136;0.0
2023;2023-03;São Miguel do Oeste;0;2023;295;0.0
2023;2023-03;São Paulo;188;2023;64323;29.227492498795144
2023;2023-03;Teófilo Otoni;3;2023;689;43.54136429608128
2023;2023-03;Toledo;0;2023;69;0.0
2023;2023-03;Uberaba;5;2023;1379;36.25815808556926
2023;2023-03;Uberlândia;16;2023;3380;47.337278106508876
2023;2023-03;Uruguaiana;3;2023;182;164.83516483516485
2023;2023-03;Valença;0;2023;13;0.0
2023;2023-03;Vitória;0;2023;58;0.0
2023;2023-03;Vitória da Conquista;0;2023;30;0.0
2023;2023-03;Volta Redonda - Barra Mansa;2;2023;1794;11.148272017837234
2023;2023-04;Afonso Cláudio - Venda Nova do Imigrante - Santa Maria de Jetibá;3;2023;866;34.64203233256351
2023;2023-04;Alegre;0;2023;390;0.0
2023;2023-04;Araranguá;3;2023;501;59.880239520958085
2023;2023-04;Atalaia;0;2023;2;0.0
2023;2023-04;Bagé;1;2023;202;49.504950495049506
2023;2023-04;Belo Horizonte;167;2023;22675;73.64939360529218
2023;2023-04;Belém;13;2023;6027;21.569603451136555
2023;2023-04;Bento Gonçalves;1;2023;418;23.923444976076553
2023;2023-04;Boa Vista;0;2023;575;0.0
2023;2023-04;Bragança Paulista;0;2023;43;0.0
2023;2023-04;Brumado;5;2023;249;200.80321285140562
2023;2023-04;Camacan;0;2023;2;0.0
2023;2023-04;Campina Grande;1;2023;2397;4.171881518564873
2023;2023-04;Campo Belo;0;2023;53;0.0
2023;2023-04;Campos dos Goytacazes;1;2023;711;14.064697609001406
2023;2023-04;Caratinga;3;2023;490;61.224489795918366
2023;2023-04;Carazinho;0;2023;43;0.0
2023;2023-04;Cascavel;0;2023;21;0.0
2023;2023-04;Catalão;2;2023;341;58.651026392961874
2023;2023-04;Caxias do Sul;2;2023;2081;9.610764055742433
2023;2023-04;Conceição do Coité;0;2023;26;0.0
2023;2023-04;Cruz Alta;0;2023;329;0.0
2023;2023-04;Curitiba;55;2023;14630;37.59398496240601
2023;2023-04;Curitibanos;0;2023;14;0.0
2023;2023-04;Distrito Federal;74;2023;12157;60.8702804968331
2023;2023-04;Eunápolis - Porto Seguro;0;2023;26;0.0
2023;2023-04;Frederico Westphalen;1;2023;312;32.05128205128205
2023;2023-04;Goiana ¿ Timbaúba;0;2023;371;0.0
2023;2023-04;Guarabira;0;2023;90;0.0
2023;2023-04;Guarapuava;0;2023;11;0.0
2023;2023-04;Gurupi;0;2023;9;0.0
2023;2023-04;Ijuí;0;2023;584;0.0
2023;2023-04;Imperatriz;0;2023;33;0.0
2023;2023-04;Itacoatiara;0;2023;34;0.0
2023;2023-04;Jaú;0;2023;69;0.0
2023;2023-04;Ji-Paraná;0;2023;7;0.0
2023;2023-04;Joaçaba - Herval d'Oeste;0;2023;321;0.0
2023;2023-04;Joinville;0;2023;67;0.0
2023;2023-04;Juiz de Fora;6;2023;3206;18.714909544603866
2023;2023-04;Linhares;1;2023;944;10.59322033898305
2023;2023-04;Maceió;0;2023;33;0.0
2023;2023-04;Manaus;21;2023;4170;50.35971223021582
2023;2023-04;Mantena;0;2023;118;0.0
2023;2023-04;Maringá;5;2023;3167;15.787811809283234
2023;2023-04;Marília;5;2023;1376;36.33720930232558
2023;2023-04;Mossoró;0;2023;18;0.0
2023;2023-04;Natal;0;2023;13;0.0
2023;2023-04;Nazaré ¿ Maragogipe;0;2023;73;0.0
2023;2023-04;Nova Prata - Guaporé;0;2023;295;0.0
2023;2023-04;Oliveira;7;2023;551;127.04174228675136
2023;2023-04;Passo Fundo;0;2023;848;0.0
2023;2023-04;Passos;8;2023;651;122.88786482334869
2023;2023-04;Patos;0;2023;37;0.0
2023;2023-04;Pinheiro;0;2023;37;0.0
2023;2023-04;Pirapora;2;2023;219;91.32420091324201
2023;2023-04;Piumhi;1;2023;33;303.03030303030306
2023;2023-04;Ponte Nova;0;2023;14;0.0
2023;2023-04;Porto Alegre;35;2023;12769;27.410133918082856
2023;2023-04;Princesa Isabel;0;2023;26;0.0
2023;2023-04;Quirinópolis;5;2023;96;520.8333333333334
2023;2023-04;Resende;0;2023;446;0.0
2023;2023-04;Ribeirão Preto;13;2023;4491;28.946782453796484
2023;2023-04;Rio Claro;1;2023;626;15.974440894568689
2023;2023-04;Rio de Janeiro;151;2023;33698;44.8097809959048
2023;2023-04;Russas - Limoeiro do Norte;2;2023;865;23.121387283236995
2023;2023-04;Salvador;38;2023;12106;31.389393689079796
2023;2023-04;Santa Cruz do Sul;3;2023;843;35.587188612099645
2023;2023-04;Santa Inês;0;2023;94;0.0
2023;2023-04;Santa Maria;1;2023;1033;9.68054211035818
2023;2023-04;Santa Maria da Vitoria;0;2023;4;0.0
2023;2023-04;Santana do Livramento;0;2023;109;0.0
2023;2023-04;Santos;0;2023;1077;0.0
2023;2023-04;Serra Talhada;0;2023;36;0.0
2023;2023-04;Soledade;2;2023;136;147.05882352941177
2023;2023-04;São Miguel do Oeste;3;2023;295;101.69491525423729
2023;2023-04;São Paulo;196;2023;64323;30.471215583850256
2023;2023-04;Teófilo Otoni;5;2023;689;72.5689404934688
2023;2023-04;Toledo;0;2023;69;0.0
2023;2023-04;Uberaba;10;2023;1379;72.51631617113851
2023;2023-04;Uberlândia;17;2023;3380;50.29585798816568
2023;2023-04;Uruguaiana;0;2023;182;0.0
2023;2023-04;Valença;0;2023;13;0.0
2023;2023-04;Vitória;0;2023;58;0.0
2023;2023-04;Vitória da Conquista;0;2023;30;0.0
2023;2023-04;Volta Redonda - Barra Mansa;5;2023;1794;27.87068004459309
2023;2023-05;Afonso Cláudio - Venda Nova do Imigrante - Santa Maria de Jetibá;4;2023;866;46.18937644341801
2023;2023-05;Alegre;1;2023;390;25.641025641025642
2023;2023-05;Araranguá;0;2023;501;0.0
2023;2023-05;Atalaia;0;2023;2;0.0
2023;2023-05;Bagé;0;2023;202;0.0
2023;2023-05;Belo Horizonte;224;2023;22675;98.787210584344
2023;2023-05;Belém;14;2023;6027;23.228803716608596
2023;2023-05;Bento Gonçalves;0;2023;418;0.0
2023;2023-05;Boa Vista;0;2023;575;0.0
2023;2023-05;Bragança Paulista;0;2023;43;0.0
2023;2023-05;Brumado;2;2023;249;80.32128514056224
2023;2023-05;Camacan;0;2023;2;0.0
2023;2023-05;Campina Grande;0;2023;2397;0.0
2023;2023-05;Campo Belo;0;2023;53;0.0
2023;2023-05;Campos dos Goytacazes;2;2023;711;28.129395218002813
2023;2023-05;Caratinga;7;2023;490;142.85714285714286
2023;2023-05;Carazinho;1;2023;43;232.5581395348837
2023;2023-05;Cascavel;0;2023;21;0.0
2023;2023-05;Catalão;0;2023;341;0.0
2023;2023-05;Caxias do Sul;5;2023;2081;24.02691013935608
2023;2023-05;Conceição do Coité;0;2023;26;0.0
2023;2023-05;Cruz Alta;0;2023;329;0.0
2023;2023-05;Curitiba;53;2023;14630;36.22693096377307
2023;2023-05;Curitibanos;0;2023;14;0.0
2023;2023-05;Distrito Federal;67;2023;12157;55.112280990375915
2023;2023-05;Eunápolis - Porto Seguro;0;2023;26;0.0
2023;2023-05;Frederico Westphalen;1;2023;312;32.05128205128205
2023;2023-05;Goiana ¿ Timbaúba;0;2023;371;0.0
2023;2023-05;Guarabira;0;2023;90;0.0
2023;2023-05;Guarapuava;0;2023;11;0.0
2023;2023-05;Gurupi;0;2023;9;0.0
2023;2023-05;Ijuí;4;2023;584;68.4931506849315
2023;2023-05;Imperatriz;0;2023;33;0.0
2023;2023-05;Itacoatiara;0;2023;34;0.0
2023;2023-05;Jaú;0;2023;69;0.0
2023;2023-05;Ji-Paraná;0;2023;7;0.0
2023;2023-05;Joaçaba - Herval d'Oeste;0;2023;321;0.0
2023;2023-05;Joinville;0;2023;67;0.0
2023;2023-05;Juiz de Fora;13;2023;3206;40.54897067997504
2023;2023-05;Linhares;2;2023;944;21.1864406779661
2023;2023-05;Maceió;0;2023;33;0.0
2023;2023-05;Manaus;20;2023;4170;47.961630695443645
2023;2023-05;Mantena;0;2023;118;0.0
2023;2023-05;Maringá;5;2023;3167;15.787811809283234
2023;2023-05;Marília;4;2023;1376;29.069767441860463
2023;2023-05;Mossoró;0;2023;18;0.0
2023;2023-05;Natal;0;2023;13;0.0
2023;2023-05;Nazaré ¿ Maragogipe;0;2023;73;0.0
2023;2023-05;Nova Prata - Guaporé;0;2023;295;0.0
2023;2023-05;Oliveira;2;2023;551;36.29764065335753
2023;2023-05;Passo Fundo;0;2023;848;0.0
2023;2023-05;Passos;5;2023;651;76.80491551459293
2023;2023-05;Patos;0;2023;37;0.0
2023;2023-05;Pinheiro;0;2023;37;0.0
2023;2023-05;Pirapora;3;2023;219;136.986301369863
2023;2023-05;Piumhi;0;2023;33;0.0
2023;2023-05;Ponte Nova;0;2023;14;0.0
2023;2023-05;Porto Alegre;24;2023;12769;18.7955204009711
2023;2023-05;Princesa Isabel;0;2023;26;0.0
2023;2023-05;Quirinópolis;1;2023;96;104.16666666666666
2023;2023-05;Resende;0;2023;446;0.0
2023;2023-05;Ribeirão Preto;14;2023;4491;31.173458027165445
2023;2023-05;Rio Claro;6;2023;626;95.84664536741214
2023;2023-05;Rio de Janeiro;167;2023;33698;49.557837260371535
2023;2023-05;Russas - Limoeiro do Norte;2;2023;865;23.121387283236995
2023;2023-05;Salvador;49;2023;12106;40.47579712539237
2023;2023-05;Santa Cruz do Sul;2;2023;843;23.72479240806643
2023;2023-05;Santa Inês;0;2023;94;0.0
2023;2023-05;Santa Maria;0;2023;1033;0.0
2023;2023-05;Santa Maria da Vitoria;0;2023;4;0.0
2023;2023-05;Santana do Livramento;1;2023;109;91.74311926605505
2023;2023-05;Santos;0;2023;1077;0.0
2023;2023-05;Serra Talhada;0;2023;36;0.0
2023;2023-05;Soledade;0;2023;136;0.0
2023;2023-05;São Miguel do Oeste;2;2023;295;67.79661016949153
2023;2023-05;São Paulo;226;2023;64323;35.135177152806925
2023;2023-05;Teófilo Otoni;2;2023;689;29.027576197387518
2023;2023-05;Toledo;2;2023;69;289.8550724637681
2023;2023-05;Uberaba;8;2023;1379;58.0130529369108
2023;2023-05;Uberlândia;20;2023;3380;59.171597633136095
2023;2023-05;Uruguaiana;0;2023;182;0.0
2023;2023-05;Valença;0;2023;13;0.0
2023;2023-05;Vitória;0;2023;58;0.0
2023;2023-05;Vitória da Conquista;0;2023;30;0.0
2023;2023-05;Volta Redonda - Barra Mansa;4;2023;1794;22.29654403567447
2023;2023-06;Afonso Cláudio - Venda Nova do Imigrante - Santa Maria de Jetibá;7;2023;866;80.83140877598153
2023;2023-06;Alegre;2;2023;390;51.282051282051285
2023;2023-06;Araranguá;0;2023;501;0.0
2023;2023-06;Atalaia;0;2023;2;0.0
2023;2023-06;Bagé;0;2023;202;0.0
2023;2023-06;Belo Horizonte;230;2023;22675;101.43329658213892
2023;2023-06;Belém;28;2023;6027;46.45760743321719
2023;2023-06;Bento Gonçalves;1;2023;418;23.923444976076553
2023;2023-06;Boa Vista;1;2023;575;17.391304347826086
2023;2023-06;Bragança Paulista;0;2023;43;0.0
2023;2023-06;Brumado;1;2023;249;40.16064257028112
2023;2023-06;Camacan;0;2023;2;0.0
2023;2023-06;Campina Grande;1;2023;2397;4.171881518564873
2023;2023-06;Campo Belo;0;2023;53;0.0
2023;2023-06;Campos dos Goytacazes;3;2023;711;42.19409282700422
2023;2023-06;Caratinga;11;2023;490;224.48979591836732
2023;2023-06;Carazinho;0;2023;43;0.0
2023;2023-06;Cascavel;0;2023;21;0.0
2023;2023-06;Catalão;0;2023;341;0.0
2023;2023-06;Caxias do Sul;2;2023;2081;9.610764055742433
2023;2023-06;Conceição do Coité;0;2023;26;0.0
2023;2023-06;Cruz Alta;0;2023;329;0.0
2023;2023-06;Curitiba;54;2023;14630;36.91045796308954
2023;2023-06;Curitibanos;0;2023;14;0.0
2023;2023-06;Distrito Federal;66;2023;12157;54.2897096323106
2023;2023-06;Eunápolis - Porto Seguro;0;2023;26;0.0
2023;2023-06;Frederico Westphalen;0;2023;312;0.0
2023;2023-06;Goiana ¿ Timbaúba;0;2023;371;0.0
2023;2023-06;Guarabira;0;2023;90;0.0
2023;2023-06;Guarapuava;0;2023;11;0.0
2023;2023-06;Gurupi;0;2023;9;0.0
2023;2023-06;Ijuí;1;2023;584;17.123287671232877
2023;2023-06;Imperatriz;0;2023;33;0.0
2023;2023-06;Itacoatiara;0;2023;34;0.0
2023;2023-06;Jaú;1;2023;69;144.92753623188406
2023;2023-06;Ji-Paraná;0;2023;7;0.0
2023;2023-06;Joaçaba - Herval d'Oeste;0;2023;321;0.0
2023;2023-06;Joinville;0;2023;67;0.0
2023;2023-06;Juiz de Fora;10;2023;3206;31.191515907673114
2023;2023-06;Linhares;3;2023;944;31.779661016949156
2023;2023-06;Maceió;0;2023;33;0.0
2023;2023-06;Manaus;16;2023;4170;38.36930455635492
2023;2023-06;Mantena;1;2023;118;84.7457627118644
2023;2023-06;Maringá;16;2023;3167;50.52099778970634
2023;2023-06;Marília;3;2023;1376;21.802325581395348
2023;2023-06;Mossoró;0;2023;18;0.0
2023;2023-06;Natal;0;2023;13;0.0
2023;2023-06;Nazaré ¿ Maragogipe;0;2023;73;0.0
2023;2023-06;Nova Prata - Guaporé;2;2023;295;67.79661016949153
2023;2023-06;Oliveira;1;2023;551;18.148820326678766
2023;2023-06;Passo Fundo;1;2023;848;11.79245283018868
2023;2023-06;Passos;5;2023;651;76.80491551459293
2023;2023-06;Patos;0;2023;37;0.0
2023;2023-06;Pinheiro;0;2023;37;0.0
2023;2023-06;Pirapora;4;2023;219;182.64840182648402
2023;2023-06;Piumhi;0;2023;33;0.0
2023;2023-06;Ponte Nova;0;2023;14;0.0
2023;2023-06;Porto Alegre;22;2023;12769;17.22922703422351
2023;2023-06;Princesa Isabel;0;2023;26;0.0
2023;2023-06;Quirinópolis;0;2023;96;0.0
2023;2023-06;Resende;1;2023;446;22.42152466367713
2023;2023-06;Ribeirão Preto;16;2023;4491;35.62680917390336
2023;2023-06;Rio Claro;0;2023;626;0.0
2023;2023-06;Rio de Janeiro;150;2023;33698;44.51302747937563
2023;2023-06;Russas - Limoeiro do Norte;0;2023;865;0.0
2023;2023-06;Salvador;58;2023;12106;47.91012720964811
2023;2023-06;Santa Cruz do Sul;2;2023;843;23.72479240806643
2023;2023-06;Santa Inês;0;2023;94;0.0
2023;2023-06;Santa Maria;1;2023;1033;9.68054211035818
2023;2023-06;Santa Maria da Vitoria;0;2023;4;0.0
2023;2023-06;Santana do Livramento;0;2023;109;0.0
2023;2023-06;Santos;1;2023;1077;9.285051067780874
2023;2023-06;Serra Talhada;0;2023;36;0.0
2023;2023-06;Soledade;0;2023;136;0.0
2023;2023-06;São Miguel do Oeste;2;2023;295;67.79661016949153
2023;2023-06;São Paulo;239;2023;64323;37.15622716602149
2023;2023-06;Teófilo Otoni;3;2023;689;43.54136429608128
2023;2023-06;Toledo;1;2023;69;144.92753623188406
2023;2023-06;Uberaba;7;2023;1379;50.76142131979695
2023;2023-06;Uberlândia;36;2023;3380;106.50887573964496
2023;2023-06;Uruguaiana;0;2023;182;0.0
2023;2023-06;Valença;0;2023;13;0.0
2023;2023-06;Vitória;0;2023;58;0.0
2023;2023-06;Vitória da Conquista;0;2023;30;0.0
2023;2023-06;Volta Redonda - Barra Mansa;4;2023;1794;22.29654403567447
2023;2023-07;Afonso Cláudio - Venda Nova do Imigrante - Santa Maria de Jetibá;6;2023;866;69.28406466512702
2023;2023-07;Alegre;2;2023;390;51.282051282051285
2023;2023-07;Araranguá;3;2023;501;59.880239520958085
2023;2023-07;Atalaia;0;2023;2;0.0
2023;2023-07;Bagé;0;2023;202;0.0
2023;2023-07;Belo Horizonte;309;2023;22675;136.2734288864388
2023;2023-07;Belém;30;2023;6027;49.77600796416127
2023;2023-07;Bento Gonçalves;0;2023;418;0.0
2023;2023-07;Boa Vista;0;2023;575;0.0
2023;2023-07;Bragança Paulista;1;2023;43;232.5581395348837
2023;2023-07;Brumado;3;2023;249;120.48192771084338
2023;2023-07;Camacan;0;2023;2;0.0
2023;2023-07;Campina Grande;1;2023;2397;4.171881518564873
2023;2023-07;Campo Belo;0;2023;53;0.0
2023;2023-07;Campos dos Goytacazes;2;2023;711;28.129395218002813
2023;2023-07;Caratinga;5;2023;490;102.0408163265306
2023;2023-07;Carazinho;3;2023;43;697.6744186046511
2023;2023-07;Cascavel;0;2023;21;0.0
2023;2023-07;Catalão;1;2023;341;29.325513196480937
2023;2023-07;Caxias do Sul;2;2023;2081;9.610764055742433
2023;2023-07;Conceição do Coité;0;2023;26;0.0
2023;2023-07;Cruz Alta;2;2023;329;60.790273556231
2023;2023-07;Curitiba;53;2023;14630;36.22693096377307
2023;2023-07;Curitibanos;0;2023;14;0.0
2023;2023-07;Distrito Federal;67;2023;12157;55.112280990375915
2023;2023-07;Eunápolis - Porto Seguro;0;2023;26;0.0
2023;2023-07;Frederico Westphalen;1;2023;312;32.05128205128205
2023;2023-07;Goiana ¿ Timbaúba;0;2023;371;0.0
2023;2023-07;Guarabira;0;2023;90;0.0
2023;2023-07;Guarapuava;0;2023;11;0.0
2023;2023-07;Gurupi;0;2023;9;0.0
2023;2023-07;Ijuí;2;2023;584;34.24657534246575
2023;2023-07;Imperatriz;0;2023;33;0.0
2023;2023-07;Itacoatiara;0;2023;34;0.0
2023;2023-07;Jaú;6;2023;69;869.5652173913044
2023;2023-07;Ji-Paraná;0;2023;7;0.0
2023;2023-07;Joaçaba - Herval d'Oeste;0;2023;321;0.0
2023;2023-07;Joinville;0;2023;67;0.0
2023;2023-07;Juiz de Fora;2;2023;3206;6.238303181534622
2023;2023-07;Linhares;6;2023;944;63.55932203389831
2023;2023-07;Maceió;0;2023;33;0.0
2023;2023-07;Manaus;18;2023;4170;43.16546762589928
2023;2023-07;Mantena;1;2023;118;84.7457627118644
2023;2023-07;Maringá;9;2023;3167;28.41806125670982
2023;2023-07;Marília;8;2023;1376;58.13953488372093
2023;2023-07;Mossoró;0;2023;18;0.0
2023;2023-07;Natal;0;2023;13;0.0
2023;2023-07;Nazaré ¿ Maragogipe;1;2023;73;136.986301369863
2023;2023-07;Nova Prata - Guaporé;0;2023;295;0.0
2023;2023-07;Oliveira;4;2023;551;72.59528130671507
2023;2023-07;Passo Fundo;4;2023;848;47.16981132075472
2023;2023-07;Passos;13;2023;651;199.69278033794163
2023;2023-07;Patos;0;2023;37;0.0
2023;2023-07;Pinheiro;1;2023;37;270.27027027027026
2023;2023-07;Pirapora;7;2023;219;319.634703196347
2023;2023-07;Piumhi;0;2023;33;0.0
2023;2023-07;Ponte Nova;0;2023;14;0.0
2023;2023-07;Porto Alegre;23;2023;12769;18.012373717597306
2023;2023-07;Princesa Isabel;0;2023;26;0.0
2023;2023-07;Quirinópolis;1;2023;96;104.16666666666666
2023;2023-07;Resende;0;2023;446;0.0
2023;2023-07;Ribeirão Preto;31;2023;4491;69.02694277443776
2023;2023-07;Rio Claro;0;2023;626;0.0
2023;2023-07;Rio de Janeiro;186;2023;33698;55.196154074425785
2023;2023-07;Russas - Limoeiro do Norte;1;2023;865;11.560693641618498
2023;2023-07;Salvador;59;2023;12106;48.736163885676525
2023;2023-07;Santa Cruz do Sul;1;2023;843;11.862396204033216
2023;2023-07;Santa Inês;1;2023;94;106.38297872340425
2023;2023-07;Santa Maria;3;2023;1033;29.041626331074543
2023;2023-07;Santa Maria da Vitoria;0;2023;4;0.0
2023;2023-07;Santana do Livramento;0;2023;109;0.0
2023;2023-07;Santos;2;2023;1077;18.570102135561747
2023;2023-07;Serra Talhada;0;2023;36;0.0
2023;2023-07;Soledade;0;2023;136;0.0
2023;2023-07;São Miguel do Oeste;1;2023;295;33.898305084745765
2023;2023-07;São Paulo;277;2023;64323;43.06391182003327
2023;2023-07;Teófilo Otoni;4;2023;689;58.055152394775035
2023;2023-07;Toledo;0;2023;69;0.0
2023;2023-07;Uberaba;16;2023;1379;116.0261058738216
2023;2023-07;Uberlândia;37;2023;3380;109.46745562130178
2023;2023-07;Uruguaiana;2;2023;182;109.8901098901099
2023;2023-07;Valença;0;2023;13;0.0
2023;2023-07;Vitória;0;2023;58;0.0
2023;2023-07;Vitória da Conquista;0;2023;30;0.0
2023;2023-07;Volta Redonda - Barra Mansa;6;2023;1794;33.44481605351171
2023;2023-08;Afonso Cláudio - Venda Nova do Imigrante - Santa Maria de Jetibá;4;2023;866;46.18937644341801
2023;2023-08;Alegre;0;2023;390;0.0
2023;2023-08;Araranguá;1;2023;501;19.96007984031936
2023;2023-08;Atalaia;0;2023;2;0.0
2023;2023-08;Bagé;0;2023;202;0.0
2023;2023-08;Belo Horizonte;297;2023;22675;130.98125689084895
2023;2023-08;Belém;18;2023;6027;29.865604778496767
2023;2023-08;Bento Gonçalves;0;2023;418;0.0
2023;2023-08;Boa Vista;1;2023;575;17.391304347826086
2023;2023-08;Bragança Paulista;0;2023;43;0.0
2023;2023-08;Brumado;1;2023;249;40.16064257028112
2023;2023-08;Camacan;0;2023;2;0.0
2023;2023-08;Campina Grande;1;2023;2397;4.171881518564873
2023;2023-08;Campo Belo;0;2023;53;0.0
2023;2023-08;Campos dos Goytacazes;7;2023;711;98.45288326300985
2023;2023-08;Caratinga;6;2023;490;122.44897959183673
2023;2023-08;Carazinho;1;2023;43;232.5581395348837
2023;2023-08;Cascavel;0;2023;21;0.0
2023;2023-08;Catalão;0;2023;341;0.0
2023;2023-08;Caxias do Sul;1;2023;2081;4.805382027871216
2023;2023-08;Conceição do Coité;0;2023;26;0.0
2023;2023-08;Cruz Alta;1;2023;329;30.3951367781155
2023;2023-08;Curitiba;67;2023;14630;45.796308954203695
2023;2023-08;Curitibanos;0;2023;14;0.0
2023;2023-08;Distrito Federal;53;2023;12157;43.596281977461544
2023;2023-08;Eunápolis - Porto Seguro;0;2023;26;0.0
2023;2023-08;Frederico Westphalen;0;2023;312;0.0
2023;2023-08;Goiana ¿ Timbaúba;0;2023;371;0.0
2023;2023-08;Guarabira;0;2023;90;0.0
2023;2023-08;Guarapuava;0;2023;11;0.0
2023;2023-08;Gurupi;0;2023;9;0.0
2023;2023-08;Ijuí;2;2023;584;34.24657534246575
2023;2023-08;Imperatriz;0;2023;33;0.0
2023;2023-08;Itacoatiara;0;2023;34;0.0
2023;2023-08;Jaú;1;2023;69;144.92753623188406
2023;2023-08;Ji-Paraná;0;2023;7;0.0
2023;2023-08;Joaçaba - Herval d'Oeste;0;2023;321;0.0
2023;2023-08;Joinville;0;2023;67;0.0
2023;2023-08;Juiz de Fora;4;2023;3206;12.476606363069244
2023;2023-08;Linhares;6;2023;944;63.55932203389831
2023;2023-08;Maceió;0;2023;33;0.0
2023;2023-08;Manaus;13;2023;4170;31.175059952038367
2023;2023-08;Mantena;2;2023;118;169.4915254237288
2023;2023-08;Maringá;9;2023;3167;28.41806125670982
2023;2023-08;Marília;8;2023;1376;58.13953488372093
2023;2023-08;Mossoró;0;2023;18;0.0
2023;2023-08;Natal;0;2023;13;0.0
2023;2023-08;Nazaré ¿ Maragogipe;0;2023;73;0.0
2023;2023-08;Nova Prata - Guaporé;0;2023;295;0.0
2023;2023-08;Oliveira;3;2023;551;54.44646098003629
2023;2023-08;Passo Fundo;4;2023;848;47.16981132075472
2023;2023-08;Passos;5;2023;651;76.80491551459293
2023;2023-08;Patos;0;2023;37;0.0
2023;2023-08;Pinheiro;0;2023;37;0.0
2023;2023-08;Pirapora;5;2023;219;228.31050228310502
2023;2023-08;Piumhi;0;2023;33;0.0
2023;2023-08;Ponte Nova;0;2023;14;0.0
2023;2023-08;Porto Alegre;33;2023;12769;25.843840551335266
2023;2023-08;Princesa Isabel;0;2023;26;0.0
2023;2023-08;Quirinópolis;0;2023;96;0.0
2023;2023-08;Resende;0;2023;446;0.0
2023;2023-08;Ribeirão Preto;23;2023;4491;51.21353818748609
2023;2023-08;Rio Claro;0;2023;626;0.0
2023;2023-08;Rio de Janeiro;190;2023;33698;56.383168140542466
2023;2023-08;Russas - Limoeiro do Norte;2;2023;865;23.121387283236995
2023;2023-08;Salvador;51;2023;12106;42.1278704774492
2023;2023-08;Santa Cruz do Sul;1;2023;843;11.862396204033216
2023;2023-08;Santa Inês;0;2023;94;0.0
2023;2023-08;Santa Maria;1;2023;1033;9.68054211035818
2023;2023-08;Santa Maria da Vitoria;0;2023;4;0.0
2023;2023-08;Santana do Livramento;0;2023;109;0.0
2023;2023-08;Santos;0;2023;1077;0.0
2023;2023-08;Serra Talhada;0;2023;36;0.0
2023;2023-08;Soledade;0;2023;136;0.0
2023;2023-08;São Miguel do Oeste;1;2023;295;33.898305084745765
2023;2023-08;São Paulo;247;2023;64323;38.399950251076596
2023;2023-08;Teófilo Otoni;3;2023;689;43.54136429608128
2023;2023-08;Toledo;0;2023;69;0.0
2023;2023-08;Uberaba;16;2023;1379;116.0261058738216
2023;2023-08;Uberlândia;34;2023;3380;100.59171597633136
2023;2023-08;Uruguaiana;1;2023;182;54.94505494505495
2023;2023-08;Valença;0;2023;13;0.0
2023;2023-08;Vitória;0;2023;58;0.0
2023;2023-08;Vitória da Conquista;0;2023;30;0.0
2023;2023-08;Volta Redonda - Barra Mansa;4;2023;1794;22.29654403567447
2023;2023-09;Afonso Cláudio - Venda Nova do Imigrante - Santa Maria de Jetibá;4;2023;866;46.18937644341801
2023;2023-09;Alegre;5;2023;390;128.2051282051282
2023;2023-09;Araranguá;0;2023;501;0.0
2023;2023-09;Atalaia;0;2023;2;0.0
2023;2023-09;Bagé;1;2023;202;49.504950495049506
2023;2023-09;Belo Horizonte;384;2023;22675;169.3495038588754
2023;2023-09;Belém;17;2023;6027;28.206404513024722
2023;2023-09;Bento Gonçalves;0;2023;418;0.0
2023;2023-09;Boa Vista;1;2023;575;17.391304347826086
2023;2023-09;Bragança Paulista;3;2023;43;697.6744186046511
2023;2023-09;Brumado;2;2023;249;80.32128514056224
2023;2023-09;Camacan;0;2023;2;0.0
2023;2023-09;Campina Grande;0;2023;2397;0.0
2023;2023-09;Campo Belo;1;2023;53;188.67924528301887
2023;2023-09;Campos dos Goytacazes;9;2023;711;126.58227848101265
2023;2023-09;Caratinga;10;2023;490;204.0816326530612
2023;2023-09;Carazinho;2;2023;43;465.1162790697674
2023;2023-09;Cascavel;0;2023;21;0.0
2023;2023-09;Catalão;0;2023;341;0.0
2023;2023-09;Caxias do Sul;8;2023;2081;38.44305622296973
2023;2023-09;Conceição do Coité;0;2023;26;0.0
2023;2023-09;Cruz Alta;3;2023;329;91.1854103343465
2023;2023-09;Curitiba;94;2023;14630;64.25153793574846
2023;2023-09;Curitibanos;0;2023;14;0.0
2023;2023-09;Distrito Federal;78;2023;12157;64.16056592909435
2023;2023-09;Eunápolis - Porto Seguro;0;2023;26;0.0
2023;2023-09;Frederico Westphalen;1;2023;312;32.05128205128205
2023;2023-09;Goiana ¿ Timbaúba;0;2023;371;0.0
2023;2023-09;Guarabira;0;2023;90;0.0
2023;2023-09;Guarapuava;0;2023;11;0.0
2023;2023-09;Gurupi;0;2023;9;0.0
2023;2023-09;Ijuí;5;2023;584;85.61643835616438
2023;2023-09;Imperatriz;0;2023;33;0.0
2023;2023-09;Itacoatiara;0;2023;34;0.0
2023;2023-09;Jaú;0;2023;69;0.0
2023;2023-09;Ji-Paraná;0;2023;7;0.0
2023;2023-09;Joaçaba - Herval d'Oeste;0;2023;321;0.0
2023;2023-09;Joinville;0;2023;67;0.0
2023;2023-09;Juiz de Fora;6;2023;3206;18.714909544603866
2023;2023-09;Linhares;1;2023;944;10.59322033898305
2023;2023-09;Maceió;0;2023;33;0.0
2023;2023-09;Manaus;18;2023;4170;43.16546762589928
2023;2023-09;Mantena;2;2023;118;169.4915254237288
2023;2023-09;Maringá;12;2023;3167;37.890748342279764
2023;2023-09;Marília;10;2023;1376;72.67441860465117
2023;2023-09;Mossoró;0;2023;18;0.0
2023;2023-09;Natal;0;2023;13;0.0
2023;2023-09;Nazaré ¿ Maragogipe;0;2023;73;0.0
2023;2023-09;Nova Prata - Guaporé;3;2023;295;101.69491525423729
2023;2023-09;Oliveira;8;2023;551;145.19056261343013
2023;2023-09;Passo Fundo;9;2023;848;106.1320754716981
2023;2023-09;Passos;16;2023;651;245.77572964669739
2023;2023-09;Patos;0;2023;37;0.0
2023;2023-09;Pinheiro;0;2023;37;0.0
2023;2023-09;Pirapora;5;2023;219;228.31050228310502
2023;2023-09;Piumhi;0;2023;33;0.0
2023;2023-09;Ponte Nova;0;2023;14;0.0
2023;2023-09;Porto Alegre;62;2023;12769;48.55509436917534
2023;2023-09;Princesa Isabel;0;2023;26;0.0
2023;2023-09;Quirinópolis;1;2023;96;104.16666666666666
2023;2023-09;Resende;3;2023;446;67.2645739910314
2023;2023-09;Ribeirão Preto;16;2023;4491;35.62680917390336
2023;2023-09;Rio Claro;1;2023;626;15.974440894568689
2023;2023-09;Rio de Janeiro;235;2023;33698;69.73707638435515
2023;2023-09;Russas - Limoeiro do Norte;0;2023;865;0.0
2023;2023-09;Salvador;53;2023;12106;43.77994382950603
2023;2023-09;Santa Cruz do Sul;4;2023;843;47.44958481613286
2023;2023-09;Santa Inês;0;2023;94;0.0
2023;2023-09;Santa Maria;2;2023;1033;19.36108422071636
2023;2023-09;Santa Maria da Vitoria;0;2023;4;0.0
2023;2023-09;Santana do Livramento;0;2023;109;0.0
2023;2023-09;Santos;4;2023;1077;37.140204271123494
2023;2023-09;Serra Talhada;0;2023;36;0.0
2023;2023-09;Soledade;0;2023;136;0.0
2023;2023-09;São Miguel do Oeste;0;2023;295;0.0
2023;2023-09;São Paulo;324;2023;64323;50.37078494473206
2023;2023-09;Teófilo Otoni;15;2023;689;217.70682148040638
2023;2023-09;Toledo;0;2023;69;0.0
2023;2023-09;Uberaba;19;2023;1379;137.78100072516315
2023;2023-09;Uberlândia;46;2023;3380;136.09467455621302
2023;2023-09;Uruguaiana;1;2023;182;54.94505494505495
2023;2023-09;Valença;0;2023;13;0.0
2023;2023-09;Vitória;1;2023;58;172.41379310344828
2023;2023-09;Vitória da Conquista;0;2023;30;0.0
2023;2023-09;Volta Redonda - Barra Mansa;3;2023;1794;16.722408026755854
2023;2023-10;Afonso Cláudio - Venda Nova do Imigrante - Santa Maria de Jetibá;1;2023;866;11.547344110854503
2023;2023-10;Alegre;2;2023;390;51.282051282051285
2023;2023-10;Araranguá;3;2023;501;59.880239520958085
2023;2023-10;Atalaia;0;2023;2;0.0
2023;2023-10;Bagé;2;2023;202;99.00990099009901
2023;2023-10;Belo Horizonte;429;2023;22675;189.19514884233737
2023;2023-10;Belém;25;2023;6027;41.480006636801065
2023;2023-10;Bento Gonçalves;1;2023;418;23.923444976076553
2023;2023-10;Boa Vista;0;2023;575;0.0
2023;2023-10;Bragança Paulista;0;2023;43;0.0
2023;2023-10;Brumado;0;2023;249;0.0
2023;2023-10;Camacan;0;2023;2;0.0
2023;2023-10;Campina Grande;4;2023;2397;16.68752607425949
2023;2023-10;Campo Belo;0;2023;53;0.0
2023;2023-10;Campos dos Goytacazes;7;2023;711;98.45288326300985
2023;2023-10;Caratinga;15;2023;490;306.1224489795918
2023;2023-10;Carazinho;1;2023;43;232.5581395348837
2023;2023-10;Cascavel;0;2023;21;0.0
2023;2023-10;Catalão;0;2023;341;0.0
2023;2023-10;Caxias do Sul;0;2023;2081;0.0
2023;2023-10;Conceição do Coité;0;2023;26;0.0
2023;2023-10;Cruz Alta;4;2023;329;121.580547112462
2023;2023-10;Curitiba;120;2023;14630;82.02323991797677
2023;2023-10;Curitibanos;0;2023;14;0.0
2023;2023-10;Distrito Federal;84;2023;12157;69.09599407748622
2023;2023-10;Eunápolis - Porto Seguro;0;2023;26;0.0
2023;2023-10;Frederico Westphalen;0;2023;312;0.0
2023;2023-10;Goiana ¿ Timbaúba;2;2023;371;53.90835579514825
2023;2023-10;Guarabira;0;2023;90;0.0
2023;2023-10;Guarapuava;0;2023;11;0.0
2023;2023-10;Gurupi;0;2023;9;0.0
2023;2023-10;Ijuí;18;2023;584;308.2191780821918
2023;2023-10;Imperatriz;0;2023;33;0.0
2023;2023-10;Itacoatiara;0;2023;34;0.0
2023;2023-10;Jaú;2;2023;69;289.8550724637681
2023;2023-10;Ji-Paraná;0;2023;7;0.0
2023;2023-10;Joaçaba - Herval d'Oeste;0;2023;321;0.0
2023;2023-10;Joinville;0;2023;67;0.0
2023;2023-10;Juiz de Fora;4;2023;3206;12.476606363069244
2023;2023-10;Linhares;4;2023;944;42.3728813559322
2023;2023-10;Maceió;0;2023;33;0.0
2023;2023-10;Manaus;15;2023;4170;35.97122302158274
2023;2023-10;Mantena;2;2023;118;169.4915254237288
2023;2023-10;Maringá;12;2023;3167;37.890748342279764
2023;2023-10;Marília;11;2023;1376;79.94186046511628
2023;2023-10;Mossoró;0;2023;18;0.0
2023;2023-10;Natal;0;2023;13;0.0
2023;2023-10;Nazaré ¿ Maragogipe;0;2023;73;0.0
2023;2023-10;Nova Prata - Guaporé;1;2023;295;33.898305084745765
2023;2023-10;Oliveira;3;2023;551;54.44646098003629
2023;2023-10;Passo Fundo;3;2023;848;35.37735849056604
2023;2023-10;Passos;13;2023;651;199.69278033794163
2023;2023-10;Patos;0;2023;37;0.0
2023;2023-10;Pinheiro;0;2023;37;0.0
2023;2023-10;Pirapora;2;2023;219;91.32420091324201
2023;2023-10;Piumhi;0;2023;33;0.0
2023;2023-10;Ponte Nova;0;2023;14;0.0
2023;2023-10;Porto Alegre;89;2023;12769;69.70005482026784
2023;2023-10;Princesa Isabel;0;2023;26;0.0
2023;2023-10;Quirinópolis;2;2023;96;208.33333333333331
2023;2023-10;Resende;0;2023;446;0.0
2023;2023-10;Ribeirão Preto;17;2023;4491;37.853484747272326
2023;2023-10;Rio Claro;1;2023;626;15.974440894568689
2023;2023-10;Rio de Janeiro;247;2023;33698;73.29811858270521
2023;2023-10;Russas - Limoeiro do Norte;1;2023;865;11.560693641618498
2023;2023-10;Salvador;45;2023;12106;37.171650421278706
2023;2023-10;Santa Cruz do Sul;0;2023;843;0.0
2023;2023-10;Santa Inês;2;2023;94;212.7659574468085
2023;2023-10;Santa Maria;6;2023;1033;58.083252662149086
2023;2023-10;Santa Maria da Vitoria;0;2023;4;0.0
2023;2023-10;Santana do Livramento;0;2023;109;0.0
2023;2023-10;Santos;2;2023;1077;18.570102135561747
2023;2023-10;Serra Talhada;0;2023;36;0.0
2023;2023-10;Soledade;0;2023;136;0.0
2023;2023-10;São Miguel do Oeste;8;2023;295;271.1864406779661
2023;2023-10;São Paulo;443;2023;64323;68.87116583492686
2023;2023-10;Teófilo Otoni;9;2023;689;130.62409288824384
2023;2023-10;Toledo;1;2023;69;144.92753623188406
2023;2023-10;Uberaba;22;2023;1379;159.5358955765047
2023;2023-10;Uberlândia;56;2023;3380;165.68047337278108
2023;2023-10;Uruguaiana;0;2023;182;0.0
2023;2023-10;Valença;0;2023;13;0.0
2023;2023-10;Vitória;0;2023;58;0.0
2023;2023-10;Vitória da Conquista;0;2023;30;0.0
2023;2023-10;Volta Redonda - Barra Mansa;2;2023;1794;11.148272017837234
2023;2023-11;Afonso Cláudio - Venda Nova do Imigrante - Santa Maria de Jetibá;4;2023;866;46.18937644341801
2023;2023-11;Alegre;4;2023;390;102.56410256410257
2023;2023-11;Araranguá;1;2023;501;19.96007984031936
2023;2023-11;Atalaia;0;2023;2;0.0
2023;2023-11;Bagé;1;2023;202;49.504950495049506
2023;2023-11;Belo Horizonte;488;2023;22675;215.2149944873208
2023;2023-11;Belém;23;2023;6027;38.161606105856976
2023;2023-11;Bento Gonçalves;4;2023;418;95.69377990430621
2023;2023-11;Boa Vista;0;2023;575;0.0
2023;2023-11;Bragança Paulista;0;2023;43;0.0
2023;2023-11;Brumado;1;2023;249;40.16064257028112
2023;2023-11;Camacan;0;2023;2;0.0
2023;2023-11;Campina Grande;2;2023;2397;8.343763037129746
2023;2023-11;Campo Belo;0;2023;53;0.0
2023;2023-11;Campos dos Goytacazes;1;2023;711;14.064697609001406
2023;2023-11;Caratinga;9;2023;490;183.67346938775512
2023;2023-11;Carazinho;1;2023;43;232.5581395348837
2023;2023-11;Cascavel;1;2023;21;476.19047619047615
2023;2023-11;Catalão;0;2023;341;0.0
2023;2023-11;Caxias do Sul;4;2023;2081;19.221528111484865
2023;2023-11;Conceição do Coité;0;2023;26;0.0
2023;2023-11;Cruz Alta;5;2023;329;151.9756838905775
2023;2023-11;Curitiba;143;2023;14630;97.74436090225564
2023;2023-11;Curitibanos;0;2023;14;0.0
2023;2023-11;Distrito Federal;93;2023;12157;76.49913630007403
2023;2023-11;Eunápolis - Porto Seguro;0;2023;26;0.0
2023;2023-11;Frederico Westphalen;3;2023;312;96.15384615384616
2023;2023-11;Goiana ¿ Timbaúba;0;2023;371;0.0
2023;2023-11;Guarabira;0;2023;90;0.0
2023;2023-11;Guarapuava;0;2023;11;0.0
2023;2023-11;Gurupi;0;2023;9;0.0
2023;2023-11;Ijuí;13;2023;584;222.60273972602738
2023;2023-11;Imperatriz;0;2023;33;0.0
2023;2023-11;Itacoatiara;0;2023;34;0.0
2023;2023-11;Jaú;0;2023;69;0.0
2023;2023-11;Ji-Paraná;0;2023;7;0.0
2023;2023-11;Joaçaba - Herval d'Oeste;0;2023;321;0.0
2023;2023-11;Joinville;0;2023;67;0.0
2023;2023-11;Juiz de Fora;7;2023;3206;21.83406113537118
2023;2023-11;Linhares;7;2023;944;74.15254237288136
2023;2023-11;Maceió;0;2023;33;0.0
2023;2023-11;Manaus;11;2023;4170;26.378896882494008
2023;2023-11;Mantena;0;2023;118;0.0
2023;2023-11;Maringá;18;2023;3167;56.83612251341964
2023;2023-11;Marília;6;2023;1376;43.604651162790695
2023;2023-11;Mossoró;0;2023;18;0.0
2023;2023-11;Natal;0;2023;13;0.0
2023;2023-11;Nazaré ¿ Maragogipe;1;2023;73;136.986301369863
2023;2023-11;Nova Prata - Guaporé;1;2023;295;33.898305084745765
2023;2023-11;Oliveira;8;2023;551;145.19056261343013
2023;2023-11;Passo Fundo;3;2023;848;35.37735849056604
2023;2023-11;Passos;16;2023;651;245.77572964669739
2023;2023-11;Patos;0;2023;37;0.0
2023;2023-11;Pinheiro;0;2023;37;0.0
2023;2023-11;Pirapora;4;2023;219;182.64840182648402
2023;2023-11;Piumhi;0;2023;33;0.0
2023;2023-11;Ponte Nova;0;2023;14;0.0
2023;2023-11;Porto Alegre;85;2023;12769;66.56746808677265
2023;2023-11;Princesa Isabel;2;2023;26;769.2307692307693
2023;2023-11;Quirinópolis;0;2023;96;0.0
2023;2023-11;Resende;1;2023;446;22.42152466367713
2023;2023-11;Ribeirão Preto;15;2023;4491;33.4001336005344
2023;2023-11;Rio Claro;1;2023;626;15.974440894568689
2023;2023-11;Rio de Janeiro;239;2023;33698;70.92409045047184
2023;2023-11;Russas - Limoeiro do Norte;0;2023;865;0.0
2023;2023-11;Salvador;45;2023;12106;37.171650421278706
2023;2023-11;Santa Cruz do Sul;6;2023;843;71.17437722419929
2023;2023-11;Santa Inês;0;2023;94;0.0
2023;2023-11;Santa Maria;5;2023;1033;48.402710551790896
2023;2023-11;Santa Maria da Vitoria;0;2023;4;0.0
2023;2023-11;Santana do Livramento;1;2023;109;91.74311926605505
2023;2023-11;Santos;1;2023;1077;9.285051067780874
2023;2023-11;Serra Talhada;0;2023;36;0.0
2023;2023-11;Soledade;0;2023;136;0.0
2023;2023-11;São Miguel do Oeste;2;2023;295;67.79661016949153
2023;2023-11;São Paulo;472;2023;64323;73.37966201825164
2023;2023-11;Teófilo Otoni;6;2023;689;87.08272859216255
2023;2023-11;Toledo;0;2023;69;0.0
2023;2023-11;Uberaba;25;2023;1379;181.29079042784625
2023;2023-11;Uberlândia;43;2023;3380;127.21893491124261
2023;2023-11;Uruguaiana;1;2023;182;54.94505494505495
2023;2023-11;Valença;0;2023;13;0.0
2023;2023-11;Vitória;0;2023;58;0.0
2023;2023-11;Vitória da Conquista;0;2023;30;0.0
2023;2023-11;Volta Redonda - Barra Mansa;7;2023;1794;39.01895206243032
2023;2023-12;Afonso Cláudio - Venda Nova do Imigrante - Santa Maria de Jetibá;8;2023;866;92.37875288683603
2023;2023-12;Alegre;4;2023;390;102.56410256410257
2023;2023-12;Araranguá;1;2023;501;19.96007984031936
2023;2023-12;Atalaia;0;2023;2;0.0
2023;2023-12;Bagé;1;2023;202;49.504950495049506
2023;2023-12;Belo Horizonte;526;2023;22675;231.97353914002204
2023;2023-12;Belém;15;2023;6027;24.888003982080637
2023;2023-12;Bento Gonçalves;0;2023;418;0.0
2023;2023-12;Boa Vista;1;2023;575;17.391304347826086
2023;2023-12;Bragança Paulista;0;2023;43;0.0
2023;2023-12;Brumado;3;2023;249;120.48192771084338
2023;2023-12;Camacan;0;2023;2;0.0
2023;2023-12;Campina Grande;7;2023;2397;29.20317062995411
2023;2023-12;Campo Belo;0;2023;53;0.0
2023;2023-12;Campos dos Goytacazes;4;2023;711;56.258790436005626
2023;2023-12;Caratinga;12;2023;490;244.89795918367346
2023;2023-12;Carazinho;2;2023;43;465.1162790697674
2023;2023-12;Cascavel;0;2023;21;0.0
2023;2023-12;Catalão;3;2023;341;87.97653958944282
2023;2023-12;Caxias do Sul;7;2023;2081;33.63767419509851
2023;2023-12;Conceição do Coité;0;2023;26;0.0
2023;2023-12;Cruz Alta;3;2023;329;91.1854103343465
2023;2023-12;Curitiba;150;2023;14630;102.52904989747095
2023;2023-12;Curitibanos;0;2023;14;0.0
2023;2023-12;Distrito Federal;105;2023;12157;86.36999259685777
2023;2023-12;Eunápolis - Porto Seguro;0;2023;26;0.0
2023;2023-12;Frederico Westphalen;1;2023;312;32.05128205128205
2023;2023-12;Goiana ¿ Timbaúba;0;2023;371;0.0
2023;2023-12;Guarabira;1;2023;90;111.11111111111111
2023;2023-12;Guarapuava;1;2023;11;909.0909090909091
2023;2023-12;Gurupi;0;2023;9;0.0
2023;2023-12;Ijuí;11;2023;584;188.35616438356163
2023;2023-12;Imperatriz;0;2023;33;0.0
2023;2023-12;Itacoatiara;0;2023;34;0.0
2023;2023-12;Jaú;0;2023;69;0.0
2023;2023-12;Ji-Paraná;0;2023;7;0.0
2023;2023-12;Joaçaba - Herval d'Oeste;5;2023;321;155.76323987538942
2023;2023-12;Joinville;0;2023;67;0.0
2023;2023-12;Juiz de Fora;15;2023;3206;46.78727386150967
2023;2023-12;Linhares;7;2023;944;74.15254237288136
2023;2023-12;Maceió;0;2023;33;0.0
2023;2023-12;Manaus;18;2023;4170;43.16546762589928
2023;2023-12;Mantena;1;2023;118;84.7457627118644
2023;2023-12;Maringá;18;2023;3167;56.83612251341964
2023;2023-12;Marília;6;2023;1376;43.604651162790695
2023;2023-12;Mossoró;0;2023;18;0.0
2023;2023-12;Natal;0;2023;13;0.0
2023;2023-12;Nazaré ¿ Maragogipe;0;2023;73;0.0
2023;2023-12;Nova Prata - Guaporé;2;2023;295;67.79661016949153
2023;2023-12;Oliveira;9;2023;551;163.3393829401089
2023;2023-12;Passo Fundo;5;2023;848;58.9622641509434
2023;2023-12;Passos;7;2023;651;107.52688172043011
2023;2023-12;Patos;0;2023;37;0.0
2023;2023-12;Pinheiro;0;2023;37;0.0
2023;2023-12;Pirapora;13;2023;219;593.607305936073
2023;2023-12;Piumhi;0;2023;33;0.0
2023;2023-12;Ponte Nova;0;2023;14;0.0
2023;2023-12;Porto Alegre;157;2023;12769;122.95402928968595
2023;2023-12;Princesa Isabel;0;2023;26;0.0
2023;2023-12;Quirinópolis;1;2023;96;104.16666666666666
2023;2023-12;Resende;1;2023;446;22.42152466367713
2023;2023-12;Ribeirão Preto;14;2023;4491;31.173458027165445
2023;2023-12;Rio Claro;6;2023;626;95.84664536741214
2023;2023-12;Rio de Janeiro;259;2023;33698;76.85916078105525
2023;2023-12;Russas - Limoeiro do Norte;1;2023;865;11.560693641618498
2023;2023-12;Salvador;74;2023;12106;61.12671402610276
2023;2023-12;Santa Cruz do Sul;6;2023;843;71.17437722419929
2023;2023-12;Santa Inês;0;2023;94;0.0
2023;2023-12;Santa Maria;15;2023;1033;145.2081316553727
2023;2023-12;Santa Maria da Vitoria;0;2023;4;0.0
2023;2023-12;Santana do Livramento;1;2023;109;91.74311926605505
2023;2023-12;Santos;5;2023;1077;46.42525533890436
2023;2023-12;Serra Talhada;0;2023;36;0.0
2023;2023-12;Soledade;0;2023;136;0.0
2023;2023-12;São Miguel do Oeste;7;2023;295;237.28813559322035
2023;2023-12;São Paulo;474;2023;64323;73.69059278951542
2023;2023-12;Teófilo Otoni;1;2023;689;14.513788098693759
2023;2023-12;Toledo;1;2023;69;144.92753623188406
2023;2023-12;Uberaba;15;2023;1379;108.77447425670776
2023;2023-12;Uberlândia;65;2023;3380;192.30769230769232
2023;2023-12;Uruguaiana;2;2023;182;109.8901098901099
2023;2023-12;Valença;0;2023;13;0.0
2023;2023-12;Vitória;0;2023;58;0.0
2023;2023-12;Vitória da Conquista;0;2023;30;0.0
2023;2023-12;Volta Redonda - Barra Mansa;8;2023;1794;44.59308807134894
2023;2023-13;Afonso Cláudio - Venda Nova do Imigrante - Santa Maria de Jetibá;5;2023;866;57.736720554272516
2023;2023-13;Alegre;7;2023;390;179.48717948717947
2023;2023-13;Araranguá;3;2023;501;59.880239520958085
2023;2023-13;Atalaia;0;2023;2;0.0
2023;2023-13;Bagé;0;2023;202;0.0
2023;2023-13;Belo Horizonte;508;2023;22675;224.03528114663726
2023;2023-13;Belém;11;2023;6027;18.251202920192465
2023;2023-13;Bento Gonçalves;1;2023;418;23.923444976076553
2023;2023-13;Boa Vista;0;2023;575;0.0
2023;2023-13;Bragança Paulista;0;2023;43;0.0
2023;2023-13;Brumado;0;2023;249;0.0
2023;2023-13;Camacan;0;2023;2;0.0
2023;2023-13;Campina Grande;9;2023;2397;37.546933667083856
2023;2023-13;Campo Belo;0;2023;53;0.0
2023;2023-13;Campos dos Goytacazes;4;2023;711;56.258790436005626
2023;2023-13;Caratinga;13;2023;490;265.3061224489796
2023;2023-13;Carazinho;0;2023;43;0.0
2023;2023-13;Cascavel;0;2023;21;0.0
2023;2023-13;Catalão;0;2023;341;0.0
2023;2023-13;Caxias do Sul;8;2023;2081;38.44305622296973
2023;2023-13;Conceição do Coité;0;2023;26;0.0
2023;2023-13;Cruz Alta;3;2023;329;91.1854103343465
2023;2023-13;Curitiba;208;2023;14630;142.17361585782638
2023;2023-13;Curitibanos;0;2023;14;0.0
2023;2023-13;Distrito Federal;107;2023;12157;88.0151353129884
2023;2023-13;Eunápolis - Porto Seguro;0;2023;26;0.0
2023;2023-13;Frederico Westphalen;1;2023;312;32.05128205128205
2023;2023-13;Goiana ¿ Timbaúba;0;2023;371;0.0
2023;2023-13;Guarabira;0;2023;90;0.0
2023;2023-13;Guarapuava;0;2023;11;0.0
2023;2023-13;Gurupi;0;2023;9;0.0
2023;2023-13;Ijuí;22;2023;584;376.71232876712327
2023;2023-13;Imperatriz;0;2023;33;0.0
2023;2023-13;Itacoatiara;0;2023;34;0.0
2023;2023-13;Jaú;2;2023;69;289.8550724637681
2023;2023-13;Ji-Paraná;0;2023;7;0.0
2023;2023-13;Joaçaba - Herval d'Oeste;5;2023;321;155.76323987538942
2023;2023-13;Joinville;0;2023;67;0.0
2023;2023-13;Juiz de Fora;13;2023;3206;40.54897067997504
2023;2023-13;Linhares;3;2023;944;31.779661016949156
2023;2023-13;Maceió;0;2023;33;0.0
2023;2023-13;Manaus;15;2023;4170;35.97122302158274
2023;2023-13;Mantena;0;2023;118;0.0
2023;2023-13;Maringá;33;2023;3167;104.19955794126935
2023;2023-13;Marília;15;2023;1376;109.01162790697674
2023;2023-13;Mossoró;0;2023;18;0.0
2023;2023-13;Natal;0;2023;13;0.0
2023;2023-13;Nazaré ¿ Maragogipe;0;2023;73;0.0
2023;2023-13;Nova Prata - Guaporé;15;2023;295;508.4745762711865
2023;2023-13;Oliveira;9;2023;551;163.3393829401089
2023;2023-13;Passo Fundo;18;2023;848;212.2641509433962
2023;2023-13;Passos;8;2023;651;122.88786482334869
2023;2023-13;Patos;0;2023;37;0.0
2023;2023-13;Pinheiro;0;2023;37;0.0
2023;2023-13;Pirapora;1;2023;219;45.662100456621005
2023;2023-13;Piumhi;0;2023;33;0.0
2023;2023-13;Ponte Nova;0;2023;14;0.0
2023;2023-13;Porto Alegre;175;2023;12769;137.0506695904143
2023;2023-13;Princesa Isabel;0;2023;26;0.0
2023;2023-13;Quirinópolis;0;2023;96;0.0
2023;2023-13;Resende;0;2023;446;0.0
2023;2023-13;Ribeirão Preto;31;2023;4491;69.02694277443776
2023;2023-13;Rio Claro;1;2023;626;15.974440894568689
2023;2023-13;Rio de Janeiro;307;2023;33698;91.10332957445546
2023;2023-13;Russas - Limoeiro do Norte;2;2023;865;23.121387283236995
2023;2023-13;Salvador;92;2023;12106;75.99537419461424
2023;2023-13;Santa Cruz do Sul;2;2023;843;23.72479240806643
2023;2023-13;Santa Inês;1;2023;94;106.38297872340425
2023;2023-13;Santa Maria;26;2023;1033;251.6940948693127
2023;2023-13;Santa Maria da Vitoria;0;2023;4;0.0
2023;2023-13;Santana do Livramento;2;2023;109;183.4862385321101
2023;2023-13;Santos;7;2023;1077;64.9953574744661
2023;2023-13;Serra Talhada;0;2023;36;0.0
2023;2023-13;Soledade;3;2023;136;220.58823529411765
2023;2023-13;São Miguel do Oeste;2;2023;295;67.79661016949153
2023;2023-13;São Paulo;518;2023;64323;80.53106975731853
2023;2023-13;Teófilo Otoni;3;2023;689;43.54136429608128
2023;2023-13;Toledo;2;2023;69;289.8550724637681
2023;2023-13;Uberaba;22;2023;1379;159.5358955765047
2023;2023-13;Uberlândia;65;2023;3380;192.30769230769232
2023;2023-13;Uruguaiana;1;2023;182;54.94505494505495
2023;2023-13;Valença;0;2023;13;0.0
2023;2023-13;Vitória;0;2023;58;0.0
2023;2023-13;Vitória da Conquista;0;2023;30;0.0
2023;2023-13;Volta Redonda - Barra Mansa;9;2023;1794;50.16722408026756
2023;2023-14;Afonso Cláudio - Venda Nova do Imigrante - Santa Maria de Jetibá;3;2023;866;34.64203233256351
2023;2023-14;Alegre;5;2023;390;128.2051282051282
2023;2023-14;Araranguá;6;2023;501;119.76047904191617
2023;2023-14;Atalaia;0;2023;2;0.0
2023;2023-14;Bagé;2;2023;202;99.00990099009901
2023;2023-14;Belo Horizonte;448;2023;22675;197.574421168688
2023;2023-14;Belém;13;2023;6027;21.569603451136555
2023;2023-14;Bento Gonçalves;1;2023;418;23.923444976076553
2023;2023-14;Boa Vista;0;2023;575;0.0
2023;2023-14;Bragança Paulista;0;2023;43;0.0
2023;2023-14;Brumado;1;2023;249;40.16064257028112
2023;2023-14;Camacan;0;2023;2;0.0
2023;2023-14;Campina Grande;7;2023;2397;29.20317062995411
2023;2023-14;Campo Belo;0;2023;53;0.0
2023;2023-14;Campos dos Goytacazes;4;2023;711;56.258790436005626
2023;2023-14;Caratinga;2;2023;490;40.81632653061225
2023;2023-14;Carazinho;1;2023;43;232.5581395348837
2023;2023-14;Cascavel;0;2023;21;0.0
2023;2023-14;Catalão;0;2023;341;0.0
2023;2023-14;Caxias do Sul;11;2023;2081;52.85920230658338
2023;2023-14;Conceição do Coité;0;2023;26;0.0
2023;2023-14;Cruz Alta;3;2023;329;91.1854103343465
2023;2023-14;Curitiba;234;2023;14630;159.94531784005468
2023;2023-14;Curitibanos;0;2023;14;0.0
2023;2023-14;Distrito Federal;86;2023;12157;70.74113679361685
2023;2023-14;Eunápolis - Porto Seguro;0;2023;26;0.0
2023;2023-14;Frederico Westphalen;0;2023;312;0.0
2023;2023-14;Goiana ¿ Timbaúba;0;2023;371;0.0
2023;2023-14;Guarabira;0;2023;90;0.0
2023;2023-14;Guarapuava;0;2023;11;0.0
2023;2023-14;Gurupi;0;2023;9;0.0
2023;2023-14;Ijuí;17;2023;584;291.0958904109589
2023;2023-14;Imperatriz;0;2023;33;0.0
2023;2023-14;Itacoatiara;1;2023;34;294.11764705882354
2023;2023-14;Jaú;0;2023;69;0.0
2023;2023-14;Ji-Paraná;0;2023;7;0.0
2023;2023-14;Joaçaba - Herval d'Oeste;11;2023;321;342.6791277258567
2023;2023-14;Joinville;0;2023;67;0.0
2023;2023-14;Juiz de Fora;9;2023;3206;28.0723643169058
2023;2023-14;Linhares;1;2023;944;10.59322033898305
2023;2023-14;Maceió;0;2023;33;0.0
2023;2023-14;Manaus;18;2023;4170;43.16546762589928
2023;2023-14;Mantena;2;2023;118;169.4915254237288
2023;2023-14;Maringá;28;2023;3167;88.4117461319861
2023;2023-14;Marília;5;2023;1376;36.33720930232558
2023;2023-14;Mossoró;0;2023;18;0.0
2023;2023-14;Natal;0;2023;13;0.0
2023;2023-14;Nazaré ¿ Maragogipe;1;2023;73;136.986301369863
2023;2023-14;Nova Prata - Guaporé;6;2023;295;203.38983050847457
2023;2023-14;Oliveira;11;2023;551;199.63702359346644
2023;2023-14;Passo Fundo;21;2023;848;247.64150943396228
2023;2023-14;Passos;8;2023;651;122.88786482334869
2023;2023-14;Patos;0;2023;37;0.0
2023;2023-14;Pinheiro;0;2023;37;0.0
2023;2023-14;Pirapora;10;2023;219;456.62100456621005
2023;2023-14;Piumhi;0;2023;33;0.0
2023;2023-14;Ponte Nova;0;2023;14;0.0
2023;2023-14;Porto Alegre;195;2023;12769;152.7136032578902
2023;2023-14;Princesa Isabel;1;2023;26;384.61538461538464
2023;2023-14;Quirinópolis;0;2023;96;0.0
2023;2023-14;Resende;1;2023;446;22.42152466367713
2023;2023-14;Ribeirão Preto;20;2023;4491;44.5335114673792
2023;2023-14;Rio Claro;0;2023;626;0.0
2023;2023-14;Rio de Janeiro;298;2023;33698;88.43254792569292
2023;2023-14;Russas - Limoeiro do Norte;3;2023;865;34.68208092485549
2023;2023-14;Salvador;76;2023;12106;62.77878737815959
2023;2023-14;Santa Cruz do Sul;4;2023;843;47.44958481613286
2023;2023-14;Santa Inês;0;2023;94;0.0
2023;2023-14;Santa Maria;23;2023;1033;222.65246853823814
2023;2023-14;Santa Maria da Vitoria;0;2023;4;0.0
2023;2023-14;Santana do Livramento;0;2023;109;0.0
2023;2023-14;Santos;1;2023;1077;9.285051067780874
2023;2023-14;Serra Talhada;0;2023;36;0.0
2023;2023-14;Soledade;0;2023;136;0.0
2023;2023-14;São Miguel do Oeste;9;2023;295;305.08474576271186
2023;2023-14;São Paulo;518;2023;64323;80.53106975731853
2023;2023-14;Teófilo Otoni;1;2023;689;14.513788098693759
2023;2023-14;Toledo;0;2023;69;0.0
2023;2023-14;Uberaba;13;2023;1379;94.27121102248006
2023;2023-14;Uberlândia;74;2023;3380;218.93491124260356
2023;2023-14;Uruguaiana;1;2023;182;54.94505494505495
2023;2023-14;Valença;0;2023;13;0.0
2023;2023-14;Vitória;0;2023;58;0.0
2023;2023-14;Vitória da Conquista;0;2023;30;0.0
2023;2023-14;Volta Redonda - Barra Mansa;12;2023;1794;66.88963210702342
2023;2023-15;Afonso Cláudio - Venda Nova do Imigrante - Santa Maria de Jetibá;7;2023;866;80.83140877598153
2023;2023-15;Alegre;1;2023;390;25.641025641025642
2023;2023-15;Araranguá;6;2023;501;119.76047904191617
2023;2023-15;Atalaia;0;2023;2;0.0
2023;2023-15;Bagé;2;2023;202;99.00990099009901
2023;2023-15;Belo Horizonte;446;2023;22675;196.69239250275635
2023;2023-15;Belém;12;2023;6027;19.91040318566451
2023;2023-15;Bento Gonçalves;2;2023;418;47.846889952153106
2023;2023-15;Boa Vista;1;2023;575;17.391304347826086
2023;2023-15;Bragança Paulista;0;2023;43;0.0
2023;2023-15;Brumado;0;2023;249;0.0
2023;2023-15;Camacan;0;2023;2;0.0
2023;2023-15;Campina Grande;0;2023;2397;0.0
2023;2023-15;Campo Belo;2;2023;53;377.35849056603774
2023;2023-15;Campos dos Goytacazes;4;2023;711;56.258790436005626
2023;2023-15;Caratinga;2;2023;490;40.81632653061225
2023;2023-15;Carazinho;0;2023;43;0.0
2023;2023-15;Cascavel;0;2023;21;0.0
2023;2023-15;Catalão;2;2023;341;58.651026392961874
2023;2023-15;Caxias do Sul;5;2023;2081;24.02691013935608
2023;2023-15;Conceição do Coité;1;2023;26;384.61538461538464
2023;2023-15;Cruz Alta;9;2023;329;273.5562310030395
2023;2023-15;Curitiba;206;2023;14630;140.80656185919344
2023;2023-15;Curitibanos;0;2023;14;0.0
2023;2023-15;Distrito Federal;94;2023;12157;77.32170765813935
2023;2023-15;Eunápolis - Porto Seguro;0;2023;26;0.0
2023;2023-15;Frederico Westphalen;0;2023;312;0.0
2023;2023-15;Goiana ¿ Timbaúba;0;2023;371;0.0
2023;2023-15;Guarabira;0;2023;90;0.0
2023;2023-15;Guarapuava;0;2023;11;0.0
2023;2023-15;Gurupi;0;2023;9;0.0
2023;2023-15;Ijuí;16;2023;584;273.972602739726
2023;2023-15;Imperatriz;0;2023;33;0.0
2023;2023-15;Itacoatiara;0;2023;34;0.0
2023;2023-15;Jaú;0;2023;69;0.0
2023;2023-15;Ji-Paraná;0;2023;7;0.0
2023;2023-15;Joaçaba - Herval d'Oeste;6;2023;321;186.91588785046727
2023;2023-15;Joinville;0;2023;67;0.0
2023;2023-15;Juiz de Fora;18;2023;3206;56.1447286338116
2023;2023-15;Linhares;6;2023;944;63.55932203389831
2023;2023-15;Maceió;0;2023;33;0.0
2023;2023-15;Manaus;12;2023;4170;28.77697841726619
2023;2023-15;Mantena;1;2023;118;84.7457627118644
2023;2023-15;Maringá;24;2023;3167;75.78149668455953
2023;2023-15;Marília;14;2023;1376;101.74418604651163
2023;2023-15;Mossoró;0;2023;18;0.0
2023;2023-15;Natal;0;2023;13;0.0
2023;2023-15;Nazaré ¿ Maragogipe;1;2023;73;136.986301369863
2023;2023-15;Nova Prata - Guaporé;3;2023;295;101.69491525423729
2023;2023-15;Oliveira;19;2023;551;344.82758620689657
2023;2023-15;Passo Fundo;11;2023;848;129.7169811320755
2023;2023-15;Passos;11;2023;651;168.97081413210446
2023;2023-15;Patos;0;2023;37;0.0
2023;2023-15;Pinheiro;0;2023;37;0.0
2023;2023-15;Pirapora;12;2023;219;547.945205479452
2023;2023-15;Piumhi;0;2023;33;0.0
2023;2023-15;Ponte Nova;0;2023;14;0.0
2023;2023-15;Porto Alegre;234;2023;12769;183.25632390946825
2023;2023-15;Princesa Isabel;0;2023;26;0.0
2023;2023-15;Quirinópolis;1;2023;96;104.16666666666666
2023;2023-15;Resende;3;2023;446;67.2645739910314
2023;2023-15;Ribeirão Preto;19;2023;4491;42.30683589401024
2023;2023-15;Rio Claro;4;2023;626;63.897763578274756
2023;2023-15;Rio de Janeiro;289;2023;33698;85.76176627693037
2023;2023-15;Russas - Limoeiro do Norte;2;2023;865;23.121387283236995
2023;2023-15;Salvador;60;2023;12106;49.56220056170494
2023;2023-15;Santa Cruz do Sul;11;2023;843;130.48635824436536
2023;2023-15;Santa Inês;1;2023;94;106.38297872340425
2023;2023-15;Santa Maria;17;2023;1033;164.56921587608906
2023;2023-15;Santa Maria da Vitoria;0;2023;4;0.0
2023;2023-15;Santana do Livramento;1;2023;109;91.74311926605505
2023;2023-15;Santos;3;2023;1077;27.855153203342617
2023;2023-15;Serra Talhada;0;2023;36;0.0
2023;2023-15;Soledade;0;2023;136;0.0
2023;2023-15;São Miguel do Oeste;4;2023;295;135.59322033898306
2023;2023-15;São Paulo;581;2023;64323;90.32538905212755
2023;2023-15;Teófilo Otoni;2;2023;689;29.027576197387518
2023;2023-15;Toledo;3;2023;69;434.7826086956522
2023;2023-15;Uberaba;9;2023;1379;65.26468455402465
2023;2023-15;Uberlândia;51;2023;3380;150.88757396449705
2023;2023-15;Uruguaiana;3;2023;182;164.83516483516485
2023;2023-15;Valença;1;2023;13;769.2307692307693
2023;2023-15;Vitória;0;2023;58;0.0
2023;2023-15;Vitória da Conquista;0;2023;30;0.0
2023;2023-15;Volta Redonda - Barra Mansa;15;2023;1794;83.61204013377926
2023;2023-16;Afonso Cláudio - Venda Nova do Imigrante - Santa Maria de Jetibá;4;2023;866;46.18937644341801
2023;2023-16;Alegre;1;2023;390;25.641025641025642
2023;2023-16;Araranguá;5;2023;501;99.8003992015968
2023;2023-16;Atalaia;0;2023;2;0.0
2023;2023-16;Bagé;2;2023;202;99.00990099009901
2023;2023-16;Belo Horizonte;387;2023;22675;170.67254685777286
2023;2023-16;Belém;11;2023;6027;18.251202920192465
2023;2023-16;Bento Gonçalves;3;2023;418;71.77033492822967
2023;2023-16;Boa Vista;0;2023;575;0.0
2023;2023-16;Bragança Paulista;0;2023;43;0.0
2023;2023-16;Brumado;0;2023;249;0.0
2023;2023-16;Camacan;0;2023;2;0.0
2023;2023-16;Campina Grande;3;2023;2397;12.51564455569462
2023;2023-16;Campo Belo;0;2023;53;0.0
2023;2023-16;Campos dos Goytacazes;2;2023;711;28.129395218002813
2023;2023-16;Caratinga;3;2023;490;61.224489795918366
2023;2023-16;Carazinho;0;2023;43;0.0
2023;2023-16;Cascavel;0;2023;21;0.0
2023;2023-16;Catalão;0;2023;341;0.0
2023;2023-16;Caxias do Sul;8;2023;2081;38.44305622296973
2023;2023-16;Conceição do Coité;0;2023;26;0.0
2023;2023-16;Cruz Alta;9;2023;329;273.5562310030395
2023;2023-16;Curitiba;204;2023;14630;139.4395078605605
2023;2023-16;Curitibanos;0;2023;14;0.0
2023;2023-16;Distrito Federal;75;2023;12157;61.692851854898414
2023;2023-16;Eunápolis - Porto Seguro;0;2023;26;0.0
2023;2023-16;Frederico Westphalen;4;2023;312;128.2051282051282
2023;2023-16;Goiana ¿ Timbaúba;0;2023;371;0.0
2023;2023-16;Guarabira;0;2023;90;0.0
2023;2023-16;Guarapuava;0;2023;11;0.0
2023;2023-16;Gurupi;0;2023;9;0.0
2023;2023-16;Ijuí;7;2023;584;119.86301369863013
2023;2023-16;Imperatriz;0;2023;33;0.0
2023;2023-16;Itacoatiara;0;2023;34;0.0
2023;2023-16;Jaú;2;2023;69;289.8550724637681
2023;2023-16;Ji-Paraná;0;2023;7;0.0
2023;2023-16;Joaçaba - Herval d'Oeste;3;2023;321;93.45794392523364
2023;2023-16;Joinville;0;2023;67;0.0
2023;2023-16;Juiz de Fora;18;2023;3206;56.1447286338116
2023;2023-16;Linhares;3;2023;944;31.779661016949156
2023;2023-16;Maceió;0;2023;33;0.0
2023;2023-16;Manaus;11;2023;4170;26.378896882494008
2023;2023-16;Mantena;1;2023;118;84.7457627118644
2023;2023-16;Maringá;26;2023;3167;82.09662140827281
2023;2023-16;Marília;7;2023;1376;50.872093023255815
2023;2023-16;Mossoró;0;2023;18;0.0
2023;2023-16;Natal;0;2023;13;0.0
2023;2023-16;Nazaré ¿ Maragogipe;0;2023;73;0.0
2023;2023-16;Nova Prata - Guaporé;6;2023;295;203.38983050847457
2023;2023-16;Oliveira;8;2023;551;145.19056261343013
2023;2023-16;Passo Fundo;14;2023;848;165.0943396226415
2023;2023-16;Passos;2;2023;651;30.721966205837173
2023;2023-16;Patos;0;2023;37;0.0
2023;2023-16;Pinheiro;0;2023;37;0.0
2023;2023-16;Pirapora;7;2023;219;319.634703196347
2023;2023-16;Piumhi;0;2023;33;0.0
2023;2023-16;Ponte Nova;1;2023;14;714.2857142857142
2023;2023-16;Porto Alegre;197;2023;12769;154.2798966246378
2023;2023-16;Princesa Isabel;0;2023;26;0.0
2023;2023-16;Quirinópolis;2;2023;96;208.33333333333331
2023;2023-16;Resende;2;2023;446;44.84304932735426
2023;2023-16;Ribeirão Preto;17;2023;4491;37.853484747272326
2023;2023-16;Rio Claro;6;2023;626;95.84664536741214
2023;2023-16;Rio de Janeiro;307;2023;33698;91.10332957445546
2023;2023-16;Russas - Limoeiro do Norte;1;2023;865;11.560693641618498
2023;2023-16;Salvador;57;2023;12106;47.084090533619694
2023;2023-16;Santa Cruz do Sul;10;2023;843;118.62396204033215
2023;2023-16;Santa Inês;0;2023;94;0.0
2023;2023-16;Santa Maria;32;2023;1033;309.77734753146177
2023;2023-16;Santa Maria da Vitoria;0;2023;4;0.0
2023;2023-16;Santana do Livramento;1;2023;109;91.74311926605505
2023;2023-16;Santos;2;2023;1077;18.570102135561747
2023;2023-16;Serra Talhada;0;2023;36;0.0
2023;2023-16;Soledade;2;2023;136;147.05882352941177
2023;2023-16;São Miguel do Oeste;3;2023;295;101.69491525423729
2023;2023-16;São Paulo;526;2023;64323;81.77479284237364
2023;2023-16;Teófilo Otoni;2;2023;689;29.027576197387518
2023;2023-16;Toledo;0;2023;69;0.0
2023;2023-16;Uberaba;7;2023;1379;50.76142131979695
2023;2023-16;Uberlândia;35;2023;3380;103.55029585798817
2023;2023-16;Uruguaiana;2;2023;182;109.8901098901099
2023;2023-16;Valença;0;2023;13;0.0
2023;2023-16;Vitória;0;2023;58;0.0
2023;2023-16;Vitória da Conquista;0;2023;30;0.0
2023;2023-16;Volta Redonda - Barra Mansa;5;2023;1794;27.87068004459309
2023;2023-17;Afonso Cláudio - Venda Nova do Imigrante - Santa Maria de Jetibá;7;2023;866;80.83140877598153
2023;2023-17;Alegre;2;2023;390;51.282051282051285
2023;2023-17;Araranguá;10;2023;501;199.6007984031936
2023;2023-17;Atalaia;0;2023;2;0.0
2023;2023-17;Bagé;2;2023;202;99.00990099009901
2023;2023-17;Belo Horizonte;378;2023;22675;166.70341786108048
2023;2023-17;Belém;18;2023;6027;29.865604778496767
2023;2023-17;Bento Gonçalves;1;2023;418;23.923444976076553
2023;2023-17;Boa Vista;0;2023;575;0.0
2023;2023-17;Bragança Paulista;0;2023;43;0.0
2023;2023-17;Brumado;1;2023;249;40.16064257028112
2023;2023-17;Camacan;0;2023;2;0.0
2023;2023-17;Campina Grande;2;2023;2397;8.343763037129746
2023;2023-17;Campo Belo;0;2023;53;0.0
2023;2023-17;Campos dos Goytacazes;2;2023;711;28.129395218002813
2023;2023-17;Caratinga;4;2023;490;81.6326530612245
2023;2023-17;Carazinho;0;2023;43;0.0
2023;2023-17;Cascavel;0;2023;21;0.0
2023;2023-17;Catalão;0;2023;341;0.0
2023;2023-17;Caxias do Sul;14;2023;2081;67.27534839019702
2023;2023-17;Conceição do Coité;1;2023;26;384.61538461538464
2023;2023-17;Cruz Alta;14;2023;329;425.531914893617
2023;2023-17;Curitiba;191;2023;14630;130.55365686944634
2023;2023-17;Curitibanos;0;2023;14;0.0
2023;2023-17;Distrito Federal;77;2023;12157;63.337994571029036
2023;2023-17;Eunápolis - Porto Seguro;0;2023;26;0.0
2023;2023-17;Frederico Westphalen;2;2023;312;64.1025641025641
2023;2023-17;Goiana ¿ Timbaúba;0;2023;371;0.0
2023;2023-17;Guarabira;0;2023;90;0.0
2023;2023-17;Guarapuava;0;2023;11;0.0
2023;2023-17;Gurupi;0;2023;9;0.0
2023;2023-17;Ijuí;5;2023;584;85.61643835616438
2023;2023-17;Imperatriz;0;2023;33;0.0
2023;2023-17;Itacoatiara;0;2023;34;0.0
2023;2023-17;Jaú;0;2023;69;0.0
2023;2023-17;Ji-Paraná;0;2023;7;0.0
2023;2023-17;Joaçaba - Herval d'Oeste;1;2023;321;31.15264797507788
2023;2023-17;Joinville;1;2023;67;149.2537313432836
2023;2023-17;Juiz de Fora;13;2023;3206;40.54897067997504
2023;2023-17;Linhares;1;2023;944;10.59322033898305
2023;2023-17;Maceió;0;2023;33;0.0
2023;2023-17;Manaus;25;2023;4170;59.95203836930455
2023;2023-17;Mantena;0;2023;118;0.0
2023;2023-17;Maringá;29;2023;3167;91.56930849384275
2023;2023-17;Marília;6;2023;1376;43.604651162790695
2023;2023-17;Mossoró;0;2023;18;0.0
2023;2023-17;Natal;0;2023;13;0.0
2023;2023-17;Nazaré ¿ Maragogipe;0;2023;73;0.0
2023;2023-17;Nova Prata - Guaporé;6;2023;295;203.38983050847457
2023;2023-17;Oliveira;7;2023;551;127.04174228675136
2023;2023-17;Passo Fundo;12;2023;848;141.50943396226415
2023;2023-17;Passos;4;2023;651;61.443932411674346
2023;2023-17;Patos;0;2023;37;0.0
2023;2023-17;Pinheiro;0;2023;37;0.0
2023;2023-17;Pirapora;11;2023;219;502.283105022831
2023;2023-17;Piumhi;0;2023;33;0.0
2023;2023-17;Ponte Nova;0;2023;14;0.0
2023;2023-17;Porto Alegre;206;2023;12769;161.32821677500198
2023;2023-17;Princesa Isabel;1;2023;26;384.61538461538464
2023;2023-17;Quirinópolis;0;2023;96;0.0
2023;2023-17;Resende;2;2023;446;44.84304932735426
2023;2023-17;Ribeirão Preto;17;2023;4491;37.853484747272326
2023;2023-17;Rio Claro;2;2023;626;31.948881789137378
2023;2023-17;Rio de Janeiro;302;2023;33698;89.6195619918096
2023;2023-17;Russas - Limoeiro do Norte;3;2023;865;34.68208092485549
2023;2023-17;Salvador;69;2023;12106;56.99653064596068
2023;2023-17;Santa Cruz do Sul;6;2023;843;71.17437722419929
2023;2023-17;Santa Inês;0;2023;94;0.0
2023;2023-17;Santa Maria;22;2023;1033;212.97192642787996
2023;2023-17;Santa Maria da Vitoria;0;2023;4;0.0
2023;2023-17;Santana do Livramento;1;2023;109;91.74311926605505
2023;2023-17;Santos;4;2023;1077;37.140204271123494
2023;2023-17;Serra Talhada;0;2023;36;0.0
2023;2023-17;Soledade;0;2023;136;0.0
2023;2023-17;São Miguel do Oeste;4;2023;295;135.59322033898306
2023;2023-17;São Paulo;444;2023;64323;69.02663122055874
2023;2023-17;Teófilo Otoni;4;2023;689;58.055152394775035
2023;2023-17;Toledo;0;2023;69;0.0
2023;2023-17;Uberaba;7;2023;1379;50.76142131979695
2023;2023-17;Uberlândia;34;2023;3380;100.59171597633136
2023;2023-17;Uruguaiana;5;2023;182;274.72527472527474
2023;2023-17;Valença;0;2023;13;0.0
2023;2023-17;Vitória;0;2023;58;0.0
2023;2023-17;Vitória da Conquista;0;2023;30;0.0
2023;2023-17;Volta Redonda - Barra Mansa;4;2023;1794;22.29654403567447
2023;2023-18;Afonso Cláudio - Venda Nova do Imigrante - Santa Maria de Jetibá;7;2023;866;80.83140877598153
2023;2023-18;Alegre;2;2023;390;51.282051282051285
2023;2023-18;Araranguá;3;2023;501;59.880239520958085
2023;2023-18;Atalaia;0;2023;2;0.0
2023;2023-18;Bagé;0;2023;202;0.0
2023;2023-18;Belo Horizonte;300;2023;22675;132.30429988974643
2023;2023-18;Belém;17;2023;6027;28.206404513024722
2023;2023-18;Bento Gonçalves;0;2023;418;0.0
2023;2023-18;Boa Vista;1;2023;575;17.391304347826086
2023;2023-18;Bragança Paulista;0;2023;43;0.0
2023;2023-18;Brumado;0;2023;249;0.0
2023;2023-18;Camacan;0;2023;2;0.0
2023;2023-18;Campina Grande;6;2023;2397;25.03128911138924
2023;2023-18;Campo Belo;0;2023;53;0.0
2023;2023-18;Campos dos Goytacazes;0;2023;711;0.0
2023;2023-18;Caratinga;3;2023;490;61.224489795918366
2023;2023-18;Carazinho;0;2023;43;0.0
2023;2023-18;Cascavel;0;2023;21;0.0
2023;2023-18;Catalão;1;2023;341;29.325513196480937
2023;2023-18;Caxias do Sul;6;2023;2081;28.832292167227294
2023;2023-18;Conceição do Coité;0;2023;26;0.0
2023;2023-18;Cruz Alta;14;2023;329;425.531914893617
2023;2023-18;Curitiba;169;2023;14630;115.51606288448394
2023;2023-18;Curitibanos;0;2023;14;0.0
2023;2023-18;Distrito Federal;72;2023;12157;59.22513778070248
2023;2023-18;Eunápolis - Porto Seguro;0;2023;26;0.0
2023;2023-18;Frederico Westphalen;4;2023;312;128.2051282051282
2023;2023-18;Goiana ¿ Timbaúba;1;2023;371;26.954177897574127
2023;2023-18;Guarabira;0;2023;90;0.0
2023;2023-18;Guarapuava;0;2023;11;0.0
2023;2023-18;Gurupi;0;2023;9;0.0
2023;2023-18;Ijuí;9;2023;584;154.1095890410959
2023;2023-18;Imperatriz;0;2023;33;0.0
2023;2023-18;Itacoatiara;0;2023;34;0.0
2023;2023-18;Jaú;0;2023;69;0.0
2023;2023-18;Ji-Paraná;0;2023;7;0.0
2023;2023-18;Joaçaba - Herval d'Oeste;4;2023;321;124.61059190031152
2023;2023-18;Joinville;1;2023;67;149.2537313432836
2023;2023-18;Juiz de Fora;25;2023;3206;77.97878976918278
2023;2023-18;Linhares;4;2023;944;42.3728813559322
2023;2023-18;Maceió;0;2023;33;0.0
2023;2023-18;Manaus;16;2023;4170;38.36930455635492
2023;2023-18;Mantena;1;2023;118;84.7457627118644
2023;2023-18;Maringá;22;2023;3167;69.46637196084623
2023;2023-18;Marília;4;2023;1376;29.069767441860463
2023;2023-18;Mossoró;0;2023;18;0.0
2023;2023-18;Natal;0;2023;13;0.0
2023;2023-18;Nazaré ¿ Maragogipe;0;2023;73;0.0
2023;2023-18;Nova Prata - Guaporé;3;2023;295;101.69491525423729
2023;2023-18;Oliveira;3;2023;551;54.44646098003629
2023;2023-18;Passo Fundo;14;2023;848;165.0943396226415
2023;2023-18;Passos;4;2023;651;61.443932411674346
2023;2023-18;Patos;0;2023;37;0.0
2023;2023-18;Pinheiro;0;2023;37;0.0
2023;2023-18;Pirapora;8;2023;219;365.29680365296804
2023;2023-18;Piumhi;0;2023;33;0.0
2023;2023-18;Ponte Nova;0;2023;14;0.0
2023;2023-18;Porto Alegre;139;2023;12769;108.85738898895762
2023;2023-18;Princesa Isabel;0;2023;26;0.0
2023;2023-18;Quirinópolis;0;2023;96;0.0
2023;2023-18;Resende;0;2023;446;0.0
2023;2023-18;Ribeirão Preto;9;2023;4491;20.040080160320638
2023;2023-18;Rio Claro;0;2023;626;0.0
2023;2023-18;Rio de Janeiro;241;2023;33698;71.51759748353018
2023;2023-18;Russas - Limoeiro do Norte;2;2023;865;23.121387283236995
2023;2023-18;Salvador;83;2023;12106;68.56104411035851
2023;2023-18;Santa Cruz do Sul;4;2023;843;47.44958481613286
2023;2023-18;Santa Inês;0;2023;94;0.0
2023;2023-18;Santa Maria;12;2023;1033;116.16650532429817
2023;2023-18;Santa Maria da Vitoria;0;2023;4;0.0
2023;2023-18;Santana do Livramento;2;2023;109;183.4862385321101
2023;2023-18;Santos;1;2023;1077;9.285051067780874
2023;2023-18;Serra Talhada;0;2023;36;0.0
2023;2023-18;Soledade;1;2023;136;73.52941176470588
2023;2023-18;São Miguel do Oeste;0;2023;295;0.0
2023;2023-18;São Paulo;337;2023;64323;52.391834957946614
2023;2023-18;Teófilo Otoni;1;2023;689;14.513788098693759
2023;2023-18;Toledo;1;2023;69;144.92753623188406
2023;2023-18;Uberaba;10;2023;1379;72.51631617113851
2023;2023-18;Uberlândia;38;2023;3380;112.42603550295858
2023;2023-18;Uruguaiana;4;2023;182;219.7802197802198
2023;2023-18;Valença;0;2023;13;0.0
2023;2023-18;Vitória;0;2023;58;0.0
2023;2023-18;Vitória da Conquista;0;2023;30;0.0
2023;2023-18;Volta Redonda - Barra Mansa;7;2023;1794;39.01895206243032
2023;2023-19;Afonso Cláudio - Venda Nova do Imigrante - Santa Maria de Jetibá;3;2023;866;34.64203233256351
2023;2023-19;Alegre;1;2023;390;25.641025641025642
2023;2023-19;Araranguá;2;2023;501;39.92015968063872
2023;2023-19;Atalaia;0;2023;2;0.0
2023;2023-19;Bagé;0;2023;202;0.0
2023;2023-19;Belo Horizonte;299;2023;22675;131.8632855567806
2023;2023-19;Belém;15;2023;6027;24.888003982080637
2023;2023-19;Bento Gonçalves;4;2023;418;95.69377990430621
2023;2023-19;Boa Vista;1;2023;575;17.391304347826086
2023;2023-19;Bragança Paulista;0;2023;43;0.0
2023;2023-19;Brumado;3;2023;249;120.48192771084338
2023;2023-19;Camacan;0;2023;2;0.0
2023;2023-19;Campina Grande;3;2023;2397;12.51564455569462
2023;2023-19;Campo Belo;0;2023;53;0.0
2023;2023-19;Campos dos Goytacazes;3;2023;711;42.19409282700422
2023;2023-19;Caratinga;7;2023;490;142.85714285714286
2023;2023-19;Carazinho;0;2023;43;0.0
2023;2023-19;Cascavel;0;2023;21;0.0
2023;2023-19;Catalão;0;2023;341;0.0
2023;2023-19;Caxias do Sul;6;2023;2081;28.832292167227294
2023;2023-19;Conceição do Coité;0;2023;26;0.0
2023;2023-19;Cruz Alta;6;2023;329;182.370820668693
2023;2023-19;Curitiba;209;2023;14630;142.85714285714286
2023;2023-19;Curitibanos;0;2023;14;0.0
2023;2023-19;Distrito Federal;66;2023;12157;54.2897096323106
2023;2023-19;Eunápolis - Porto Seguro;0;2023;26;0.0
2023;2023-19;Frederico Westphalen;0;2023;312;0.0
2023;2023-19;Goiana ¿ Timbaúba;0;2023;371;0.0
2023;2023-19;Guarabira;0;2023;90;0.0
2023;2023-19;Guarapuava;0;2023;11;0.0
2023;2023-19;Gurupi;0;2023;9;0.0
2023;2023-19;Ijuí;4;2023;584;68.4931506849315
2023;2023-19;Imperatriz;0;2023;33;0.0
2023;2023-19;Itacoatiara;1;2023;34;294.11764705882354
2023;2023-19;Jaú;0;2023;69;0.0
2023;2023-19;Ji-Paraná;0;2023;7;0.0
2023;2023-19;Joaçaba - Herval d'Oeste;2;2023;321;62.30529595015576
2023;2023-19;Joinville;1;2023;67;149.2537313432836
2023;2023-19;Juiz de Fora;13;2023;3206;40.54897067997504
2023;2023-19;Linhares;3;2023;944;31.779661016949156
2023;2023-19;Maceió;0;2023;33;0.0
2023;2023-19;Manaus;16;2023;4170;38.36930455635492
2023;2023-19;Mantena;4;2023;118;338.9830508474576
2023;2023-19;Maringá;20;2023;3167;63.151247237132935
2023;2023-19;Marília;8;2023;1376;58.13953488372093
2023;2023-19;Mossoró;0;2023;18;0.0
2023;2023-19;Natal;0;2023;13;0.0
2023;2023-19;Nazaré ¿ Maragogipe;0;2023;73;0.0
2023;2023-19;Nova Prata - Guaporé;4;2023;295;135.59322033898306
2023;2023-19;Oliveira;3;2023;551;54.44646098003629
2023;2023-19;Passo Fundo;10;2023;848;117.9245283018868
2023;2023-19;Passos;4;2023;651;61.443932411674346
2023;2023-19;Patos;0;2023;37;0.0
2023;2023-19;Pinheiro;0;2023;37;0.0
2023;2023-19;Pirapora;6;2023;219;273.972602739726
2023;2023-19;Piumhi;0;2023;33;0.0
2023;2023-19;Ponte Nova;0;2023;14;0.0
2023;2023-19;Porto Alegre;183;2023;12769;143.31584305740466
2023;2023-19;Princesa Isabel;0;2023;26;0.0
2023;2023-19;Quirinópolis;0;2023;96;0.0
2023;2023-19;Resende;0;2023;446;0.0
2023;2023-19;Ribeirão Preto;21;2023;4491;46.760187040748164
2023;2023-19;Rio Claro;2;2023;626;31.948881789137378
2023;2023-19;Rio de Janeiro;270;2023;33698;80.12344946287614
2023;2023-19;Russas - Limoeiro do Norte;2;2023;865;23.121387283236995
2023;2023-19;Salvador;66;2023;12106;54.51842061787543
2023;2023-19;Santa Cruz do Sul;7;2023;843;83.0367734282325
2023;2023-19;Santa Inês;0;2023;94;0.0
2023;2023-19;Santa Maria;16;2023;1033;154.88867376573089
2023;2023-19;Santa Maria da Vitoria;0;2023;4;0.0
2023;2023-19;Santana do Livramento;0;2023;109;0.0
2023;2023-19;Santos;0;2023;1077;0.0
2023;2023-19;Serra Talhada;0;2023;36;0.0
2023;2023-19;Soledade;0;2023;136;0.0
2023;2023-19;São Miguel do Oeste;1;2023;295;33.898305084745765
2023;2023-19;São Paulo;381;2023;64323;59.232311925749734
2023;2023-19;Teófilo Otoni;0;2023;689;0.0
2023;2023-19;Toledo;1;2023;69;144.92753623188406
2023;2023-19;Uberaba;10;2023;1379;72.51631617113851
2023;2023-19;Uberlândia;30;2023;3380;88.75739644970415
2023;2023-19;Uruguaiana;1;2023;182;54.94505494505495
2023;2023-19;Valença;0;2023;13;0.0
2023;2023-19;Vitória;0;2023;58;0.0
2023;2023-19;Vitória da Conquista;0;2023;30;0.0
2023;2023-19;Volta Redonda - Barra Mansa;8;2023;1794;44.59308807134894
2023;2023-20;Afonso Cláudio - Venda Nova do Imigrante - Santa Maria de Jetibá;2;2023;866;23.094688221709006
2023;2023-20;Alegre;0;2023;390;0.0
2023;2023-20;Araranguá;2;2023;501;39.92015968063872
2023;2023-20;Atalaia;0;2023;2;0.0
2023;2023-20;Bagé;0;2023;202;0.0
2023;2023-20;Belo Horizonte;260;2023;22675;114.66372657111356
2023;2023-20;Belém;11;2023;6027;18.251202920192465
2023;2023-20;Bento Gonçalves;1;2023;418;23.923444976076553
2023;2023-20;Boa Vista;1;2023;575;17.391304347826086
2023;2023-20;Bragança Paulista;0;2023;43;0.0
2023;2023-20;Brumado;1;2023;249;40.16064257028112
2023;2023-20;Camacan;0;2023;2;0.0
2023;2023-20;Campina Grande;2;2023;2397;8.343763037129746
2023;2023-20;Campo Belo;0;2023;53;0.0
2023;2023-20;Campos dos Goytacazes;1;2023;711;14.064697609001406
2023;2023-20;Caratinga;4;2023;490;81.6326530612245
2023;2023-20;Carazinho;0;2023;43;0.0
2023;2023-20;Cascavel;0;2023;21;0.0
2023;2023-20;Catalão;0;2023;341;0.0
2023;2023-20;Caxias do Sul;4;2023;2081;19.221528111484865
2023;2023-20;Conceição do Coité;0;2023;26;0.0
2023;2023-20;Cruz Alta;5;2023;329;151.9756838905775
2023;2023-20;Curitiba;113;2023;14630;77.23855092276145
2023;2023-20;Curitibanos;0;2023;14;0.0
2023;2023-20;Distrito Federal;77;2023;12157;63.337994571029036
2023;2023-20;Eunápolis - Porto Seguro;0;2023;26;0.0
2023;2023-20;Frederico Westphalen;2;2023;312;64.1025641025641
2023;2023-20;Goiana ¿ Timbaúba;1;2023;371;26.954177897574127
2023;2023-20;Guarabira;0;2023;90;0.0
2023;2023-20;Guarapuava;0;2023;11;0.0
2023;2023-20;Gurupi;0;2023;9;0.0
2023;2023-20;Ijuí;5;2023;584;85.61643835616438
2023;2023-20;Imperatriz;0;2023;33;0.0
2023;2023-20;Itacoatiara;0;2023;34;0.0
2023;2023-20;Jaú;0;2023;69;0.0
2023;2023-20;Ji-Paraná;0;2023;7;0.0
2023;2023-20;Joaçaba - Herval d'Oeste;0;2023;321;0.0
2023;2023-20;Joinville;0;2023;67;0.0
2023;2023-20;Juiz de Fora;8;2023;3206;24.95321272613849
2023;2023-20;Linhares;8;2023;944;84.7457627118644
2023;2023-20;Maceió;0;2023;33;0.0
2023;2023-20;Manaus;20;2023;4170;47.961630695443645
2023;2023-20;Mantena;0;2023;118;0.0
2023;2023-20;Maringá;12;2023;3167;37.890748342279764
2023;2023-20;Marília;4;2023;1376;29.069767441860463
2023;2023-20;Mossoró;0;2023;18;0.0
2023;2023-20;Natal;0;2023;13;0.0
2023;2023-20;Nazaré ¿ Maragogipe;0;2023;73;0.0
2023;2023-20;Nova Prata - Guaporé;1;2023;295;33.898305084745765
2023;2023-20;Oliveira;0;2023;551;0.0
2023;2023-20;Passo Fundo;15;2023;848;176.88679245283018
2023;2023-20;Passos;3;2023;651;46.08294930875576
2023;2023-20;Patos;0;2023;37;0.0
2023;2023-20;Pinheiro;0;2023;37;0.0
2023;2023-20;Pirapora;2;2023;219;91.32420091324201
2023;2023-20;Piumhi;0;2023;33;0.0
2023;2023-20;Ponte Nova;0;2023;14;0.0
2023;2023-20;Porto Alegre;163;2023;12769;127.65290938992874
2023;2023-20;Princesa Isabel;0;2023;26;0.0
2023;2023-20;Quirinópolis;1;2023;96;104.16666666666666
2023;2023-20;Resende;0;2023;446;0.0
2023;2023-20;Ribeirão Preto;14;2023;4491;31.173458027165445
2023;2023-20;Rio Claro;0;2023;626;0.0
2023;2023-20;Rio de Janeiro;221;2023;33698;65.58252715294677
2023;2023-20;Russas - Limoeiro do Norte;1;2023;865;11.560693641618498
2023;2023-20;Salvador;77;2023;12106;63.60482405418801
2023;2023-20;Santa Cruz do Sul;2;2023;843;23.72479240806643
2023;2023-20;Santa Inês;2;2023;94;212.7659574468085
2023;2023-20;Santa Maria;11;2023;1033;106.48596321393998
2023;2023-20;Santa Maria da Vitoria;0;2023;4;0.0
2023;2023-20;Santana do Livramento;1;2023;109;91.74311926605505
2023;2023-20;Santos;2;2023;1077;18.570102135561747
2023;2023-20;Serra Talhada;0;2023;36;0.0
2023;2023-20;Soledade;0;2023;136;0.0
2023;2023-20;São Miguel do Oeste;0;2023;295;0.0
2023;2023-20;São Paulo;387;2023;64323;60.165104239541066
2023;2023-20;Teófilo Otoni;4;2023;689;58.055152394775035
2023;2023-20;Toledo;0;2023;69;0.0
2023;2023-20;Uberaba;9;2023;1379;65.26468455402465
2023;2023-20;Uberlândia;33;2023;3380;97.63313609467455
2023;2023-20;Uruguaiana;2;2023;182;109.8901098901099
2023;2023-20;Valença;0;2023;13;0.0
2023;2023-20;Vitória;0;2023;58;0.0
2023;2023-20;Vitória da Conquista;0;2023;30;0.0
2023;2023-20;Volta Redonda - Barra Mansa;2;2023;1794;11.148272017837234
2023;2023-21;Afonso Cláudio - Venda Nova do Imigrante - Santa Maria de Jetibá;2;2023;866;23.094688221709006
2023;2023-21;Alegre;1;2023;390;25.641025641025642
2023;2023-21;Araranguá;3;2023;501;59.880239520958085
2023;2023-21;Atalaia;0;2023;2;0.0
2023;2023-21;Bagé;0;2023;202;0.0
2023;2023-21;Belo Horizonte;230;2023;22675;101.43329658213892
2023;2023-21;Belém;19;2023;6027;31.524805043968808
2023;2023-21;Bento Gonçalves;5;2023;418;119.61722488038278
2023;2023-21;Boa Vista;1;2023;575;17.391304347826086
2023;2023-21;Bragança Paulista;0;2023;43;0.0
2023;2023-21;Brumado;0;2023;249;0.0
2023;2023-21;Camacan;0;2023;2;0.0
2023;2023-21;Campina Grande;6;2023;2397;25.03128911138924
2023;2023-21;Campo Belo;0;2023;53;0.0
2023;2023-21;Campos dos Goytacazes;1;2023;711;14.064697609001406
2023;2023-21;Caratinga;2;2023;490;40.81632653061225
2023;2023-21;Carazinho;0;2023;43;0.0
2023;2023-21;Cascavel;0;2023;21;0.0
2023;2023-21;Catalão;0;2023;341;0.0
2023;2023-21;Caxias do Sul;11;2023;2081;52.85920230658338
2023;2023-21;Conceição do Coité;0;2023;26;0.0
2023;2023-21;Cruz Alta;1;2023;329;30.3951367781155
2023;2023-21;Curitiba;89;2023;14630;60.8339029391661
2023;2023-21;Curitibanos;0;2023;14;0.0
2023;2023-21;Distrito Federal;62;2023;12157;50.99942420004935
2023;2023-21;Eunápolis - Porto Seguro;0;2023;26;0.0
2023;2023-21;Frederico Westphalen;4;2023;312;128.2051282051282
2023;2023-21;Goiana ¿ Timbaúba;0;2023;371;0.0
2023;2023-21;Guarabira;0;2023;90;0.0
2023;2023-21;Guarapuava;0;2023;11;0.0
2023;2023-21;Gurupi;0;2023;9;0.0
2023;2023-21;Ijuí;5;2023;584;85.61643835616438
2023;2023-21;Imperatriz;0;2023;33;0.0
2023;2023-21;Itacoatiara;0;2023;34;0.0
2023;2023-21;Jaú;0;2023;69;0.0
2023;2023-21;Ji-Paraná;0;2023;7;0.0
2023;2023-21;Joaçaba - Herval d'Oeste;1;2023;321;31.15264797507788
2023;2023-21;Joinville;0;2023;67;0.0
2023;2023-21;Juiz de Fora;12;2023;3206;37.42981908920773
2023;2023-21;Linhares;5;2023;944;52.96610169491525
2023;2023-21;Maceió;0;2023;33;0.0
2023;2023-21;Manaus;23;2023;4170;55.1558752997602
2023;2023-21;Mantena;5;2023;118;423.728813559322
2023;2023-21;Maringá;22;2023;3167;69.46637196084623
2023;2023-21;Marília;5;2023;1376;36.33720930232558
2023;2023-21;Mossoró;0;2023;18;0.0
2023;2023-21;Natal;0;2023;13;0.0
2023;2023-21;Nazaré ¿ Maragogipe;0;2023;73;0.0
2023;2023-21;Nova Prata - Guaporé;0;2023;295;0.0
2023;2023-21;Oliveira;4;2023;551;72.59528130671507
2023;2023-21;Passo Fundo;7;2023;848;82.54716981132076
2023;2023-21;Passos;5;2023;651;76.80491551459293
2023;2023-21;Patos;0;2023;37;0.0
2023;2023-21;Pinheiro;0;2023;37;0.0
2023;2023-21;Pirapora;7;2023;219;319.634703196347
2023;2023-21;Piumhi;0;2023;33;0.0
2023;2023-21;Ponte Nova;0;2023;14;0.0
2023;2023-21;Porto Alegre;162;2023;12769;126.86976270655494
2023;2023-21;Princesa Isabel;0;2023;26;0.0
2023;2023-21;Quirinópolis;0;2023;96;0.0
2023;2023-21;Resende;1;2023;446;22.42152466367713
2023;2023-21;Ribeirão Preto;7;2023;4491;15.586729013582723
2023;2023-21;Rio Claro;0;2023;626;0.0
2023;2023-21;Rio de Janeiro;215;2023;33698;63.802006053771734
2023;2023-21;Russas - Limoeiro do Norte;0;2023;865;0.0
2023;2023-21;Salvador;92;2023;12106;75.99537419461424
2023;2023-21;Santa Cruz do Sul;5;2023;843;59.31198102016607
2023;2023-21;Santa Inês;1;2023;94;106.38297872340425
2023;2023-21;Santa Maria;9;2023;1033;87.12487899322363
2023;2023-21;Santa Maria da Vitoria;0;2023;4;0.0
2023;2023-21;Santana do Livramento;1;2023;109;91.74311926605505
2023;2023-21;Santos;2;2023;1077;18.570102135561747
2023;2023-21;Serra Talhada;0;2023;36;0.0
2023;2023-21;Soledade;0;2023;136;0.0
2023;2023-21;São Miguel do Oeste;1;2023;295;33.898305084745765
2023;2023-21;São Paulo;255;2023;64323;39.643673336131705
2023;2023-21;Teófilo Otoni;1;2023;689;14.513788098693759
2023;2023-21;Toledo;0;2023;69;0.0
2023;2023-21;Uberaba;5;2023;1379;36.25815808556926
2023;2023-21;Uberlândia;26;2023;3380;76.92307692307693
2023;2023-21;Uruguaiana;6;2023;182;329.6703296703297
2023;2023-21;Valença;0;2023;13;0.0
2023;2023-21;Vitória;0;2023;58;0.0
2023;2023-21;Vitória da Conquista;0;2023;30;0.0
2023;2023-21;Volta Redonda - Barra Mansa;3;2023;1794;16.722408026755854
2023;2023-22;Afonso Cláudio - Venda Nova do Imigrante - Santa Maria de Jetibá;3;2023;866;34.64203233256351
2023;2023-22;Alegre;2;2023;390;51.282051282051285
2023;2023-22;Araranguá;3;2023;501;59.880239520958085
2023;2023-22;Atalaia;0;2023;2;0.0
2023;2023-22;Bagé;0;2023;202;0.0
2023;2023-22;Belo Horizonte;160;2023;22675;70.56229327453143
2023;2023-22;Belém;24;2023;6027;39.82080637132902
2023;2023-22;Bento Gonçalves;0;2023;418;0.0
2023;2023-22;Boa Vista;3;2023;575;52.173913043478265
2023;2023-22;Bragança Paulista;0;2023;43;0.0
2023;2023-22;Brumado;7;2023;249;281.12449799196787
2023;2023-22;Camacan;0;2023;2;0.0
2023;2023-22;Campina Grande;4;2023;2397;16.68752607425949
2023;2023-22;Campo Belo;0;2023;53;0.0
2023;2023-22;Campos dos Goytacazes;0;2023;711;0.0
2023;2023-22;Caratinga;0;2023;490;0.0
2023;2023-22;Carazinho;0;2023;43;0.0
2023;2023-22;Cascavel;0;2023;21;0.0
2023;2023-22;Catalão;1;2023;341;29.325513196480937
2023;2023-22;Caxias do Sul;5;2023;2081;24.02691013935608
2023;2023-22;Conceição do Coité;0;2023;26;0.0
2023;2023-22;Cruz Alta;2;2023;329;60.790273556231
2023;2023-22;Curitiba;80;2023;14630;54.68215994531784
2023;2023-22;Curitibanos;0;2023;14;0.0
2023;2023-22;Distrito Federal;62;2023;12157;50.99942420004935
2023;2023-22;Eunápolis - Porto Seguro;0;2023;26;0.0
2023;2023-22;Frederico Westphalen;1;2023;312;32.05128205128205
2023;2023-22;Goiana ¿ Timbaúba;1;2023;371;26.954177897574127
2023;2023-22;Guarabira;0;2023;90;0.0
2023;2023-22;Guarapuava;0;2023;11;0.0
2023;2023-22;Gurupi;0;2023;9;0.0
2023;2023-22;Ijuí;8;2023;584;136.986301369863
2023;2023-22;Imperatriz;0;2023;33;0.0
2023;2023-22;Itacoatiara;0;2023;34;0.0
2023;2023-22;Jaú;0;2023;69;0.0
2023;2023-22;Ji-Paraná;0;2023;7;0.0
2023;2023-22;Joaçaba - Herval d'Oeste;0;2023;321;0.0
2023;2023-22;Joinville;0;2023;67;0.0
2023;2023-22;Juiz de Fora;1;2023;3206;3.119151590767311
2023;2023-22;Linhares;3;2023;944;31.779661016949156
2023;2023-22;Maceió;0;2023;33;0.0
2023;2023-22;Manaus;16;2023;4170;38.36930455635492
2023;2023-22;Mantena;1;2023;118;84.7457627118644
2023;2023-22;Maringá;11;2023;3167;34.733185980423116
2023;2023-22;Marília;2;2023;1376;14.534883720930232
2023;2023-22;Mossoró;0;2023;18;0.0
2023;2023-22;Natal;0;2023;13;0.0
2023;2023-22;Nazaré ¿ Maragogipe;1;2023;73;136.986301369863
2023;2023-22;Nova Prata - Guaporé;1;2023;295;33.898305084745765
2023;2023-22;Oliveira;1;2023;551;18.148820326678766
2023;2023-22;Passo Fundo;11;2023;848;129.7169811320755
2023;2023-22;Passos;2;2023;651;30.721966205837173
2023;2023-22;Patos;0;2023;37;0.0
2023;2023-22;Pinheiro;0;2023;37;0.0
2023;2023-22;Pirapora;7;2023;219;319.634703196347
2023;2023-22;Piumhi;0;2023;33;0.0
2023;2023-22;Ponte Nova;0;2023;14;0.0
2023;2023-22;Porto Alegre;135;2023;12769;105.72480225546245
2023;2023-22;Princesa Isabel;0;2023;26;0.0
2023;2023-22;Quirinópolis;0;2023;96;0.0
2023;2023-22;Resende;0;2023;446;0.0
2023;2023-22;Ribeirão Preto;8;2023;4491;17.81340458695168
2023;2023-22;Rio Claro;0;2023;626;0.0
2023;2023-22;Rio de Janeiro;153;2023;33698;45.40328802896314
2023;2023-22;Russas - Limoeiro do Norte;0;2023;865;0.0
2023;2023-22;Salvador;89;2023;12106;73.51726416652899
2023;2023-22;Santa Cruz do Sul;3;2023;843;35.587188612099645
2023;2023-22;Santa Inês;0;2023;94;0.0
2023;2023-22;Santa Maria;9;2023;1033;87.12487899322363
2023;2023-22;Santa Maria da Vitoria;0;2023;4;0.0
2023;2023-22;Santana do Livramento;0;2023;109;0.0
2023;2023-22;Santos;1;2023;1077;9.285051067780874
2023;2023-22;Serra Talhada;0;2023;36;0.0
2023;2023-22;Soledade;0;2023;136;0.0
2023;2023-22;São Miguel do Oeste;1;2023;295;33.898305084745765
2023;2023-22;São Paulo;215;2023;64323;33.42505791085615
2023;2023-22;Teófilo Otoni;0;2023;689;0.0
2023;2023-22;Toledo;0;2023;69;0.0
2023;2023-22;Uberaba;5;2023;1379;36.25815808556926
2023;2023-22;Uberlândia;16;2023;3380;47.337278106508876
2023;2023-22;Uruguaiana;0;2023;182;0.0
2023;2023-22;Valença;0;2023;13;0.0
2023;2023-22;Vitória;0;2023;58;0.0
2023;2023-22;Vitória da Conquista;0;2023;30;0.0
2023;2023-22;Volta Redonda - Barra Mansa;2;2023;1794;11.148272017837234
2023;2023-23;Afonso Cláudio - Venda Nova do Imigrante - Santa Maria de Jetibá;3;2023;866;34.64203233256351
2023;2023-23;Alegre;1;2023;390;25.641025641025642
2023;2023-23;Araranguá;1;2023;501;19.96007984031936
2023;2023-23;Atalaia;0;2023;2;0.0
2023;2023-23;Bagé;0;2023;202;0.0
2023;2023-23;Belo Horizonte;97;2023;22675;42.77839029768467
2023;2023-23;Belém;6;2023;6027;9.955201592832255
2023;2023-23;Bento Gonçalves;0;2023;418;0.0
2023;2023-23;Boa Vista;0;2023;575;0.0
2023;2023-23;Bragança Paulista;0;2023;43;0.0
2023;2023-23;Brumado;0;2023;249;0.0
2023;2023-23;Camacan;0;2023;2;0.0
2023;2023-23;Campina Grande;2;2023;2397;8.343763037129746
2023;2023-23;Campo Belo;0;2023;53;0.0
2023;2023-23;Campos dos Goytacazes;0;2023;711;0.0
2023;2023-23;Caratinga;1;2023;490;20.408163265306126
2023;2023-23;Carazinho;0;2023;43;0.0
2023;2023-23;Cascavel;0;2023;21;0.0
2023;2023-23;Catalão;0;2023;341;0.0
2023;2023-23;Caxias do Sul;6;2023;2081;28.832292167227294
2023;2023-23;Conceição do Coité;0;2023;26;0.0
2023;2023-23;Cruz Alta;2;2023;329;60.790273556231
2023;2023-23;Curitiba;74;2023;14630;50.58099794941901
2023;2023-23;Curitibanos;0;2023;14;0.0
2023;2023-23;Distrito Federal;42;2023;12157;34.54799703874311
2023;2023-23;Eunápolis - Porto Seguro;0;2023;26;0.0
2023;2023-23;Frederico Westphalen;2;2023;312;64.1025641025641
2023;2023-23;Goiana ¿ Timbaúba;0;2023;371;0.0
2023;2023-23;Guarabira;0;2023;90;0.0
2023;2023-23;Guarapuava;0;2023;11;0.0
2023;2023-23;Gurupi;0;2023;9;0.0
2023;2023-23;Ijuí;2;2023;584;34.24657534246575
2023;2023-23;Imperatriz;0;2023;33;0.0
2023;2023-23;Itacoatiara;0;2023;34;0.0
2023;2023-23;Jaú;0;2023;69;0.0
2023;2023-23;Ji-Paraná;0;2023;7;0.0
2023;2023-23;Joaçaba - Herval d'Oeste;1;2023;321;31.15264797507788
2023;2023-23;Joinville;1;2023;67;149.2537313432836
2023;2023-23;Juiz de Fora;4;2023;3206;12.476606363069244
2023;2023-23;Linhares;1;2023;944;10.59322033898305
2023;2023-23;Maceió;0;2023;33;0.0
2023;2023-23;Manaus;18;2023;4170;43.16546762589928
2023;2023-23;Mantena;0;2023;118;0.0
2023;2023-23;Maringá;12;2023;3167;37.890748342279764
2023;2023-23;Marília;5;2023;1376;36.33720930232558
2023;2023-23;Mossoró;0;2023;18;0.0
2023;2023-23;Natal;0;2023;13;0.0
2023;2023-23;Nazaré ¿ Maragogipe;0;2023;73;0.0
2023;2023-23;Nova Prata - Guaporé;0;2023;295;0.0
2023;2023-23;Oliveira;0;2023;551;0.0
2023;2023-23;Passo Fundo;5;2023;848;58.9622641509434
2023;2023-23;Passos;1;2023;651;15.360983102918587
2023;2023-23;Patos;0;2023;37;0.0
2023;2023-23;Pinheiro;0;2023;37;0.0
2023;2023-23;Pirapora;4;2023;219;182.64840182648402
2023;2023-23;Piumhi;0;2023;33;0.0
2023;2023-23;Ponte Nova;0;2023;14;0.0
2023;2023-23;Porto Alegre;84;2023;12769;65.78432140339886
2023;2023-23;Princesa Isabel;0;2023;26;0.0
2023;2023-23;Quirinópolis;0;2023;96;0.0
2023;2023-23;Resende;1;2023;446;22.42152466367713
2023;2023-23;Ribeirão Preto;4;2023;4491;8.90670229347584
2023;2023-23;Rio Claro;0;2023;626;0.0
2023;2023-23;Rio de Janeiro;149;2023;33698;44.21627396284646
2023;2023-23;Russas - Limoeiro do Norte;1;2023;865;11.560693641618498
2023;2023-23;Salvador;83;2023;12106;68.56104411035851
2023;2023-23;Santa Cruz do Sul;7;2023;843;83.0367734282325
2023;2023-23;Santa Inês;0;2023;94;0.0
2023;2023-23;Santa Maria;9;2023;1033;87.12487899322363
2023;2023-23;Santa Maria da Vitoria;0;2023;4;0.0
2023;2023-23;Santana do Livramento;0;2023;109;0.0
2023;2023-23;Santos;2;2023;1077;18.570102135561747
2023;2023-23;Serra Talhada;0;2023;36;0.0
2023;2023-23;Soledade;0;2023;136;0.0
2023;2023-23;São Miguel do Oeste;2;2023;295;67.79661016949153
2023;2023-23;São Paulo;160;2023;64323;24.87446170110225
2023;2023-23;Teófilo Otoni;1;2023;689;14.513788098693759
2023;2023-23;Toledo;0;2023;69;0.0
2023;2023-23;Uberaba;2;2023;1379;14.5032632342277
2023;2023-23;Uberlândia;8;2023;3380;23.668639053254438
2023;2023-23;Uruguaiana;1;2023;182;54.94505494505495
2023;2023-23;Valença;0;2023;13;0.0
2023;2023-23;Vitória;0;2023;58;0.0
2023;2023-23;Vitória da Conquista;0;2023;30;0.0
2023;2023-23;Volta Redonda - Barra Mansa;0;2023;1794;0.0
2023;2023-24;Afonso Cláudio - Venda Nova do Imigrante - Santa Maria de Jetibá;1;2023;866;11.547344110854503
2023;2023-24;Alegre;3;2023;390;76.92307692307693
2023;2023-24;Araranguá;2;2023;501;39.92015968063872
2023;2023-24;Atalaia;0;2023;2;0.0
2023;2023-24;Bagé;0;2023;202;0.0
2023;2023-24;Belo Horizonte;80;2023;22675;35.281146637265714
2023;2023-24;Belém;15;2023;6027;24.888003982080637
2023;2023-24;Bento Gonçalves;0;2023;418;0.0
2023;2023-24;Boa Vista;0;2023;575;0.0
2023;2023-24;Bragança Paulista;0;2023;43;0.0
2023;2023-24;Brumado;0;2023;249;0.0
2023;2023-24;Camacan;0;2023;2;0.0
2023;2023-24;Campina Grande;3;2023;2397;12.51564455569462
2023;2023-24;Campo Belo;0;2023;53;0.0
2023;2023-24;Campos dos Goytacazes;2;2023;711;28.129395218002813
2023;2023-24;Caratinga;1;2023;490;20.408163265306126
2023;2023-24;Carazinho;0;2023;43;0.0
2023;2023-24;Cascavel;0;2023;21;0.0
2023;2023-24;Catalão;1;2023;341;29.325513196480937
2023;2023-24;Caxias do Sul;9;2023;2081;43.24843825084094
2023;2023-24;Conceição do Coité;0;2023;26;0.0
2023;2023-24;Cruz Alta;1;2023;329;30.3951367781155
2023;2023-24;Curitiba;61;2023;14630;41.69514695830485
2023;2023-24;Curitibanos;0;2023;14;0.0
2023;2023-24;Distrito Federal;52;2023;12157;42.77371061939623
2023;2023-24;Eunápolis - Porto Seguro;0;2023;26;0.0
2023;2023-24;Frederico Westphalen;1;2023;312;32.05128205128205
2023;2023-24;Goiana ¿ Timbaúba;0;2023;371;0.0
2023;2023-24;Guarabira;0;2023;90;0.0
2023;2023-24;Guarapuava;0;2023;11;0.0
2023;2023-24;Gurupi;0;2023;9;0.0
2023;2023-24;Ijuí;2;2023;584;34.24657534246575
2023;2023-24;Imperatriz;0;2023;33;0.0
2023;2023-24;Itacoatiara;0;2023;34;0.0
2023;2023-24;Jaú;0;2023;69;0.0
2023;2023-24;Ji-Paraná;0;2023;7;0.0
2023;2023-24;Joaçaba - Herval d'Oeste;0;2023;321;0.0
2023;2023-24;Joinville;0;2023;67;0.0
2023;2023-24;Juiz de Fora;2;2023;3206;6.238303181534622
2023;2023-24;Linhares;2;2023;944;21.1864406779661
2023;2023-24;Maceió;0;2023;33;0.0
2023;2023-24;Manaus;10;2023;4170;23.980815347721823
2023;2023-24;Mantena;0;2023;118;0.0
2023;2023-24;Maringá;7;2023;3167;22.102936532996527
2023;2023-24;Marília;3;2023;1376;21.802325581395348
2023;2023-24;Mossoró;0;2023;18;0.0
2023;2023-24;Natal;0;2023;13;0.0
2023;2023-24;Nazaré ¿ Maragogipe;0;2023;73;0.0
2023;2023-24;Nova Prata - Guaporé;0;2023;295;0.0
2023;2023-24;Oliveira;3;2023;551;54.44646098003629
2023;2023-24;Passo Fundo;3;2023;848;35.37735849056604
2023;2023-24;Passos;2;2023;651;30.721966205837173
2023;2023-24;Patos;0;2023;37;0.0
2023;2023-24;Pinheiro;0;2023;37;0.0
2023;2023-24;Pirapora;5;2023;219;228.31050228310502
2023;2023-24;Piumhi;0;2023;33;0.0
2023;2023-24;Ponte Nova;0;2023;14;0.0
2023;2023-24;Porto Alegre;61;2023;12769;47.77194768580156
2023;2023-24;Princesa Isabel;0;2023;26;0.0
2023;2023-24;Quirinópolis;0;2023;96;0.0
2023;2023-24;Resende;0;2023;446;0.0
2023;2023-24;Ribeirão Preto;9;2023;4491;20.040080160320638
2023;2023-24;Rio Claro;1;2023;626;15.974440894568689
2023;2023-24;Rio de Janeiro;155;2023;33698;45.996795062021484
2023;2023-24;Russas - Limoeiro do Norte;3;2023;865;34.68208092485549
2023;2023-24;Salvador;112;2023;12106;92.51610771518256
2023;2023-24;Santa Cruz do Sul;0;2023;843;0.0
2023;2023-24;Santa Inês;0;2023;94;0.0
2023;2023-24;Santa Maria;9;2023;1033;87.12487899322363
2023;2023-24;Santa Maria da Vitoria;0;2023;4;0.0
2023;2023-24;Santana do Livramento;1;2023;109;91.74311926605505
2023;2023-24;Santos;1;2023;1077;9.285051067780874
2023;2023-24;Serra Talhada;0;2023;36;0.0
2023;2023-24;Soledade;0;2023;136;0.0
2023;2023-24;São Miguel do Oeste;1;2023;295;33.898305084745765
2023;2023-24;São Paulo;158;2023;64323;24.56353092983847
2023;2023-24;Teófilo Otoni;2;2023;689;29.027576197387518
2023;2023-24;Toledo;1;2023;69;144.92753623188406
2023;2023-24;Uberaba;0;2023;1379;0.0
2023;2023-24;Uberlândia;9;2023;3380;26.62721893491124
2023;2023-24;Uruguaiana;1;2023;182;54.94505494505495
2023;2023-24;Valença;0;2023;13;0.0
2023;2023-24;Vitória;0;2023;58;0.0
2023;2023-24;Vitória da Conquista;0;2023;30;0.0
2023;2023-24;Volta Redonda - Barra Mansa;4;2023;1794;22.29654403567447
2023;2023-25;Afonso Cláudio - Venda Nova do Imigrante - Santa Maria de Jetibá;0;2023;866;0.0
2023;2023-25;Alegre;0;2023;390;0.0
2023;2023-25;Araranguá;1;2023;501;19.96007984031936
2023;2023-25;Atalaia;0;2023;2;0.0
2023;2023-25;Bagé;1;2023;202;49.504950495049506
2023;2023-25;Belo Horizonte;84;2023;22675;37.04520396912899
2023;2023-25;Belém;18;2023;6027;29.865604778496767
2023;2023-25;Bento Gonçalves;0;2023;418;0.0
2023;2023-25;Boa Vista;0;2023;575;0.0
2023;2023-25;Bragança Paulista;0;2023;43;0.0
2023;2023-25;Brumado;0;2023;249;0.0
2023;2023-25;Camacan;0;2023;2;0.0
2023;2023-25;Campina Grande;1;2023;2397;4.171881518564873
2023;2023-25;Campo Belo;0;2023;53;0.0
2023;2023-25;Campos dos Goytacazes;1;2023;711;14.064697609001406
2023;2023-25;Caratinga;0;2023;490;0.0
2023;2023-25;Carazinho;0;2023;43;0.0
2023;2023-25;Cascavel;0;2023;21;0.0
2023;2023-25;Catalão;0;2023;341;0.0
2023;2023-25;Caxias do Sul;4;2023;2081;19.221528111484865
2023;2023-25;Conceição do Coité;0;2023;26;0.0
2023;2023-25;Cruz Alta;3;2023;329;91.1854103343465
2023;2023-25;Curitiba;52;2023;14630;35.543403964456594
2023;2023-25;Curitibanos;0;2023;14;0.0
2023;2023-25;Distrito Federal;47;2023;12157;38.66085382906967
2023;2023-25;Eunápolis - Porto Seguro;0;2023;26;0.0
2023;2023-25;Frederico Westphalen;0;2023;312;0.0
2023;2023-25;Goiana ¿ Timbaúba;0;2023;371;0.0
2023;2023-25;Guarabira;0;2023;90;0.0
2023;2023-25;Guarapuava;0;2023;11;0.0
2023;2023-25;Gurupi;0;2023;9;0.0
2023;2023-25;Ijuí;7;2023;584;119.86301369863013
2023;2023-25;Imperatriz;0;2023;33;0.0
2023;2023-25;Itacoatiara;0;2023;34;0.0
2023;2023-25;Jaú;0;2023;69;0.0
2023;2023-25;Ji-Paraná;0;2023;7;0.0
2023;2023-25;Joaçaba - Herval d'Oeste;0;2023;321;0.0
2023;2023-25;Joinville;0;2023;67;0.0
2023;2023-25;Juiz de Fora;6;2023;3206;18.714909544603866
2023;2023-25;Linhares;7;2023;944;74.15254237288136
2023;2023-25;Maceió;0;2023;33;0.0
2023;2023-25;Manaus;13;2023;4170;31.175059952038367
2023;2023-25;Mantena;0;2023;118;0.0
2023;2023-25;Maringá;4;2023;3167;12.630249447426586
2023;2023-25;Marília;3;2023;1376;21.802325581395348
2023;2023-25;Mossoró;0;2023;18;0.0
2023;2023-25;Natal;0;2023;13;0.0
2023;2023-25;Nazaré ¿ Maragogipe;0;2023;73;0.0
2023;2023-25;Nova Prata - Guaporé;0;2023;295;0.0
2023;2023-25;Oliveira;1;2023;551;18.148820326678766
2023;2023-25;Passo Fundo;4;2023;848;47.16981132075472
2023;2023-25;Passos;0;2023;651;0.0
2023;2023-25;Patos;0;2023;37;0.0
2023;2023-25;Pinheiro;0;2023;37;0.0
2023;2023-25;Pirapora;8;2023;219;365.29680365296804
2023;2023-25;Piumhi;0;2023;33;0.0
2023;2023-25;Ponte Nova;0;2023;14;0.0
2023;2023-25;Porto Alegre;50;2023;12769;39.15733416868979
2023;2023-25;Princesa Isabel;0;2023;26;0.0
2023;2023-25;Quirinópolis;0;2023;96;0.0
2023;2023-25;Resende;0;2023;446;0.0
2023;2023-25;Ribeirão Preto;6;2023;4491;13.360053440213761
2023;2023-25;Rio Claro;0;2023;626;0.0
2023;2023-25;Rio de Janeiro;129;2023;33698;38.28120363226304
2023;2023-25;Russas - Limoeiro do Norte;3;2023;865;34.68208092485549
2023;2023-25;Salvador;108;2023;12106;89.2119610110689
2023;2023-25;Santa Cruz do Sul;2;2023;843;23.72479240806643
2023;2023-25;Santa Inês;0;2023;94;0.0
2023;2023-25;Santa Maria;10;2023;1033;96.80542110358179
2023;2023-25;Santa Maria da Vitoria;0;2023;4;0.0
2023;2023-25;Santana do Livramento;0;2023;109;0.0
2023;2023-25;Santos;0;2023;1077;0.0
2023;2023-25;Serra Talhada;0;2023;36;0.0
2023;2023-25;Soledade;0;2023;136;0.0
2023;2023-25;São Miguel do Oeste;0;2023;295;0.0
2023;2023-25;São Paulo;140;2023;64323;21.765153988464466
2023;2023-25;Teófilo Otoni;3;2023;689;43.54136429608128
2023;2023-25;Toledo;0;2023;69;0.0
2023;2023-25;Uberaba;2;2023;1379;14.5032632342277
2023;2023-25;Uberlândia;4;2023;3380;11.834319526627219
2023;2023-25;Uruguaiana;0;2023;182;0.0
2023;2023-25;Valença;0;2023;13;0.0
2023;2023-25;Vitória;0;2023;58;0.0
2023;2023-25;Vitória da Conquista;0;2023;30;0.0
2023;2023-25;Volta Redonda - Barra Mansa;6;2023;1794;33.44481605351171
2023;2023-26;Afonso Cláudio - Venda Nova do Imigrante - Santa Maria de Jetibá;5;2023;866;57.736720554272516
2023;2023-26;Alegre;1;2023;390;25.641025641025642
2023;2023-26;Araranguá;0;2023;501;0.0
2023;2023-26;Atalaia;0;2023;2;0.0
2023;2023-26;Bagé;0;2023;202;0.0
2023;2023-26;Belo Horizonte;75;2023;22675;33.07607497243661
2023;2023-26;Belém;17;2023;6027;28.206404513024722
2023;2023-26;Bento Gonçalves;0;2023;418;0.0
2023;2023-26;Boa Vista;1;2023;575;17.391304347826086
2023;2023-26;Bragança Paulista;0;2023;43;0.0
2023;2023-26;Brumado;0;2023;249;0.0
2023;2023-26;Camacan;0;2023;2;0.0
2023;2023-26;Campina Grande;1;2023;2397;4.171881518564873
2023;2023-26;Campo Belo;0;2023;53;0.0
2023;2023-26;Campos dos Goytacazes;1;2023;711;14.064697609001406
2023;2023-26;Caratinga;0;2023;490;0.0
2023;2023-26;Carazinho;0;2023;43;0.0
2023;2023-26;Cascavel;0;2023;21;0.0
2023;2023-26;Catalão;1;2023;341;29.325513196480937
2023;2023-26;Caxias do Sul;6;2023;2081;28.832292167227294
2023;2023-26;Conceição do Coité;0;2023;26;0.0
2023;2023-26;Cruz Alta;0;2023;329;0.0
2023;2023-26;Curitiba;32;2023;14630;21.872863978127135
2023;2023-26;Curitibanos;0;2023;14;0.0
2023;2023-26;Distrito Federal;27;2023;12157;22.20942666776343
2023;2023-26;Eunápolis - Porto Seguro;0;2023;26;0.0
2023;2023-26;Frederico Westphalen;1;2023;312;32.05128205128205
2023;2023-26;Goiana ¿ Timbaúba;0;2023;371;0.0
2023;2023-26;Guarabira;0;2023;90;0.0
2023;2023-26;Guarapuava;0;2023;11;0.0
2023;2023-26;Gurupi;0;2023;9;0.0
2023;2023-26;Ijuí;0;2023;584;0.0
2023;2023-26;Imperatriz;0;2023;33;0.0
2023;2023-26;Itacoatiara;0;2023;34;0.0
2023;2023-26;Jaú;0;2023;69;0.0
2023;2023-26;Ji-Paraná;0;2023;7;0.0
2023;2023-26;Joaçaba - Herval d'Oeste;0;2023;321;0.0
2023;2023-26;Joinville;0;2023;67;0.0
2023;2023-26;Juiz de Fora;4;2023;3206;12.476606363069244
2023;2023-26;Linhares;5;2023;944;52.96610169491525
2023;2023-26;Maceió;0;2023;33;0.0
2023;2023-26;Manaus;17;2023;4170;40.7673860911271
2023;2023-26;Mantena;1;2023;118;84.7457627118644
2023;2023-26;Maringá;2;2023;3167;6.315124723713293
2023;2023-26;Marília;3;2023;1376;21.802325581395348
2023;2023-26;Mossoró;0;2023;18;0.0
2023;2023-26;Natal;0;2023;13;0.0
2023;2023-26;Nazaré ¿ Maragogipe;0;2023;73;0.0
2023;2023-26;Nova Prata - Guaporé;0;2023;295;0.0
2023;2023-26;Oliveira;1;2023;551;18.148820326678766
2023;2023-26;Passo Fundo;1;2023;848;11.79245283018868
2023;2023-26;Passos;0;2023;651;0.0
2023;2023-26;Patos;0;2023;37;0.0
2023;2023-26;Pinheiro;0;2023;37;0.0
2023;2023-26;Pirapora;7;2023;219;319.634703196347
2023;2023-26;Piumhi;0;2023;33;0.0
2023;2023-26;Ponte Nova;0;2023;14;0.0
2023;2023-26;Porto Alegre;29;2023;12769;22.71125381784008
2023;2023-26;Princesa Isabel;0;2023;26;0.0
2023;2023-26;Quirinópolis;0;2023;96;0.0
2023;2023-26;Resende;0;2023;446;0.0
2023;2023-26;Ribeirão Preto;4;2023;4491;8.90670229347584
2023;2023-26;Rio Claro;0;2023;626;0.0
2023;2023-26;Rio de Janeiro;112;2023;33698;33.23639385126714
2023;2023-26;Russas - Limoeiro do Norte;4;2023;865;46.24277456647399
2023;2023-26;Salvador;97;2023;12106;80.12555757475631
2023;2023-26;Santa Cruz do Sul;1;2023;843;11.862396204033216
2023;2023-26;Santa Inês;0;2023;94;0.0
2023;2023-26;Santa Maria;9;2023;1033;87.12487899322363
2023;2023-26;Santa Maria da Vitoria;0;2023;4;0.0
2023;2023-26;Santana do Livramento;0;2023;109;0.0
2023;2023-26;Santos;2;2023;1077;18.570102135561747
2023;2023-26;Serra Talhada;0;2023;36;0.0
2023;2023-26;Soledade;1;2023;136;73.52941176470588
2023;2023-26;São Miguel do Oeste;0;2023;295;0.0
2023;2023-26;São Paulo;103;2023;64323;16.012934720084573
2023;2023-26;Teófilo Otoni;2;2023;689;29.027576197387518
2023;2023-26;Toledo;0;2023;69;0.0
2023;2023-26;Uberaba;1;2023;1379;7.25163161711385
2023;2023-26;Uberlândia;6;2023;3380;17.75147928994083
2023;2023-26;Uruguaiana;0;2023;182;0.0
2023;2023-26;Valença;0;2023;13;0.0
2023;2023-26;Vitória;0;2023;58;0.0
2023;2023-26;Vitória da Conquista;0;2023;30;0.0
2023;2023-26;Volta Redonda - Barra Mansa;0;2023;1794;0.0
2023;2023-27;Afonso Cláudio - Venda Nova do Imigrante - Santa Maria de Jetibá;3;2023;866;34.64203233256351
2023;2023-27;Alegre;0;2023;390;0.0
2023;2023-27;Araranguá;1;2023;501;19.96007984031936
2023;2023-27;Atalaia;0;2023;2;0.0
2023;2023-27;Bagé;0;2023;202;0.0
2023;2023-27;Belo Horizonte;53;2023;22675;23.373759647188535
2023;2023-27;Belém;18;2023;6027;29.865604778496767
2023;2023-27;Bento Gonçalves;0;2023;418;0.0
2023;2023-27;Boa Vista;1;2023;575;17.391304347826086
2023;2023-27;Bragança Paulista;0;2023;43;0.0
2023;2023-27;Brumado;0;2023;249;0.0
2023;2023-27;Camacan;0;2023;2;0.0
2023;2023-27;Campina Grande;2;2023;2397;8.343763037129746
2023;2023-27;Campo Belo;0;2023;53;0.0
2023;2023-27;Campos dos Goytacazes;2;2023;711;28.129395218002813
2023;2023-27;Caratinga;1;2023;490;20.408163265306126
2023;2023-27;Carazinho;0;2023;43;0.0
2023;2023-27;Cascavel;0;2023;21;0.0
2023;2023-27;Catalão;1;2023;341;29.325513196480937
2023;2023-27;Caxias do Sul;3;2023;2081;14.416146083613647
2023;2023-27;Conceição do Coité;0;2023;26;0.0
2023;2023-27;Cruz Alta;1;2023;329;30.3951367781155
2023;2023-27;Curitiba;29;2023;14630;19.822282980177718
2023;2023-27;Curitibanos;0;2023;14;0.0
2023;2023-27;Distrito Federal;33;2023;12157;27.1448548161553
2023;2023-27;Eunápolis - Porto Seguro;0;2023;26;0.0
2023;2023-27;Frederico Westphalen;0;2023;312;0.0
2023;2023-27;Goiana ¿ Timbaúba;0;2023;371;0.0
2023;2023-27;Guarabira;0;2023;90;0.0
2023;2023-27;Guarapuava;0;2023;11;0.0
2023;2023-27;Gurupi;0;2023;9;0.0
2023;2023-27;Ijuí;0;2023;584;0.0
2023;2023-27;Imperatriz;0;2023;33;0.0
2023;2023-27;Itacoatiara;0;2023;34;0.0
2023;2023-27;Jaú;0;2023;69;0.0
2023;2023-27;Ji-Paraná;0;2023;7;0.0
2023;2023-27;Joaçaba - Herval d'Oeste;3;2023;321;93.45794392523364
2023;2023-27;Joinville;0;2023;67;0.0
2023;2023-27;Juiz de Fora;2;2023;3206;6.238303181534622
2023;2023-27;Linhares;3;2023;944;31.779661016949156
2023;2023-27;Maceió;0;2023;33;0.0
2023;2023-27;Manaus;16;2023;4170;38.36930455635492
2023;2023-27;Mantena;1;2023;118;84.7457627118644
2023;2023-27;Maringá;6;2023;3167;18.945374171139882
2023;2023-27;Marília;3;2023;1376;21.802325581395348
2023;2023-27;Mossoró;0;2023;18;0.0
2023;2023-27;Natal;0;2023;13;0.0
2023;2023-27;Nazaré ¿ Maragogipe;0;2023;73;0.0
2023;2023-27;Nova Prata - Guaporé;1;2023;295;33.898305084745765
2023;2023-27;Oliveira;0;2023;551;0.0
2023;2023-27;Passo Fundo;5;2023;848;58.9622641509434
2023;2023-27;Passos;0;2023;651;0.0
2023;2023-27;Patos;0;2023;37;0.0
2023;2023-27;Pinheiro;0;2023;37;0.0
2023;2023-27;Pirapora;7;2023;219;319.634703196347
2023;2023-27;Piumhi;0;2023;33;0.0
2023;2023-27;Ponte Nova;0;2023;14;0.0
2023;2023-27;Porto Alegre;49;2023;12769;38.374187485316
2023;2023-27;Princesa Isabel;0;2023;26;0.0
2023;2023-27;Quirinópolis;0;2023;96;0.0
2023;2023-27;Resende;0;2023;446;0.0
2023;2023-27;Ribeirão Preto;0;2023;4491;0.0
2023;2023-27;Rio Claro;1;2023;626;15.974440894568689
2023;2023-27;Rio de Janeiro;113;2023;33698;33.53314736779631
2023;2023-27;Russas - Limoeiro do Norte;4;2023;865;46.24277456647399
2023;2023-27;Salvador;100;2023;12106;82.60366760284157
2023;2023-27;Santa Cruz do Sul;3;2023;843;35.587188612099645
2023;2023-27;Santa Inês;0;2023;94;0.0
2023;2023-27;Santa Maria;2;2023;1033;19.36108422071636
2023;2023-27;Santa Maria da Vitoria;0;2023;4;0.0
2023;2023-27;Santana do Livramento;0;2023;109;0.0
2023;2023-27;Santos;0;2023;1077;0.0
2023;2023-27;Serra Talhada;0;2023;36;0.0
2023;2023-27;Soledade;0;2023;136;0.0
2023;2023-27;São Miguel do Oeste;0;2023;295;0.0
2023;2023-27;São Paulo;123;2023;64323;19.122242432722352
2023;2023-27;Teófilo Otoni;1;2023;689;14.513788098693759
2023;2023-27;Toledo;0;2023;69;0.0
2023;2023-27;Uberaba;1;2023;1379;7.25163161711385
2023;2023-27;Uberlândia;12;2023;3380;35.50295857988166
2023;2023-27;Uruguaiana;2;2023;182;109.8901098901099
2023;2023-27;Valença;0;2023;13;0.0
2023;2023-27;Vitória;0;2023;58;0.0
2023;2023-27;Vitória da Conquista;0;2023;30;0.0
2023;2023-27;Volta Redonda - Barra Mansa;4;2023;1794;22.29654403567447
2023;2023-28;Afonso Cláudio - Venda Nova do Imigrante - Santa Maria de Jetibá;1;2023;866;11.547344110854503
2023;2023-28;Alegre;0;2023;390;0.0
2023;2023-28;Araranguá;0;2023;501;0.0
2023;2023-28;Atalaia;0;2023;2;0.0
2023;2023-28;Bagé;0;2023;202;0.0
2023;2023-28;Belo Horizonte;55;2023;22675;24.255788313120178
2023;2023-28;Belém;10;2023;6027;16.592002654720424
2023;2023-28;Bento Gonçalves;0;2023;418;0.0
2023;2023-28;Boa Vista;0;2023;575;0.0
2023;2023-28;Bragança Paulista;0;2023;43;0.0
2023;2023-28;Brumado;1;2023;249;40.16064257028112
2023;2023-28;Camacan;0;2023;2;0.0
2023;2023-28;Campina Grande;3;2023;2397;12.51564455569462
2023;2023-28;Campo Belo;0;2023;53;0.0
2023;2023-28;Campos dos Goytacazes;0;2023;711;0.0
2023;2023-28;Caratinga;1;2023;490;20.408163265306126
2023;2023-28;Carazinho;0;2023;43;0.0
2023;2023-28;Cascavel;0;2023;21;0.0
2023;2023-28;Catalão;0;2023;341;0.0
2023;2023-28;Caxias do Sul;1;2023;2081;4.805382027871216
2023;2023-28;Conceição do Coité;0;2023;26;0.0
2023;2023-28;Cruz Alta;0;2023;329;0.0
2023;2023-28;Curitiba;29;2023;14630;19.822282980177718
2023;2023-28;Curitibanos;0;2023;14;0.0
2023;2023-28;Distrito Federal;22;2023;12157;18.096569877436867
2023;2023-28;Eunápolis - Porto Seguro;0;2023;26;0.0
2023;2023-28;Frederico Westphalen;0;2023;312;0.0
2023;2023-28;Goiana ¿ Timbaúba;0;2023;371;0.0
2023;2023-28;Guarabira;0;2023;90;0.0
2023;2023-28;Guarapuava;0;2023;11;0.0
2023;2023-28;Gurupi;0;2023;9;0.0
2023;2023-28;Ijuí;0;2023;584;0.0
2023;2023-28;Imperatriz;0;2023;33;0.0
2023;2023-28;Itacoatiara;0;2023;34;0.0
2023;2023-28;Jaú;0;2023;69;0.0
2023;2023-28;Ji-Paraná;0;2023;7;0.0
2023;2023-28;Joaçaba - Herval d'Oeste;2;2023;321;62.30529595015576
2023;2023-28;Joinville;0;2023;67;0.0
2023;2023-28;Juiz de Fora;1;2023;3206;3.119151590767311
2023;2023-28;Linhares;2;2023;944;21.1864406779661
2023;2023-28;Maceió;0;2023;33;0.0
2023;2023-28;Manaus;17;2023;4170;40.7673860911271
2023;2023-28;Mantena;0;2023;118;0.0
2023;2023-28;Maringá;1;2023;3167;3.1575623618566464
2023;2023-28;Marília;3;2023;1376;21.802325581395348
2023;2023-28;Mossoró;0;2023;18;0.0
2023;2023-28;Natal;0;2023;13;0.0
2023;2023-28;Nazaré ¿ Maragogipe;0;2023;73;0.0
2023;2023-28;Nova Prata - Guaporé;0;2023;295;0.0
2023;2023-28;Oliveira;0;2023;551;0.0
2023;2023-28;Passo Fundo;1;2023;848;11.79245283018868
2023;2023-28;Passos;0;2023;651;0.0
2023;2023-28;Patos;0;2023;37;0.0
2023;2023-28;Pinheiro;0;2023;37;0.0
2023;2023-28;Pirapora;4;2023;219;182.64840182648402
2023;2023-28;Piumhi;0;2023;33;0.0
2023;2023-28;Ponte Nova;0;2023;14;0.0
2023;2023-28;Porto Alegre;29;2023;12769;22.71125381784008
2023;2023-28;Princesa Isabel;0;2023;26;0.0
2023;2023-28;Quirinópolis;0;2023;96;0.0
2023;2023-28;Resende;0;2023;446;0.0
2023;2023-28;Ribeirão Preto;5;2023;4491;11.1333778668448
2023;2023-28;Rio Claro;0;2023;626;0.0
2023;2023-28;Rio de Janeiro;99;2023;33698;29.378598136387915
2023;2023-28;Russas - Limoeiro do Norte;4;2023;865;46.24277456647399
2023;2023-28;Salvador;94;2023;12106;77.64744754667107
2023;2023-28;Santa Cruz do Sul;0;2023;843;0.0
2023;2023-28;Santa Inês;0;2023;94;0.0
2023;2023-28;Santa Maria;1;2023;1033;9.68054211035818
2023;2023-28;Santa Maria da Vitoria;0;2023;4;0.0
2023;2023-28;Santana do Livramento;0;2023;109;0.0
2023;2023-28;Santos;0;2023;1077;0.0
2023;2023-28;Serra Talhada;0;2023;36;0.0
2023;2023-28;Soledade;0;2023;136;0.0
2023;2023-28;São Miguel do Oeste;0;2023;295;0.0
2023;2023-28;São Paulo;84;2023;64323;13.05909239307868
2023;2023-28;Teófilo Otoni;1;2023;689;14.513788098693759
2023;2023-28;Toledo;0;2023;69;0.0
2023;2023-28;Uberaba;0;2023;1379;0.0
2023;2023-28;Uberlândia;4;2023;3380;11.834319526627219
2023;2023-28;Uruguaiana;0;2023;182;0.0
2023;2023-28;Valença;0;2023;13;0.0
2023;2023-28;Vitória;0;2023;58;0.0
2023;2023-28;Vitória da Conquista;0;2023;30;0.0
2023;2023-28;Volta Redonda - Barra Mansa;4;2023;1794;22.29654403567447
2023;2023-29;Afonso Cláudio - Venda Nova do Imigrante - Santa Maria de Jetibá;0;2023;866;0.0
2023;2023-29;Alegre;0;2023;390;0.0
2023;2023-29;Araranguá;1;2023;501;19.96007984031936
2023;2023-29;Atalaia;0;2023;2;0.0
2023;2023-29;Bagé;0;2023;202;0.0
2023;2023-29;Belo Horizonte;36;2023;22675;15.87651598676957
2023;2023-29;Belém;13;2023;6027;21.569603451136555
2023;2023-29;Bento Gonçalves;0;2023;418;0.0
2023;2023-29;Boa Vista;0;2023;575;0.0
2023;2023-29;Bragança Paulista;0;2023;43;0.0
2023;2023-29;Brumado;1;2023;249;40.16064257028112
2023;2023-29;Camacan;0;2023;2;0.0
2023;2023-29;Campina Grande;3;2023;2397;12.51564455569462
2023;2023-29;Campo Belo;0;2023;53;0.0
2023;2023-29;Campos dos Goytacazes;1;2023;711;14.064697609001406
2023;2023-29;Caratinga;0;2023;490;0.0
2023;2023-29;Carazinho;0;2023;43;0.0
2023;2023-29;Cascavel;0;2023;21;0.0
2023;2023-29;Catalão;0;2023;341;0.0
2023;2023-29;Caxias do Sul;2;2023;2081;9.610764055742433
2023;2023-29;Conceição do Coité;0;2023;26;0.0
2023;2023-29;Cruz Alta;0;2023;329;0.0
2023;2023-29;Curitiba;24;2023;14630;16.404647983595353
2023;2023-29;Curitibanos;0;2023;14;0.0
2023;2023-29;Distrito Federal;29;2023;12157;23.854569383894056
2023;2023-29;Eunápolis - Porto Seguro;0;2023;26;0.0
2023;2023-29;Frederico Westphalen;0;2023;312;0.0
2023;2023-29;Goiana ¿ Timbaúba;0;2023;371;0.0
2023;2023-29;Guarabira;0;2023;90;0.0
2023;2023-29;Guarapuava;0;2023;11;0.0
2023;2023-29;Gurupi;0;2023;9;0.0
2023;2023-29;Ijuí;4;2023;584;68.4931506849315
2023;2023-29;Imperatriz;0;2023;33;0.0
2023;2023-29;Itacoatiara;0;2023;34;0.0
2023;2023-29;Jaú;0;2023;69;0.0
2023;2023-29;Ji-Paraná;0;2023;7;0.0
2023;2023-29;Joaçaba - Herval d'Oeste;0;2023;321;0.0
2023;2023-29;Joinville;0;2023;67;0.0
2023;2023-29;Juiz de Fora;6;2023;3206;18.714909544603866
2023;2023-29;Linhares;1;2023;944;10.59322033898305
2023;2023-29;Maceió;0;2023;33;0.0
2023;2023-29;Manaus;27;2023;4170;64.74820143884892
2023;2023-29;Mantena;0;2023;118;0.0
2023;2023-29;Maringá;3;2023;3167;9.472687085569941
2023;2023-29;Marília;1;2023;1376;7.267441860465116
2023;2023-29;Mossoró;0;2023;18;0.0
2023;2023-29;Natal;0;2023;13;0.0
2023;2023-29;Nazaré ¿ Maragogipe;0;2023;73;0.0
2023;2023-29;Nova Prata - Guaporé;2;2023;295;67.79661016949153
2023;2023-29;Oliveira;2;2023;551;36.29764065335753
2023;2023-29;Passo Fundo;2;2023;848;23.58490566037736
2023;2023-29;Passos;2;2023;651;30.721966205837173
2023;2023-29;Patos;0;2023;37;0.0
2023;2023-29;Pinheiro;0;2023;37;0.0
2023;2023-29;Pirapora;1;2023;219;45.662100456621005
2023;2023-29;Piumhi;0;2023;33;0.0
2023;2023-29;Ponte Nova;0;2023;14;0.0
2023;2023-29;Porto Alegre;13;2023;12769;10.180906883859347
2023;2023-29;Princesa Isabel;0;2023;26;0.0
2023;2023-29;Quirinópolis;0;2023;96;0.0
2023;2023-29;Resende;0;2023;446;0.0
2023;2023-29;Ribeirão Preto;6;2023;4491;13.360053440213761
2023;2023-29;Rio Claro;1;2023;626;15.974440894568689
2023;2023-29;Rio de Janeiro;70;2023;33698;20.77274615704196
2023;2023-29;Russas - Limoeiro do Norte;2;2023;865;23.121387283236995
2023;2023-29;Salvador;99;2023;12106;81.77763092681315
2023;2023-29;Santa Cruz do Sul;0;2023;843;0.0
2023;2023-29;Santa Inês;0;2023;94;0.0
2023;2023-29;Santa Maria;0;2023;1033;0.0
2023;2023-29;Santa Maria da Vitoria;0;2023;4;0.0
2023;2023-29;Santana do Livramento;0;2023;109;0.0
2023;2023-29;Santos;0;2023;1077;0.0
2023;2023-29;Serra Talhada;0;2023;36;0.0
2023;2023-29;Soledade;0;2023;136;0.0
2023;2023-29;São Miguel do Oeste;0;2023;295;0.0
2023;2023-29;São Paulo;83;2023;64323;12.903627007446794
2023;2023-29;Teófilo Otoni;0;2023;689;0.0
2023;2023-29;Toledo;0;2023;69;0.0
2023;2023-29;Uberaba;2;2023;1379;14.5032632342277
2023;2023-29;Uberlândia;5;2023;3380;14.792899408284024
2023;2023-29;Uruguaiana;0;2023;182;0.0
2023;2023-29;Valença;0;2023;13;0.0
2023;2023-29;Vitória;0;2023;58;0.0
2023;2023-29;Vitória da Conquista;0;2023;30;0.0
2023;2023-29;Volta Redonda - Barra Mansa;6;2023;1794;33.44481605351171
2023;2023-30;Afonso Cláudio - Venda Nova do Imigrante - Santa Maria de Jetibá;0;2023;866;0.0
2023;2023-30;Alegre;1;2023;390;25.641025641025642
2023;2023-30;Araranguá;1;2023;501;19.96007984031936
2023;2023-30;Atalaia;0;2023;2;0.0
2023;2023-30;Bagé;0;2023;202;0.0
2023;2023-30;Belo Horizonte;47;2023;22675;20.727673649393605
2023;2023-30;Belém;15;2023;6027;24.888003982080637
2023;2023-30;Bento Gonçalves;0;2023;418;0.0
2023;2023-30;Boa Vista;3;2023;575;52.173913043478265
2023;2023-30;Bragança Paulista;0;2023;43;0.0
2023;2023-30;Brumado;0;2023;249;0.0
2023;2023-30;Camacan;0;2023;2;0.0
2023;2023-30;Campina Grande;3;2023;2397;12.51564455569462
2023;2023-30;Campo Belo;0;2023;53;0.0
2023;2023-30;Campos dos Goytacazes;1;2023;711;14.064697609001406
2023;2023-30;Caratinga;0;2023;490;0.0
2023;2023-30;Carazinho;1;2023;43;232.5581395348837
2023;2023-30;Cascavel;0;2023;21;0.0
2023;2023-30;Catalão;0;2023;341;0.0
2023;2023-30;Caxias do Sul;1;2023;2081;4.805382027871216
2023;2023-30;Conceição do Coité;0;2023;26;0.0
2023;2023-30;Cruz Alta;0;2023;329;0.0
2023;2023-30;Curitiba;25;2023;14630;17.088174982911823
2023;2023-30;Curitibanos;0;2023;14;0.0
2023;2023-30;Distrito Federal;27;2023;12157;22.20942666776343
2023;2023-30;Eunápolis - Porto Seguro;0;2023;26;0.0
2023;2023-30;Frederico Westphalen;1;2023;312;32.05128205128205
2023;2023-30;Goiana ¿ Timbaúba;0;2023;371;0.0
2023;2023-30;Guarabira;0;2023;90;0.0
2023;2023-30;Guarapuava;0;2023;11;0.0
2023;2023-30;Gurupi;0;2023;9;0.0
2023;2023-30;Ijuí;0;2023;584;0.0
2023;2023-30;Imperatriz;0;2023;33;0.0
2023;2023-30;Itacoatiara;0;2023;34;0.0
2023;2023-30;Jaú;0;2023;69;0.0
2023;2023-30;Ji-Paraná;0;2023;7;0.0
2023;2023-30;Joaçaba - Herval d'Oeste;0;2023;321;0.0
2023;2023-30;Joinville;1;2023;67;149.2537313432836
2023;2023-30;Juiz de Fora;0;2023;3206;0.0
2023;2023-30;Linhares;2;2023;944;21.1864406779661
2023;2023-30;Maceió;0;2023;33;0.0
2023;2023-30;Manaus;11;2023;4170;26.378896882494008
2023;2023-30;Mantena;0;2023;118;0.0
2023;2023-30;Maringá;6;2023;3167;18.945374171139882
2023;2023-30;Marília;1;2023;1376;7.267441860465116
2023;2023-30;Mossoró;0;2023;18;0.0
2023;2023-30;Natal;0;2023;13;0.0
2023;2023-30;Nazaré ¿ Maragogipe;0;2023;73;0.0
2023;2023-30;Nova Prata - Guaporé;0;2023;295;0.0
2023;2023-30;Oliveira;2;2023;551;36.29764065335753
2023;2023-30;Passo Fundo;1;2023;848;11.79245283018868
2023;2023-30;Passos;0;2023;651;0.0
2023;2023-30;Patos;0;2023;37;0.0
2023;2023-30;Pinheiro;0;2023;37;0.0
2023;2023-30;Pirapora;4;2023;219;182.64840182648402
2023;2023-30;Piumhi;0;2023;33;0.0
2023;2023-30;Ponte Nova;0;2023;14;0.0
2023;2023-30;Porto Alegre;23;2023;12769;18.012373717597306
2023;2023-30;Princesa Isabel;0;2023;26;0.0
2023;2023-30;Quirinópolis;0;2023;96;0.0
2023;2023-30;Resende;2;2023;446;44.84304932735426
2023;2023-30;Ribeirão Preto;3;2023;4491;6.680026720106881
2023;2023-30;Rio Claro;0;2023;626;0.0
2023;2023-30;Rio de Janeiro;88;2023;33698;26.114309454567035
2023;2023-30;Russas - Limoeiro do Norte;1;2023;865;11.560693641618498
2023;2023-30;Salvador;70;2023;12106;57.8225673219891
2023;2023-30;Santa Cruz do Sul;0;2023;843;0.0
2023;2023-30;Santa Inês;0;2023;94;0.0
2023;2023-30;Santa Maria;2;2023;1033;19.36108422071636
2023;2023-30;Santa Maria da Vitoria;0;2023;4;0.0
2023;2023-30;Santana do Livramento;0;2023;109;0.0
2023;2023-30;Santos;1;2023;1077;9.285051067780874
2023;2023-30;Serra Talhada;0;2023;36;0.0
2023;2023-30;Soledade;0;2023;136;0.0
2023;2023-30;São Miguel do Oeste;0;2023;295;0.0
2023;2023-30;São Paulo;90;2023;64323;13.991884706870016
2023;2023-30;Teófilo Otoni;1;2023;689;14.513788098693759
2023;2023-30;Toledo;0;2023;69;0.0
2023;2023-30;Uberaba;3;2023;1379;21.75489485134155
2023;2023-30;Uberlândia;4;2023;3380;11.834319526627219
2023;2023-30;Uruguaiana;4;2023;182;219.7802197802198
2023;2023-30;Valença;0;2023;13;0.0
2023;2023-30;Vitória;0;2023;58;0.0
2023;2023-30;Vitória da Conquista;0;2023;30;0.0
2023;2023-30;Volta Redonda - Barra Mansa;0;2023;1794;0.0
2023;2023-31;Afonso Cláudio - Venda Nova do Imigrante - Santa Maria de Jetibá;0;2023;866;0.0
2023;2023-31;Alegre;0;2023;390;0.0
2023;2023-31;Araranguá;1;2023;501;19.96007984031936
2023;2023-31;Atalaia;0;2023;2;0.0
2023;2023-31;Bagé;0;2023;202;0.0
2023;2023-31;Belo Horizonte;52;2023;22675;22.932745314222714
2023;2023-31;Belém;7;2023;6027;11.614401858304298
2023;2023-31;Bento Gonçalves;0;2023;418;0.0
2023;2023-31;Boa Vista;0;2023;575;0.0
2023;2023-31;Bragança Paulista;0;2023;43;0.0
2023;2023-31;Brumado;0;2023;249;0.0
2023;2023-31;Camacan;0;2023;2;0.0
2023;2023-31;Campina Grande;2;2023;2397;8.343763037129746
2023;2023-31;Campo Belo;0;2023;53;0.0
2023;2023-31;Campos dos Goytacazes;1;2023;711;14.064697609001406
2023;2023-31;Caratinga;0;2023;490;0.0
2023;2023-31;Carazinho;0;2023;43;0.0
2023;2023-31;Cascavel;0;2023;21;0.0
2023;2023-31;Catalão;0;2023;341;0.0
2023;2023-31;Caxias do Sul;2;2023;2081;9.610764055742433
2023;2023-31;Conceição do Coité;0;2023;26;0.0
2023;2023-31;Cruz Alta;0;2023;329;0.0
2023;2023-31;Curitiba;22;2023;14630;15.037593984962406
2023;2023-31;Curitibanos;0;2023;14;0.0
2023;2023-31;Distrito Federal;21;2023;12157;17.273998519371556
2023;2023-31;Eunápolis - Porto Seguro;0;2023;26;0.0
2023;2023-31;Frederico Westphalen;2;2023;312;64.1025641025641
2023;2023-31;Goiana ¿ Timbaúba;0;2023;371;0.0
2023;2023-31;Guarabira;0;2023;90;0.0
2023;2023-31;Guarapuava;0;2023;11;0.0
2023;2023-31;Gurupi;0;2023;9;0.0
2023;2023-31;Ijuí;3;2023;584;51.36986301369863
2023;2023-31;Imperatriz;0;2023;33;0.0
2023;2023-31;Itacoatiara;0;2023;34;0.0
2023;2023-31;Jaú;0;2023;69;0.0
2023;2023-31;Ji-Paraná;0;2023;7;0.0
2023;2023-31;Joaçaba - Herval d'Oeste;0;2023;321;0.0
2023;2023-31;Joinville;0;2023;67;0.0
2023;2023-31;Juiz de Fora;3;2023;3206;9.357454772301933
2023;2023-31;Linhares;2;2023;944;21.1864406779661
2023;2023-31;Maceió;0;2023;33;0.0
2023;2023-31;Manaus;8;2023;4170;19.18465227817746
2023;2023-31;Mantena;1;2023;118;84.7457627118644
2023;2023-31;Maringá;4;2023;3167;12.630249447426586
2023;2023-31;Marília;0;2023;1376;0.0
2023;2023-31;Mossoró;0;2023;18;0.0
2023;2023-31;Natal;0;2023;13;0.0
2023;2023-31;Nazaré ¿ Maragogipe;0;2023;73;0.0
2023;2023-31;Nova Prata - Guaporé;0;2023;295;0.0
2023;2023-31;Oliveira;1;2023;551;18.148820326678766
2023;2023-31;Passo Fundo;1;2023;848;11.79245283018868
2023;2023-31;Passos;0;2023;651;0.0
2023;2023-31;Patos;0;2023;37;0.0
2023;2023-31;Pinheiro;0;2023;37;0.0
2023;2023-31;Pirapora;4;2023;219;182.64840182648402
2023;2023-31;Piumhi;0;2023;33;0.0
2023;2023-31;Ponte Nova;0;2023;14;0.0
2023;2023-31;Porto Alegre;15;2023;12769;11.747200250606939
2023;2023-31;Princesa Isabel;0;2023;26;0.0
2023;2023-31;Quirinópolis;0;2023;96;0.0
2023;2023-31;Resende;1;2023;446;22.42152466367713
2023;2023-31;Ribeirão Preto;3;2023;4491;6.680026720106881
2023;2023-31;Rio Claro;0;2023;626;0.0
2023;2023-31;Rio de Janeiro;79;2023;33698;23.443527805804496
2023;2023-31;Russas - Limoeiro do Norte;1;2023;865;11.560693641618498
2023;2023-31;Salvador;61;2023;12106;50.38823723773336
2023;2023-31;Santa Cruz do Sul;3;2023;843;35.587188612099645
2023;2023-31;Santa Inês;0;2023;94;0.0
2023;2023-31;Santa Maria;4;2023;1033;38.72216844143272
2023;2023-31;Santa Maria da Vitoria;0;2023;4;0.0
2023;2023-31;Santana do Livramento;1;2023;109;91.74311926605505
2023;2023-31;Santos;0;2023;1077;0.0
2023;2023-31;Serra Talhada;0;2023;36;0.0
2023;2023-31;Soledade;0;2023;136;0.0
2023;2023-31;São Miguel do Oeste;0;2023;295;0.0
2023;2023-31;São Paulo;50;2023;64323;7.773269281594453
2023;2023-31;Teófilo Otoni;0;2023;689;0.0
2023;2023-31;Toledo;1;2023;69;144.92753623188406
2023;2023-31;Uberaba;2;2023;1379;14.5032632342277
2023;2023-31;Uberlândia;5;2023;3380;14.792899408284024
2023;2023-31;Uruguaiana;1;2023;182;54.94505494505495
2023;2023-31;Valença;0;2023;13;0.0
2023;2023-31;Vitória;0;2023;58;0.0
2023;2023-31;Vitória da Conquista;0;2023;30;0.0
2023;2023-31;Volta Redonda - Barra Mansa;0;2023;1794;0.0
2023;2023-32;Afonso Cláudio - Venda Nova do Imigrante - Santa Maria de Jetibá;2;2023;866;23.094688221709006
2023;2023-32;Alegre;0;2023;390;0.0
2023;2023-32;Araranguá;0;2023;501;0.0
2023;2023-32;Atalaia;0;2023;2;0.0
2023;2023-32;Bagé;0;2023;202;0.0
2023;2023-32;Belo Horizonte;52;2023;22675;22.932745314222714
2023;2023-32;Belém;11;2023;6027;18.251202920192465
2023;2023-32;Bento Gonçalves;0;2023;418;0.0
2023;2023-32;Boa Vista;1;2023;575;17.391304347826086
2023;2023-32;Bragança Paulista;0;2023;43;0.0
2023;2023-32;Brumado;0;2023;249;0.0
2023;2023-32;Camacan;0;2023;2;0.0
2023;2023-32;Campina Grande;1;2023;2397;4.171881518564873
2023;2023-32;Campo Belo;0;2023;53;0.0
2023;2023-32;Campos dos Goytacazes;0;2023;711;0.0
2023;2023-32;Caratinga;1;2023;490;20.408163265306126
2023;2023-32;Carazinho;0;2023;43;0.0
2023;2023-32;Cascavel;0;2023;21;0.0
2023;2023-32;Catalão;0;2023;341;0.0
2023;2023-32;Caxias do Sul;3;2023;2081;14.416146083613647
2023;2023-32;Conceição do Coité;0;2023;26;0.0
2023;2023-32;Cruz Alta;0;2023;329;0.0
2023;2023-32;Curitiba;17;2023;14630;11.619958988380041
2023;2023-32;Curitibanos;0;2023;14;0.0
2023;2023-32;Distrito Federal;36;2023;12157;29.61256889035124
2023;2023-32;Eunápolis - Porto Seguro;0;2023;26;0.0
2023;2023-32;Frederico Westphalen;2;2023;312;64.1025641025641
2023;2023-32;Goiana ¿ Timbaúba;0;2023;371;0.0
2023;2023-32;Guarabira;0;2023;90;0.0
2023;2023-32;Guarapuava;0;2023;11;0.0
2023;2023-32;Gurupi;0;2023;9;0.0
2023;2023-32;Ijuí;1;2023;584;17.123287671232877
2023;2023-32;Imperatriz;0;2023;33;0.0
2023;2023-32;Itacoatiara;0;2023;34;0.0
2023;2023-32;Jaú;0;2023;69;0.0
2023;2023-32;Ji-Paraná;0;2023;7;0.0
2023;2023-32;Joaçaba - Herval d'Oeste;0;2023;321;0.0
2023;2023-32;Joinville;0;2023;67;0.0
2023;2023-32;Juiz de Fora;2;2023;3206;6.238303181534622
2023;2023-32;Linhares;0;2023;944;0.0
2023;2023-32;Maceió;0;2023;33;0.0
2023;2023-32;Manaus;10;2023;4170;23.980815347721823
2023;2023-32;Mantena;0;2023;118;0.0
2023;2023-32;Maringá;6;2023;3167;18.945374171139882
2023;2023-32;Marília;0;2023;1376;0.0
2023;2023-32;Mossoró;0;2023;18;0.0
2023;2023-32;Natal;0;2023;13;0.0
2023;2023-32;Nazaré ¿ Maragogipe;0;2023;73;0.0
2023;2023-32;Nova Prata - Guaporé;0;2023;295;0.0
2023;2023-32;Oliveira;1;2023;551;18.148820326678766
2023;2023-32;Passo Fundo;2;2023;848;23.58490566037736
2023;2023-32;Passos;0;2023;651;0.0
2023;2023-32;Patos;0;2023;37;0.0
2023;2023-32;Pinheiro;0;2023;37;0.0
2023;2023-32;Pirapora;8;2023;219;365.29680365296804
2023;2023-32;Piumhi;0;2023;33;0.0
2023;2023-32;Ponte Nova;0;2023;14;0.0
2023;2023-32;Porto Alegre;19;2023;12769;14.879786984102124
2023;2023-32;Princesa Isabel;0;2023;26;0.0
2023;2023-32;Quirinópolis;0;2023;96;0.0
2023;2023-32;Resende;1;2023;446;22.42152466367713
2023;2023-32;Ribeirão Preto;2;2023;4491;4.45335114673792
2023;2023-32;Rio Claro;0;2023;626;0.0
2023;2023-32;Rio de Janeiro;88;2023;33698;26.114309454567035
2023;2023-32;Russas - Limoeiro do Norte;1;2023;865;11.560693641618498
2023;2023-32;Salvador;48;2023;12106;39.64976044936395
2023;2023-32;Santa Cruz do Sul;0;2023;843;0.0
2023;2023-32;Santa Inês;1;2023;94;106.38297872340425
2023;2023-32;Santa Maria;1;2023;1033;9.68054211035818
2023;2023-32;Santa Maria da Vitoria;0;2023;4;0.0
2023;2023-32;Santana do Livramento;0;2023;109;0.0
2023;2023-32;Santos;0;2023;1077;0.0
2023;2023-32;Serra Talhada;0;2023;36;0.0
2023;2023-32;Soledade;0;2023;136;0.0
2023;2023-32;São Miguel do Oeste;0;2023;295;0.0
2023;2023-32;São Paulo;80;2023;64323;12.437230850551124
2023;2023-32;Teófilo Otoni;1;2023;689;14.513788098693759
2023;2023-32;Toledo;0;2023;69;0.0
2023;2023-32;Uberaba;3;2023;1379;21.75489485134155
2023;2023-32;Uberlândia;1;2023;3380;2.9585798816568047
2023;2023-32;Uruguaiana;0;2023;182;0.0
2023;2023-32;Valença;0;2023;13;0.0
2023;2023-32;Vitória;0;2023;58;0.0
2023;2023-32;Vitória da Conquista;0;2023;30;0.0
2023;2023-32;Volta Redonda - Barra Mansa;0;2023;1794;0.0
2023;2023-33;Afonso Cláudio - Venda Nova do Imigrante - Santa Maria de Jetibá;1;2023;866;11.547344110854503
2023;2023-33;Alegre;0;2023;390;0.0
2023;2023-33;Araranguá;0;2023;501;0.0
2023;2023-33;Atalaia;0;2023;2;0.0
2023;2023-33;Bagé;0;2023;202;0.0
2023;2023-33;Belo Horizonte;52;2023;22675;22.932745314222714
2023;2023-33;Belém;9;2023;6027;14.932802389248383
2023;2023-33;Bento Gonçalves;0;2023;418;0.0
2023;2023-33;Boa Vista;3;2023;575;52.173913043478265
2023;2023-33;Bragança Paulista;0;2023;43;0.0
2023;2023-33;Brumado;1;2023;249;40.16064257028112
2023;2023-33;Camacan;0;2023;2;0.0
2023;2023-33;Campina Grande;1;2023;2397;4.171881518564873
2023;2023-33;Campo Belo;0;2023;53;0.0
2023;2023-33;Campos dos Goytacazes;1;2023;711;14.064697609001406
2023;2023-33;Caratinga;0;2023;490;0.0
2023;2023-33;Carazinho;0;2023;43;0.0
2023;2023-33;Cascavel;0;2023;21;0.0
2023;2023-33;Catalão;1;2023;341;29.325513196480937
2023;2023-33;Caxias do Sul;3;2023;2081;14.416146083613647
2023;2023-33;Conceição do Coité;0;2023;26;0.0
2023;2023-33;Cruz Alta;0;2023;329;0.0
2023;2023-33;Curitiba;11;2023;14630;7.518796992481203
2023;2023-33;Curitibanos;0;2023;14;0.0
2023;2023-33;Distrito Federal;31;2023;12157;25.499712100024674
2023;2023-33;Eunápolis - Porto Seguro;0;2023;26;0.0
2023;2023-33;Frederico Westphalen;0;2023;312;0.0
2023;2023-33;Goiana ¿ Timbaúba;1;2023;371;26.954177897574127
2023;2023-33;Guarabira;0;2023;90;0.0
2023;2023-33;Guarapuava;0;2023;11;0.0
2023;2023-33;Gurupi;0;2023;9;0.0
2023;2023-33;Ijuí;2;2023;584;34.24657534246575
2023;2023-33;Imperatriz;0;2023;33;0.0
2023;2023-33;Itacoatiara;0;2023;34;0.0
2023;2023-33;Jaú;0;2023;69;0.0
2023;2023-33;Ji-Paraná;0;2023;7;0.0
2023;2023-33;Joaçaba - Herval d'Oeste;1;2023;321;31.15264797507788
2023;2023-33;Joinville;0;2023;67;0.0
2023;2023-33;Juiz de Fora;0;2023;3206;0.0
2023;2023-33;Linhares;1;2023;944;10.59322033898305
2023;2023-33;Maceió;0;2023;33;0.0
2023;2023-33;Manaus;16;2023;4170;38.36930455635492
2023;2023-33;Mantena;0;2023;118;0.0
2023;2023-33;Maringá;2;2023;3167;6.315124723713293
2023;2023-33;Marília;0;2023;1376;0.0
2023;2023-33;Mossoró;0;2023;18;0.0
2023;2023-33;Natal;0;2023;13;0.0
2023;2023-33;Nazaré ¿ Maragogipe;0;2023;73;0.0
2023;2023-33;Nova Prata - Guaporé;1;2023;295;33.898305084745765
2023;2023-33;Oliveira;0;2023;551;0.0
2023;2023-33;Passo Fundo;3;2023;848;35.37735849056604
2023;2023-33;Passos;0;2023;651;0.0
2023;2023-33;Patos;0;2023;37;0.0
2023;2023-33;Pinheiro;0;2023;37;0.0
2023;2023-33;Pirapora;3;2023;219;136.986301369863
2023;2023-33;Piumhi;0;2023;33;0.0
2023;2023-33;Ponte Nova;0;2023;14;0.0
2023;2023-33;Porto Alegre;21;2023;12769;16.446080350849716
2023;2023-33;Princesa Isabel;0;2023;26;0.0
2023;2023-33;Quirinópolis;0;2023;96;0.0
2023;2023-33;Resende;6;2023;446;134.5291479820628
2023;2023-33;Ribeirão Preto;3;2023;4491;6.680026720106881
2023;2023-33;Rio Claro;0;2023;626;0.0
2023;2023-33;Rio de Janeiro;54;2023;33698;16.02468989257523
2023;2023-33;Russas - Limoeiro do Norte;1;2023;865;11.560693641618498
2023;2023-33;Salvador;41;2023;12106;33.86750371716504
2023;2023-33;Santa Cruz do Sul;0;2023;843;0.0
2023;2023-33;Santa Inês;0;2023;94;0.0
2023;2023-33;Santa Maria;1;2023;1033;9.68054211035818
2023;2023-33;Santa Maria da Vitoria;0;2023;4;0.0
2023;2023-33;Santana do Livramento;0;2023;109;0.0
2023;2023-33;Santos;0;2023;1077;0.0
2023;2023-33;Serra Talhada;0;2023;36;0.0
2023;2023-33;Soledade;1;2023;136;73.52941176470588
2023;2023-33;São Miguel do Oeste;0;2023;295;0.0
2023;2023-33;São Paulo;83;2023;64323;12.903627007446794
2023;2023-33;Teófilo Otoni;0;2023;689;0.0
2023;2023-33;Toledo;0;2023;69;0.0
2023;2023-33;Uberaba;1;2023;1379;7.25163161711385
2023;2023-33;Uberlândia;1;2023;3380;2.9585798816568047
2023;2023-33;Uruguaiana;0;2023;182;0.0
2023;2023-33;Valença;0;2023;13;0.0
2023;2023-33;Vitória;0;2023;58;0.0
2023;2023-33;Vitória da Conquista;0;2023;30;0.0
2023;2023-33;Volta Redonda - Barra Mansa;2;2023;1794;11.148272017837234
2023;2023-34;Afonso Cláudio - Venda Nova do Imigrante - Santa Maria de Jetibá;1;2023;866;11.547344110854503
2023;2023-34;Alegre;0;2023;390;0.0
2023;2023-34;Araranguá;0;2023;501;0.0
2023;2023-34;Atalaia;0;2023;2;0.0
2023;2023-34;Bagé;0;2023;202;0.0
2023;2023-34;Belo Horizonte;69;2023;22675;30.429988974641674
2023;2023-34;Belém;10;2023;6027;16.592002654720424
2023;2023-34;Bento Gonçalves;2;2023;418;47.846889952153106
2023;2023-34;Boa Vista;0;2023;575;0.0
2023;2023-34;Bragança Paulista;0;2023;43;0.0
2023;2023-34;Brumado;0;2023;249;0.0
2023;2023-34;Camacan;0;2023;2;0.0
2023;2023-34;Campina Grande;0;2023;2397;0.0
2023;2023-34;Campo Belo;0;2023;53;0.0
2023;2023-34;Campos dos Goytacazes;1;2023;711;14.064697609001406
2023;2023-34;Caratinga;1;2023;490;20.408163265306126
2023;2023-34;Carazinho;0;2023;43;0.0
2023;2023-34;Cascavel;0;2023;21;0.0
2023;2023-34;Catalão;2;2023;341;58.651026392961874
2023;2023-34;Caxias do Sul;2;2023;2081;9.610764055742433
2023;2023-34;Conceição do Coité;0;2023;26;0.0
2023;2023-34;Cruz Alta;3;2023;329;91.1854103343465
2023;2023-34;Curitiba;19;2023;14630;12.987012987012987
2023;2023-34;Curitibanos;0;2023;14;0.0
2023;2023-34;Distrito Federal;32;2023;12157;26.32228345808999
2023;2023-34;Eunápolis - Porto Seguro;0;2023;26;0.0
2023;2023-34;Frederico Westphalen;0;2023;312;0.0
2023;2023-34;Goiana ¿ Timbaúba;0;2023;371;0.0
2023;2023-34;Guarabira;0;2023;90;0.0
2023;2023-34;Guarapuava;0;2023;11;0.0
2023;2023-34;Gurupi;0;2023;9;0.0
2023;2023-34;Ijuí;3;2023;584;51.36986301369863
2023;2023-34;Imperatriz;0;2023;33;0.0
2023;2023-34;Itacoatiara;0;2023;34;0.0
2023;2023-34;Jaú;0;2023;69;0.0
2023;2023-34;Ji-Paraná;0;2023;7;0.0
2023;2023-34;Joaçaba - Herval d'Oeste;0;2023;321;0.0
2023;2023-34;Joinville;1;2023;67;149.2537313432836
2023;2023-34;Juiz de Fora;0;2023;3206;0.0
2023;2023-34;Linhares;1;2023;944;10.59322033898305
2023;2023-34;Maceió;0;2023;33;0.0
2023;2023-34;Manaus;14;2023;4170;33.57314148681055
2023;2023-34;Mantena;0;2023;118;0.0
2023;2023-34;Maringá;4;2023;3167;12.630249447426586
2023;2023-34;Marília;0;2023;1376;0.0
2023;2023-34;Mossoró;0;2023;18;0.0
2023;2023-34;Natal;0;2023;13;0.0
2023;2023-34;Nazaré ¿ Maragogipe;0;2023;73;0.0
2023;2023-34;Nova Prata - Guaporé;0;2023;295;0.0
2023;2023-34;Oliveira;0;2023;551;0.0
2023;2023-34;Passo Fundo;0;2023;848;0.0
2023;2023-34;Passos;0;2023;651;0.0
2023;2023-34;Patos;0;2023;37;0.0
2023;2023-34;Pinheiro;0;2023;37;0.0
2023;2023-34;Pirapora;0;2023;219;0.0
2023;2023-34;Piumhi;0;2023;33;0.0
2023;2023-34;Ponte Nova;0;2023;14;0.0
2023;2023-34;Porto Alegre;17;2023;12769;13.313493617354531
2023;2023-34;Princesa Isabel;0;2023;26;0.0
2023;2023-34;Quirinópolis;0;2023;96;0.0
2023;2023-34;Resende;0;2023;446;0.0
2023;2023-34;Ribeirão Preto;4;2023;4491;8.90670229347584
2023;2023-34;Rio Claro;0;2023;626;0.0
2023;2023-34;Rio de Janeiro;74;2023;33698;21.959760223158646
2023;2023-34;Russas - Limoeiro do Norte;0;2023;865;0.0
2023;2023-34;Salvador;40;2023;12106;33.04146704113663
2023;2023-34;Santa Cruz do Sul;0;2023;843;0.0
2023;2023-34;Santa Inês;0;2023;94;0.0
2023;2023-34;Santa Maria;0;2023;1033;0.0
2023;2023-34;Santa Maria da Vitoria;0;2023;4;0.0
2023;2023-34;Santana do Livramento;0;2023;109;0.0
2023;2023-34;Santos;0;2023;1077;0.0
2023;2023-34;Serra Talhada;0;2023;36;0.0
2023;2023-34;Soledade;0;2023;136;0.0
2023;2023-34;São Miguel do Oeste;0;2023;295;0.0
2023;2023-34;São Paulo;59;2023;64323;9.172457752281455
2023;2023-34;Teófilo Otoni;0;2023;689;0.0
2023;2023-34;Toledo;0;2023;69;0.0
2023;2023-34;Uberaba;4;2023;1379;29.0065264684554
2023;2023-34;Uberlândia;3;2023;3380;8.875739644970414
2023;2023-34;Uruguaiana;1;2023;182;54.94505494505495
2023;2023-34;Valença;0;2023;13;0.0
2023;2023-34;Vitória;0;2023;58;0.0
2023;2023-34;Vitória da Conquista;0;2023;30;0.0
2023;2023-34;Volta Redonda - Barra Mansa;2;2023;1794;11.148272017837234
2023;2023-35;Afonso Cláudio - Venda Nova do Imigrante - Santa Maria de Jetibá;1;2023;866;11.547344110854503
2023;2023-35;Alegre;0;2023;390;0.0
2023;2023-35;Araranguá;0;2023;501;0.0
2023;2023-35;Atalaia;0;2023;2;0.0
2023;2023-35;Bagé;0;2023;202;0.0
2023;2023-35;Belo Horizonte;33;2023;22675;14.553472987872105
2023;2023-35;Belém;15;2023;6027;24.888003982080637
2023;2023-35;Bento Gonçalves;0;2023;418;0.0
2023;2023-35;Boa Vista;0;2023;575;0.0
2023;2023-35;Bragança Paulista;0;2023;43;0.0
2023;2023-35;Brumado;2;2023;249;80.32128514056224
2023;2023-35;Camacan;0;2023;2;0.0
2023;2023-35;Campina Grande;2;2023;2397;8.343763037129746
2023;2023-35;Campo Belo;0;2023;53;0.0
2023;2023-35;Campos dos Goytacazes;0;2023;711;0.0
2023;2023-35;Caratinga;0;2023;490;0.0
2023;2023-35;Carazinho;0;2023;43;0.0
2023;2023-35;Cascavel;0;2023;21;0.0
2023;2023-35;Catalão;1;2023;341;29.325513196480937
2023;2023-35;Caxias do Sul;3;2023;2081;14.416146083613647
2023;2023-35;Conceição do Coité;0;2023;26;0.0
2023;2023-35;Cruz Alta;0;2023;329;0.0
2023;2023-35;Curitiba;21;2023;14630;14.354066985645932
2023;2023-35;Curitibanos;0;2023;14;0.0
2023;2023-35;Distrito Federal;24;2023;12157;19.74171259356749
2023;2023-35;Eunápolis - Porto Seguro;0;2023;26;0.0
2023;2023-35;Frederico Westphalen;0;2023;312;0.0
2023;2023-35;Goiana ¿ Timbaúba;1;2023;371;26.954177897574127
2023;2023-35;Guarabira;0;2023;90;0.0
2023;2023-35;Guarapuava;0;2023;11;0.0
2023;2023-35;Gurupi;0;2023;9;0.0
2023;2023-35;Ijuí;0;2023;584;0.0
2023;2023-35;Imperatriz;0;2023;33;0.0
2023;2023-35;Itacoatiara;0;2023;34;0.0
2023;2023-35;Jaú;0;2023;69;0.0
2023;2023-35;Ji-Paraná;0;2023;7;0.0
2023;2023-35;Joaçaba - Herval d'Oeste;1;2023;321;31.15264797507788
2023;2023-35;Joinville;0;2023;67;0.0
2023;2023-35;Juiz de Fora;4;2023;3206;12.476606363069244
2023;2023-35;Linhares;0;2023;944;0.0
2023;2023-35;Maceió;0;2023;33;0.0
2023;2023-35;Manaus;14;2023;4170;33.57314148681055
2023;2023-35;Mantena;0;2023;118;0.0
2023;2023-35;Maringá;1;2023;3167;3.1575623618566464
2023;2023-35;Marília;1;2023;1376;7.267441860465116
2023;2023-35;Mossoró;0;2023;18;0.0
2023;2023-35;Natal;0;2023;13;0.0
2023;2023-35;Nazaré ¿ Maragogipe;0;2023;73;0.0
2023;2023-35;Nova Prata - Guaporé;0;2023;295;0.0
2023;2023-35;Oliveira;0;2023;551;0.0
2023;2023-35;Passo Fundo;2;2023;848;23.58490566037736
2023;2023-35;Passos;1;2023;651;15.360983102918587
2023;2023-35;Patos;0;2023;37;0.0
2023;2023-35;Pinheiro;0;2023;37;0.0
2023;2023-35;Pirapora;0;2023;219;0.0
2023;2023-35;Piumhi;0;2023;33;0.0
2023;2023-35;Ponte Nova;0;2023;14;0.0
2023;2023-35;Porto Alegre;20;2023;12769;15.662933667475917
2023;2023-35;Princesa Isabel;0;2023;26;0.0
2023;2023-35;Quirinópolis;0;2023;96;0.0
2023;2023-35;Resende;1;2023;446;22.42152466367713
2023;2023-35;Ribeirão Preto;3;2023;4491;6.680026720106881
2023;2023-35;Rio Claro;0;2023;626;0.0
2023;2023-35;Rio de Janeiro;57;2023;33698;16.91495044216274
2023;2023-35;Russas - Limoeiro do Norte;2;2023;865;23.121387283236995
2023;2023-35;Salvador;56;2023;12106;46.25805385759128
2023;2023-35;Santa Cruz do Sul;0;2023;843;0.0
2023;2023-35;Santa Inês;0;2023;94;0.0
2023;2023-35;Santa Maria;1;2023;1033;9.68054211035818
2023;2023-35;Santa Maria da Vitoria;0;2023;4;0.0
2023;2023-35;Santana do Livramento;0;2023;109;0.0
2023;2023-35;Santos;0;2023;1077;0.0
2023;2023-35;Serra Talhada;0;2023;36;0.0
2023;2023-35;Soledade;1;2023;136;73.52941176470588
2023;2023-35;São Miguel do Oeste;1;2023;295;33.898305084745765
2023;2023-35;São Paulo;79;2023;64323;12.281765464919236
2023;2023-35;Teófilo Otoni;0;2023;689;0.0
2023;2023-35;Toledo;1;2023;69;144.92753623188406
2023;2023-35;Uberaba;1;2023;1379;7.25163161711385
2023;2023-35;Uberlândia;3;2023;3380;8.875739644970414
2023;2023-35;Uruguaiana;1;2023;182;54.94505494505495
2023;2023-35;Valença;0;2023;13;0.0
2023;2023-35;Vitória;0;2023;58;0.0
2023;2023-35;Vitória da Conquista;0;2023;30;0.0
2023;2023-35;Volta Redonda - Barra Mansa;1;2023;1794;5.574136008918617
2023;2023-36;Afonso Cláudio - Venda Nova do Imigrante - Santa Maria de Jetibá;0;2023;866;0.0
2023;2023-36;Alegre;0;2023;390;0.0
2023;2023-36;Araranguá;0;2023;501;0.0
2023;2023-36;Atalaia;0;2023;2;0.0
2023;2023-36;Bagé;0;2023;202;0.0
2023;2023-36;Belo Horizonte;49;2023;22675;21.609702315325247
2023;2023-36;Belém;9;2023;6027;14.932802389248383
2023;2023-36;Bento Gonçalves;0;2023;418;0.0
2023;2023-36;Boa Vista;1;2023;575;17.391304347826086
2023;2023-36;Bragança Paulista;0;2023;43;0.0
2023;2023-36;Brumado;2;2023;249;80.32128514056224
2023;2023-36;Camacan;0;2023;2;0.0
2023;2023-36;Campina Grande;0;2023;2397;0.0
2023;2023-36;Campo Belo;0;2023;53;0.0
2023;2023-36;Campos dos Goytacazes;0;2023;711;0.0
2023;2023-36;Caratinga;0;2023;490;0.0
2023;2023-36;Carazinho;0;2023;43;0.0
2023;2023-36;Cascavel;0;2023;21;0.0
2023;2023-36;Catalão;3;2023;341;87.97653958944282
2023;2023-36;Caxias do Sul;1;2023;2081;4.805382027871216
2023;2023-36;Conceição do Coité;0;2023;26;0.0
2023;2023-36;Cruz Alta;0;2023;329;0.0
2023;2023-36;Curitiba;26;2023;14630;17.771701982228297
2023;2023-36;Curitibanos;0;2023;14;0.0
2023;2023-36;Distrito Federal;24;2023;12157;19.74171259356749
2023;2023-36;Eunápolis - Porto Seguro;0;2023;26;0.0
2023;2023-36;Frederico Westphalen;0;2023;312;0.0
2023;2023-36;Goiana ¿ Timbaúba;0;2023;371;0.0
2023;2023-36;Guarabira;0;2023;90;0.0
2023;2023-36;Guarapuava;0;2023;11;0.0
2023;2023-36;Gurupi;0;2023;9;0.0
2023;2023-36;Ijuí;0;2023;584;0.0
2023;2023-36;Imperatriz;0;2023;33;0.0
2023;2023-36;Itacoatiara;0;2023;34;0.0
2023;2023-36;Jaú;0;2023;69;0.0
2023;2023-36;Ji-Paraná;0;2023;7;0.0
2023;2023-36;Joaçaba - Herval d'Oeste;1;2023;321;31.15264797507788
2023;2023-36;Joinville;1;2023;67;149.2537313432836
2023;2023-36;Juiz de Fora;3;2023;3206;9.357454772301933
2023;2023-36;Linhares;0;2023;944;0.0
2023;2023-36;Maceió;0;2023;33;0.0
2023;2023-36;Manaus;12;2023;4170;28.77697841726619
2023;2023-36;Mantena;0;2023;118;0.0
2023;2023-36;Maringá;0;2023;3167;0.0
2023;2023-36;Marília;0;2023;1376;0.0
2023;2023-36;Mossoró;0;2023;18;0.0
2023;2023-36;Natal;0;2023;13;0.0
2023;2023-36;Nazaré ¿ Maragogipe;0;2023;73;0.0
2023;2023-36;Nova Prata - Guaporé;0;2023;295;0.0
2023;2023-36;Oliveira;0;2023;551;0.0
2023;2023-36;Passo Fundo;0;2023;848;0.0
2023;2023-36;Passos;0;2023;651;0.0
2023;2023-36;Patos;0;2023;37;0.0
2023;2023-36;Pinheiro;0;2023;37;0.0
2023;2023-36;Pirapora;1;2023;219;45.662100456621005
2023;2023-36;Piumhi;0;2023;33;0.0
2023;2023-36;Ponte Nova;0;2023;14;0.0
2023;2023-36;Porto Alegre;13;2023;12769;10.180906883859347
2023;2023-36;Princesa Isabel;0;2023;26;0.0
2023;2023-36;Quirinópolis;0;2023;96;0.0
2023;2023-36;Resende;0;2023;446;0.0
2023;2023-36;Ribeirão Preto;4;2023;4491;8.90670229347584
2023;2023-36;Rio Claro;1;2023;626;15.974440894568689
2023;2023-36;Rio de Janeiro;53;2023;33698;15.727936376046056
2023;2023-36;Russas - Limoeiro do Norte;1;2023;865;11.560693641618498
2023;2023-36;Salvador;20;2023;12106;16.520733520568314
2023;2023-36;Santa Cruz do Sul;1;2023;843;11.862396204033216
2023;2023-36;Santa Inês;0;2023;94;0.0
2023;2023-36;Santa Maria;0;2023;1033;0.0
2023;2023-36;Santa Maria da Vitoria;0;2023;4;0.0
2023;2023-36;Santana do Livramento;0;2023;109;0.0
2023;2023-36;Santos;1;2023;1077;9.285051067780874
2023;2023-36;Serra Talhada;0;2023;36;0.0
2023;2023-36;Soledade;1;2023;136;73.52941176470588
2023;2023-36;São Miguel do Oeste;0;2023;295;0.0
2023;2023-36;São Paulo;87;2023;64323;13.52548854997435
2023;2023-36;Teófilo Otoni;0;2023;689;0.0
2023;2023-36;Toledo;0;2023;69;0.0
2023;2023-36;Uberaba;2;2023;1379;14.5032632342277
2023;2023-36;Uberlândia;2;2023;3380;5.9171597633136095
2023;2023-36;Uruguaiana;0;2023;182;0.0
2023;2023-36;Valença;0;2023;13;0.0
2023;2023-36;Vitória;0;2023;58;0.0
2023;2023-36;Vitória da Conquista;0;2023;30;0.0
2023;2023-36;Volta Redonda - Barra Mansa;1;2023;1794;5.574136008918617
2023;2023-37;Afonso Cláudio - Venda Nova do Imigrante - Santa Maria de Jetibá;0;2023;866;0.0
2023;2023-37;Alegre;0;2023;390;0.0
2023;2023-37;Araranguá;1;2023;501;19.96007984031936
2023;2023-37;Atalaia;0;2023;2;0.0
2023;2023-37;Bagé;0;2023;202;0.0
2023;2023-37;Belo Horizonte;53;2023;22675;23.373759647188535
2023;2023-37;Belém;10;2023;6027;16.592002654720424
2023;2023-37;Bento Gonçalves;0;2023;418;0.0
2023;2023-37;Boa Vista;1;2023;575;17.391304347826086
2023;2023-37;Bragança Paulista;0;2023;43;0.0
2023;2023-37;Brumado;0;2023;249;0.0
2023;2023-37;Camacan;0;2023;2;0.0
2023;2023-37;Campina Grande;1;2023;2397;4.171881518564873
2023;2023-37;Campo Belo;0;2023;53;0.0
2023;2023-37;Campos dos Goytacazes;0;2023;711;0.0
2023;2023-37;Caratinga;0;2023;490;0.0
2023;2023-37;Carazinho;0;2023;43;0.0
2023;2023-37;Cascavel;0;2023;21;0.0
2023;2023-37;Catalão;0;2023;341;0.0
2023;2023-37;Caxias do Sul;0;2023;2081;0.0
2023;2023-37;Conceição do Coité;0;2023;26;0.0
2023;2023-37;Cruz Alta;0;2023;329;0.0
2023;2023-37;Curitiba;27;2023;14630;18.45522898154477
2023;2023-37;Curitibanos;0;2023;14;0.0
2023;2023-37;Distrito Federal;27;2023;12157;22.20942666776343
2023;2023-37;Eunápolis - Porto Seguro;0;2023;26;0.0
2023;2023-37;Frederico Westphalen;2;2023;312;64.1025641025641
2023;2023-37;Goiana ¿ Timbaúba;0;2023;371;0.0
2023;2023-37;Guarabira;0;2023;90;0.0
2023;2023-37;Guarapuava;0;2023;11;0.0
2023;2023-37;Gurupi;0;2023;9;0.0
2023;2023-37;Ijuí;2;2023;584;34.24657534246575
2023;2023-37;Imperatriz;0;2023;33;0.0
2023;2023-37;Itacoatiara;0;2023;34;0.0
2023;2023-37;Jaú;0;2023;69;0.0
2023;2023-37;Ji-Paraná;0;2023;7;0.0
2023;2023-37;Joaçaba - Herval d'Oeste;1;2023;321;31.15264797507788
2023;2023-37;Joinville;0;2023;67;0.0
2023;2023-37;Juiz de Fora;0;2023;3206;0.0
2023;2023-37;Linhares;3;2023;944;31.779661016949156
2023;2023-37;Maceió;0;2023;33;0.0
2023;2023-37;Manaus;7;2023;4170;16.786570743405274
2023;2023-37;Mantena;0;2023;118;0.0
2023;2023-37;Maringá;0;2023;3167;0.0
2023;2023-37;Marília;0;2023;1376;0.0
2023;2023-37;Mossoró;0;2023;18;0.0
2023;2023-37;Natal;0;2023;13;0.0
2023;2023-37;Nazaré ¿ Maragogipe;0;2023;73;0.0
2023;2023-37;Nova Prata - Guaporé;0;2023;295;0.0
2023;2023-37;Oliveira;0;2023;551;0.0
2023;2023-37;Passo Fundo;1;2023;848;11.79245283018868
2023;2023-37;Passos;0;2023;651;0.0
2023;2023-37;Patos;0;2023;37;0.0
2023;2023-37;Pinheiro;0;2023;37;0.0
2023;2023-37;Pirapora;3;2023;219;136.986301369863
2023;2023-37;Piumhi;0;2023;33;0.0
2023;2023-37;Ponte Nova;0;2023;14;0.0
2023;2023-37;Porto Alegre;13;2023;12769;10.180906883859347
2023;2023-37;Princesa Isabel;0;2023;26;0.0
2023;2023-37;Quirinópolis;0;2023;96;0.0
2023;2023-37;Resende;0;2023;446;0.0
2023;2023-37;Ribeirão Preto;5;2023;4491;11.1333778668448
2023;2023-37;Rio Claro;0;2023;626;0.0
2023;2023-37;Rio de Janeiro;57;2023;33698;16.91495044216274
2023;2023-37;Russas - Limoeiro do Norte;0;2023;865;0.0
2023;2023-37;Salvador;34;2023;12106;28.085246984966133
2023;2023-37;Santa Cruz do Sul;0;2023;843;0.0
2023;2023-37;Santa Inês;0;2023;94;0.0
2023;2023-37;Santa Maria;1;2023;1033;9.68054211035818
2023;2023-37;Santa Maria da Vitoria;0;2023;4;0.0
2023;2023-37;Santana do Livramento;0;2023;109;0.0
2023;2023-37;Santos;0;2023;1077;0.0
2023;2023-37;Serra Talhada;0;2023;36;0.0
2023;2023-37;Soledade;0;2023;136;0.0
2023;2023-37;São Miguel do Oeste;0;2023;295;0.0
2023;2023-37;São Paulo;93;2023;64323;14.458280863765683
2023;2023-37;Teófilo Otoni;1;2023;689;14.513788098693759
2023;2023-37;Toledo;1;2023;69;144.92753623188406
2023;2023-37;Uberaba;1;2023;1379;7.25163161711385
2023;2023-37;Uberlândia;2;2023;3380;5.9171597633136095
2023;2023-37;Uruguaiana;0;2023;182;0.0
2023;2023-37;Valença;0;2023;13;0.0
2023;2023-37;Vitória;0;2023;58;0.0
2023;2023-37;Vitória da Conquista;0;2023;30;0.0
2023;2023-37;Volta Redonda - Barra Mansa;0;2023;1794;0.0
2023;2023-38;Afonso Cláudio - Venda Nova do Imigrante - Santa Maria de Jetibá;0;2023;866;0.0
2023;2023-38;Alegre;1;2023;390;25.641025641025642
2023;2023-38;Araranguá;0;2023;501;0.0
2023;2023-38;Atalaia;0;2023;2;0.0
2023;2023-38;Bagé;0;2023;202;0.0
2023;2023-38;Belo Horizonte;62;2023;22675;27.342888643880926
2023;2023-38;Belém;12;2023;6027;19.91040318566451
2023;2023-38;Bento Gonçalves;0;2023;418;0.0
2023;2023-38;Boa Vista;1;2023;575;17.391304347826086
2023;2023-38;Bragança Paulista;0;2023;43;0.0
2023;2023-38;Brumado;1;2023;249;40.16064257028112
2023;2023-38;Camacan;0;2023;2;0.0
2023;2023-38;Campina Grande;2;2023;2397;8.343763037129746
2023;2023-38;Campo Belo;0;2023;53;0.0
2023;2023-38;Campos dos Goytacazes;0;2023;711;0.0
2023;2023-38;Caratinga;1;2023;490;20.408163265306126
2023;2023-38;Carazinho;0;2023;43;0.0
2023;2023-38;Cascavel;0;2023;21;0.0
2023;2023-38;Catalão;1;2023;341;29.325513196480937
2023;2023-38;Caxias do Sul;1;2023;2081;4.805382027871216
2023;2023-38;Conceição do Coité;0;2023;26;0.0
2023;2023-38;Cruz Alta;0;2023;329;0.0
2023;2023-38;Curitiba;22;2023;14630;15.037593984962406
2023;2023-38;Curitibanos;0;2023;14;0.0
2023;2023-38;Distrito Federal;27;2023;12157;22.20942666776343
2023;2023-38;Eunápolis - Porto Seguro;0;2023;26;0.0
2023;2023-38;Frederico Westphalen;0;2023;312;0.0
2023;2023-38;Goiana ¿ Timbaúba;0;2023;371;0.0
2023;2023-38;Guarabira;0;2023;90;0.0
2023;2023-38;Guarapuava;0;2023;11;0.0
2023;2023-38;Gurupi;0;2023;9;0.0
2023;2023-38;Ijuí;1;2023;584;17.123287671232877
2023;2023-38;Imperatriz;0;2023;33;0.0
2023;2023-38;Itacoatiara;0;2023;34;0.0
2023;2023-38;Jaú;0;2023;69;0.0
2023;2023-38;Ji-Paraná;0;2023;7;0.0
2023;2023-38;Joaçaba - Herval d'Oeste;0;2023;321;0.0
2023;2023-38;Joinville;0;2023;67;0.0
2023;2023-38;Juiz de Fora;0;2023;3206;0.0
2023;2023-38;Linhares;3;2023;944;31.779661016949156
2023;2023-38;Maceió;0;2023;33;0.0
2023;2023-38;Manaus;14;2023;4170;33.57314148681055
2023;2023-38;Mantena;1;2023;118;84.7457627118644
2023;2023-38;Maringá;2;2023;3167;6.315124723713293
2023;2023-38;Marília;0;2023;1376;0.0
2023;2023-38;Mossoró;0;2023;18;0.0
2023;2023-38;Natal;0;2023;13;0.0
2023;2023-38;Nazaré ¿ Maragogipe;0;2023;73;0.0
2023;2023-38;Nova Prata - Guaporé;0;2023;295;0.0
2023;2023-38;Oliveira;0;2023;551;0.0
2023;2023-38;Passo Fundo;3;2023;848;35.37735849056604
2023;2023-38;Passos;1;2023;651;15.360983102918587
2023;2023-38;Patos;0;2023;37;0.0
2023;2023-38;Pinheiro;0;2023;37;0.0
2023;2023-38;Pirapora;1;2023;219;45.662100456621005
2023;2023-38;Piumhi;0;2023;33;0.0
2023;2023-38;Ponte Nova;0;2023;14;0.0
2023;2023-38;Porto Alegre;13;2023;12769;10.180906883859347
2023;2023-38;Princesa Isabel;0;2023;26;0.0
2023;2023-38;Quirinópolis;0;2023;96;0.0
2023;2023-38;Resende;0;2023;446;0.0
2023;2023-38;Ribeirão Preto;2;2023;4491;4.45335114673792
2023;2023-38;Rio Claro;1;2023;626;15.974440894568689
2023;2023-38;Rio de Janeiro;65;2023;33698;19.288978574396104
2023;2023-38;Russas - Limoeiro do Norte;0;2023;865;0.0
2023;2023-38;Salvador;38;2023;12106;31.389393689079796
2023;2023-38;Santa Cruz do Sul;0;2023;843;0.0
2023;2023-38;Santa Inês;0;2023;94;0.0
2023;2023-38;Santa Maria;0;2023;1033;0.0
2023;2023-38;Santa Maria da Vitoria;0;2023;4;0.0
2023;2023-38;Santana do Livramento;0;2023;109;0.0
2023;2023-38;Santos;0;2023;1077;0.0
2023;2023-38;Serra Talhada;0;2023;36;0.0
2023;2023-38;Soledade;0;2023;136;0.0
2023;2023-38;São Miguel do Oeste;0;2023;295;0.0
2023;2023-38;São Paulo;109;2023;64323;16.945727033875908
2023;2023-38;Teófilo Otoni;1;2023;689;14.513788098693759
2023;2023-38;Toledo;1;2023;69;144.92753623188406
2023;2023-38;Uberaba;3;2023;1379;21.75489485134155
2023;2023-38;Uberlândia;5;2023;3380;14.792899408284024
2023;2023-38;Uruguaiana;1;2023;182;54.94505494505495
2023;2023-38;Valença;0;2023;13;0.0
2023;2023-38;Vitória;0;2023;58;0.0
2023;2023-38;Vitória da Conquista;0;2023;30;0.0
2023;2023-38;Volta Redonda - Barra Mansa;2;2023;1794;11.148272017837234
2023;2023-39;Afonso Cláudio - Venda Nova do Imigrante - Santa Maria de Jetibá;2;2023;866;23.094688221709006
2023;2023-39;Alegre;0;2023;390;0.0
2023;2023-39;Araranguá;1;2023;501;19.96007984031936
2023;2023-39;Atalaia;0;2023;2;0.0
2023;2023-39;Bagé;0;2023;202;0.0
2023;2023-39;Belo Horizonte;43;2023;22675;18.96361631753032
2023;2023-39;Belém;18;2023;6027;29.865604778496767
2023;2023-39;Bento Gonçalves;0;2023;418;0.0
2023;2023-39;Boa Vista;2;2023;575;34.78260869565217
2023;2023-39;Bragança Paulista;0;2023;43;0.0
2023;2023-39;Brumado;0;2023;249;0.0
2023;2023-39;Camacan;0;2023;2;0.0
2023;2023-39;Campina Grande;0;2023;2397;0.0
2023;2023-39;Campo Belo;0;2023;53;0.0
2023;2023-39;Campos dos Goytacazes;0;2023;711;0.0
2023;2023-39;Caratinga;1;2023;490;20.408163265306126
2023;2023-39;Carazinho;0;2023;43;0.0
2023;2023-39;Cascavel;0;2023;21;0.0
2023;2023-39;Catalão;0;2023;341;0.0
2023;2023-39;Caxias do Sul;4;2023;2081;19.221528111484865
2023;2023-39;Conceição do Coité;0;2023;26;0.0
2023;2023-39;Cruz Alta;0;2023;329;0.0
2023;2023-39;Curitiba;32;2023;14630;21.872863978127135
2023;2023-39;Curitibanos;0;2023;14;0.0
2023;2023-39;Distrito Federal;21;2023;12157;17.273998519371556
2023;2023-39;Eunápolis - Porto Seguro;0;2023;26;0.0
2023;2023-39;Frederico Westphalen;0;2023;312;0.0
2023;2023-39;Goiana ¿ Timbaúba;0;2023;371;0.0
2023;2023-39;Guarabira;0;2023;90;0.0
2023;2023-39;Guarapuava;0;2023;11;0.0
2023;2023-39;Gurupi;0;2023;9;0.0
2023;2023-39;Ijuí;0;2023;584;0.0
2023;2023-39;Imperatriz;0;2023;33;0.0
2023;2023-39;Itacoatiara;0;2023;34;0.0
2023;2023-39;Jaú;0;2023;69;0.0
2023;2023-39;Ji-Paraná;0;2023;7;0.0
2023;2023-39;Joaçaba - Herval d'Oeste;1;2023;321;31.15264797507788
2023;2023-39;Joinville;0;2023;67;0.0
2023;2023-39;Juiz de Fora;2;2023;3206;6.238303181534622
2023;2023-39;Linhares;0;2023;944;0.0
2023;2023-39;Maceió;0;2023;33;0.0
2023;2023-39;Manaus;6;2023;4170;14.388489208633095
2023;2023-39;Mantena;0;2023;118;0.0
2023;2023-39;Maringá;1;2023;3167;3.1575623618566464
2023;2023-39;Marília;2;2023;1376;14.534883720930232
2023;2023-39;Mossoró;0;2023;18;0.0
2023;2023-39;Natal;0;2023;13;0.0
2023;2023-39;Nazaré ¿ Maragogipe;0;2023;73;0.0
2023;2023-39;Nova Prata - Guaporé;0;2023;295;0.0
2023;2023-39;Oliveira;0;2023;551;0.0
2023;2023-39;Passo Fundo;0;2023;848;0.0
2023;2023-39;Passos;0;2023;651;0.0
2023;2023-39;Patos;0;2023;37;0.0
2023;2023-39;Pinheiro;0;2023;37;0.0
2023;2023-39;Pirapora;3;2023;219;136.986301369863
2023;2023-39;Piumhi;0;2023;33;0.0
2023;2023-39;Ponte Nova;0;2023;14;0.0
2023;2023-39;Porto Alegre;16;2023;12769;12.530346933980734
2023;2023-39;Princesa Isabel;0;2023;26;0.0
2023;2023-39;Quirinópolis;0;2023;96;0.0
2023;2023-39;Resende;1;2023;446;22.42152466367713
2023;2023-39;Ribeirão Preto;6;2023;4491;13.360053440213761
2023;2023-39;Rio Claro;0;2023;626;0.0
2023;2023-39;Rio de Janeiro;64;2023;33698;18.992225057866936
2023;2023-39;Russas - Limoeiro do Norte;0;2023;865;0.0
2023;2023-39;Salvador;22;2023;12106;18.172806872625145
2023;2023-39;Santa Cruz do Sul;0;2023;843;0.0
2023;2023-39;Santa Inês;0;2023;94;0.0
2023;2023-39;Santa Maria;0;2023;1033;0.0
2023;2023-39;Santa Maria da Vitoria;0;2023;4;0.0
2023;2023-39;Santana do Livramento;0;2023;109;0.0
2023;2023-39;Santos;0;2023;1077;0.0
2023;2023-39;Serra Talhada;0;2023;36;0.0
2023;2023-39;Soledade;0;2023;136;0.0
2023;2023-39;São Miguel do Oeste;0;2023;295;0.0
2023;2023-39;São Paulo;93;2023;64323;14.458280863765683
2023;2023-39;Teófilo Otoni;0;2023;689;0.0
2023;2023-39;Toledo;1;2023;69;144.92753623188406
2023;2023-39;Uberaba;0;2023;1379;0.0
2023;2023-39;Uberlândia;2;2023;3380;5.9171597633136095
2023;2023-39;Uruguaiana;1;2023;182;54.94505494505495
2023;2023-39;Valença;0;2023;13;0.0
2023;2023-39;Vitória;0;2023;58;0.0
2023;2023-39;Vitória da Conquista;0;2023;30;0.0
2023;2023-39;Volta Redonda - Barra Mansa;5;2023;1794;27.87068004459309
2023;2023-40;Afonso Cláudio - Venda Nova do Imigrante - Santa Maria de Jetibá;2;2023;866;23.094688221709006
2023;2023-40;Alegre;0;2023;390;0.0
2023;2023-40;Araranguá;1;2023;501;19.96007984031936
2023;2023-40;Atalaia;0;2023;2;0.0
2023;2023-40;Bagé;0;2023;202;0.0
2023;2023-40;Belo Horizonte;62;2023;22675;27.342888643880926
2023;2023-40;Belém;17;2023;6027;28.206404513024722
2023;2023-40;Bento Gonçalves;0;2023;418;0.0
2023;2023-40;Boa Vista;0;2023;575;0.0
2023;2023-40;Bragança Paulista;0;2023;43;0.0
2023;2023-40;Brumado;3;2023;249;120.48192771084338
2023;2023-40;Camacan;0;2023;2;0.0
2023;2023-40;Campina Grande;0;2023;2397;0.0
2023;2023-40;Campo Belo;0;2023;53;0.0
2023;2023-40;Campos dos Goytacazes;0;2023;711;0.0
2023;2023-40;Caratinga;0;2023;490;0.0
2023;2023-40;Carazinho;0;2023;43;0.0
2023;2023-40;Cascavel;0;2023;21;0.0
2023;2023-40;Catalão;1;2023;341;29.325513196480937
2023;2023-40;Caxias do Sul;2;2023;2081;9.610764055742433
2023;2023-40;Conceição do Coité;1;2023;26;384.61538461538464
2023;2023-40;Cruz Alta;0;2023;329;0.0
2023;2023-40;Curitiba;18;2023;14630;12.303485987696513
2023;2023-40;Curitibanos;0;2023;14;0.0
2023;2023-40;Distrito Federal;36;2023;12157;29.61256889035124
2023;2023-40;Eunápolis - Porto Seguro;0;2023;26;0.0
2023;2023-40;Frederico Westphalen;0;2023;312;0.0
2023;2023-40;Goiana ¿ Timbaúba;0;2023;371;0.0
2023;2023-40;Guarabira;0;2023;90;0.0
2023;2023-40;Guarapuava;0;2023;11;0.0
2023;2023-40;Gurupi;0;2023;9;0.0
2023;2023-40;Ijuí;1;2023;584;17.123287671232877
2023;2023-40;Imperatriz;0;2023;33;0.0
2023;2023-40;Itacoatiara;0;2023;34;0.0
2023;2023-40;Jaú;0;2023;69;0.0
2023;2023-40;Ji-Paraná;0;2023;7;0.0
2023;2023-40;Joaçaba - Herval d'Oeste;1;2023;321;31.15264797507788
2023;2023-40;Joinville;0;2023;67;0.0
2023;2023-40;Juiz de Fora;1;2023;3206;3.119151590767311
2023;2023-40;Linhares;1;2023;944;10.59322033898305
2023;2023-40;Maceió;0;2023;33;0.0
2023;2023-40;Manaus;10;2023;4170;23.980815347721823
2023;2023-40;Mantena;0;2023;118;0.0
2023;2023-40;Maringá;2;2023;3167;6.315124723713293
2023;2023-40;Marília;0;2023;1376;0.0
2023;2023-40;Mossoró;0;2023;18;0.0
2023;2023-40;Natal;0;2023;13;0.0
2023;2023-40;Nazaré ¿ Maragogipe;0;2023;73;0.0
2023;2023-40;Nova Prata - Guaporé;0;2023;295;0.0
2023;2023-40;Oliveira;0;2023;551;0.0
2023;2023-40;Passo Fundo;1;2023;848;11.79245283018868
2023;2023-40;Passos;0;2023;651;0.0
2023;2023-40;Patos;0;2023;37;0.0
2023;2023-40;Pinheiro;0;2023;37;0.0
2023;2023-40;Pirapora;5;2023;219;228.31050228310502
2023;2023-40;Piumhi;0;2023;33;0.0
2023;2023-40;Ponte Nova;0;2023;14;0.0
2023;2023-40;Porto Alegre;15;2023;12769;11.747200250606939
2023;2023-40;Princesa Isabel;0;2023;26;0.0
2023;2023-40;Quirinópolis;0;2023;96;0.0
2023;2023-40;Resende;6;2023;446;134.5291479820628
2023;2023-40;Ribeirão Preto;7;2023;4491;15.586729013582723
2023;2023-40;Rio Claro;0;2023;626;0.0
2023;2023-40;Rio de Janeiro;61;2023;33698;18.101964508279423
2023;2023-40;Russas - Limoeiro do Norte;0;2023;865;0.0
2023;2023-40;Salvador;35;2023;12106;28.91128366099455
2023;2023-40;Santa Cruz do Sul;1;2023;843;11.862396204033216
2023;2023-40;Santa Inês;0;2023;94;0.0
2023;2023-40;Santa Maria;1;2023;1033;9.68054211035818
2023;2023-40;Santa Maria da Vitoria;0;2023;4;0.0
2023;2023-40;Santana do Livramento;0;2023;109;0.0
2023;2023-40;Santos;0;2023;1077;0.0
2023;2023-40;Serra Talhada;0;2023;36;0.0
2023;2023-40;Soledade;0;2023;136;0.0
2023;2023-40;São Miguel do Oeste;1;2023;295;33.898305084745765
2023;2023-40;São Paulo;95;2023;64323;14.769211635029462
2023;2023-40;Teófilo Otoni;1;2023;689;14.513788098693759
2023;2023-40;Toledo;0;2023;69;0.0
2023;2023-40;Uberaba;2;2023;1379;14.5032632342277
2023;2023-40;Uberlândia;6;2023;3380;17.75147928994083
2023;2023-40;Uruguaiana;1;2023;182;54.94505494505495
2023;2023-40;Valença;0;2023;13;0.0
2023;2023-40;Vitória;0;2023;58;0.0
2023;2023-40;Vitória da Conquista;0;2023;30;0.0
2023;2023-40;Volta Redonda - Barra Mansa;5;2023;1794;27.87068004459309
2023;2023-41;Afonso Cláudio - Venda Nova do Imigrante - Santa Maria de Jetibá;2;2023;866;23.094688221709006
2023;2023-41;Alegre;1;2023;390;25.641025641025642
2023;2023-41;Araranguá;0;2023;501;0.0
2023;2023-41;Atalaia;0;2023;2;0.0
2023;2023-41;Bagé;0;2023;202;0.0
2023;2023-41;Belo Horizonte;51;2023;22675;22.491730981256893
2023;2023-41;Belém;2;2023;6027;3.318400530944085
2023;2023-41;Bento Gonçalves;0;2023;418;0.0
2023;2023-41;Boa Vista;1;2023;575;17.391304347826086
2023;2023-41;Bragança Paulista;0;2023;43;0.0
2023;2023-41;Brumado;0;2023;249;0.0
2023;2023-41;Camacan;0;2023;2;0.0
2023;2023-41;Campina Grande;0;2023;2397;0.0
2023;2023-41;Campo Belo;0;2023;53;0.0
2023;2023-41;Campos dos Goytacazes;1;2023;711;14.064697609001406
2023;2023-41;Caratinga;1;2023;490;20.408163265306126
2023;2023-41;Carazinho;0;2023;43;0.0
2023;2023-41;Cascavel;0;2023;21;0.0
2023;2023-41;Catalão;0;2023;341;0.0
2023;2023-41;Caxias do Sul;2;2023;2081;9.610764055742433
2023;2023-41;Conceição do Coité;0;2023;26;0.0
2023;2023-41;Cruz Alta;0;2023;329;0.0
2023;2023-41;Curitiba;17;2023;14630;11.619958988380041
2023;2023-41;Curitibanos;0;2023;14;0.0
2023;2023-41;Distrito Federal;28;2023;12157;23.03199802582874
2023;2023-41;Eunápolis - Porto Seguro;0;2023;26;0.0
2023;2023-41;Frederico Westphalen;0;2023;312;0.0
2023;2023-41;Goiana ¿ Timbaúba;0;2023;371;0.0
2023;2023-41;Guarabira;0;2023;90;0.0
2023;2023-41;Guarapuava;0;2023;11;0.0
2023;2023-41;Gurupi;0;2023;9;0.0
2023;2023-41;Ijuí;2;2023;584;34.24657534246575
2023;2023-41;Imperatriz;0;2023;33;0.0
2023;2023-41;Itacoatiara;0;2023;34;0.0
2023;2023-41;Jaú;0;2023;69;0.0
2023;2023-41;Ji-Paraná;0;2023;7;0.0
2023;2023-41;Joaçaba - Herval d'Oeste;0;2023;321;0.0
2023;2023-41;Joinville;0;2023;67;0.0
2023;2023-41;Juiz de Fora;1;2023;3206;3.119151590767311
2023;2023-41;Linhares;2;2023;944;21.1864406779661
2023;2023-41;Maceió;0;2023;33;0.0
2023;2023-41;Manaus;7;2023;4170;16.786570743405274
2023;2023-41;Mantena;0;2023;118;0.0
2023;2023-41;Maringá;4;2023;3167;12.630249447426586
2023;2023-41;Marília;2;2023;1376;14.534883720930232
2023;2023-41;Mossoró;0;2023;18;0.0
2023;2023-41;Natal;0;2023;13;0.0
2023;2023-41;Nazaré ¿ Maragogipe;0;2023;73;0.0
2023;2023-41;Nova Prata - Guaporé;1;2023;295;33.898305084745765
2023;2023-41;Oliveira;0;2023;551;0.0
2023;2023-41;Passo Fundo;4;2023;848;47.16981132075472
2023;2023-41;Passos;1;2023;651;15.360983102918587
2023;2023-41;Patos;0;2023;37;0.0
2023;2023-41;Pinheiro;0;2023;37;0.0
2023;2023-41;Pirapora;4;2023;219;182.64840182648402
2023;2023-41;Piumhi;0;2023;33;0.0
2023;2023-41;Ponte Nova;0;2023;14;0.0
2023;2023-41;Porto Alegre;14;2023;12769;10.964053567233142
2023;2023-41;Princesa Isabel;0;2023;26;0.0
2023;2023-41;Quirinópolis;0;2023;96;0.0
2023;2023-41;Resende;0;2023;446;0.0
2023;2023-41;Ribeirão Preto;5;2023;4491;11.1333778668448
2023;2023-41;Rio Claro;0;2023;626;0.0
2023;2023-41;Rio de Janeiro;53;2023;33698;15.727936376046056
2023;2023-41;Russas - Limoeiro do Norte;0;2023;865;0.0
2023;2023-41;Salvador;31;2023;12106;25.607136956880883
2023;2023-41;Santa Cruz do Sul;4;2023;843;47.44958481613286
2023;2023-41;Santa Inês;0;2023;94;0.0
2023;2023-41;Santa Maria;1;2023;1033;9.68054211035818
2023;2023-41;Santa Maria da Vitoria;0;2023;4;0.0
2023;2023-41;Santana do Livramento;0;2023;109;0.0
2023;2023-41;Santos;0;2023;1077;0.0
2023;2023-41;Serra Talhada;0;2023;36;0.0
2023;2023-41;Soledade;0;2023;136;0.0
2023;2023-41;São Miguel do Oeste;0;2023;295;0.0
2023;2023-41;São Paulo;65;2023;64323;10.10525006607279
2023;2023-41;Teófilo Otoni;1;2023;689;14.513788098693759
2023;2023-41;Toledo;0;2023;69;0.0
2023;2023-41;Uberaba;1;2023;1379;7.25163161711385
2023;2023-41;Uberlândia;8;2023;3380;23.668639053254438
2023;2023-41;Uruguaiana;2;2023;182;109.8901098901099
2023;2023-41;Valença;0;2023;13;0.0
2023;2023-41;Vitória;0;2023;58;0.0
2023;2023-41;Vitória da Conquista;0;2023;30;0.0
2023;2023-41;Volta Redonda - Barra Mansa;1;2023;1794;5.574136008918617
2023;2023-42;Afonso Cláudio - Venda Nova do Imigrante - Santa Maria de Jetibá;2;2023;866;23.094688221709006
2023;2023-42;Alegre;0;2023;390;0.0
2023;2023-42;Araranguá;2;2023;501;39.92015968063872
2023;2023-42;Atalaia;0;2023;2;0.0
2023;2023-42;Bagé;0;2023;202;0.0
2023;2023-42;Belo Horizonte;77;2023;22675;33.95810363836825
2023;2023-42;Belém;22;2023;6027;36.50240584038493
2023;2023-42;Bento Gonçalves;0;2023;418;0.0
2023;2023-42;Boa Vista;0;2023;575;0.0
2023;2023-42;Bragança Paulista;0;2023;43;0.0
2023;2023-42;Brumado;0;2023;249;0.0
2023;2023-42;Camacan;0;2023;2;0.0
2023;2023-42;Campina Grande;3;2023;2397;12.51564455569462
2023;2023-42;Campo Belo;0;2023;53;0.0
2023;2023-42;Campos dos Goytacazes;3;2023;711;42.19409282700422
2023;2023-42;Caratinga;0;2023;490;0.0
2023;2023-42;Carazinho;0;2023;43;0.0
2023;2023-42;Cascavel;0;2023;21;0.0
2023;2023-42;Catalão;0;2023;341;0.0
2023;2023-42;Caxias do Sul;4;2023;2081;19.221528111484865
2023;2023-42;Conceição do Coité;0;2023;26;0.0
2023;2023-42;Cruz Alta;0;2023;329;0.0
2023;2023-42;Curitiba;30;2023;14630;20.50580997949419
2023;2023-42;Curitibanos;0;2023;14;0.0
2023;2023-42;Distrito Federal;23;2023;12157;18.91914123550218
2023;2023-42;Eunápolis - Porto Seguro;0;2023;26;0.0
2023;2023-42;Frederico Westphalen;1;2023;312;32.05128205128205
2023;2023-42;Goiana ¿ Timbaúba;0;2023;371;0.0
2023;2023-42;Guarabira;0;2023;90;0.0
2023;2023-42;Guarapuava;0;2023;11;0.0
2023;2023-42;Gurupi;0;2023;9;0.0
2023;2023-42;Ijuí;0;2023;584;0.0
2023;2023-42;Imperatriz;0;2023;33;0.0
2023;2023-42;Itacoatiara;0;2023;34;0.0
2023;2023-42;Jaú;0;2023;69;0.0
2023;2023-42;Ji-Paraná;0;2023;7;0.0
2023;2023-42;Joaçaba - Herval d'Oeste;1;2023;321;31.15264797507788
2023;2023-42;Joinville;0;2023;67;0.0
2023;2023-42;Juiz de Fora;4;2023;3206;12.476606363069244
2023;2023-42;Linhares;2;2023;944;21.1864406779661
2023;2023-42;Maceió;0;2023;33;0.0
2023;2023-42;Manaus;14;2023;4170;33.57314148681055
2023;2023-42;Mantena;0;2023;118;0.0
2023;2023-42;Maringá;6;2023;3167;18.945374171139882
2023;2023-42;Marília;3;2023;1376;21.802325581395348
2023;2023-42;Mossoró;0;2023;18;0.0
2023;2023-42;Natal;0;2023;13;0.0
2023;2023-42;Nazaré ¿ Maragogipe;0;2023;73;0.0
2023;2023-42;Nova Prata - Guaporé;1;2023;295;33.898305084745765
2023;2023-42;Oliveira;0;2023;551;0.0
2023;2023-42;Passo Fundo;1;2023;848;11.79245283018868
2023;2023-42;Passos;1;2023;651;15.360983102918587
2023;2023-42;Patos;0;2023;37;0.0
2023;2023-42;Pinheiro;0;2023;37;0.0
2023;2023-42;Pirapora;4;2023;219;182.64840182648402
2023;2023-42;Piumhi;0;2023;33;0.0
2023;2023-42;Ponte Nova;0;2023;14;0.0
2023;2023-42;Porto Alegre;21;2023;12769;16.446080350849716
2023;2023-42;Princesa Isabel;0;2023;26;0.0
2023;2023-42;Quirinópolis;0;2023;96;0.0
2023;2023-42;Resende;1;2023;446;22.42152466367713
2023;2023-42;Ribeirão Preto;3;2023;4491;6.680026720106881
2023;2023-42;Rio Claro;0;2023;626;0.0
2023;2023-42;Rio de Janeiro;65;2023;33698;19.288978574396104
2023;2023-42;Russas - Limoeiro do Norte;0;2023;865;0.0
2023;2023-42;Salvador;26;2023;12106;21.476953576738808
2023;2023-42;Santa Cruz do Sul;0;2023;843;0.0
2023;2023-42;Santa Inês;0;2023;94;0.0
2023;2023-42;Santa Maria;1;2023;1033;9.68054211035818
2023;2023-42;Santa Maria da Vitoria;0;2023;4;0.0
2023;2023-42;Santana do Livramento;0;2023;109;0.0
2023;2023-42;Santos;3;2023;1077;27.855153203342617
2023;2023-42;Serra Talhada;0;2023;36;0.0
2023;2023-42;Soledade;0;2023;136;0.0
2023;2023-42;São Miguel do Oeste;0;2023;295;0.0
2023;2023-42;São Paulo;83;2023;64323;12.903627007446794
2023;2023-42;Teófilo Otoni;1;2023;689;14.513788098693759
2023;2023-42;Toledo;1;2023;69;144.92753623188406
2023;2023-42;Uberaba;2;2023;1379;14.5032632342277
2023;2023-42;Uberlândia;2;2023;3380;5.9171597633136095
2023;2023-42;Uruguaiana;0;2023;182;0.0
2023;2023-42;Valença;0;2023;13;0.0
2023;2023-42;Vitória;0;2023;58;0.0
2023;2023-42;Vitória da Conquista;0;2023;30;0.0
2023;2023-42;Volta Redonda - Barra Mansa;3;2023;1794;16.722408026755854
2023;2023-43;Afonso Cláudio - Venda Nova do Imigrante - Santa Maria de Jetibá;0;2023;866;0.0
2023;2023-43;Alegre;0;2023;390;0.0
2023;2023-43;Araranguá;2;2023;501;39.92015968063872
2023;2023-43;Atalaia;0;2023;2;0.0
2023;2023-43;Bagé;0;2023;202;0.0
2023;2023-43;Belo Horizonte;66;2023;22675;29.10694597574421
2023;2023-43;Belém;14;2023;6027;23.228803716608596
2023;2023-43;Bento Gonçalves;1;2023;418;23.923444976076553
2023;2023-43;Boa Vista;2;2023;575;34.78260869565217
2023;2023-43;Bragança Paulista;0;2023;43;0.0
2023;2023-43;Brumado;0;2023;249;0.0
2023;2023-43;Camacan;0;2023;2;0.0
2023;2023-43;Campina Grande;1;2023;2397;4.171881518564873
2023;2023-43;Campo Belo;0;2023;53;0.0
2023;2023-43;Campos dos Goytacazes;1;2023;711;14.064697609001406
2023;2023-43;Caratinga;0;2023;490;0.0
2023;2023-43;Carazinho;0;2023;43;0.0
2023;2023-43;Cascavel;0;2023;21;0.0
2023;2023-43;Catalão;0;2023;341;0.0
2023;2023-43;Caxias do Sul;3;2023;2081;14.416146083613647
2023;2023-43;Conceição do Coité;0;2023;26;0.0
2023;2023-43;Cruz Alta;1;2023;329;30.3951367781155
2023;2023-43;Curitiba;22;2023;14630;15.037593984962406
2023;2023-43;Curitibanos;0;2023;14;0.0
2023;2023-43;Distrito Federal;18;2023;12157;14.80628444517562
2023;2023-43;Eunápolis - Porto Seguro;0;2023;26;0.0
2023;2023-43;Frederico Westphalen;0;2023;312;0.0
2023;2023-43;Goiana ¿ Timbaúba;0;2023;371;0.0
2023;2023-43;Guarabira;0;2023;90;0.0
2023;2023-43;Guarapuava;0;2023;11;0.0
2023;2023-43;Gurupi;0;2023;9;0.0
2023;2023-43;Ijuí;0;2023;584;0.0
2023;2023-43;Imperatriz;0;2023;33;0.0
2023;2023-43;Itacoatiara;0;2023;34;0.0
2023;2023-43;Jaú;0;2023;69;0.0
2023;2023-43;Ji-Paraná;0;2023;7;0.0
2023;2023-43;Joaçaba - Herval d'Oeste;3;2023;321;93.45794392523364
2023;2023-43;Joinville;0;2023;67;0.0
2023;2023-43;Juiz de Fora;2;2023;3206;6.238303181534622
2023;2023-43;Linhares;2;2023;944;21.1864406779661
2023;2023-43;Maceió;0;2023;33;0.0
2023;2023-43;Manaus;13;2023;4170;31.175059952038367
2023;2023-43;Mantena;0;2023;118;0.0
2023;2023-43;Maringá;4;2023;3167;12.630249447426586
2023;2023-43;Marília;0;2023;1376;0.0
2023;2023-43;Mossoró;0;2023;18;0.0
2023;2023-43;Natal;0;2023;13;0.0
2023;2023-43;Nazaré ¿ Maragogipe;0;2023;73;0.0
2023;2023-43;Nova Prata - Guaporé;1;2023;295;33.898305084745765
2023;2023-43;Oliveira;0;2023;551;0.0
2023;2023-43;Passo Fundo;3;2023;848;35.37735849056604
2023;2023-43;Passos;0;2023;651;0.0
2023;2023-43;Patos;0;2023;37;0.0
2023;2023-43;Pinheiro;0;2023;37;0.0
2023;2023-43;Pirapora;4;2023;219;182.64840182648402
2023;2023-43;Piumhi;0;2023;33;0.0
2023;2023-43;Ponte Nova;0;2023;14;0.0
2023;2023-43;Porto Alegre;17;2023;12769;13.313493617354531
2023;2023-43;Princesa Isabel;0;2023;26;0.0
2023;2023-43;Quirinópolis;0;2023;96;0.0
2023;2023-43;Resende;2;2023;446;44.84304932735426
2023;2023-43;Ribeirão Preto;4;2023;4491;8.90670229347584
2023;2023-43;Rio Claro;0;2023;626;0.0
2023;2023-43;Rio de Janeiro;59;2023;33698;17.508457475221082
2023;2023-43;Russas - Limoeiro do Norte;4;2023;865;46.24277456647399
2023;2023-43;Salvador;30;2023;12106;24.78110028085247
2023;2023-43;Santa Cruz do Sul;0;2023;843;0.0
2023;2023-43;Santa Inês;0;2023;94;0.0
2023;2023-43;Santa Maria;1;2023;1033;9.68054211035818
2023;2023-43;Santa Maria da Vitoria;0;2023;4;0.0
2023;2023-43;Santana do Livramento;0;2023;109;0.0
2023;2023-43;Santos;1;2023;1077;9.285051067780874
2023;2023-43;Serra Talhada;0;2023;36;0.0
2023;2023-43;Soledade;0;2023;136;0.0
2023;2023-43;São Miguel do Oeste;0;2023;295;0.0
2023;2023-43;São Paulo;83;2023;64323;12.903627007446794
2023;2023-43;Teófilo Otoni;0;2023;689;0.0
2023;2023-43;Toledo;0;2023;69;0.0
2023;2023-43;Uberaba;2;2023;1379;14.5032632342277
2023;2023-43;Uberlândia;2;2023;3380;5.9171597633136095
2023;2023-43;Uruguaiana;2;2023;182;109.8901098901099
2023;2023-43;Valença;0;2023;13;0.0
2023;2023-43;Vitória;0;2023;58;0.0
2023;2023-43;Vitória da Conquista;0;2023;30;0.0
2023;2023-43;Volta Redonda - Barra Mansa;1;2023;1794;5.574136008918617
2023;2023-44;Afonso Cláudio - Venda Nova do Imigrante - Santa Maria de Jetibá;0;2023;866;0.0
2023;2023-44;Alegre;0;2023;390;0.0
2023;2023-44;Araranguá;0;2023;501;0.0
2023;2023-44;Atalaia;0;2023;2;0.0
2023;2023-44;Bagé;0;2023;202;0.0
2023;2023-44;Belo Horizonte;62;2023;22675;27.342888643880926
2023;2023-44;Belém;7;2023;6027;11.614401858304298
2023;2023-44;Bento Gonçalves;0;2023;418;0.0
2023;2023-44;Boa Vista;0;2023;575;0.0
2023;2023-44;Bragança Paulista;0;2023;43;0.0
2023;2023-44;Brumado;0;2023;249;0.0
2023;2023-44;Camacan;0;2023;2;0.0
2023;2023-44;Campina Grande;0;2023;2397;0.0
2023;2023-44;Campo Belo;0;2023;53;0.0
2023;2023-44;Campos dos Goytacazes;1;2023;711;14.064697609001406
2023;2023-44;Caratinga;0;2023;490;0.0
2023;2023-44;Carazinho;0;2023;43;0.0
2023;2023-44;Cascavel;0;2023;21;0.0
2023;2023-44;Catalão;0;2023;341;0.0
2023;2023-44;Caxias do Sul;1;2023;2081;4.805382027871216
2023;2023-44;Conceição do Coité;0;2023;26;0.0
2023;2023-44;Cruz Alta;1;2023;329;30.3951367781155
2023;2023-44;Curitiba;15;2023;14630;10.252904989747096
2023;2023-44;Curitibanos;0;2023;14;0.0
2023;2023-44;Distrito Federal;30;2023;12157;24.677140741959366
2023;2023-44;Eunápolis - Porto Seguro;0;2023;26;0.0
2023;2023-44;Frederico Westphalen;1;2023;312;32.05128205128205
2023;2023-44;Goiana ¿ Timbaúba;2;2023;371;53.90835579514825
2023;2023-44;Guarabira;0;2023;90;0.0
2023;2023-44;Guarapuava;0;2023;11;0.0
2023;2023-44;Gurupi;0;2023;9;0.0
2023;2023-44;Ijuí;0;2023;584;0.0
2023;2023-44;Imperatriz;0;2023;33;0.0
2023;2023-44;Itacoatiara;0;2023;34;0.0
2023;2023-44;Jaú;0;2023;69;0.0
2023;2023-44;Ji-Paraná;0;2023;7;0.0
2023;2023-44;Joaçaba - Herval d'Oeste;1;2023;321;31.15264797507788
2023;2023-44;Joinville;0;2023;67;0.0
2023;2023-44;Juiz de Fora;1;2023;3206;3.119151590767311
2023;2023-44;Linhares;1;2023;944;10.59322033898305
2023;2023-44;Maceió;0;2023;33;0.0
2023;2023-44;Manaus;4;2023;4170;9.59232613908873
2023;2023-44;Mantena;0;2023;118;0.0
2023;2023-44;Maringá;4;2023;3167;12.630249447426586
2023;2023-44;Marília;4;2023;1376;29.069767441860463
2023;2023-44;Mossoró;0;2023;18;0.0
2023;2023-44;Natal;0;2023;13;0.0
2023;2023-44;Nazaré ¿ Maragogipe;0;2023;73;0.0
2023;2023-44;Nova Prata - Guaporé;1;2023;295;33.898305084745765
2023;2023-44;Oliveira;0;2023;551;0.0
2023;2023-44;Passo Fundo;1;2023;848;11.79245283018868
2023;2023-44;Passos;0;2023;651;0.0
2023;2023-44;Patos;0;2023;37;0.0
2023;2023-44;Pinheiro;0;2023;37;0.0
2023;2023-44;Pirapora;3;2023;219;136.986301369863
2023;2023-44;Piumhi;0;2023;33;0.0
2023;2023-44;Ponte Nova;0;2023;14;0.0
2023;2023-44;Porto Alegre;19;2023;12769;14.879786984102124
2023;2023-44;Princesa Isabel;0;2023;26;0.0
2023;2023-44;Quirinópolis;0;2023;96;0.0
2023;2023-44;Resende;0;2023;446;0.0
2023;2023-44;Ribeirão Preto;7;2023;4491;15.586729013582723
2023;2023-44;Rio Claro;0;2023;626;0.0
2023;2023-44;Rio de Janeiro;84;2023;33698;24.927295388450354
2023;2023-44;Russas - Limoeiro do Norte;1;2023;865;11.560693641618498
2023;2023-44;Salvador;21;2023;12106;17.34677019659673
2023;2023-44;Santa Cruz do Sul;0;2023;843;0.0
2023;2023-44;Santa Inês;0;2023;94;0.0
2023;2023-44;Santa Maria;1;2023;1033;9.68054211035818
2023;2023-44;Santa Maria da Vitoria;0;2023;4;0.0
2023;2023-44;Santana do Livramento;0;2023;109;0.0
2023;2023-44;Santos;0;2023;1077;0.0
2023;2023-44;Serra Talhada;0;2023;36;0.0
2023;2023-44;Soledade;0;2023;136;0.0
2023;2023-44;São Miguel do Oeste;0;2023;295;0.0
2023;2023-44;São Paulo;67;2023;64323;10.416180837336567
2023;2023-44;Teófilo Otoni;0;2023;689;0.0
2023;2023-44;Toledo;1;2023;69;144.92753623188406
2023;2023-44;Uberaba;0;2023;1379;0.0
2023;2023-44;Uberlândia;4;2023;3380;11.834319526627219
2023;2023-44;Uruguaiana;0;2023;182;0.0
2023;2023-44;Valença;0;2023;13;0.0
2023;2023-44;Vitória;0;2023;58;0.0
2023;2023-44;Vitória da Conquista;0;2023;30;0.0
2023;2023-44;Volta Redonda - Barra Mansa;5;2023;1794;27.87068004459309
2023;2023-45;Afonso Cláudio - Venda Nova do Imigrante - Santa Maria de Jetibá;0;2023;866;0.0
2023;2023-45;Alegre;0;2023;390;0.0
2023;2023-45;Araranguá;1;2023;501;19.96007984031936
2023;2023-45;Atalaia;0;2023;2;0.0
2023;2023-45;Bagé;0;2023;202;0.0
2023;2023-45;Belo Horizonte;70;2023;22675;30.8710033076075
2023;2023-45;Belém;12;2023;6027;19.91040318566451
2023;2023-45;Bento Gonçalves;1;2023;418;23.923444976076553
2023;2023-45;Boa Vista;0;2023;575;0.0
2023;2023-45;Bragança Paulista;0;2023;43;0.0
2023;2023-45;Brumado;0;2023;249;0.0
2023;2023-45;Camacan;0;2023;2;0.0
2023;2023-45;Campina Grande;1;2023;2397;4.171881518564873
2023;2023-45;Campo Belo;0;2023;53;0.0
2023;2023-45;Campos dos Goytacazes;0;2023;711;0.0
2023;2023-45;Caratinga;0;2023;490;0.0
2023;2023-45;Carazinho;0;2023;43;0.0
2023;2023-45;Cascavel;0;2023;21;0.0
2023;2023-45;Catalão;4;2023;341;117.30205278592375
2023;2023-45;Caxias do Sul;4;2023;2081;19.221528111484865
2023;2023-45;Conceição do Coité;0;2023;26;0.0
2023;2023-45;Cruz Alta;0;2023;329;0.0
2023;2023-45;Curitiba;27;2023;14630;18.45522898154477
2023;2023-45;Curitibanos;0;2023;14;0.0
2023;2023-45;Distrito Federal;42;2023;12157;34.54799703874311
2023;2023-45;Eunápolis - Porto Seguro;0;2023;26;0.0
2023;2023-45;Frederico Westphalen;0;2023;312;0.0
2023;2023-45;Goiana ¿ Timbaúba;0;2023;371;0.0
2023;2023-45;Guarabira;0;2023;90;0.0
2023;2023-45;Guarapuava;0;2023;11;0.0
2023;2023-45;Gurupi;0;2023;9;0.0
2023;2023-45;Ijuí;5;2023;584;85.61643835616438
2023;2023-45;Imperatriz;0;2023;33;0.0
2023;2023-45;Itacoatiara;0;2023;34;0.0
2023;2023-45;Jaú;0;2023;69;0.0
2023;2023-45;Ji-Paraná;0;2023;7;0.0
2023;2023-45;Joaçaba - Herval d'Oeste;1;2023;321;31.15264797507788
2023;2023-45;Joinville;0;2023;67;0.0
2023;2023-45;Juiz de Fora;0;2023;3206;0.0
2023;2023-45;Linhares;5;2023;944;52.96610169491525
2023;2023-45;Maceió;0;2023;33;0.0
2023;2023-45;Manaus;6;2023;4170;14.388489208633095
2023;2023-45;Mantena;0;2023;118;0.0
2023;2023-45;Maringá;10;2023;3167;31.575623618566468
2023;2023-45;Marília;2;2023;1376;14.534883720930232
2023;2023-45;Mossoró;0;2023;18;0.0
2023;2023-45;Natal;0;2023;13;0.0
2023;2023-45;Nazaré ¿ Maragogipe;0;2023;73;0.0
2023;2023-45;Nova Prata - Guaporé;0;2023;295;0.0
2023;2023-45;Oliveira;2;2023;551;36.29764065335753
2023;2023-45;Passo Fundo;4;2023;848;47.16981132075472
2023;2023-45;Passos;1;2023;651;15.360983102918587
2023;2023-45;Patos;0;2023;37;0.0
2023;2023-45;Pinheiro;0;2023;37;0.0
2023;2023-45;Pirapora;4;2023;219;182.64840182648402
2023;2023-45;Piumhi;0;2023;33;0.0
2023;2023-45;Ponte Nova;0;2023;14;0.0
2023;2023-45;Porto Alegre;23;2023;12769;18.012373717597306
2023;2023-45;Princesa Isabel;0;2023;26;0.0
2023;2023-45;Quirinópolis;0;2023;96;0.0
2023;2023-45;Resende;1;2023;446;22.42152466367713
2023;2023-45;Ribeirão Preto;4;2023;4491;8.90670229347584
2023;2023-45;Rio Claro;0;2023;626;0.0
2023;2023-45;Rio de Janeiro;127;2023;33698;37.6876965992047
2023;2023-45;Russas - Limoeiro do Norte;0;2023;865;0.0
2023;2023-45;Salvador;26;2023;12106;21.476953576738808
2023;2023-45;Santa Cruz do Sul;0;2023;843;0.0
2023;2023-45;Santa Inês;0;2023;94;0.0
2023;2023-45;Santa Maria;1;2023;1033;9.68054211035818
2023;2023-45;Santa Maria da Vitoria;0;2023;4;0.0
2023;2023-45;Santana do Livramento;0;2023;109;0.0
2023;2023-45;Santos;0;2023;1077;0.0
2023;2023-45;Serra Talhada;0;2023;36;0.0
2023;2023-45;Soledade;0;2023;136;0.0
2023;2023-45;São Miguel do Oeste;0;2023;295;0.0
2023;2023-45;São Paulo;117;2023;64323;18.18945011893102
2023;2023-45;Teófilo Otoni;1;2023;689;14.513788098693759
2023;2023-45;Toledo;1;2023;69;144.92753623188406
2023;2023-45;Uberaba;3;2023;1379;21.75489485134155
2023;2023-45;Uberlândia;6;2023;3380;17.75147928994083
2023;2023-45;Uruguaiana;0;2023;182;0.0
2023;2023-45;Valença;0;2023;13;0.0
2023;2023-45;Vitória;0;2023;58;0.0
2023;2023-45;Vitória da Conquista;0;2023;30;0.0
2023;2023-45;Volta Redonda - Barra Mansa;4;2023;1794;22.29654403567447
2023;2023-46;Afonso Cláudio - Venda Nova do Imigrante - Santa Maria de Jetibá;1;2023;866;11.547344110854503
2023;2023-46;Alegre;0;2023;390;0.0
2023;2023-46;Araranguá;0;2023;501;0.0
2023;2023-46;Atalaia;0;2023;2;0.0
2023;2023-46;Bagé;0;2023;202;0.0
2023;2023-46;Belo Horizonte;101;2023;22675;44.54244762954796
2023;2023-46;Belém;3;2023;6027;4.9776007964161275
2023;2023-46;Bento Gonçalves;0;2023;418;0.0
2023;2023-46;Boa Vista;2;2023;575;34.78260869565217
2023;2023-46;Bragança Paulista;0;2023;43;0.0
2023;2023-46;Brumado;0;2023;249;0.0
2023;2023-46;Camacan;0;2023;2;0.0
2023;2023-46;Campina Grande;0;2023;2397;0.0
2023;2023-46;Campo Belo;0;2023;53;0.0
2023;2023-46;Campos dos Goytacazes;0;2023;711;0.0
2023;2023-46;Caratinga;1;2023;490;20.408163265306126
2023;2023-46;Carazinho;0;2023;43;0.0
2023;2023-46;Cascavel;0;2023;21;0.0
2023;2023-46;Catalão;2;2023;341;58.651026392961874
2023;2023-46;Caxias do Sul;3;2023;2081;14.416146083613647
2023;2023-46;Conceição do Coité;0;2023;26;0.0
2023;2023-46;Cruz Alta;0;2023;329;0.0
2023;2023-46;Curitiba;34;2023;14630;23.239917976760083
2023;2023-46;Curitibanos;0;2023;14;0.0
2023;2023-46;Distrito Federal;35;2023;12157;28.789997532285923
2023;2023-46;Eunápolis - Porto Seguro;0;2023;26;0.0
2023;2023-46;Frederico Westphalen;0;2023;312;0.0
2023;2023-46;Goiana ¿ Timbaúba;0;2023;371;0.0
2023;2023-46;Guarabira;0;2023;90;0.0
2023;2023-46;Guarapuava;0;2023;11;0.0
2023;2023-46;Gurupi;0;2023;9;0.0
2023;2023-46;Ijuí;0;2023;584;0.0
2023;2023-46;Imperatriz;0;2023;33;0.0
2023;2023-46;Itacoatiara;0;2023;34;0.0
2023;2023-46;Jaú;0;2023;69;0.0
2023;2023-46;Ji-Paraná;0;2023;7;0.0
2023;2023-46;Joaçaba - Herval d'Oeste;0;2023;321;0.0
2023;2023-46;Joinville;0;2023;67;0.0
2023;2023-46;Juiz de Fora;1;2023;3206;3.119151590767311
2023;2023-46;Linhares;2;2023;944;21.1864406779661
2023;2023-46;Maceió;0;2023;33;0.0
2023;2023-46;Manaus;15;2023;4170;35.97122302158274
2023;2023-46;Mantena;0;2023;118;0.0
2023;2023-46;Maringá;12;2023;3167;37.890748342279764
2023;2023-46;Marília;2;2023;1376;14.534883720930232
2023;2023-46;Mossoró;0;2023;18;0.0
2023;2023-46;Natal;0;2023;13;0.0
2023;2023-46;Nazaré ¿ Maragogipe;0;2023;73;0.0
2023;2023-46;Nova Prata - Guaporé;0;2023;295;0.0
2023;2023-46;Oliveira;2;2023;551;36.29764065335753
2023;2023-46;Passo Fundo;6;2023;848;70.75471698113208
2023;2023-46;Passos;1;2023;651;15.360983102918587
2023;2023-46;Patos;0;2023;37;0.0
2023;2023-46;Pinheiro;0;2023;37;0.0
2023;2023-46;Pirapora;3;2023;219;136.986301369863
2023;2023-46;Piumhi;0;2023;33;0.0
2023;2023-46;Ponte Nova;0;2023;14;0.0
2023;2023-46;Porto Alegre;21;2023;12769;16.446080350849716
2023;2023-46;Princesa Isabel;0;2023;26;0.0
2023;2023-46;Quirinópolis;0;2023;96;0.0
2023;2023-46;Resende;0;2023;446;0.0
2023;2023-46;Ribeirão Preto;5;2023;4491;11.1333778668448
2023;2023-46;Rio Claro;0;2023;626;0.0
2023;2023-46;Rio de Janeiro;115;2023;33698;34.12665440085465
2023;2023-46;Russas - Limoeiro do Norte;4;2023;865;46.24277456647399
2023;2023-46;Salvador;25;2023;12106;20.650916900710392
2023;2023-46;Santa Cruz do Sul;1;2023;843;11.862396204033216
2023;2023-46;Santa Inês;0;2023;94;0.0
2023;2023-46;Santa Maria;0;2023;1033;0.0
2023;2023-46;Santa Maria da Vitoria;0;2023;4;0.0
2023;2023-46;Santana do Livramento;0;2023;109;0.0
2023;2023-46;Santos;1;2023;1077;9.285051067780874
2023;2023-46;Serra Talhada;0;2023;36;0.0
2023;2023-46;Soledade;0;2023;136;0.0
2023;2023-46;São Miguel do Oeste;2;2023;295;67.79661016949153
2023;2023-46;São Paulo;99;2023;64323;15.391073177557017
2023;2023-46;Teófilo Otoni;0;2023;689;0.0
2023;2023-46;Toledo;0;2023;69;0.0
2023;2023-46;Uberaba;0;2023;1379;0.0
2023;2023-46;Uberlândia;5;2023;3380;14.792899408284024
2023;2023-46;Uruguaiana;0;2023;182;0.0
2023;2023-46;Valença;0;2023;13;0.0
2023;2023-46;Vitória;0;2023;58;0.0
2023;2023-46;Vitória da Conquista;0;2023;30;0.0
2023;2023-46;Volta Redonda - Barra Mansa;1;2023;1794;5.574136008918617
2023;2023-47;Afonso Cláudio - Venda Nova do Imigrante - Santa Maria de Jetibá;1;2023;866;11.547344110854503
2023;2023-47;Alegre;0;2023;390;0.0
2023;2023-47;Araranguá;0;2023;501;0.0
2023;2023-47;Atalaia;0;2023;2;0.0
2023;2023-47;Bagé;0;2023;202;0.0
2023;2023-47;Belo Horizonte;100;2023;22675;44.10143329658214
2023;2023-47;Belém;18;2023;6027;29.865604778496767
2023;2023-47;Bento Gonçalves;0;2023;418;0.0
2023;2023-47;Boa Vista;2;2023;575;34.78260869565217
2023;2023-47;Bragança Paulista;0;2023;43;0.0
2023;2023-47;Brumado;1;2023;249;40.16064257028112
2023;2023-47;Camacan;0;2023;2;0.0
2023;2023-47;Campina Grande;2;2023;2397;8.343763037129746
2023;2023-47;Campo Belo;0;2023;53;0.0
2023;2023-47;Campos dos Goytacazes;0;2023;711;0.0
2023;2023-47;Caratinga;2;2023;490;40.81632653061225
2023;2023-47;Carazinho;0;2023;43;0.0
2023;2023-47;Cascavel;0;2023;21;0.0
2023;2023-47;Catalão;3;2023;341;87.97653958944282
2023;2023-47;Caxias do Sul;0;2023;2081;0.0
2023;2023-47;Conceição do Coité;1;2023;26;384.61538461538464
2023;2023-47;Cruz Alta;0;2023;329;0.0
2023;2023-47;Curitiba;41;2023;14630;28.024606971975395
2023;2023-47;Curitibanos;0;2023;14;0.0
2023;2023-47;Distrito Federal;72;2023;12157;59.22513778070248
2023;2023-47;Eunápolis - Porto Seguro;0;2023;26;0.0
2023;2023-47;Frederico Westphalen;0;2023;312;0.0
2023;2023-47;Goiana ¿ Timbaúba;0;2023;371;0.0
2023;2023-47;Guarabira;0;2023;90;0.0
2023;2023-47;Guarapuava;0;2023;11;0.0
2023;2023-47;Gurupi;0;2023;9;0.0
2023;2023-47;Ijuí;0;2023;584;0.0
2023;2023-47;Imperatriz;0;2023;33;0.0
2023;2023-47;Itacoatiara;0;2023;34;0.0
2023;2023-47;Jaú;0;2023;69;0.0
2023;2023-47;Ji-Paraná;0;2023;7;0.0
2023;2023-47;Joaçaba - Herval d'Oeste;0;2023;321;0.0
2023;2023-47;Joinville;0;2023;67;0.0
2023;2023-47;Juiz de Fora;4;2023;3206;12.476606363069244
2023;2023-47;Linhares;0;2023;944;0.0
2023;2023-47;Maceió;0;2023;33;0.0
2023;2023-47;Manaus;11;2023;4170;26.378896882494008
2023;2023-47;Mantena;0;2023;118;0.0
2023;2023-47;Maringá;7;2023;3167;22.102936532996527
2023;2023-47;Marília;2;2023;1376;14.534883720930232
2023;2023-47;Mossoró;0;2023;18;0.0
2023;2023-47;Natal;0;2023;13;0.0
2023;2023-47;Nazaré ¿ Maragogipe;1;2023;73;136.986301369863
2023;2023-47;Nova Prata - Guaporé;0;2023;295;0.0
2023;2023-47;Oliveira;0;2023;551;0.0
2023;2023-47;Passo Fundo;1;2023;848;11.79245283018868
2023;2023-47;Passos;0;2023;651;0.0
2023;2023-47;Patos;0;2023;37;0.0
2023;2023-47;Pinheiro;0;2023;37;0.0
2023;2023-47;Pirapora;4;2023;219;182.64840182648402
2023;2023-47;Piumhi;0;2023;33;0.0
2023;2023-47;Ponte Nova;0;2023;14;0.0
2023;2023-47;Porto Alegre;24;2023;12769;18.7955204009711
2023;2023-47;Princesa Isabel;0;2023;26;0.0
2023;2023-47;Quirinópolis;0;2023;96;0.0
2023;2023-47;Resende;3;2023;446;67.2645739910314
2023;2023-47;Ribeirão Preto;6;2023;4491;13.360053440213761
2023;2023-47;Rio Claro;0;2023;626;0.0
2023;2023-47;Rio de Janeiro;119;2023;33698;35.31366846697133
2023;2023-47;Russas - Limoeiro do Norte;0;2023;865;0.0
2023;2023-47;Salvador;23;2023;12106;18.99884354865356
2023;2023-47;Santa Cruz do Sul;0;2023;843;0.0
2023;2023-47;Santa Inês;0;2023;94;0.0
2023;2023-47;Santa Maria;4;2023;1033;38.72216844143272
2023;2023-47;Santa Maria da Vitoria;0;2023;4;0.0
2023;2023-47;Santana do Livramento;0;2023;109;0.0
2023;2023-47;Santos;0;2023;1077;0.0
2023;2023-47;Serra Talhada;0;2023;36;0.0
2023;2023-47;Soledade;0;2023;136;0.0
2023;2023-47;São Miguel do Oeste;1;2023;295;33.898305084745765
2023;2023-47;São Paulo;121;2023;64323;18.811311661458575
2023;2023-47;Teófilo Otoni;1;2023;689;14.513788098693759
2023;2023-47;Toledo;1;2023;69;144.92753623188406
2023;2023-47;Uberaba;1;2023;1379;7.25163161711385
2023;2023-47;Uberlândia;10;2023;3380;29.585798816568047
2023;2023-47;Uruguaiana;0;2023;182;0.0
2023;2023-47;Valença;0;2023;13;0.0
2023;2023-47;Vitória;0;2023;58;0.0
2023;2023-47;Vitória da Conquista;0;2023;30;0.0
2023;2023-47;Volta Redonda - Barra Mansa;16;2023;1794;89.18617614269787
2023;2023-48;Afonso Cláudio - Venda Nova do Imigrante - Santa Maria de Jetibá;2;2023;866;23.094688221709006
2023;2023-48;Alegre;0;2023;390;0.0
2023;2023-48;Araranguá;0;2023;501;0.0
2023;2023-48;Atalaia;0;2023;2;0.0
2023;2023-48;Bagé;0;2023;202;0.0
2023;2023-48;Belo Horizonte;124;2023;22675;54.68577728776185
2023;2023-48;Belém;9;2023;6027;14.932802389248383
2023;2023-48;Bento Gonçalves;1;2023;418;23.923444976076553
2023;2023-48;Boa Vista;0;2023;575;0.0
2023;2023-48;Bragança Paulista;0;2023;43;0.0
2023;2023-48;Brumado;4;2023;249;160.64257028112448
2023;2023-48;Camacan;0;2023;2;0.0
2023;2023-48;Campina Grande;1;2023;2397;4.171881518564873
2023;2023-48;Campo Belo;0;2023;53;0.0
2023;2023-48;Campos dos Goytacazes;4;2023;711;56.258790436005626
2023;2023-48;Caratinga;1;2023;490;20.408163265306126
2023;2023-48;Carazinho;0;2023;43;0.0
2023;2023-48;Cascavel;0;2023;21;0.0
2023;2023-48;Catalão;0;2023;341;0.0
2023;2023-48;Caxias do Sul;0;2023;2081;0.0
2023;2023-48;Conceição do Coité;0;2023;26;0.0
2023;2023-48;Cruz Alta;0;2023;329;0.0
2023;2023-48;Curitiba;31;2023;14630;21.189336978810662
2023;2023-48;Curitibanos;0;2023;14;0.0
2023;2023-48;Distrito Federal;102;2023;12157;83.90227852266185
2023;2023-48;Eunápolis - Porto Seguro;0;2023;26;0.0
2023;2023-48;Frederico Westphalen;3;2023;312;96.15384615384616
2023;2023-48;Goiana ¿ Timbaúba;0;2023;371;0.0
2023;2023-48;Guarabira;0;2023;90;0.0
2023;2023-48;Guarapuava;0;2023;11;0.0
2023;2023-48;Gurupi;0;2023;9;0.0
2023;2023-48;Ijuí;3;2023;584;51.36986301369863
2023;2023-48;Imperatriz;0;2023;33;0.0
2023;2023-48;Itacoatiara;0;2023;34;0.0
2023;2023-48;Jaú;0;2023;69;0.0
2023;2023-48;Ji-Paraná;0;2023;7;0.0
2023;2023-48;Joaçaba - Herval d'Oeste;0;2023;321;0.0
2023;2023-48;Joinville;1;2023;67;149.2537313432836
2023;2023-48;Juiz de Fora;9;2023;3206;28.0723643169058
2023;2023-48;Linhares;0;2023;944;0.0
2023;2023-48;Maceió;0;2023;33;0.0
2023;2023-48;Manaus;9;2023;4170;21.58273381294964
2023;2023-48;Mantena;1;2023;118;84.7457627118644
2023;2023-48;Maringá;12;2023;3167;37.890748342279764
2023;2023-48;Marília;2;2023;1376;14.534883720930232
2023;2023-48;Mossoró;0;2023;18;0.0
2023;2023-48;Natal;0;2023;13;0.0
2023;2023-48;Nazaré ¿ Maragogipe;0;2023;73;0.0
2023;2023-48;Nova Prata - Guaporé;1;2023;295;33.898305084745765
2023;2023-48;Oliveira;1;2023;551;18.148820326678766
2023;2023-48;Passo Fundo;1;2023;848;11.79245283018868
2023;2023-48;Passos;1;2023;651;15.360983102918587
2023;2023-48;Patos;0;2023;37;0.0
2023;2023-48;Pinheiro;0;2023;37;0.0
2023;2023-48;Pirapora;3;2023;219;136.986301369863
2023;2023-48;Piumhi;0;2023;33;0.0
2023;2023-48;Ponte Nova;0;2023;14;0.0
2023;2023-48;Porto Alegre;30;2023;12769;23.494400501213878
2023;2023-48;Princesa Isabel;0;2023;26;0.0
2023;2023-48;Quirinópolis;0;2023;96;0.0
2023;2023-48;Resende;0;2023;446;0.0
2023;2023-48;Ribeirão Preto;8;2023;4491;17.81340458695168
2023;2023-48;Rio Claro;0;2023;626;0.0
2023;2023-48;Rio de Janeiro;163;2023;33698;48.370823194254854
2023;2023-48;Russas - Limoeiro do Norte;1;2023;865;11.560693641618498
2023;2023-48;Salvador;26;2023;12106;21.476953576738808
2023;2023-48;Santa Cruz do Sul;0;2023;843;0.0
2023;2023-48;Santa Inês;0;2023;94;0.0
2023;2023-48;Santa Maria;2;2023;1033;19.36108422071636
2023;2023-48;Santa Maria da Vitoria;0;2023;4;0.0
2023;2023-48;Santana do Livramento;0;2023;109;0.0
2023;2023-48;Santos;0;2023;1077;0.0
2023;2023-48;Serra Talhada;0;2023;36;0.0
2023;2023-48;Soledade;0;2023;136;0.0
2023;2023-48;São Miguel do Oeste;2;2023;295;67.79661016949153
2023;2023-48;São Paulo;188;2023;64323;29.227492498795144
2023;2023-48;Teófilo Otoni;1;2023;689;14.513788098693759
2023;2023-48;Toledo;2;2023;69;289.8550724637681
2023;2023-48;Uberaba;5;2023;1379;36.25815808556926
2023;2023-48;Uberlândia;8;2023;3380;23.668639053254438
2023;2023-48;Uruguaiana;0;2023;182;0.0
2023;2023-48;Valença;0;2023;13;0.0
2023;2023-48;Vitória;0;2023;58;0.0
2023;2023-48;Vitória da Conquista;0;2023;30;0.0
2023;2023-48;Volta Redonda - Barra Mansa;12;2023;1794;66.88963210702342
2023;2023-49;Afonso Cláudio - Venda Nova do Imigrante - Santa Maria de Jetibá;1;2023;866;11.547344110854503
2023;2023-49;Alegre;1;2023;390;25.641025641025642
2023;2023-49;Araranguá;0;2023;501;0.0
2023;2023-49;Atalaia;0;2023;2;0.0
2023;2023-49;Bagé;0;2023;202;0.0
2023;2023-49;Belo Horizonte;121;2023;22675;53.36273428886438
2023;2023-49;Belém;7;2023;6027;11.614401858304298
2023;2023-49;Bento Gonçalves;1;2023;418;23.923444976076553
2023;2023-49;Boa Vista;1;2023;575;17.391304347826086
2023;2023-49;Bragança Paulista;0;2023;43;0.0
2023;2023-49;Brumado;4;2023;249;160.64257028112448
2023;2023-49;Camacan;0;2023;2;0.0
2023;2023-49;Campina Grande;0;2023;2397;0.0
2023;2023-49;Campo Belo;0;2023;53;0.0
2023;2023-49;Campos dos Goytacazes;1;2023;711;14.064697609001406
2023;2023-49;Caratinga;2;2023;490;40.81632653061225
2023;2023-49;Carazinho;0;2023;43;0.0
2023;2023-49;Cascavel;0;2023;21;0.0
2023;2023-49;Catalão;2;2023;341;58.651026392961874
2023;2023-49;Caxias do Sul;3;2023;2081;14.416146083613647
2023;2023-49;Conceição do Coité;0;2023;26;0.0
2023;2023-49;Cruz Alta;0;2023;329;0.0
2023;2023-49;Curitiba;52;2023;14630;35.543403964456594
2023;2023-49;Curitibanos;0;2023;14;0.0
2023;2023-49;Distrito Federal;119;2023;12157;97.88599160977215
2023;2023-49;Eunápolis - Porto Seguro;0;2023;26;0.0
2023;2023-49;Frederico Westphalen;0;2023;312;0.0
2023;2023-49;Goiana ¿ Timbaúba;0;2023;371;0.0
2023;2023-49;Guarabira;0;2023;90;0.0
2023;2023-49;Guarapuava;0;2023;11;0.0
2023;2023-49;Gurupi;0;2023;9;0.0
2023;2023-49;Ijuí;2;2023;584;34.24657534246575
2023;2023-49;Imperatriz;0;2023;33;0.0
2023;2023-49;Itacoatiara;0;2023;34;0.0
2023;2023-49;Jaú;0;2023;69;0.0
2023;2023-49;Ji-Paraná;0;2023;7;0.0
2023;2023-49;Joaçaba - Herval d'Oeste;0;2023;321;0.0
2023;2023-49;Joinville;0;2023;67;0.0
2023;2023-49;Juiz de Fora;6;2023;3206;18.714909544603866
2023;2023-49;Linhares;2;2023;944;21.1864406779661
2023;2023-49;Maceió;0;2023;33;0.0
2023;2023-49;Manaus;18;2023;4170;43.16546762589928
2023;2023-49;Mantena;1;2023;118;84.7457627118644
2023;2023-49;Maringá;10;2023;3167;31.575623618566468
2023;2023-49;Marília;3;2023;1376;21.802325581395348
2023;2023-49;Mossoró;0;2023;18;0.0
2023;2023-49;Natal;0;2023;13;0.0
2023;2023-49;Nazaré ¿ Maragogipe;0;2023;73;0.0
2023;2023-49;Nova Prata - Guaporé;0;2023;295;0.0
2023;2023-49;Oliveira;0;2023;551;0.0
2023;2023-49;Passo Fundo;3;2023;848;35.37735849056604
2023;2023-49;Passos;7;2023;651;107.52688172043011
2023;2023-49;Patos;0;2023;37;0.0
2023;2023-49;Pinheiro;0;2023;37;0.0
2023;2023-49;Pirapora;3;2023;219;136.986301369863
2023;2023-49;Piumhi;0;2023;33;0.0
2023;2023-49;Ponte Nova;0;2023;14;0.0
2023;2023-49;Porto Alegre;24;2023;12769;18.7955204009711
2023;2023-49;Princesa Isabel;0;2023;26;0.0
2023;2023-49;Quirinópolis;0;2023;96;0.0
2023;2023-49;Resende;5;2023;446;112.10762331838565
2023;2023-49;Ribeirão Preto;10;2023;4491;22.2667557336896
2023;2023-49;Rio Claro;0;2023;626;0.0
2023;2023-49;Rio de Janeiro;210;2023;33698;62.31823847112589
2023;2023-49;Russas - Limoeiro do Norte;1;2023;865;11.560693641618498
2023;2023-49;Salvador;26;2023;12106;21.476953576738808
2023;2023-49;Santa Cruz do Sul;1;2023;843;11.862396204033216
2023;2023-49;Santa Inês;0;2023;94;0.0
2023;2023-49;Santa Maria;1;2023;1033;9.68054211035818
2023;2023-49;Santa Maria da Vitoria;0;2023;4;0.0
2023;2023-49;Santana do Livramento;0;2023;109;0.0
2023;2023-49;Santos;0;2023;1077;0.0
2023;2023-49;Serra Talhada;0;2023;36;0.0
2023;2023-49;Soledade;0;2023;136;0.0
2023;2023-49;São Miguel do Oeste;2;2023;295;67.79661016949153
2023;2023-49;São Paulo;154;2023;64323;23.941669387310917
2023;2023-49;Teófilo Otoni;3;2023;689;43.54136429608128
2023;2023-49;Toledo;0;2023;69;0.0
2023;2023-49;Uberaba;5;2023;1379;36.25815808556926
2023;2023-49;Uberlândia;12;2023;3380;35.50295857988166
2023;2023-49;Uruguaiana;0;2023;182;0.0
2023;2023-49;Valença;0;2023;13;0.0
2023;2023-49;Vitória;0;2023;58;0.0
2023;2023-49;Vitória da Conquista;0;2023;30;0.0
2023;2023-49;Volta Redonda - Barra Mansa;9;2023;1794;50.16722408026756
2023;2023-50;Afonso Cláudio - Venda Nova do Imigrante - Santa Maria de Jetibá;2;2023;866;23.094688221709006
2023;2023-50;Alegre;1;2023;390;25.641025641025642
2023;2023-50;Araranguá;0;2023;501;0.0
2023;2023-50;Atalaia;0;2023;2;0.0
2023;2023-50;Bagé;0;2023;202;0.0
2023;2023-50;Belo Horizonte;183;2023;22675;80.70562293274531
2023;2023-50;Belém;12;2023;6027;19.91040318566451
2023;2023-50;Bento Gonçalves;0;2023;418;0.0
2023;2023-50;Boa Vista;0;2023;575;0.0
2023;2023-50;Bragança Paulista;0;2023;43;0.0
2023;2023-50;Brumado;0;2023;249;0.0
2023;2023-50;Camacan;0;2023;2;0.0
2023;2023-50;Campina Grande;3;2023;2397;12.51564455569462
2023;2023-50;Campo Belo;0;2023;53;0.0
2023;2023-50;Campos dos Goytacazes;3;2023;711;42.19409282700422
2023;2023-50;Caratinga;2;2023;490;40.81632653061225
2023;2023-50;Carazinho;0;2023;43;0.0
2023;2023-50;Cascavel;0;2023;21;0.0
2023;2023-50;Catalão;0;2023;341;0.0
2023;2023-50;Caxias do Sul;3;2023;2081;14.416146083613647
2023;2023-50;Conceição do Coité;0;2023;26;0.0
2023;2023-50;Cruz Alta;0;2023;329;0.0
2023;2023-50;Curitiba;48;2023;14630;32.80929596719071
2023;2023-50;Curitibanos;0;2023;14;0.0
2023;2023-50;Distrito Federal;121;2023;12157;99.53113432590277
2023;2023-50;Eunápolis - Porto Seguro;0;2023;26;0.0
2023;2023-50;Frederico Westphalen;2;2023;312;64.1025641025641
2023;2023-50;Goiana ¿ Timbaúba;1;2023;371;26.954177897574127
2023;2023-50;Guarabira;0;2023;90;0.0
2023;2023-50;Guarapuava;0;2023;11;0.0
2023;2023-50;Gurupi;0;2023;9;0.0
2023;2023-50;Ijuí;2;2023;584;34.24657534246575
2023;2023-50;Imperatriz;0;2023;33;0.0
2023;2023-50;Itacoatiara;0;2023;34;0.0
2023;2023-50;Jaú;0;2023;69;0.0
2023;2023-50;Ji-Paraná;0;2023;7;0.0
2023;2023-50;Joaçaba - Herval d'Oeste;0;2023;321;0.0
2023;2023-50;Joinville;0;2023;67;0.0
2023;2023-50;Juiz de Fora;13;2023;3206;40.54897067997504
2023;2023-50;Linhares;2;2023;944;21.1864406779661
2023;2023-50;Maceió;0;2023;33;0.0
2023;2023-50;Manaus;29;2023;4170;69.54436450839329
2023;2023-50;Mantena;0;2023;118;0.0
2023;2023-50;Maringá;9;2023;3167;28.41806125670982
2023;2023-50;Marília;2;2023;1376;14.534883720930232
2023;2023-50;Mossoró;0;2023;18;0.0
2023;2023-50;Natal;0;2023;13;0.0
2023;2023-50;Nazaré ¿ Maragogipe;0;2023;73;0.0
2023;2023-50;Nova Prata - Guaporé;1;2023;295;33.898305084745765
2023;2023-50;Oliveira;5;2023;551;90.74410163339384
2023;2023-50;Passo Fundo;1;2023;848;11.79245283018868
2023;2023-50;Passos;0;2023;651;0.0
2023;2023-50;Patos;0;2023;37;0.0
2023;2023-50;Pinheiro;0;2023;37;0.0
2023;2023-50;Pirapora;2;2023;219;91.32420091324201
2023;2023-50;Piumhi;0;2023;33;0.0
2023;2023-50;Ponte Nova;0;2023;14;0.0
2023;2023-50;Porto Alegre;24;2023;12769;18.7955204009711
2023;2023-50;Princesa Isabel;0;2023;26;0.0
2023;2023-50;Quirinópolis;0;2023;96;0.0
2023;2023-50;Resende;5;2023;446;112.10762331838565
2023;2023-50;Ribeirão Preto;7;2023;4491;15.586729013582723
2023;2023-50;Rio Claro;1;2023;626;15.974440894568689
2023;2023-50;Rio de Janeiro;224;2023;33698;66.47278770253428
2023;2023-50;Russas - Limoeiro do Norte;0;2023;865;0.0
2023;2023-50;Salvador;38;2023;12106;31.389393689079796
2023;2023-50;Santa Cruz do Sul;0;2023;843;0.0
2023;2023-50;Santa Inês;0;2023;94;0.0
2023;2023-50;Santa Maria;3;2023;1033;29.041626331074543
2023;2023-50;Santa Maria da Vitoria;0;2023;4;0.0
2023;2023-50;Santana do Livramento;0;2023;109;0.0
2023;2023-50;Santos;0;2023;1077;0.0
2023;2023-50;Serra Talhada;0;2023;36;0.0
2023;2023-50;Soledade;0;2023;136;0.0
2023;2023-50;São Miguel do Oeste;3;2023;295;101.69491525423729
2023;2023-50;São Paulo;190;2023;64323;29.538423270058924
2023;2023-50;Teófilo Otoni;1;2023;689;14.513788098693759
2023;2023-50;Toledo;0;2023;69;0.0
2023;2023-50;Uberaba;2;2023;1379;14.5032632342277
2023;2023-50;Uberlândia;8;2023;3380;23.668639053254438
2023;2023-50;Uruguaiana;0;2023;182;0.0
2023;2023-50;Valença;0;2023;13;0.0
2023;2023-50;Vitória;0;2023;58;0.0
2023;2023-50;Vitória da Conquista;0;2023;30;0.0
2023;2023-50;Volta Redonda - Barra Mansa;12;2023;1794;66.88963210702342
2023;2023-51;Afonso Cláudio - Venda Nova do Imigrante - Santa Maria de Jetibá;0;2023;866;0.0
2023;2023-51;Alegre;1;2023;390;25.641025641025642
2023;2023-51;Araranguá;1;2023;501;19.96007984031936
2023;2023-51;Atalaia;0;2023;2;0.0
2023;2023-51;Bagé;0;2023;202;0.0
2023;2023-51;Belo Horizonte;179;2023;22675;78.94156560088203
2023;2023-51;Belém;15;2023;6027;24.888003982080637
2023;2023-51;Bento Gonçalves;0;2023;418;0.0
2023;2023-51;Boa Vista;3;2023;575;52.173913043478265
2023;2023-51;Bragança Paulista;0;2023;43;0.0
2023;2023-51;Brumado;0;2023;249;0.0
2023;2023-51;Camacan;0;2023;2;0.0
2023;2023-51;Campina Grande;2;2023;2397;8.343763037129746
2023;2023-51;Campo Belo;0;2023;53;0.0
2023;2023-51;Campos dos Goytacazes;0;2023;711;0.0
2023;2023-51;Caratinga;4;2023;490;81.6326530612245
2023;2023-51;Carazinho;0;2023;43;0.0
2023;2023-51;Cascavel;0;2023;21;0.0
2023;2023-51;Catalão;0;2023;341;0.0
2023;2023-51;Caxias do Sul;2;2023;2081;9.610764055742433
2023;2023-51;Conceição do Coité;0;2023;26;0.0
2023;2023-51;Cruz Alta;1;2023;329;30.3951367781155
2023;2023-51;Curitiba;58;2023;14630;39.644565960355436
2023;2023-51;Curitibanos;0;2023;14;0.0
2023;2023-51;Distrito Federal;153;2023;12157;125.85341778399275
2023;2023-51;Eunápolis - Porto Seguro;0;2023;26;0.0
2023;2023-51;Frederico Westphalen;2;2023;312;64.1025641025641
2023;2023-51;Goiana ¿ Timbaúba;0;2023;371;0.0
2023;2023-51;Guarabira;0;2023;90;0.0
2023;2023-51;Guarapuava;0;2023;11;0.0
2023;2023-51;Gurupi;0;2023;9;0.0
2023;2023-51;Ijuí;2;2023;584;34.24657534246575
2023;2023-51;Imperatriz;0;2023;33;0.0
2023;2023-51;Itacoatiara;0;2023;34;0.0
2023;2023-51;Jaú;0;2023;69;0.0
2023;2023-51;Ji-Paraná;0;2023;7;0.0
2023;2023-51;Joaçaba - Herval d'Oeste;0;2023;321;0.0
2023;2023-51;Joinville;0;2023;67;0.0
2023;2023-51;Juiz de Fora;11;2023;3206;34.310667498440424
2023;2023-51;Linhares;6;2023;944;63.55932203389831
2023;2023-51;Maceió;0;2023;33;0.0
2023;2023-51;Manaus;50;2023;4170;119.9040767386091
2023;2023-51;Mantena;0;2023;118;0.0
2023;2023-51;Maringá;8;2023;3167;25.26049889485317
2023;2023-51;Marília;7;2023;1376;50.872093023255815
2023;2023-51;Mossoró;0;2023;18;0.0
2023;2023-51;Natal;0;2023;13;0.0
2023;2023-51;Nazaré ¿ Maragogipe;0;2023;73;0.0
2023;2023-51;Nova Prata - Guaporé;1;2023;295;33.898305084745765
2023;2023-51;Oliveira;4;2023;551;72.59528130671507
2023;2023-51;Passo Fundo;3;2023;848;35.37735849056604
2023;2023-51;Passos;1;2023;651;15.360983102918587
2023;2023-51;Patos;0;2023;37;0.0
2023;2023-51;Pinheiro;0;2023;37;0.0
2023;2023-51;Pirapora;0;2023;219;0.0
2023;2023-51;Piumhi;0;2023;33;0.0
2023;2023-51;Ponte Nova;0;2023;14;0.0
2023;2023-51;Porto Alegre;16;2023;12769;12.530346933980734
2023;2023-51;Princesa Isabel;0;2023;26;0.0
2023;2023-51;Quirinópolis;1;2023;96;104.16666666666666
2023;2023-51;Resende;12;2023;446;269.0582959641256
2023;2023-51;Ribeirão Preto;6;2023;4491;13.360053440213761
2023;2023-51;Rio Claro;0;2023;626;0.0
2023;2023-51;Rio de Janeiro;256;2023;33698;75.96890023146774
2023;2023-51;Russas - Limoeiro do Norte;0;2023;865;0.0
2023;2023-51;Salvador;21;2023;12106;17.34677019659673
2023;2023-51;Santa Cruz do Sul;1;2023;843;11.862396204033216
2023;2023-51;Santa Inês;0;2023;94;0.0
2023;2023-51;Santa Maria;2;2023;1033;19.36108422071636
2023;2023-51;Santa Maria da Vitoria;0;2023;4;0.0
2023;2023-51;Santana do Livramento;0;2023;109;0.0
2023;2023-51;Santos;0;2023;1077;0.0
2023;2023-51;Serra Talhada;0;2023;36;0.0
2023;2023-51;Soledade;0;2023;136;0.0
2023;2023-51;São Miguel do Oeste;2;2023;295;67.79661016949153
2023;2023-51;São Paulo;213;2023;64323;33.11412713959237
2023;2023-51;Teófilo Otoni;7;2023;689;101.5965166908563
2023;2023-51;Toledo;0;2023;69;0.0
2023;2023-51;Uberaba;3;2023;1379;21.75489485134155
2023;2023-51;Uberlândia;11;2023;3380;32.544378698224854
2023;2023-51;Uruguaiana;0;2023;182;0.0
2023;2023-51;Valença;0;2023;13;0.0
2023;2023-51;Vitória;0;2023;58;0.0
2023;2023-51;Vitória da Conquista;0;2023;30;0.0
2023;2023-51;Volta Redonda - Barra Mansa;16;2023;1794;89.18617614269787
2023;2023-52;Afonso Cláudio - Venda Nova do Imigrante - Santa Maria de Jetibá;1;2023;866;11.547344110854503
2023;2023-52;Alegre;0;2023;390;0.0
2023;2023-52;Araranguá;0;2023;501;0.0
2023;2023-52;Atalaia;0;2023;2;0.0
2023;2023-52;Bagé;1;2023;202;49.504950495049506
2023;2023-52;Belo Horizonte;239;2023;22675;105.40242557883133
2023;2023-52;Belém;2;2023;6027;3.318400530944085
2023;2023-52;Bento Gonçalves;0;2023;418;0.0
2023;2023-52;Boa Vista;2;2023;575;34.78260869565217
2023;2023-52;Bragança Paulista;0;2023;43;0.0
2023;2023-52;Brumado;3;2023;249;120.48192771084338
2023;2023-52;Camacan;0;2023;2;0.0
2023;2023-52;Campina Grande;3;2023;2397;12.51564455569462
2023;2023-52;Campo Belo;0;2023;53;0.0
2023;2023-52;Campos dos Goytacazes;3;2023;711;42.19409282700422
2023;2023-52;Caratinga;2;2023;490;40.81632653061225
2023;2023-52;Carazinho;0;2023;43;0.0
2023;2023-52;Cascavel;0;2023;21;0.0
2023;2023-52;Catalão;2;2023;341;58.651026392961874
2023;2023-52;Caxias do Sul;2;2023;2081;9.610764055742433
2023;2023-52;Conceição do Coité;0;2023;26;0.0
2023;2023-52;Cruz Alta;0;2023;329;0.0
2023;2023-52;Curitiba;60;2023;14630;41.01161995898838
2023;2023-52;Curitibanos;0;2023;14;0.0
2023;2023-52;Distrito Federal;183;2023;12157;150.53055852595213
2023;2023-52;Eunápolis - Porto Seguro;0;2023;26;0.0
2023;2023-52;Frederico Westphalen;0;2023;312;0.0
2023;2023-52;Goiana ¿ Timbaúba;0;2023;371;0.0
2023;2023-52;Guarabira;0;2023;90;0.0
2023;2023-52;Guarapuava;0;2023;11;0.0
2023;2023-52;Gurupi;0;2023;9;0.0
2023;2023-52;Ijuí;0;2023;584;0.0
2023;2023-52;Imperatriz;0;2023;33;0.0
2023;2023-52;Itacoatiara;0;2023;34;0.0
2023;2023-52;Jaú;0;2023;69;0.0
2023;2023-52;Ji-Paraná;0;2023;7;0.0
2023;2023-52;Joaçaba - Herval d'Oeste;0;2023;321;0.0
2023;2023-52;Joinville;0;2023;67;0.0
2023;2023-52;Juiz de Fora;5;2023;3206;15.595757953836557
2023;2023-52;Linhares;8;2023;944;84.7457627118644
2023;2023-52;Maceió;0;2023;33;0.0
2023;2023-52;Manaus;56;2023;4170;134.2925659472422
2023;2023-52;Mantena;0;2023;118;0.0
2023;2023-52;Maringá;8;2023;3167;25.26049889485317
2023;2023-52;Marília;1;2023;1376;7.267441860465116
2023;2023-52;Mossoró;0;2023;18;0.0
2023;2023-52;Natal;0;2023;13;0.0
2023;2023-52;Nazaré ¿ Maragogipe;0;2023;73;0.0
2023;2023-52;Nova Prata - Guaporé;1;2023;295;33.898305084745765
2023;2023-52;Oliveira;3;2023;551;54.44646098003629
2023;2023-52;Passo Fundo;2;2023;848;23.58490566037736
2023;2023-52;Passos;4;2023;651;61.443932411674346
2023;2023-52;Patos;0;2023;37;0.0
2023;2023-52;Pinheiro;0;2023;37;0.0
2023;2023-52;Pirapora;2;2023;219;91.32420091324201
2023;2023-52;Piumhi;0;2023;33;0.0
2023;2023-52;Ponte Nova;0;2023;14;0.0
2023;2023-52;Porto Alegre;37;2023;12769;28.97642728483045
2023;2023-52;Princesa Isabel;0;2023;26;0.0
2023;2023-52;Quirinópolis;0;2023;96;0.0
2023;2023-52;Resende;10;2023;446;224.2152466367713
2023;2023-52;Ribeirão Preto;16;2023;4491;35.62680917390336
2023;2023-52;Rio Claro;0;2023;626;0.0
2023;2023-52;Rio de Janeiro;251;2023;33698;74.48513264882189
2023;2023-52;Russas - Limoeiro do Norte;3;2023;865;34.68208092485549
2023;2023-52;Salvador;28;2023;12106;23.12902692879564
2023;2023-52;Santa Cruz do Sul;2;2023;843;23.72479240806643
2023;2023-52;Santa Inês;0;2023;94;0.0
2023;2023-52;Santa Maria;2;2023;1033;19.36108422071636
2023;2023-52;Santa Maria da Vitoria;0;2023;4;0.0
2023;2023-52;Santana do Livramento;1;2023;109;91.74311926605505
2023;2023-52;Santos;2;2023;1077;18.570102135561747
2023;2023-52;Serra Talhada;0;2023;36;0.0
2023;2023-52;Soledade;0;2023;136;0.0
2023;2023-52;São Miguel do Oeste;1;2023;295;33.898305084745765
2023;2023-52;São Paulo;250;2023;64323;38.866346407972266
2023;2023-52;Teófilo Otoni;3;2023;689;43.54136429608128
2023;2023-52;Toledo;0;2023;69;0.0
2023;2023-52;Uberaba;3;2023;1379;21.75489485134155
2023;2023-52;Uberlândia;12;2023;3380;35.50295857988166
2023;2023-52;Uruguaiana;0;2023;182;0.0
2023;2023-52;Valença;0;2023;13;0.0
2023;2023-52;Vitória;0;2023;58;0.0
2023;2023-52;Vitória da Conquista;0;2023;30;0.0
2023;2023-52;Volta Redonda - Barra Mansa;14;2023;1794;78.03790412486065
2024;2024-01;Afonso Cláudio - Venda Nova do Imigrante - Santa Maria de Jetibá;0;2024;625;0.0
2024;2024-01;Alegre;2;2024;335;59.701492537313435
2024;2024-01;Araranguá;0;2024;621;0.0
2024;2024-01;Atalaia;0;2024;36;0.0
2024;2024-01;Bagé;3;2024;167;179.64071856287424
2024;2024-01;Belo Horizonte;338;2024;23019;146.8352230765889
2024;2024-01;Belém;22;2024;8448;26.041666666666664
2024;2024-01;Bento Gonçalves;0;2024;386;0.0
2024;2024-01;Boa Vista;3;2024;789;38.02281368821293
2024;2024-01;Bragança Paulista;0;2024;23;0.0
2024;2024-01;Brumado;1;2024;297;33.67003367003367
2024;2024-01;Camacan;0;2024;2;0.0
2024;2024-01;Campina Grande;1;2024;1519;6.583278472679394
2024;2024-01;Campo Belo;0;2024;5;0.0
2024;2024-01;Campos dos Goytacazes;4;2024;924;43.29004329004329
2024;2024-01;Caratinga;3;2024;539;55.65862708719852
2024;2024-01;Carazinho;0;2024;53;0.0
2024;2024-01;Cascavel;0;2024;27;0.0
2024;2024-01;Catalão;0;2024;360;0.0
2024;2024-01;Catanduva;0;2024;1;0.0
2024;2024-01;Caxias do Sul;1;2024;2651;3.7721614485099964
2024;2024-01;Ceres - Rialma - Goianésia;0;2024;20;0.0
2024;2024-01;Conceição do Coité;0;2024;30;0.0
2024;2024-01;Cruz Alta;2;2024;452;44.24778761061947
2024;2024-01;Curitiba;96;2024;14168;67.75832862789385
2024;2024-01;Curitibanos;0;2024;21;0.0
2024;2024-01;Distrito Federal;211;2024;12381;170.42242145222517
2024;2024-01;Frederico Westphalen;2;2024;276;72.46376811594203
2024;2024-01;Goiana ¿ Timbaúba;0;2024;210;0.0
2024;2024-01;Guarabira;0;2024;56;0.0
2024;2024-01;Guarapuava;0;2024;17;0.0
2024;2024-01;Gurupi;0;2024;23;0.0
2024;2024-01;Ijuí;0;2024;516;0.0
2024;2024-01;Imperatriz;0;2024;15;0.0
2024;2024-01;Itacoatiara;0;2024;51;0.0
2024;2024-01;Jaú;0;2024;143;0.0
2024;2024-01;Ji-Paraná;0;2024;6;0.0
2024;2024-01;Joaçaba - Herval d'Oeste;0;2024;258;0.0
2024;2024-01;Joinville;0;2024;12;0.0
2024;2024-01;Juiz de Fora;4;2024;2050;19.51219512195122
2024;2024-01;Linhares;4;2024;650;61.53846153846154
2024;2024-01;Maceió;0;2024;8;0.0
2024;2024-01;Manaus;123;2024;4770;257.8616352201258
2024;2024-01;Mantena;1;2024;112;89.28571428571428
2024;2024-01;Maringá;7;2024;3069;22.80873248615184
2024;2024-01;Marília;7;2024;1784;39.237668161434975
2024;2024-01;Monteiro;0;2024;11;0.0
2024;2024-01;Mossoró;0;2024;24;0.0
2024;2024-01;Natal;0;2024;18;0.0
2024;2024-01;Nazaré ¿ Maragogipe;0;2024;76;0.0
2024;2024-01;Nova Prata - Guaporé;1;2024;339;29.49852507374631
2024;2024-01;Oliveira;9;2024;587;153.32197614991483
2024;2024-01;Passo Fundo;5;2024;831;60.168471720818296
2024;2024-01;Passos;3;2024;614;48.85993485342019
2024;2024-01;Patos;0;2024;53;0.0
2024;2024-01;Pinheiro;0;2024;23;0.0
2024;2024-01;Pirapora;2;2024;239;83.68200836820083
2024;2024-01;Piumhi;0;2024;12;0.0
2024;2024-01;Ponte Nova;0;2024;29;0.0
2024;2024-01;Porto Alegre;56;2024;15338;36.51062720041726
2024;2024-01;Princesa Isabel;0;2024;42;0.0
2024;2024-01;Quirinópolis;0;2024;76;0.0
2024;2024-01;Resende;7;2024;460;152.17391304347828
2024;2024-01;Ribeirão Preto;19;2024;5172;36.736272235112146
2024;2024-01;Rio Claro;2;2024;333;60.06006006006006
2024;2024-01;Rio de Janeiro;304;2024;38026;79.94530058381108
2024;2024-01;Russas - Limoeiro do Norte;0;2024;1229;0.0
2024;2024-01;Salvador;33;2024;11852;27.843401957475532
2024;2024-01;Santa Cruz do Sul;1;2024;694;14.40922190201729
2024;2024-01;Santa Inês;0;2024;75;0.0
2024;2024-01;Santa Maria;6;2024;1076;55.762081784386616
2024;2024-01;Santa Maria da Vitoria;0;2024;11;0.0
2024;2024-01;Santana do Livramento;0;2024;137;0.0
2024;2024-01;Santos;1;2024;901;11.098779134295228
2024;2024-01;Serra Talhada;0;2024;82;0.0
2024;2024-01;Soledade;0;2024;84;0.0
2024;2024-01;São Miguel do Oeste;6;2024;287;209.05923344947738
2024;2024-01;São Paulo;421;2024;67129;62.71507098273474
2024;2024-01;Teófilo Otoni;0;2024;810;0.0
2024;2024-01;Toledo;0;2024;47;0.0
2024;2024-01;Uberaba;1;2024;1341;7.457121551081282
2024;2024-01;Uberlândia;19;2024;3401;55.865921787709496
2024;2024-01;Uruguaiana;2;2024;226;88.49557522123894
2024;2024-01;Valença;0;2024;41;0.0
2024;2024-01;Vitória;1;2024;37;270.27027027027026
2024;2024-01;Vitória da Conquista;0;2024;24;0.0
2024;2024-01;Volta Redonda - Barra Mansa;24;2024;1788;134.2281879194631
2024;2024-02;Afonso Cláudio - Venda Nova do Imigrante - Santa Maria de Jetibá;0;2024;625;0.0
2024;2024-02;Alegre;2;2024;335;59.701492537313435
2024;2024-02;Araranguá;1;2024;621;16.10305958132045
2024;2024-02;Atalaia;0;2024;36;0.0
2024;2024-02;Bagé;0;2024;167;0.0
2024;2024-02;Belo Horizonte;441;2024;23019;191.58086797862634
2024;2024-02;Belém;27;2024;8448;31.960227272727273
2024;2024-02;Bento Gonçalves;2;2024;386;51.81347150259067
2024;2024-02;Boa Vista;1;2024;789;12.674271229404308
2024;2024-02;Bragança Paulista;0;2024;23;0.0
2024;2024-02;Brumado;2;2024;297;67.34006734006734
2024;2024-02;Camacan;0;2024;2;0.0
2024;2024-02;Campina Grande;1;2024;1519;6.583278472679394
2024;2024-02;Campo Belo;0;2024;5;0.0
2024;2024-02;Campos dos Goytacazes;2;2024;924;21.645021645021647
2024;2024-02;Caratinga;5;2024;539;92.7643784786642
2024;2024-02;Carazinho;0;2024;53;0.0
2024;2024-02;Cascavel;0;2024;27;0.0
2024;2024-02;Catalão;1;2024;360;27.77777777777778
2024;2024-02;Catanduva;0;2024;1;0.0
2024;2024-02;Caxias do Sul;4;2024;2651;15.088645794039985
2024;2024-02;Ceres - Rialma - Goianésia;0;2024;20;0.0
2024;2024-02;Conceição do Coité;0;2024;30;0.0
2024;2024-02;Cruz Alta;4;2024;452;88.49557522123894
2024;2024-02;Curitiba;137;2024;14168;96.69678147939018
2024;2024-02;Curitibanos;0;2024;21;0.0
2024;2024-02;Distrito Federal;203;2024;12381;163.96090784266212
2024;2024-02;Frederico Westphalen;2;2024;276;72.46376811594203
2024;2024-02;Goiana ¿ Timbaúba;0;2024;210;0.0
2024;2024-02;Guarabira;0;2024;56;0.0
2024;2024-02;Guarapuava;0;2024;17;0.0
2024;2024-02;Gurupi;0;2024;23;0.0
2024;2024-02;Ijuí;1;2024;516;19.37984496124031
2024;2024-02;Imperatriz;0;2024;15;0.0
2024;2024-02;Itacoatiara;0;2024;51;0.0
2024;2024-02;Jaú;0;2024;143;0.0
2024;2024-02;Ji-Paraná;0;2024;6;0.0
2024;2024-02;Joaçaba - Herval d'Oeste;2;2024;258;77.51937984496124
2024;2024-02;Joinville;0;2024;12;0.0
2024;2024-02;Juiz de Fora;12;2024;2050;58.53658536585366
2024;2024-02;Linhares;4;2024;650;61.53846153846154
2024;2024-02;Maceió;0;2024;8;0.0
2024;2024-02;Manaus;70;2024;4770;146.7505241090147
2024;2024-02;Mantena;0;2024;112;0.0
2024;2024-02;Maringá;20;2024;3069;65.16780710329097
2024;2024-02;Marília;7;2024;1784;39.237668161434975
2024;2024-02;Monteiro;0;2024;11;0.0
2024;2024-02;Mossoró;0;2024;24;0.0
2024;2024-02;Natal;0;2024;18;0.0
2024;2024-02;Nazaré ¿ Maragogipe;1;2024;76;131.57894736842104
2024;2024-02;Nova Prata - Guaporé;4;2024;339;117.99410029498524
2024;2024-02;Oliveira;13;2024;587;221.46507666098807
2024;2024-02;Passo Fundo;5;2024;831;60.168471720818296
2024;2024-02;Passos;7;2024;614;114.00651465798046
2024;2024-02;Patos;1;2024;53;188.67924528301887
2024;2024-02;Pinheiro;0;2024;23;0.0
2024;2024-02;Pirapora;3;2024;239;125.52301255230125
2024;2024-02;Piumhi;0;2024;12;0.0
2024;2024-02;Ponte Nova;0;2024;29;0.0
2024;2024-02;Porto Alegre;53;2024;15338;34.554700743252056
2024;2024-02;Princesa Isabel;0;2024;42;0.0
2024;2024-02;Quirinópolis;0;2024;76;0.0
2024;2024-02;Resende;6;2024;460;130.43478260869566
2024;2024-02;Ribeirão Preto;17;2024;5172;32.869296210363494
2024;2024-02;Rio Claro;0;2024;333;0.0
2024;2024-02;Rio de Janeiro;358;2024;38026;94.14611055593542
2024;2024-02;Russas - Limoeiro do Norte;4;2024;1229;32.546786004882016
2024;2024-02;Salvador;52;2024;11852;43.87445156935539
2024;2024-02;Santa Cruz do Sul;5;2024;694;72.04610951008645
2024;2024-02;Santa Inês;0;2024;75;0.0
2024;2024-02;Santa Maria;4;2024;1076;37.174721189591075
2024;2024-02;Santa Maria da Vitoria;0;2024;11;0.0
2024;2024-02;Santana do Livramento;1;2024;137;72.99270072992701
2024;2024-02;Santos;2;2024;901;22.197558268590456
2024;2024-02;Serra Talhada;0;2024;82;0.0
2024;2024-02;Soledade;0;2024;84;0.0
2024;2024-02;São Miguel do Oeste;6;2024;287;209.05923344947738
2024;2024-02;São Paulo;509;2024;67129;75.82415945418522
2024;2024-02;Teófilo Otoni;5;2024;810;61.72839506172839
2024;2024-02;Toledo;0;2024;47;0.0
2024;2024-02;Uberaba;6;2024;1341;44.742729306487696
2024;2024-02;Uberlândia;28;2024;3401;82.32872684504558
2024;2024-02;Uruguaiana;0;2024;226;0.0
2024;2024-02;Valença;0;2024;41;0.0
2024;2024-02;Vitória;0;2024;37;0.0
2024;2024-02;Vitória da Conquista;0;2024;24;0.0
2024;2024-02;Volta Redonda - Barra Mansa;42;2024;1788;234.8993288590604
2024;2024-03;Afonso Cláudio - Venda Nova do Imigrante - Santa Maria de Jetibá;3;2024;625;47.99999999999999
2024;2024-03;Alegre;1;2024;335;29.850746268656717
2024;2024-03;Araranguá;1;2024;621;16.10305958132045
2024;2024-03;Atalaia;0;2024;36;0.0
2024;2024-03;Bagé;0;2024;167;0.0
2024;2024-03;Belo Horizonte;524;2024;23019;227.6380381424041
2024;2024-03;Belém;32;2024;8448;37.87878787878788
2024;2024-03;Bento Gonçalves;1;2024;386;25.906735751295336
2024;2024-03;Boa Vista;5;2024;789;63.371356147021544
2024;2024-03;Bragança Paulista;0;2024;23;0.0
2024;2024-03;Brumado;3;2024;297;101.01010101010102
2024;2024-03;Camacan;0;2024;2;0.0
2024;2024-03;Campina Grande;1;2024;1519;6.583278472679394
2024;2024-03;Campo Belo;0;2024;5;0.0
2024;2024-03;Campos dos Goytacazes;4;2024;924;43.29004329004329
2024;2024-03;Caratinga;1;2024;539;18.55287569573284
2024;2024-03;Carazinho;0;2024;53;0.0
2024;2024-03;Cascavel;0;2024;27;0.0
2024;2024-03;Catalão;4;2024;360;111.11111111111111
2024;2024-03;Catanduva;0;2024;1;0.0
2024;2024-03;Caxias do Sul;8;2024;2651;30.17729158807997
2024;2024-03;Ceres - Rialma - Goianésia;0;2024;20;0.0
2024;2024-03;Conceição do Coité;0;2024;30;0.0
2024;2024-03;Cruz Alta;0;2024;452;0.0
2024;2024-03;Curitiba;139;2024;14168;98.10841332580463
2024;2024-03;Curitibanos;0;2024;21;0.0
2024;2024-03;Distrito Federal;226;2024;12381;182.53775947015586
2024;2024-03;Frederico Westphalen;5;2024;276;181.1594202898551
2024;2024-03;Goiana ¿ Timbaúba;0;2024;210;0.0
2024;2024-03;Guarabira;0;2024;56;0.0
2024;2024-03;Guarapuava;0;2024;17;0.0
2024;2024-03;Gurupi;0;2024;23;0.0
2024;2024-03;Ijuí;2;2024;516;38.75968992248062
2024;2024-03;Imperatriz;0;2024;15;0.0
2024;2024-03;Itacoatiara;0;2024;51;0.0
2024;2024-03;Jaú;0;2024;143;0.0
2024;2024-03;Ji-Paraná;0;2024;6;0.0
2024;2024-03;Joaçaba - Herval d'Oeste;0;2024;258;0.0
2024;2024-03;Joinville;0;2024;12;0.0
2024;2024-03;Juiz de Fora;20;2024;2050;97.5609756097561
2024;2024-03;Linhares;10;2024;650;153.84615384615387
2024;2024-03;Maceió;0;2024;8;0.0
2024;2024-03;Manaus;73;2024;4770;153.03983228511532
2024;2024-03;Mantena;3;2024;112;267.85714285714283
2024;2024-03;Maringá;32;2024;3069;104.26849136526556
2024;2024-03;Marília;8;2024;1784;44.84304932735426
2024;2024-03;Monteiro;0;2024;11;0.0
2024;2024-03;Mossoró;0;2024;24;0.0
2024;2024-03;Natal;0;2024;18;0.0
2024;2024-03;Nazaré ¿ Maragogipe;0;2024;76;0.0
2024;2024-03;Nova Prata - Guaporé;1;2024;339;29.49852507374631
2024;2024-03;Oliveira;2;2024;587;34.07155025553663
2024;2024-03;Passo Fundo;3;2024;831;36.101083032490976
2024;2024-03;Passos;7;2024;614;114.00651465798046
2024;2024-03;Patos;0;2024;53;0.0
2024;2024-03;Pinheiro;0;2024;23;0.0
2024;2024-03;Pirapora;3;2024;239;125.52301255230125
2024;2024-03;Piumhi;0;2024;12;0.0
2024;2024-03;Ponte Nova;0;2024;29;0.0
2024;2024-03;Porto Alegre;41;2024;15338;26.73099491459121
2024;2024-03;Princesa Isabel;0;2024;42;0.0
2024;2024-03;Quirinópolis;0;2024;76;0.0
2024;2024-03;Resende;3;2024;460;65.21739130434783
2024;2024-03;Ribeirão Preto;22;2024;5172;42.53673627223511
2024;2024-03;Rio Claro;1;2024;333;30.03003003003003
2024;2024-03;Rio de Janeiro;382;2024;38026;100.45758165465733
2024;2024-03;Russas - Limoeiro do Norte;3;2024;1229;24.410089503661514
2024;2024-03;Salvador;51;2024;11852;43.03071211609855
2024;2024-03;Santa Cruz do Sul;1;2024;694;14.40922190201729
2024;2024-03;Santa Inês;0;2024;75;0.0
2024;2024-03;Santa Maria;4;2024;1076;37.174721189591075
2024;2024-03;Santa Maria da Vitoria;0;2024;11;0.0
2024;2024-03;Santana do Livramento;1;2024;137;72.99270072992701
2024;2024-03;Santos;0;2024;901;0.0
2024;2024-03;Serra Talhada;0;2024;82;0.0
2024;2024-03;Soledade;0;2024;84;0.0
2024;2024-03;São Miguel do Oeste;4;2024;287;139.37282229965157
2024;2024-03;São Paulo;627;2024;67129;93.40225535908475
2024;2024-03;Teófilo Otoni;5;2024;810;61.72839506172839
2024;2024-03;Toledo;1;2024;47;212.7659574468085
2024;2024-03;Uberaba;2;2024;1341;14.914243102162564
2024;2024-03;Uberlândia;32;2024;3401;94.08997353719494
2024;2024-03;Uruguaiana;1;2024;226;44.24778761061947
2024;2024-03;Valença;0;2024;41;0.0
2024;2024-03;Vitória;0;2024;37;0.0
2024;2024-03;Vitória da Conquista;0;2024;24;0.0
2024;2024-03;Volta Redonda - Barra Mansa;34;2024;1788;190.1565995525727
2024;2024-04;Afonso Cláudio - Venda Nova do Imigrante - Santa Maria de Jetibá;4;2024;625;64.0
2024;2024-04;Alegre;0;2024;335;0.0
2024;2024-04;Araranguá;3;2024;621;48.30917874396135
2024;2024-04;Atalaia;0;2024;36;0.0
2024;2024-04;Bagé;5;2024;167;299.4011976047904
2024;2024-04;Belo Horizonte;683;2024;23019;296.7114123115687
2024;2024-04;Belém;42;2024;8448;49.71590909090909
2024;2024-04;Bento Gonçalves;1;2024;386;25.906735751295336
2024;2024-04;Boa Vista;4;2024;789;50.69708491761723
2024;2024-04;Bragança Paulista;0;2024;23;0.0
2024;2024-04;Brumado;5;2024;297;168.35016835016836
2024;2024-04;Camacan;0;2024;2;0.0
2024;2024-04;Campina Grande;2;2024;1519;13.166556945358789
2024;2024-04;Campo Belo;0;2024;5;0.0
2024;2024-04;Campos dos Goytacazes;2;2024;924;21.645021645021647
2024;2024-04;Caratinga;10;2024;539;185.5287569573284
2024;2024-04;Carazinho;0;2024;53;0.0
2024;2024-04;Cascavel;0;2024;27;0.0
2024;2024-04;Catalão;2;2024;360;55.55555555555556
2024;2024-04;Catanduva;0;2024;1;0.0
2024;2024-04;Caxias do Sul;5;2024;2651;18.86080724254998
2024;2024-04;Ceres - Rialma - Goianésia;0;2024;20;0.0
2024;2024-04;Conceição do Coité;0;2024;30;0.0
2024;2024-04;Cruz Alta;4;2024;452;88.49557522123894
2024;2024-04;Curitiba;155;2024;14168;109.40146809712027
2024;2024-04;Curitibanos;0;2024;21;0.0
2024;2024-04;Distrito Federal;269;2024;12381;217.2683951215572
2024;2024-04;Frederico Westphalen;6;2024;276;217.3913043478261
2024;2024-04;Goiana ¿ Timbaúba;0;2024;210;0.0
2024;2024-04;Guarabira;0;2024;56;0.0
2024;2024-04;Guarapuava;0;2024;17;0.0
2024;2024-04;Gurupi;0;2024;23;0.0
2024;2024-04;Ijuí;1;2024;516;19.37984496124031
2024;2024-04;Imperatriz;0;2024;15;0.0
2024;2024-04;Itacoatiara;0;2024;51;0.0
2024;2024-04;Jaú;0;2024;143;0.0
2024;2024-04;Ji-Paraná;0;2024;6;0.0
2024;2024-04;Joaçaba - Herval d'Oeste;2;2024;258;77.51937984496124
2024;2024-04;Joinville;0;2024;12;0.0
2024;2024-04;Juiz de Fora;17;2024;2050;82.92682926829269
2024;2024-04;Linhares;14;2024;650;215.3846153846154
2024;2024-04;Maceió;0;2024;8;0.0
2024;2024-04;Manaus;69;2024;4770;144.65408805031447
2024;2024-04;Mantena;3;2024;112;267.85714285714283
2024;2024-04;Maringá;33;2024;3069;107.52688172043011
2024;2024-04;Marília;17;2024;1784;95.2914798206278
2024;2024-04;Monteiro;0;2024;11;0.0
2024;2024-04;Mossoró;0;2024;24;0.0
2024;2024-04;Natal;0;2024;18;0.0
2024;2024-04;Nazaré ¿ Maragogipe;0;2024;76;0.0
2024;2024-04;Nova Prata - Guaporé;1;2024;339;29.49852507374631
2024;2024-04;Oliveira;4;2024;587;68.14310051107326
2024;2024-04;Passo Fundo;2;2024;831;24.067388688327316
2024;2024-04;Passos;6;2024;614;97.71986970684038
2024;2024-04;Patos;0;2024;53;0.0
2024;2024-04;Pinheiro;0;2024;23;0.0
2024;2024-04;Pirapora;6;2024;239;251.0460251046025
2024;2024-04;Piumhi;0;2024;12;0.0
2024;2024-04;Ponte Nova;0;2024;29;0.0
2024;2024-04;Porto Alegre;86;2024;15338;56.069891772069376
2024;2024-04;Princesa Isabel;0;2024;42;0.0
2024;2024-04;Quirinópolis;1;2024;76;131.57894736842104
2024;2024-04;Resende;5;2024;460;108.69565217391305
2024;2024-04;Ribeirão Preto;27;2024;5172;52.20417633410673
2024;2024-04;Rio Claro;0;2024;333;0.0
2024;2024-04;Rio de Janeiro;399;2024;38026;104.92820701625205
2024;2024-04;Russas - Limoeiro do Norte;2;2024;1229;16.273393002441008
2024;2024-04;Salvador;49;2024;11852;41.34323320958488
2024;2024-04;Santa Cruz do Sul;4;2024;694;57.63688760806916
2024;2024-04;Santa Inês;2;2024;75;266.6666666666667
2024;2024-04;Santa Maria;6;2024;1076;55.762081784386616
2024;2024-04;Santa Maria da Vitoria;0;2024;11;0.0
2024;2024-04;Santana do Livramento;0;2024;137;0.0
2024;2024-04;Santos;2;2024;901;22.197558268590456
2024;2024-04;Serra Talhada;0;2024;82;0.0
2024;2024-04;Soledade;0;2024;84;0.0
2024;2024-04;São Miguel do Oeste;5;2024;287;174.21602787456445
2024;2024-04;São Paulo;765;2024;67129;113.95968955295028
2024;2024-04;Teófilo Otoni;6;2024;810;74.07407407407408
2024;2024-04;Toledo;1;2024;47;212.7659574468085
2024;2024-04;Uberaba;12;2024;1341;89.48545861297539
2024;2024-04;Uberlândia;36;2024;3401;105.8512202293443
2024;2024-04;Uruguaiana;2;2024;226;88.49557522123894
2024;2024-04;Valença;0;2024;41;0.0
2024;2024-04;Vitória;0;2024;37;0.0
2024;2024-04;Vitória da Conquista;0;2024;24;0.0
2024;2024-04;Volta Redonda - Barra Mansa;40;2024;1788;223.7136465324385
2024;2024-05;Afonso Cláudio - Venda Nova do Imigrante - Santa Maria de Jetibá;4;2024;625;64.0
2024;2024-05;Alegre;1;2024;335;29.850746268656717
2024;2024-05;Araranguá;3;2024;621;48.30917874396135
2024;2024-05;Atalaia;0;2024;36;0.0
2024;2024-05;Bagé;0;2024;167;0.0
2024;2024-05;Belo Horizonte;789;2024;23019;342.76032842434506
2024;2024-05;Belém;61;2024;8448;72.20643939393939
2024;2024-05;Bento Gonçalves;11;2024;386;284.9740932642487
2024;2024-05;Boa Vista;4;2024;789;50.69708491761723
2024;2024-05;Bragança Paulista;2;2024;23;869.5652173913044
2024;2024-05;Brumado;3;2024;297;101.01010101010102
2024;2024-05;Camacan;0;2024;2;0.0
2024;2024-05;Campina Grande;1;2024;1519;6.583278472679394
2024;2024-05;Campo Belo;0;2024;5;0.0
2024;2024-05;Campos dos Goytacazes;2;2024;924;21.645021645021647
2024;2024-05;Caratinga;9;2024;539;166.97588126159553
2024;2024-05;Carazinho;0;2024;53;0.0
2024;2024-05;Cascavel;0;2024;27;0.0
2024;2024-05;Catalão;12;2024;360;333.3333333333333
2024;2024-05;Catanduva;0;2024;1;0.0
2024;2024-05;Caxias do Sul;15;2024;2651;56.582421727649944
2024;2024-05;Ceres - Rialma - Goianésia;0;2024;20;0.0
2024;2024-05;Conceição do Coité;0;2024;30;0.0
2024;2024-05;Cruz Alta;2;2024;452;44.24778761061947
2024;2024-05;Curitiba;192;2024;14168;135.5166572557877
2024;2024-05;Curitibanos;0;2024;21;0.0
2024;2024-05;Distrito Federal;303;2024;12381;244.72982796220015
2024;2024-05;Frederico Westphalen;5;2024;276;181.1594202898551
2024;2024-05;Goiana ¿ Timbaúba;0;2024;210;0.0
2024;2024-05;Guarabira;0;2024;56;0.0
2024;2024-05;Guarapuava;0;2024;17;0.0
2024;2024-05;Gurupi;0;2024;23;0.0
2024;2024-05;Ijuí;8;2024;516;155.03875968992247
2024;2024-05;Imperatriz;0;2024;15;0.0
2024;2024-05;Itacoatiara;0;2024;51;0.0
2024;2024-05;Jaú;1;2024;143;69.93006993006993
2024;2024-05;Ji-Paraná;0;2024;6;0.0
2024;2024-05;Joaçaba - Herval d'Oeste;0;2024;258;0.0
2024;2024-05;Joinville;0;2024;12;0.0
2024;2024-05;Juiz de Fora;28;2024;2050;136.58536585365854
2024;2024-05;Linhares;5;2024;650;76.92307692307693
2024;2024-05;Maceió;0;2024;8;0.0
2024;2024-05;Manaus;49;2024;4770;102.72536687631028
2024;2024-05;Mantena;1;2024;112;89.28571428571428
2024;2024-05;Maringá;33;2024;3069;107.52688172043011
2024;2024-05;Marília;4;2024;1784;22.42152466367713
2024;2024-05;Monteiro;0;2024;11;0.0
2024;2024-05;Mossoró;0;2024;24;0.0
2024;2024-05;Natal;0;2024;18;0.0
2024;2024-05;Nazaré ¿ Maragogipe;0;2024;76;0.0
2024;2024-05;Nova Prata - Guaporé;2;2024;339;58.99705014749262
2024;2024-05;Oliveira;7;2024;587;119.2504258943782
2024;2024-05;Passo Fundo;6;2024;831;72.20216606498195
2024;2024-05;Passos;7;2024;614;114.00651465798046
2024;2024-05;Patos;0;2024;53;0.0
2024;2024-05;Pinheiro;0;2024;23;0.0
2024;2024-05;Pirapora;6;2024;239;251.0460251046025
2024;2024-05;Piumhi;0;2024;12;0.0
2024;2024-05;Ponte Nova;0;2024;29;0.0
2024;2024-05;Porto Alegre;126;2024;15338;82.14891120093884
2024;2024-05;Princesa Isabel;0;2024;42;0.0
2024;2024-05;Quirinópolis;1;2024;76;131.57894736842104
2024;2024-05;Resende;15;2024;460;326.0869565217391
2024;2024-05;Ribeirão Preto;34;2024;5172;65.73859242072699
2024;2024-05;Rio Claro;3;2024;333;90.09009009009009
2024;2024-05;Rio de Janeiro;496;2024;38026;130.4370693735865
2024;2024-05;Russas - Limoeiro do Norte;1;2024;1229;8.136696501220504
2024;2024-05;Salvador;92;2024;11852;77.62402969962875
2024;2024-05;Santa Cruz do Sul;5;2024;694;72.04610951008645
2024;2024-05;Santa Inês;0;2024;75;0.0
2024;2024-05;Santa Maria;7;2024;1076;65.0557620817844
2024;2024-05;Santa Maria da Vitoria;0;2024;11;0.0
2024;2024-05;Santana do Livramento;1;2024;137;72.99270072992701
2024;2024-05;Santos;1;2024;901;11.098779134295228
2024;2024-05;Serra Talhada;0;2024;82;0.0
2024;2024-05;Soledade;2;2024;84;238.09523809523807
2024;2024-05;São Miguel do Oeste;1;2024;287;34.84320557491289
2024;2024-05;São Paulo;1124;2024;67129;167.43881183989035
2024;2024-05;Teófilo Otoni;15;2024;810;185.18518518518516
2024;2024-05;Toledo;2;2024;47;425.531914893617
2024;2024-05;Uberaba;10;2024;1341;74.57121551081283
2024;2024-05;Uberlândia;54;2024;3401;158.77683034401647
2024;2024-05;Uruguaiana;1;2024;226;44.24778761061947
2024;2024-05;Valença;0;2024;41;0.0
2024;2024-05;Vitória;0;2024;37;0.0
2024;2024-05;Vitória da Conquista;0;2024;24;0.0
2024;2024-05;Volta Redonda - Barra Mansa;31;2024;1788;173.37807606263985
2024;2024-06;Afonso Cláudio - Venda Nova do Imigrante - Santa Maria de Jetibá;6;2024;625;95.99999999999999
2024;2024-06;Alegre;6;2024;335;179.1044776119403
2024;2024-06;Araranguá;3;2024;621;48.30917874396135
2024;2024-06;Atalaia;0;2024;36;0.0
2024;2024-06;Bagé;1;2024;167;59.880239520958085
2024;2024-06;Belo Horizonte;723;2024;23019;314.0883617880881
2024;2024-06;Belém;84;2024;8448;99.43181818181819
2024;2024-06;Bento Gonçalves;6;2024;386;155.440414507772
2024;2024-06;Boa Vista;5;2024;789;63.371356147021544
2024;2024-06;Bragança Paulista;0;2024;23;0.0
2024;2024-06;Brumado;3;2024;297;101.01010101010102
2024;2024-06;Camacan;0;2024;2;0.0
2024;2024-06;Campina Grande;7;2024;1519;46.08294930875576
2024;2024-06;Campo Belo;0;2024;5;0.0
2024;2024-06;Campos dos Goytacazes;11;2024;924;119.04761904761904
2024;2024-06;Caratinga;7;2024;539;129.8701298701299
2024;2024-06;Carazinho;0;2024;53;0.0
2024;2024-06;Cascavel;0;2024;27;0.0
2024;2024-06;Catalão;5;2024;360;138.88888888888889
2024;2024-06;Catanduva;0;2024;1;0.0
2024;2024-06;Caxias do Sul;14;2024;2651;52.810260279139946
2024;2024-06;Ceres - Rialma - Goianésia;0;2024;20;0.0
2024;2024-06;Conceição do Coité;0;2024;30;0.0
2024;2024-06;Cruz Alta;4;2024;452;88.49557522123894
2024;2024-06;Curitiba;227;2024;14168;160.22021456804063
2024;2024-06;Curitibanos;0;2024;21;0.0
2024;2024-06;Distrito Federal;272;2024;12381;219.69146272514337
2024;2024-06;Frederico Westphalen;4;2024;276;144.92753623188406
2024;2024-06;Goiana ¿ Timbaúba;1;2024;210;47.61904761904762
2024;2024-06;Guarabira;0;2024;56;0.0
2024;2024-06;Guarapuava;0;2024;17;0.0
2024;2024-06;Gurupi;0;2024;23;0.0
2024;2024-06;Ijuí;12;2024;516;232.5581395348837
2024;2024-06;Imperatriz;0;2024;15;0.0
2024;2024-06;Itacoatiara;0;2024;51;0.0
2024;2024-06;Jaú;0;2024;143;0.0
2024;2024-06;Ji-Paraná;0;2024;6;0.0
2024;2024-06;Joaçaba - Herval d'Oeste;4;2024;258;155.03875968992247
2024;2024-06;Joinville;0;2024;12;0.0
2024;2024-06;Juiz de Fora;40;2024;2050;195.1219512195122
2024;2024-06;Linhares;3;2024;650;46.15384615384616
2024;2024-06;Maceió;0;2024;8;0.0
2024;2024-06;Manaus;56;2024;4770;117.40041928721175
2024;2024-06;Mantena;1;2024;112;89.28571428571428
2024;2024-06;Maringá;29;2024;3069;94.49332029977192
2024;2024-06;Marília;11;2024;1784;61.6591928251121
2024;2024-06;Monteiro;0;2024;11;0.0
2024;2024-06;Mossoró;0;2024;24;0.0
2024;2024-06;Natal;0;2024;18;0.0
2024;2024-06;Nazaré ¿ Maragogipe;1;2024;76;131.57894736842104
2024;2024-06;Nova Prata - Guaporé;9;2024;339;265.4867256637168
2024;2024-06;Oliveira;2;2024;587;34.07155025553663
2024;2024-06;Passo Fundo;9;2024;831;108.30324909747291
2024;2024-06;Passos;8;2024;614;130.29315960912052
2024;2024-06;Patos;0;2024;53;0.0
2024;2024-06;Pinheiro;0;2024;23;0.0
2024;2024-06;Pirapora;8;2024;239;334.7280334728033
2024;2024-06;Piumhi;0;2024;12;0.0
2024;2024-06;Ponte Nova;0;2024;29;0.0
2024;2024-06;Porto Alegre;221;2024;15338;144.08658234450385
2024;2024-06;Princesa Isabel;0;2024;42;0.0
2024;2024-06;Quirinópolis;0;2024;76;0.0
2024;2024-06;Resende;8;2024;460;173.91304347826087
2024;2024-06;Ribeirão Preto;36;2024;5172;69.60556844547564
2024;2024-06;Rio Claro;3;2024;333;90.09009009009009
2024;2024-06;Rio de Janeiro;629;2024;38026;165.41313837900384
2024;2024-06;Russas - Limoeiro do Norte;1;2024;1229;8.136696501220504
2024;2024-06;Salvador;119;2024;11852;100.40499493756329
2024;2024-06;Santa Cruz do Sul;13;2024;694;187.31988472622479
2024;2024-06;Santa Inês;0;2024;75;0.0
2024;2024-06;Santa Maria;15;2024;1076;139.40520446096653
2024;2024-06;Santa Maria da Vitoria;0;2024;11;0.0
2024;2024-06;Santana do Livramento;0;2024;137;0.0
2024;2024-06;Santos;3;2024;901;33.29633740288568
2024;2024-06;Serra Talhada;0;2024;82;0.0
2024;2024-06;Soledade;0;2024;84;0.0
2024;2024-06;São Miguel do Oeste;1;2024;287;34.84320557491289
2024;2024-06;São Paulo;1325;2024;67129;197.38116164399887
2024;2024-06;Teófilo Otoni;10;2024;810;123.45679012345678
2024;2024-06;Toledo;1;2024;47;212.7659574468085
2024;2024-06;Uberaba;19;2024;1341;141.68530947054438
2024;2024-06;Uberlândia;52;2024;3401;152.8962069979418
2024;2024-06;Uruguaiana;6;2024;226;265.4867256637168
2024;2024-06;Valença;0;2024;41;0.0
2024;2024-06;Vitória;0;2024;37;0.0
2024;2024-06;Vitória da Conquista;0;2024;24;0.0
2024;2024-06;Volta Redonda - Barra Mansa;33;2024;1788;184.56375838926175
2024;2024-07;Afonso Cláudio - Venda Nova do Imigrante - Santa Maria de Jetibá;4;2024;625;64.0
2024;2024-07;Alegre;5;2024;335;149.2537313432836
2024;2024-07;Araranguá;2;2024;621;32.2061191626409
2024;2024-07;Atalaia;0;2024;36;0.0
2024;2024-07;Bagé;2;2024;167;119.76047904191617
2024;2024-07;Belo Horizonte;658;2024;23019;285.8508188887441
2024;2024-07;Belém;99;2024;8448;117.1875
2024;2024-07;Bento Gonçalves;5;2024;386;129.5336787564767
2024;2024-07;Boa Vista;6;2024;789;76.04562737642586
2024;2024-07;Bragança Paulista;1;2024;23;434.7826086956522
2024;2024-07;Brumado;4;2024;297;134.68013468013467
2024;2024-07;Camacan;0;2024;2;0.0
2024;2024-07;Campina Grande;7;2024;1519;46.08294930875576
2024;2024-07;Campo Belo;0;2024;5;0.0
2024;2024-07;Campos dos Goytacazes;5;2024;924;54.11255411255411
2024;2024-07;Caratinga;8;2024;539;148.42300556586272
2024;2024-07;Carazinho;0;2024;53;0.0
2024;2024-07;Cascavel;0;2024;27;0.0
2024;2024-07;Catalão;2;2024;360;55.55555555555556
2024;2024-07;Catanduva;0;2024;1;0.0
2024;2024-07;Caxias do Sul;9;2024;2651;33.949453036589965
2024;2024-07;Ceres - Rialma - Goianésia;0;2024;20;0.0
2024;2024-07;Conceição do Coité;0;2024;30;0.0
2024;2024-07;Cruz Alta;3;2024;452;66.3716814159292
2024;2024-07;Curitiba;288;2024;14168;203.27498588368152
2024;2024-07;Curitibanos;0;2024;21;0.0
2024;2024-07;Distrito Federal;253;2024;12381;204.34536790243115
2024;2024-07;Frederico Westphalen;10;2024;276;362.3188405797102
2024;2024-07;Goiana ¿ Timbaúba;0;2024;210;0.0
2024;2024-07;Guarabira;0;2024;56;0.0
2024;2024-07;Guarapuava;0;2024;17;0.0
2024;2024-07;Gurupi;0;2024;23;0.0
2024;2024-07;Ijuí;13;2024;516;251.93798449612402
2024;2024-07;Imperatriz;1;2024;15;666.6666666666666
2024;2024-07;Itacoatiara;0;2024;51;0.0
2024;2024-07;Jaú;0;2024;143;0.0
2024;2024-07;Ji-Paraná;0;2024;6;0.0
2024;2024-07;Joaçaba - Herval d'Oeste;5;2024;258;193.7984496124031
2024;2024-07;Joinville;0;2024;12;0.0
2024;2024-07;Juiz de Fora;37;2024;2050;180.48780487804876
2024;2024-07;Linhares;4;2024;650;61.53846153846154
2024;2024-07;Maceió;0;2024;8;0.0
2024;2024-07;Manaus;35;2024;4770;73.37526205450735
2024;2024-07;Mantena;1;2024;112;89.28571428571428
2024;2024-07;Maringá;26;2024;3069;84.71814923427827
2024;2024-07;Marília;6;2024;1784;33.6322869955157
2024;2024-07;Monteiro;0;2024;11;0.0
2024;2024-07;Mossoró;0;2024;24;0.0
2024;2024-07;Natal;0;2024;18;0.0
2024;2024-07;Nazaré ¿ Maragogipe;0;2024;76;0.0
2024;2024-07;Nova Prata - Guaporé;5;2024;339;147.49262536873155
2024;2024-07;Oliveira;4;2024;587;68.14310051107326
2024;2024-07;Passo Fundo;5;2024;831;60.168471720818296
2024;2024-07;Passos;10;2024;614;162.86644951140065
2024;2024-07;Patos;0;2024;53;0.0
2024;2024-07;Pinheiro;0;2024;23;0.0
2024;2024-07;Pirapora;6;2024;239;251.0460251046025
2024;2024-07;Piumhi;0;2024;12;0.0
2024;2024-07;Ponte Nova;0;2024;29;0.0
2024;2024-07;Porto Alegre;225;2024;15338;146.6944842873908
2024;2024-07;Princesa Isabel;0;2024;42;0.0
2024;2024-07;Quirinópolis;0;2024;76;0.0
2024;2024-07;Resende;6;2024;460;130.43478260869566
2024;2024-07;Ribeirão Preto;34;2024;5172;65.73859242072699
2024;2024-07;Rio Claro;3;2024;333;90.09009009009009
2024;2024-07;Rio de Janeiro;655;2024;38026;172.25056540261926
2024;2024-07;Russas - Limoeiro do Norte;4;2024;1229;32.546786004882016
2024;2024-07;Salvador;178;2024;11852;150.18562267971652
2024;2024-07;Santa Cruz do Sul;6;2024;694;86.45533141210376
2024;2024-07;Santa Inês;0;2024;75;0.0
2024;2024-07;Santa Maria;19;2024;1076;176.57992565055764
2024;2024-07;Santa Maria da Vitoria;3;2024;11;2727.272727272727
2024;2024-07;Santana do Livramento;2;2024;137;145.98540145985402
2024;2024-07;Santos;1;2024;901;11.098779134295228
2024;2024-07;Serra Talhada;0;2024;82;0.0
2024;2024-07;Soledade;0;2024;84;0.0
2024;2024-07;São Miguel do Oeste;2;2024;287;69.68641114982579
2024;2024-07;São Paulo;1174;2024;67129;174.88715756230542
2024;2024-07;Teófilo Otoni;14;2024;810;172.8395061728395
2024;2024-07;Toledo;2;2024;47;425.531914893617
2024;2024-07;Uberaba;18;2024;1341;134.2281879194631
2024;2024-07;Uberlândia;32;2024;3401;94.08997353719494
2024;2024-07;Uruguaiana;2;2024;226;88.49557522123894
2024;2024-07;Valença;0;2024;41;0.0
2024;2024-07;Vitória;0;2024;37;0.0
2024;2024-07;Vitória da Conquista;0;2024;24;0.0
2024;2024-07;Volta Redonda - Barra Mansa;51;2024;1788;285.23489932885906
2024;2024-08;Afonso Cláudio - Venda Nova do Imigrante - Santa Maria de Jetibá;3;2024;625;47.99999999999999
2024;2024-08;Alegre;9;2024;335;268.65671641791045
2024;2024-08;Araranguá;8;2024;621;128.8244766505636
2024;2024-08;Atalaia;0;2024;36;0.0
2024;2024-08;Bagé;6;2024;167;359.2814371257485
2024;2024-08;Belo Horizonte;771;2024;23019;334.9407011599114
2024;2024-08;Belém;117;2024;8448;138.4943181818182
2024;2024-08;Bento Gonçalves;6;2024;386;155.440414507772
2024;2024-08;Boa Vista;12;2024;789;152.0912547528517
2024;2024-08;Bragança Paulista;1;2024;23;434.7826086956522
2024;2024-08;Brumado;4;2024;297;134.68013468013467
2024;2024-08;Camacan;0;2024;2;0.0
2024;2024-08;Campina Grande;10;2024;1519;65.83278472679395
2024;2024-08;Campo Belo;0;2024;5;0.0
2024;2024-08;Campos dos Goytacazes;3;2024;924;32.46753246753247
2024;2024-08;Caratinga;9;2024;539;166.97588126159553
2024;2024-08;Carazinho;0;2024;53;0.0
2024;2024-08;Cascavel;0;2024;27;0.0
2024;2024-08;Catalão;6;2024;360;166.66666666666666
2024;2024-08;Catanduva;0;2024;1;0.0
2024;2024-08;Caxias do Sul;19;2024;2651;71.67106752168993
2024;2024-08;Ceres - Rialma - Goianésia;0;2024;20;0.0
2024;2024-08;Conceição do Coité;2;2024;30;666.6666666666666
2024;2024-08;Cruz Alta;8;2024;452;176.99115044247787
2024;2024-08;Curitiba;303;2024;14168;213.86222473178995
2024;2024-08;Curitibanos;0;2024;21;0.0
2024;2024-08;Distrito Federal;263;2024;12381;212.42225991438494
2024;2024-08;Frederico Westphalen;16;2024;276;579.7101449275362
2024;2024-08;Goiana ¿ Timbaúba;1;2024;210;47.61904761904762
2024;2024-08;Guarabira;1;2024;56;178.57142857142856
2024;2024-08;Guarapuava;0;2024;17;0.0
2024;2024-08;Gurupi;0;2024;23;0.0
2024;2024-08;Ijuí;20;2024;516;387.5968992248062
2024;2024-08;Imperatriz;0;2024;15;0.0
2024;2024-08;Itacoatiara;0;2024;51;0.0
2024;2024-08;Jaú;1;2024;143;69.93006993006993
2024;2024-08;Ji-Paraná;0;2024;6;0.0
2024;2024-08;Joaçaba - Herval d'Oeste;5;2024;258;193.7984496124031
2024;2024-08;Joinville;0;2024;12;0.0
2024;2024-08;Juiz de Fora;51;2024;2050;248.78048780487805
2024;2024-08;Linhares;3;2024;650;46.15384615384616
2024;2024-08;Maceió;0;2024;8;0.0
2024;2024-08;Manaus;49;2024;4770;102.72536687631028
2024;2024-08;Mantena;3;2024;112;267.85714285714283
2024;2024-08;Maringá;32;2024;3069;104.26849136526556
2024;2024-08;Marília;16;2024;1784;89.68609865470852
2024;2024-08;Monteiro;0;2024;11;0.0
2024;2024-08;Mossoró;0;2024;24;0.0
2024;2024-08;Natal;0;2024;18;0.0
2024;2024-08;Nazaré ¿ Maragogipe;1;2024;76;131.57894736842104
2024;2024-08;Nova Prata - Guaporé;13;2024;339;383.48082595870204
2024;2024-08;Oliveira;9;2024;587;153.32197614991483
2024;2024-08;Passo Fundo;9;2024;831;108.30324909747291
2024;2024-08;Passos;11;2024;614;179.15309446254074
2024;2024-08;Patos;1;2024;53;188.67924528301887
2024;2024-08;Pinheiro;0;2024;23;0.0
2024;2024-08;Pirapora;3;2024;239;125.52301255230125
2024;2024-08;Piumhi;4;2024;12;3333.333333333333
2024;2024-08;Ponte Nova;0;2024;29;0.0
2024;2024-08;Porto Alegre;294;2024;15338;191.68079280219064
2024;2024-08;Princesa Isabel;0;2024;42;0.0
2024;2024-08;Quirinópolis;0;2024;76;0.0
2024;2024-08;Resende;6;2024;460;130.43478260869566
2024;2024-08;Ribeirão Preto;35;2024;5172;67.67208043310131
2024;2024-08;Rio Claro;4;2024;333;120.12012012012012
2024;2024-08;Rio de Janeiro;732;2024;38026;192.49986851101878
2024;2024-08;Russas - Limoeiro do Norte;10;2024;1229;81.36696501220504
2024;2024-08;Salvador;207;2024;11852;174.6540668241647
2024;2024-08;Santa Cruz do Sul;11;2024;694;158.5014409221902
2024;2024-08;Santa Inês;0;2024;75;0.0
2024;2024-08;Santa Maria;23;2024;1076;213.7546468401487
2024;2024-08;Santa Maria da Vitoria;0;2024;11;0.0
2024;2024-08;Santana do Livramento;3;2024;137;218.97810218978103
2024;2024-08;Santos;7;2024;901;77.6914539400666
2024;2024-08;Serra Talhada;0;2024;82;0.0
2024;2024-08;Soledade;2;2024;84;238.09523809523807
2024;2024-08;São Miguel do Oeste;7;2024;287;243.90243902439025
2024;2024-08;São Paulo;1371;2024;67129;204.2336397086207
2024;2024-08;Teófilo Otoni;15;2024;810;185.18518518518516
2024;2024-08;Toledo;3;2024;47;638.2978723404254
2024;2024-08;Uberaba;13;2024;1341;96.94258016405668
2024;2024-08;Uberlândia;40;2024;3401;117.61246692149369
2024;2024-08;Uruguaiana;11;2024;226;486.72566371681415
2024;2024-08;Valença;0;2024;41;0.0
2024;2024-08;Vitória;0;2024;37;0.0
2024;2024-08;Vitória da Conquista;0;2024;24;0.0
2024;2024-08;Volta Redonda - Barra Mansa;46;2024;1788;257.27069351230426
2024;2024-09;Afonso Cláudio - Venda Nova do Imigrante - Santa Maria de Jetibá;4;2024;625;64.0
2024;2024-09;Alegre;5;2024;335;149.2537313432836
2024;2024-09;Araranguá;8;2024;621;128.8244766505636
2024;2024-09;Atalaia;0;2024;36;0.0
2024;2024-09;Bagé;4;2024;167;239.52095808383234
2024;2024-09;Belo Horizonte;683;2024;23019;296.7114123115687
2024;2024-09;Belém;119;2024;8448;140.8617424242424
2024;2024-09;Bento Gonçalves;5;2024;386;129.5336787564767
2024;2024-09;Boa Vista;2;2024;789;25.348542458808616
2024;2024-09;Bragança Paulista;0;2024;23;0.0
2024;2024-09;Brumado;7;2024;297;235.69023569023568
2024;2024-09;Camacan;0;2024;2;0.0
2024;2024-09;Campina Grande;10;2024;1519;65.83278472679395
2024;2024-09;Campo Belo;0;2024;5;0.0
2024;2024-09;Campos dos Goytacazes;11;2024;924;119.04761904761904
2024;2024-09;Caratinga;9;2024;539;166.97588126159553
2024;2024-09;Carazinho;2;2024;53;377.35849056603774
2024;2024-09;Cascavel;0;2024;27;0.0
2024;2024-09;Catalão;7;2024;360;194.44444444444446
2024;2024-09;Catanduva;0;2024;1;0.0
2024;2024-09;Caxias do Sul;27;2024;2651;101.8483591097699
2024;2024-09;Ceres - Rialma - Goianésia;0;2024;20;0.0
2024;2024-09;Conceição do Coité;1;2024;30;333.3333333333333
2024;2024-09;Cruz Alta;9;2024;452;199.1150442477876
2024;2024-09;Curitiba;242;2024;14168;170.8074534161491
2024;2024-09;Curitibanos;1;2024;21;476.19047619047615
2024;2024-09;Distrito Federal;227;2024;12381;183.34544867135125
2024;2024-09;Frederico Westphalen;13;2024;276;471.0144927536232
2024;2024-09;Goiana ¿ Timbaúba;0;2024;210;0.0
2024;2024-09;Guarabira;0;2024;56;0.0
2024;2024-09;Guarapuava;0;2024;17;0.0
2024;2024-09;Gurupi;0;2024;23;0.0
2024;2024-09;Ijuí;22;2024;516;426.3565891472868
2024;2024-09;Imperatriz;0;2024;15;0.0
2024;2024-09;Itacoatiara;0;2024;51;0.0
2024;2024-09;Jaú;1;2024;143;69.93006993006993
2024;2024-09;Ji-Paraná;0;2024;6;0.0
2024;2024-09;Joaçaba - Herval d'Oeste;0;2024;258;0.0
2024;2024-09;Joinville;0;2024;12;0.0
2024;2024-09;Juiz de Fora;36;2024;2050;175.609756097561
2024;2024-09;Linhares;8;2024;650;123.07692307692308
2024;2024-09;Maceió;0;2024;8;0.0
2024;2024-09;Manaus;42;2024;4770;88.0503144654088
2024;2024-09;Mantena;2;2024;112;178.57142857142856
2024;2024-09;Maringá;32;2024;3069;104.26849136526556
2024;2024-09;Marília;10;2024;1784;56.053811659192824
2024;2024-09;Monteiro;0;2024;11;0.0
2024;2024-09;Mossoró;0;2024;24;0.0
2024;2024-09;Natal;0;2024;18;0.0
2024;2024-09;Nazaré ¿ Maragogipe;1;2024;76;131.57894736842104
2024;2024-09;Nova Prata - Guaporé;18;2024;339;530.9734513274336
2024;2024-09;Oliveira;4;2024;587;68.14310051107326
2024;2024-09;Passo Fundo;8;2024;831;96.26955475330927
2024;2024-09;Passos;5;2024;614;81.43322475570032
2024;2024-09;Patos;2;2024;53;377.35849056603774
2024;2024-09;Pinheiro;0;2024;23;0.0
2024;2024-09;Pirapora;3;2024;239;125.52301255230125
2024;2024-09;Piumhi;0;2024;12;0.0
2024;2024-09;Ponte Nova;0;2024;29;0.0
2024;2024-09;Porto Alegre;281;2024;15338;183.20511148780804
2024;2024-09;Princesa Isabel;0;2024;42;0.0
2024;2024-09;Quirinópolis;1;2024;76;131.57894736842104
2024;2024-09;Resende;3;2024;460;65.21739130434783
2024;2024-09;Ribeirão Preto;38;2024;5172;73.47254447022429
2024;2024-09;Rio Claro;8;2024;333;240.24024024024024
2024;2024-09;Rio de Janeiro;565;2024;38026;148.58254878241203
2024;2024-09;Russas - Limoeiro do Norte;5;2024;1229;40.68348250610252
2024;2024-09;Salvador;211;2024;11852;178.02902463719204
2024;2024-09;Santa Cruz do Sul;11;2024;694;158.5014409221902
2024;2024-09;Santa Inês;0;2024;75;0.0
2024;2024-09;Santa Maria;25;2024;1076;232.34200743494424
2024;2024-09;Santa Maria da Vitoria;1;2024;11;909.0909090909091
2024;2024-09;Santana do Livramento;3;2024;137;218.97810218978103
2024;2024-09;Santos;1;2024;901;11.098779134295228
2024;2024-09;Serra Talhada;0;2024;82;0.0
2024;2024-09;Soledade;0;2024;84;0.0
2024;2024-09;São Miguel do Oeste;5;2024;287;174.21602787456445
2024;2024-09;São Paulo;1166;2024;67129;173.695422246719
2024;2024-09;Teófilo Otoni;7;2024;810;86.41975308641975
2024;2024-09;Toledo;3;2024;47;638.2978723404254
2024;2024-09;Uberaba;11;2024;1341;82.0283370618941
2024;2024-09;Uberlândia;54;2024;3401;158.77683034401647
2024;2024-09;Uruguaiana;5;2024;226;221.23893805309734
2024;2024-09;Valença;0;2024;41;0.0
2024;2024-09;Vitória;0;2024;37;0.0
2024;2024-09;Vitória da Conquista;0;2024;24;0.0
2024;2024-09;Volta Redonda - Barra Mansa;26;2024;1788;145.413870246085
2024;2024-10;Afonso Cláudio - Venda Nova do Imigrante - Santa Maria de Jetibá;2;2024;625;32.0
2024;2024-10;Alegre;6;2024;335;179.1044776119403
2024;2024-10;Araranguá;5;2024;621;80.51529790660224
2024;2024-10;Atalaia;0;2024;36;0.0
2024;2024-10;Bagé;0;2024;167;0.0
2024;2024-10;Belo Horizonte;599;2024;23019;260.21981841087796
2024;2024-10;Belém;91;2024;8448;107.71780303030305
2024;2024-10;Bento Gonçalves;4;2024;386;103.62694300518135
2024;2024-10;Boa Vista;2;2024;789;25.348542458808616
2024;2024-10;Bragança Paulista;0;2024;23;0.0
2024;2024-10;Brumado;5;2024;297;168.35016835016836
2024;2024-10;Camacan;0;2024;2;0.0
2024;2024-10;Campina Grande;7;2024;1519;46.08294930875576
2024;2024-10;Campo Belo;0;2024;5;0.0
2024;2024-10;Campos dos Goytacazes;7;2024;924;75.75757575757576
2024;2024-10;Caratinga;0;2024;539;0.0
2024;2024-10;Carazinho;0;2024;53;0.0
2024;2024-10;Cascavel;0;2024;27;0.0
2024;2024-10;Catalão;1;2024;360;27.77777777777778
2024;2024-10;Catanduva;0;2024;1;0.0
2024;2024-10;Caxias do Sul;21;2024;2651;79.21539041870993
2024;2024-10;Ceres - Rialma - Goianésia;0;2024;20;0.0
2024;2024-10;Conceição do Coité;0;2024;30;0.0
2024;2024-10;Cruz Alta;3;2024;452;66.3716814159292
2024;2024-10;Curitiba;299;2024;14168;211.03896103896105
2024;2024-10;Curitibanos;0;2024;21;0.0
2024;2024-10;Distrito Federal;200;2024;12381;161.537840239076
2024;2024-10;Frederico Westphalen;9;2024;276;326.0869565217391
2024;2024-10;Goiana ¿ Timbaúba;0;2024;210;0.0
2024;2024-10;Guarabira;0;2024;56;0.0
2024;2024-10;Guarapuava;4;2024;17;2352.9411764705883
2024;2024-10;Gurupi;0;2024;23;0.0
2024;2024-10;Ijuí;19;2024;516;368.2170542635659
2024;2024-10;Imperatriz;0;2024;15;0.0
2024;2024-10;Itacoatiara;0;2024;51;0.0
2024;2024-10;Jaú;0;2024;143;0.0
2024;2024-10;Ji-Paraná;0;2024;6;0.0
2024;2024-10;Joaçaba - Herval d'Oeste;3;2024;258;116.27906976744185
2024;2024-10;Joinville;0;2024;12;0.0
2024;2024-10;Juiz de Fora;37;2024;2050;180.48780487804876
2024;2024-10;Linhares;12;2024;650;184.61538461538464
2024;2024-10;Maceió;0;2024;8;0.0
2024;2024-10;Manaus;45;2024;4770;94.33962264150944
2024;2024-10;Mantena;5;2024;112;446.42857142857144
2024;2024-10;Maringá;37;2024;3069;120.56044314108831
2024;2024-10;Marília;10;2024;1784;56.053811659192824
2024;2024-10;Monteiro;0;2024;11;0.0
2024;2024-10;Mossoró;0;2024;24;0.0
2024;2024-10;Natal;0;2024;18;0.0
2024;2024-10;Nazaré ¿ Maragogipe;0;2024;76;0.0
2024;2024-10;Nova Prata - Guaporé;5;2024;339;147.49262536873155
2024;2024-10;Oliveira;10;2024;587;170.35775127768312
2024;2024-10;Passo Fundo;16;2024;831;192.53910950661853
2024;2024-10;Passos;8;2024;614;130.29315960912052
2024;2024-10;Patos;3;2024;53;566.0377358490566
2024;2024-10;Pinheiro;0;2024;23;0.0
2024;2024-10;Pirapora;3;2024;239;125.52301255230125
2024;2024-10;Piumhi;0;2024;12;0.0
2024;2024-10;Ponte Nova;0;2024;29;0.0
2024;2024-10;Porto Alegre;254;2024;15338;165.60177337332115
2024;2024-10;Princesa Isabel;0;2024;42;0.0
2024;2024-10;Quirinópolis;0;2024;76;0.0
2024;2024-10;Resende;1;2024;460;21.73913043478261
2024;2024-10;Ribeirão Preto;38;2024;5172;73.47254447022429
2024;2024-10;Rio Claro;3;2024;333;90.09009009009009
2024;2024-10;Rio de Janeiro;598;2024;38026;157.2608215431547
2024;2024-10;Russas - Limoeiro do Norte;5;2024;1229;40.68348250610252
2024;2024-10;Salvador;181;2024;11852;152.716841039487
2024;2024-10;Santa Cruz do Sul;7;2024;694;100.86455331412104
2024;2024-10;Santa Inês;0;2024;75;0.0
2024;2024-10;Santa Maria;20;2024;1076;185.8736059479554
2024;2024-10;Santa Maria da Vitoria;1;2024;11;909.0909090909091
2024;2024-10;Santana do Livramento;1;2024;137;72.99270072992701
2024;2024-10;Santos;7;2024;901;77.6914539400666
2024;2024-10;Serra Talhada;0;2024;82;0.0
2024;2024-10;Soledade;3;2024;84;357.1428571428571
2024;2024-10;São Miguel do Oeste;11;2024;287;383.27526132404176
2024;2024-10;São Paulo;1341;2024;67129;199.7646322751717
2024;2024-10;Teófilo Otoni;7;2024;810;86.41975308641975
2024;2024-10;Toledo;8;2024;47;1702.127659574468
2024;2024-10;Uberaba;15;2024;1341;111.85682326621925
2024;2024-10;Uberlândia;47;2024;3401;138.19464863275508
2024;2024-10;Uruguaiana;5;2024;226;221.23893805309734
2024;2024-10;Valença;0;2024;41;0.0
2024;2024-10;Vitória;1;2024;37;270.27027027027026
2024;2024-10;Vitória da Conquista;0;2024;24;0.0
2024;2024-10;Volta Redonda - Barra Mansa;29;2024;1788;162.1923937360179
2024;2024-11;Afonso Cláudio - Venda Nova do Imigrante - Santa Maria de Jetibá;12;2024;625;191.99999999999997
2024;2024-11;Alegre;10;2024;335;298.5074626865672
2024;2024-11;Araranguá;11;2024;621;177.13365539452494
2024;2024-11;Atalaia;0;2024;36;0.0
2024;2024-11;Bagé;1;2024;167;59.880239520958085
2024;2024-11;Belo Horizonte;734;2024;23019;318.8670228941309
2024;2024-11;Belém;102;2024;8448;120.73863636363636
2024;2024-11;Bento Gonçalves;13;2024;386;336.7875647668394
2024;2024-11;Boa Vista;11;2024;789;139.4169835234474
2024;2024-11;Bragança Paulista;3;2024;23;1304.3478260869565
2024;2024-11;Brumado;9;2024;297;303.03030303030306
2024;2024-11;Camacan;0;2024;2;0.0
2024;2024-11;Campina Grande;17;2024;1519;111.9157340355497
2024;2024-11;Campo Belo;0;2024;5;0.0
2024;2024-11;Campos dos Goytacazes;7;2024;924;75.75757575757576
2024;2024-11;Caratinga;8;2024;539;148.42300556586272
2024;2024-11;Carazinho;3;2024;53;566.0377358490566
2024;2024-11;Cascavel;0;2024;27;0.0
2024;2024-11;Catalão;13;2024;360;361.1111111111111
2024;2024-11;Catanduva;0;2024;1;0.0
2024;2024-11;Caxias do Sul;34;2024;2651;128.25348924933988
2024;2024-11;Ceres - Rialma - Goianésia;0;2024;20;0.0
2024;2024-11;Conceição do Coité;2;2024;30;666.6666666666666
2024;2024-11;Cruz Alta;7;2024;452;154.86725663716814
2024;2024-11;Curitiba;378;2024;14168;266.798418972332
2024;2024-11;Curitibanos;0;2024;21;0.0
2024;2024-11;Distrito Federal;256;2024;12381;206.76843550601728
2024;2024-11;Frederico Westphalen;9;2024;276;326.0869565217391
2024;2024-11;Goiana ¿ Timbaúba;2;2024;210;95.23809523809524
2024;2024-11;Guarabira;2;2024;56;357.1428571428571
2024;2024-11;Guarapuava;1;2024;17;588.2352941176471
2024;2024-11;Gurupi;0;2024;23;0.0
2024;2024-11;Ijuí;21;2024;516;406.9767441860465
2024;2024-11;Imperatriz;0;2024;15;0.0
2024;2024-11;Itacoatiara;0;2024;51;0.0
2024;2024-11;Jaú;2;2024;143;139.86013986013987
2024;2024-11;Ji-Paraná;0;2024;6;0.0
2024;2024-11;Joaçaba - Herval d'Oeste;4;2024;258;155.03875968992247
2024;2024-11;Joinville;1;2024;12;833.3333333333333
2024;2024-11;Juiz de Fora;52;2024;2050;253.65853658536588
2024;2024-11;Linhares;25;2024;650;384.61538461538464
2024;2024-11;Maceió;0;2024;8;0.0
2024;2024-11;Manaus;51;2024;4770;106.91823899371069
2024;2024-11;Mantena;3;2024;112;267.85714285714283
2024;2024-11;Maringá;51;2024;3069;166.17790811339196
2024;2024-11;Marília;22;2024;1784;123.3183856502242
2024;2024-11;Monteiro;0;2024;11;0.0
2024;2024-11;Mossoró;0;2024;24;0.0
2024;2024-11;Natal;0;2024;18;0.0
2024;2024-11;Nazaré ¿ Maragogipe;0;2024;76;0.0
2024;2024-11;Nova Prata - Guaporé;10;2024;339;294.9852507374631
2024;2024-11;Oliveira;15;2024;587;255.53662691652468
2024;2024-11;Passo Fundo;26;2024;831;312.87605294825516
2024;2024-11;Passos;19;2024;614;309.44625407166126
2024;2024-11;Patos;0;2024;53;0.0
2024;2024-11;Pinheiro;1;2024;23;434.7826086956522
2024;2024-11;Pirapora;6;2024;239;251.0460251046025
2024;2024-11;Piumhi;0;2024;12;0.0
2024;2024-11;Ponte Nova;1;2024;29;344.82758620689657
2024;2024-11;Porto Alegre;362;2024;15338;236.01512583126876
2024;2024-11;Princesa Isabel;0;2024;42;0.0
2024;2024-11;Quirinópolis;3;2024;76;394.7368421052631
2024;2024-11;Resende;11;2024;460;239.13043478260872
2024;2024-11;Ribeirão Preto;81;2024;5172;156.61252900232017
2024;2024-11;Rio Claro;6;2024;333;180.18018018018017
2024;2024-11;Rio de Janeiro;675;2024;38026;177.5101246515542
2024;2024-11;Russas - Limoeiro do Norte;10;2024;1229;81.36696501220504
2024;2024-11;Salvador;251;2024;11852;211.77860276746543
2024;2024-11;Santa Cruz do Sul;19;2024;694;273.7752161383285
2024;2024-11;Santa Inês;0;2024;75;0.0
2024;2024-11;Santa Maria;57;2024;1076;529.7397769516729
2024;2024-11;Santa Maria da Vitoria;3;2024;11;2727.272727272727
2024;2024-11;Santana do Livramento;2;2024;137;145.98540145985402
2024;2024-11;Santos;10;2024;901;110.98779134295228
2024;2024-11;Serra Talhada;0;2024;82;0.0
2024;2024-11;Soledade;1;2024;84;119.04761904761904
2024;2024-11;São Miguel do Oeste;4;2024;287;139.37282229965157
2024;2024-11;São Paulo;1731;2024;67129;257.8617289100091
2024;2024-11;Teófilo Otoni;12;2024;810;148.14814814814815
2024;2024-11;Toledo;5;2024;47;1063.8297872340427
2024;2024-11;Uberaba;22;2024;1341;164.0566741237882
2024;2024-11;Uberlândia;66;2024;3401;194.0605704204646
2024;2024-11;Uruguaiana;7;2024;226;309.7345132743363
2024;2024-11;Valença;1;2024;41;243.90243902439025
2024;2024-11;Vitória;2;2024;37;540.5405405405405
2024;2024-11;Vitória da Conquista;1;2024;24;416.66666666666663
2024;2024-11;Volta Redonda - Barra Mansa;58;2024;1788;324.3847874720358
2024;2024-12;Afonso Cláudio - Venda Nova do Imigrante - Santa Maria de Jetibá;6;2024;625;95.99999999999999
2024;2024-12;Alegre;10;2024;335;298.5074626865672
2024;2024-12;Araranguá;11;2024;621;177.13365539452494
2024;2024-12;Atalaia;0;2024;36;0.0
2024;2024-12;Bagé;1;2024;167;59.880239520958085
2024;2024-12;Belo Horizonte;707;2024;23019;307.13758199748037
2024;2024-12;Belém;77;2024;8448;91.14583333333334
2024;2024-12;Bento Gonçalves;5;2024;386;129.5336787564767
2024;2024-12;Boa Vista;13;2024;789;164.76552598225604
2024;2024-12;Bragança Paulista;0;2024;23;0.0
2024;2024-12;Brumado;3;2024;297;101.01010101010102
2024;2024-12;Camacan;0;2024;2;0.0
2024;2024-12;Campina Grande;16;2024;1519;105.33245556287031
2024;2024-12;Campo Belo;0;2024;5;0.0
2024;2024-12;Campos dos Goytacazes;8;2024;924;86.58008658008659
2024;2024-12;Caratinga;3;2024;539;55.65862708719852
2024;2024-12;Carazinho;0;2024;53;0.0
2024;2024-12;Cascavel;0;2024;27;0.0
2024;2024-12;Catalão;9;2024;360;250.0
2024;2024-12;Catanduva;0;2024;1;0.0
2024;2024-12;Caxias do Sul;27;2024;2651;101.8483591097699
2024;2024-12;Ceres - Rialma - Goianésia;0;2024;20;0.0
2024;2024-12;Conceição do Coité;0;2024;30;0.0
2024;2024-12;Cruz Alta;11;2024;452;243.36283185840708
2024;2024-12;Curitiba;361;2024;14168;254.79954827780915
2024;2024-12;Curitibanos;1;2024;21;476.19047619047615
2024;2024-12;Distrito Federal;230;2024;12381;185.76851627493738
2024;2024-12;Frederico Westphalen;7;2024;276;253.62318840579712
2024;2024-12;Goiana ¿ Timbaúba;2;2024;210;95.23809523809524
2024;2024-12;Guarabira;0;2024;56;0.0
2024;2024-12;Guarapuava;1;2024;17;588.2352941176471
2024;2024-12;Gurupi;0;2024;23;0.0
2024;2024-12;Ijuí;24;2024;516;465.1162790697674
2024;2024-12;Imperatriz;0;2024;15;0.0
2024;2024-12;Itacoatiara;0;2024;51;0.0
2024;2024-12;Jaú;0;2024;143;0.0
2024;2024-12;Ji-Paraná;0;2024;6;0.0
2024;2024-12;Joaçaba - Herval d'Oeste;5;2024;258;193.7984496124031
2024;2024-12;Joinville;0;2024;12;0.0
2024;2024-12;Juiz de Fora;46;2024;2050;224.390243902439
2024;2024-12;Linhares;12;2024;650;184.61538461538464
2024;2024-12;Maceió;0;2024;8;0.0
2024;2024-12;Manaus;32;2024;4770;67.0859538784067
2024;2024-12;Mantena;3;2024;112;267.85714285714283
2024;2024-12;Maringá;40;2024;3069;130.33561420658194
2024;2024-12;Marília;21;2024;1784;117.71300448430493
2024;2024-12;Monteiro;0;2024;11;0.0
2024;2024-12;Mossoró;0;2024;24;0.0
2024;2024-12;Natal;0;2024;18;0.0
2024;2024-12;Nazaré ¿ Maragogipe;0;2024;76;0.0
2024;2024-12;Nova Prata - Guaporé;12;2024;339;353.98230088495575
2024;2024-12;Oliveira;17;2024;587;289.60817717206135
2024;2024-12;Passo Fundo;24;2024;831;288.8086642599278
2024;2024-12;Passos;16;2024;614;260.58631921824104
2024;2024-12;Patos;0;2024;53;0.0
2024;2024-12;Pinheiro;0;2024;23;0.0
2024;2024-12;Pirapora;4;2024;239;167.36401673640165
2024;2024-12;Piumhi;0;2024;12;0.0
2024;2024-12;Ponte Nova;0;2024;29;0.0
2024;2024-12;Porto Alegre;353;2024;15338;230.14734645977313
2024;2024-12;Princesa Isabel;0;2024;42;0.0
2024;2024-12;Quirinópolis;0;2024;76;0.0
2024;2024-12;Resende;2;2024;460;43.47826086956522
2024;2024-12;Ribeirão Preto;56;2024;5172;108.2753286929621
2024;2024-12;Rio Claro;5;2024;333;150.15015015015015
2024;2024-12;Rio de Janeiro;596;2024;38026;156.73486561826118
2024;2024-12;Russas - Limoeiro do Norte;9;2024;1229;73.23026851098454
2024;2024-12;Salvador;201;2024;11852;169.5916301046237
2024;2024-12;Santa Cruz do Sul;17;2024;694;244.95677233429393
2024;2024-12;Santa Inês;1;2024;75;133.33333333333334
2024;2024-12;Santa Maria;52;2024;1076;483.27137546468407
2024;2024-12;Santa Maria da Vitoria;1;2024;11;909.0909090909091
2024;2024-12;Santana do Livramento;4;2024;137;291.97080291970804
2024;2024-12;Santos;11;2024;901;122.0865704772475
2024;2024-12;Serra Talhada;0;2024;82;0.0
2024;2024-12;Soledade;3;2024;84;357.1428571428571
2024;2024-12;São Miguel do Oeste;10;2024;287;348.4320557491289
2024;2024-12;São Paulo;1731;2024;67129;257.8617289100091
2024;2024-12;Teófilo Otoni;5;2024;810;61.72839506172839
2024;2024-12;Toledo;6;2024;47;1276.5957446808509
2024;2024-12;Uberaba;18;2024;1341;134.2281879194631
2024;2024-12;Uberlândia;48;2024;3401;141.13496030579242
2024;2024-12;Uruguaiana;4;2024;226;176.99115044247787
2024;2024-12;Valença;2;2024;41;487.8048780487805
2024;2024-12;Vitória;1;2024;37;270.27027027027026
2024;2024-12;Vitória da Conquista;0;2024;24;0.0
2024;2024-12;Volta Redonda - Barra Mansa;46;2024;1788;257.27069351230426
2024;2024-13;Afonso Cláudio - Venda Nova do Imigrante - Santa Maria de Jetibá;7;2024;625;112.0
2024;2024-13;Alegre;10;2024;335;298.5074626865672
2024;2024-13;Araranguá;11;2024;621;177.13365539452494
2024;2024-13;Atalaia;0;2024;36;0.0
2024;2024-13;Bagé;1;2024;167;59.880239520958085
2024;2024-13;Belo Horizonte;493;2024;23019;214.17090229810157
2024;2024-13;Belém;76;2024;8448;89.96212121212122
2024;2024-13;Bento Gonçalves;6;2024;386;155.440414507772
2024;2024-13;Boa Vista;4;2024;789;50.69708491761723
2024;2024-13;Bragança Paulista;0;2024;23;0.0
2024;2024-13;Brumado;4;2024;297;134.68013468013467
2024;2024-13;Camacan;0;2024;2;0.0
2024;2024-13;Campina Grande;10;2024;1519;65.83278472679395
2024;2024-13;Campo Belo;0;2024;5;0.0
2024;2024-13;Campos dos Goytacazes;6;2024;924;64.93506493506494
2024;2024-13;Caratinga;7;2024;539;129.8701298701299
2024;2024-13;Carazinho;1;2024;53;188.67924528301887
2024;2024-13;Cascavel;0;2024;27;0.0
2024;2024-13;Catalão;3;2024;360;83.33333333333333
2024;2024-13;Catanduva;0;2024;1;0.0
2024;2024-13;Caxias do Sul;27;2024;2651;101.8483591097699
2024;2024-13;Ceres - Rialma - Goianésia;0;2024;20;0.0
2024;2024-13;Conceição do Coité;1;2024;30;333.3333333333333
2024;2024-13;Cruz Alta;12;2024;452;265.4867256637168
2024;2024-13;Curitiba;307;2024;14168;216.68548842461885
2024;2024-13;Curitibanos;0;2024;21;0.0
2024;2024-13;Distrito Federal;185;2024;12381;149.4225022211453
2024;2024-13;Frederico Westphalen;7;2024;276;253.62318840579712
2024;2024-13;Goiana ¿ Timbaúba;0;2024;210;0.0
2024;2024-13;Guarabira;1;2024;56;178.57142857142856
2024;2024-13;Guarapuava;0;2024;17;0.0
2024;2024-13;Gurupi;0;2024;23;0.0
2024;2024-13;Ijuí;30;2024;516;581.3953488372093
2024;2024-13;Imperatriz;0;2024;15;0.0
2024;2024-13;Itacoatiara;0;2024;51;0.0
2024;2024-13;Jaú;0;2024;143;0.0
2024;2024-13;Ji-Paraná;0;2024;6;0.0
2024;2024-13;Joaçaba - Herval d'Oeste;10;2024;258;387.5968992248062
2024;2024-13;Joinville;0;2024;12;0.0
2024;2024-13;Juiz de Fora;45;2024;2050;219.5121951219512
2024;2024-13;Linhares;9;2024;650;138.46153846153845
2024;2024-13;Maceió;0;2024;8;0.0
2024;2024-13;Manaus;35;2024;4770;73.37526205450735
2024;2024-13;Mantena;0;2024;112;0.0
2024;2024-13;Maringá;46;2024;3069;149.88595633756924
2024;2024-13;Marília;16;2024;1784;89.68609865470852
2024;2024-13;Monteiro;0;2024;11;0.0
2024;2024-13;Mossoró;0;2024;24;0.0
2024;2024-13;Natal;0;2024;18;0.0
2024;2024-13;Nazaré ¿ Maragogipe;0;2024;76;0.0
2024;2024-13;Nova Prata - Guaporé;4;2024;339;117.99410029498524
2024;2024-13;Oliveira;6;2024;587;102.21465076660988
2024;2024-13;Passo Fundo;30;2024;831;361.01083032490976
2024;2024-13;Passos;9;2024;614;146.57980456026058
2024;2024-13;Patos;0;2024;53;0.0
2024;2024-13;Pinheiro;0;2024;23;0.0
2024;2024-13;Pirapora;5;2024;239;209.20502092050208
2024;2024-13;Piumhi;0;2024;12;0.0
2024;2024-13;Ponte Nova;1;2024;29;344.82758620689657
2024;2024-13;Porto Alegre;350;2024;15338;228.19142000260788
2024;2024-13;Princesa Isabel;0;2024;42;0.0
2024;2024-13;Quirinópolis;1;2024;76;131.57894736842104
2024;2024-13;Resende;2;2024;460;43.47826086956522
2024;2024-13;Ribeirão Preto;31;2024;5172;59.938128383604024
2024;2024-13;Rio Claro;9;2024;333;270.27027027027026
2024;2024-13;Rio de Janeiro;445;2024;38026;117.0251932888024
2024;2024-13;Russas - Limoeiro do Norte;6;2024;1229;48.82017900732303
2024;2024-13;Salvador;185;2024;11852;156.09179885251433
2024;2024-13;Santa Cruz do Sul;18;2024;694;259.3659942363112
2024;2024-13;Santa Inês;1;2024;75;133.33333333333334
2024;2024-13;Santa Maria;39;2024;1076;362.453531598513
2024;2024-13;Santa Maria da Vitoria;0;2024;11;0.0
2024;2024-13;Santana do Livramento;1;2024;137;72.99270072992701
2024;2024-13;Santos;9;2024;901;99.88901220865705
2024;2024-13;Serra Talhada;0;2024;82;0.0
2024;2024-13;Soledade;5;2024;84;595.2380952380952
2024;2024-13;São Miguel do Oeste;8;2024;287;278.74564459930315
2024;2024-13;São Paulo;1630;2024;67129;242.81607055073067
2024;2024-13;Teófilo Otoni;13;2024;810;160.49382716049385
2024;2024-13;Toledo;1;2024;47;212.7659574468085
2024;2024-13;Uberaba;14;2024;1341;104.39970171513797
2024;2024-13;Uberlândia;41;2024;3401;120.55277859453102
2024;2024-13;Uruguaiana;2;2024;226;88.49557522123894
2024;2024-13;Valença;0;2024;41;0.0
2024;2024-13;Vitória;0;2024;37;0.0
2024;2024-13;Vitória da Conquista;0;2024;24;0.0
2024;2024-13;Volta Redonda - Barra Mansa;40;2024;1788;223.7136465324385
2024;2024-14;Afonso Cláudio - Venda Nova do Imigrante - Santa Maria de Jetibá;4;2024;625;64.0
2024;2024-14;Alegre;6;2024;335;179.1044776119403
2024;2024-14;Araranguá;9;2024;621;144.92753623188406
2024;2024-14;Atalaia;0;2024;36;0.0
2024;2024-14;Bagé;0;2024;167;0.0
2024;2024-14;Belo Horizonte;526;2024;23019;228.50688561623005
2024;2024-14;Belém;71;2024;8448;84.0435606060606
2024;2024-14;Bento Gonçalves;6;2024;386;155.440414507772
2024;2024-14;Boa Vista;6;2024;789;76.04562737642586
2024;2024-14;Bragança Paulista;0;2024;23;0.0
2024;2024-14;Brumado;14;2024;297;471.38047138047136
2024;2024-14;Camacan;0;2024;2;0.0
2024;2024-14;Campina Grande;9;2024;1519;59.24950625411455
2024;2024-14;Campo Belo;0;2024;5;0.0
2024;2024-14;Campos dos Goytacazes;5;2024;924;54.11255411255411
2024;2024-14;Caratinga;5;2024;539;92.7643784786642
2024;2024-14;Carazinho;2;2024;53;377.35849056603774
2024;2024-14;Cascavel;0;2024;27;0.0
2024;2024-14;Catalão;8;2024;360;222.22222222222223
2024;2024-14;Catanduva;0;2024;1;0.0
2024;2024-14;Caxias do Sul;32;2024;2651;120.70916635231988
2024;2024-14;Ceres - Rialma - Goianésia;0;2024;20;0.0
2024;2024-14;Conceição do Coité;2;2024;30;666.6666666666666
2024;2024-14;Cruz Alta;20;2024;452;442.4778761061947
2024;2024-14;Curitiba;362;2024;14168;255.50536420101636
2024;2024-14;Curitibanos;0;2024;21;0.0
2024;2024-14;Distrito Federal;143;2024;12381;115.49955577093934
2024;2024-14;Frederico Westphalen;11;2024;276;398.5507246376811
2024;2024-14;Goiana ¿ Timbaúba;0;2024;210;0.0
2024;2024-14;Guarabira;2;2024;56;357.1428571428571
2024;2024-14;Guarapuava;0;2024;17;0.0
2024;2024-14;Gurupi;0;2024;23;0.0
2024;2024-14;Ijuí;22;2024;516;426.3565891472868
2024;2024-14;Imperatriz;0;2024;15;0.0
2024;2024-14;Itacoatiara;0;2024;51;0.0
2024;2024-14;Jaú;0;2024;143;0.0
2024;2024-14;Ji-Paraná;0;2024;6;0.0
2024;2024-14;Joaçaba - Herval d'Oeste;22;2024;258;852.7131782945736
2024;2024-14;Joinville;0;2024;12;0.0
2024;2024-14;Juiz de Fora;39;2024;2050;190.2439024390244
2024;2024-14;Linhares;5;2024;650;76.92307692307693
2024;2024-14;Maceió;0;2024;8;0.0
2024;2024-14;Manaus;31;2024;4770;64.98951781970649
2024;2024-14;Mantena;0;2024;112;0.0
2024;2024-14;Maringá;31;2024;3069;101.01010101010102
2024;2024-14;Marília;9;2024;1784;50.44843049327354
2024;2024-14;Monteiro;0;2024;11;0.0
2024;2024-14;Mossoró;0;2024;24;0.0
2024;2024-14;Natal;0;2024;18;0.0
2024;2024-14;Nazaré ¿ Maragogipe;0;2024;76;0.0
2024;2024-14;Nova Prata - Guaporé;12;2024;339;353.98230088495575
2024;2024-14;Oliveira;3;2024;587;51.10732538330494
2024;2024-14;Passo Fundo;17;2024;831;204.5728038507822
2024;2024-14;Passos;8;2024;614;130.29315960912052
2024;2024-14;Patos;0;2024;53;0.0
2024;2024-14;Pinheiro;0;2024;23;0.0
2024;2024-14;Pirapora;4;2024;239;167.36401673640165
2024;2024-14;Piumhi;0;2024;12;0.0
2024;2024-14;Ponte Nova;1;2024;29;344.82758620689657
2024;2024-14;Porto Alegre;334;2024;15338;217.75981223106012
2024;2024-14;Princesa Isabel;0;2024;42;0.0
2024;2024-14;Quirinópolis;0;2024;76;0.0
2024;2024-14;Resende;5;2024;460;108.69565217391305
2024;2024-14;Ribeirão Preto;37;2024;5172;71.53905645784997
2024;2024-14;Rio Claro;8;2024;333;240.24024024024024
2024;2024-14;Rio de Janeiro;449;2024;38026;118.07710513858939
2024;2024-14;Russas - Limoeiro do Norte;7;2024;1229;56.95687550854353
2024;2024-14;Salvador;219;2024;11852;184.7789402632467
2024;2024-14;Santa Cruz do Sul;23;2024;694;331.4121037463977
2024;2024-14;Santa Inês;0;2024;75;0.0
2024;2024-14;Santa Maria;39;2024;1076;362.453531598513
2024;2024-14;Santa Maria da Vitoria;0;2024;11;0.0
2024;2024-14;Santana do Livramento;4;2024;137;291.97080291970804
2024;2024-14;Santos;2;2024;901;22.197558268590456
2024;2024-14;Serra Talhada;0;2024;82;0.0
2024;2024-14;Soledade;0;2024;84;0.0
2024;2024-14;São Miguel do Oeste;19;2024;287;662.0209059233449
2024;2024-14;São Paulo;1520;2024;67129;226.4297099614176
2024;2024-14;Teófilo Otoni;12;2024;810;148.14814814814815
2024;2024-14;Toledo;3;2024;47;638.2978723404254
2024;2024-14;Uberaba;18;2024;1341;134.2281879194631
2024;2024-14;Uberlândia;36;2024;3401;105.8512202293443
2024;2024-14;Uruguaiana;8;2024;226;353.98230088495575
2024;2024-14;Valença;0;2024;41;0.0
2024;2024-14;Vitória;0;2024;37;0.0
2024;2024-14;Vitória da Conquista;0;2024;24;0.0
2024;2024-14;Volta Redonda - Barra Mansa;22;2024;1788;123.04250559284117
2024;2024-15;Afonso Cláudio - Venda Nova do Imigrante - Santa Maria de Jetibá;1;2024;625;16.0
2024;2024-15;Alegre;6;2024;335;179.1044776119403
2024;2024-15;Araranguá;4;2024;621;64.4122383252818
2024;2024-15;Atalaia;0;2024;36;0.0
2024;2024-15;Bagé;0;2024;167;0.0
2024;2024-15;Belo Horizonte;439;2024;23019;190.7120205048004
2024;2024-15;Belém;60;2024;8448;71.02272727272727
2024;2024-15;Bento Gonçalves;3;2024;386;77.720207253886
2024;2024-15;Boa Vista;3;2024;789;38.02281368821293
2024;2024-15;Bragança Paulista;0;2024;23;0.0
2024;2024-15;Brumado;3;2024;297;101.01010101010102
2024;2024-15;Camacan;0;2024;2;0.0
2024;2024-15;Campina Grande;16;2024;1519;105.33245556287031
2024;2024-15;Campo Belo;0;2024;5;0.0
2024;2024-15;Campos dos Goytacazes;4;2024;924;43.29004329004329
2024;2024-15;Caratinga;3;2024;539;55.65862708719852
2024;2024-15;Carazinho;4;2024;53;754.7169811320755
2024;2024-15;Cascavel;0;2024;27;0.0
2024;2024-15;Catalão;5;2024;360;138.88888888888889
2024;2024-15;Catanduva;0;2024;1;0.0
2024;2024-15;Caxias do Sul;28;2024;2651;105.62052055827989
2024;2024-15;Ceres - Rialma - Goianésia;0;2024;20;0.0
2024;2024-15;Conceição do Coité;2;2024;30;666.6666666666666
2024;2024-15;Cruz Alta;15;2024;452;331.85840707964604
2024;2024-15;Curitiba;287;2024;14168;202.5691699604743
2024;2024-15;Curitibanos;0;2024;21;0.0
2024;2024-15;Distrito Federal;135;2024;12381;109.0380421613763
2024;2024-15;Frederico Westphalen;21;2024;276;760.8695652173914
2024;2024-15;Goiana ¿ Timbaúba;0;2024;210;0.0
2024;2024-15;Guarabira;0;2024;56;0.0
2024;2024-15;Guarapuava;1;2024;17;588.2352941176471
2024;2024-15;Gurupi;0;2024;23;0.0
2024;2024-15;Ijuí;19;2024;516;368.2170542635659
2024;2024-15;Imperatriz;0;2024;15;0.0
2024;2024-15;Itacoatiara;0;2024;51;0.0
2024;2024-15;Jaú;0;2024;143;0.0
2024;2024-15;Ji-Paraná;0;2024;6;0.0
2024;2024-15;Joaçaba - Herval d'Oeste;32;2024;258;1240.3100775193798
2024;2024-15;Joinville;0;2024;12;0.0
2024;2024-15;Juiz de Fora;38;2024;2050;185.36585365853657
2024;2024-15;Linhares;13;2024;650;200.0
2024;2024-15;Maceió;0;2024;8;0.0
2024;2024-15;Manaus;38;2024;4770;79.66457023060796
2024;2024-15;Mantena;0;2024;112;0.0
2024;2024-15;Maringá;27;2024;3069;87.97653958944282
2024;2024-15;Marília;8;2024;1784;44.84304932735426
2024;2024-15;Monteiro;0;2024;11;0.0
2024;2024-15;Mossoró;0;2024;24;0.0
2024;2024-15;Natal;0;2024;18;0.0
2024;2024-15;Nazaré ¿ Maragogipe;0;2024;76;0.0
2024;2024-15;Nova Prata - Guaporé;4;2024;339;117.99410029498524
2024;2024-15;Oliveira;2;2024;587;34.07155025553663
2024;2024-15;Passo Fundo;12;2024;831;144.4043321299639
2024;2024-15;Passos;17;2024;614;276.8729641693811
2024;2024-15;Patos;0;2024;53;0.0
2024;2024-15;Pinheiro;0;2024;23;0.0
2024;2024-15;Pirapora;2;2024;239;83.68200836820083
2024;2024-15;Piumhi;0;2024;12;0.0
2024;2024-15;Ponte Nova;1;2024;29;344.82758620689657
2024;2024-15;Porto Alegre;326;2024;15338;212.54400834528624
2024;2024-15;Princesa Isabel;0;2024;42;0.0
2024;2024-15;Quirinópolis;0;2024;76;0.0
2024;2024-15;Resende;4;2024;460;86.95652173913044
2024;2024-15;Ribeirão Preto;33;2024;5172;63.80510440835267
2024;2024-15;Rio Claro;8;2024;333;240.24024024024024
2024;2024-15;Rio de Janeiro;362;2024;38026;95.1980224057224
2024;2024-15;Russas - Limoeiro do Norte;4;2024;1229;32.546786004882016
2024;2024-15;Salvador;177;2024;11852;149.34188322645966
2024;2024-15;Santa Cruz do Sul;14;2024;694;201.72910662824208
2024;2024-15;Santa Inês;2;2024;75;266.6666666666667
2024;2024-15;Santa Maria;33;2024;1076;306.69144981412643
2024;2024-15;Santa Maria da Vitoria;0;2024;11;0.0
2024;2024-15;Santana do Livramento;0;2024;137;0.0
2024;2024-15;Santos;4;2024;901;44.39511653718091
2024;2024-15;Serra Talhada;0;2024;82;0.0
2024;2024-15;Soledade;0;2024;84;0.0
2024;2024-15;São Miguel do Oeste;5;2024;287;174.21602787456445
2024;2024-15;São Paulo;1380;2024;67129;205.5743419386554
2024;2024-15;Teófilo Otoni;6;2024;810;74.07407407407408
2024;2024-15;Toledo;5;2024;47;1063.8297872340427
2024;2024-15;Uberaba;18;2024;1341;134.2281879194631
2024;2024-15;Uberlândia;44;2024;3401;129.37371361364305
2024;2024-15;Uruguaiana;9;2024;226;398.2300884955752
2024;2024-15;Valença;0;2024;41;0.0
2024;2024-15;Vitória;0;2024;37;0.0
2024;2024-15;Vitória da Conquista;0;2024;24;0.0
2024;2024-15;Volta Redonda - Barra Mansa;17;2024;1788;95.07829977628634
2024;2024-16;Afonso Cláudio - Venda Nova do Imigrante - Santa Maria de Jetibá;0;2024;625;0.0
2024;2024-16;Alegre;4;2024;335;119.40298507462687
2024;2024-16;Araranguá;3;2024;621;48.30917874396135
2024;2024-16;Atalaia;0;2024;36;0.0
2024;2024-16;Bagé;0;2024;167;0.0
2024;2024-16;Belo Horizonte;373;2024;23019;162.04005386854337
2024;2024-16;Belém;53;2024;8448;62.73674242424242
2024;2024-16;Bento Gonçalves;2;2024;386;51.81347150259067
2024;2024-16;Boa Vista;8;2024;789;101.39416983523446
2024;2024-16;Bragança Paulista;0;2024;23;0.0
2024;2024-16;Brumado;4;2024;297;134.68013468013467
2024;2024-16;Camacan;0;2024;2;0.0
2024;2024-16;Campina Grande;7;2024;1519;46.08294930875576
2024;2024-16;Campo Belo;0;2024;5;0.0
2024;2024-16;Campos dos Goytacazes;1;2024;924;10.822510822510823
2024;2024-16;Caratinga;6;2024;539;111.31725417439704
2024;2024-16;Carazinho;0;2024;53;0.0
2024;2024-16;Cascavel;0;2024;27;0.0
2024;2024-16;Catalão;14;2024;360;388.8888888888889
2024;2024-16;Catanduva;0;2024;1;0.0
2024;2024-16;Caxias do Sul;13;2024;2651;49.038098830629956
2024;2024-16;Ceres - Rialma - Goianésia;0;2024;20;0.0
2024;2024-16;Conceição do Coité;0;2024;30;0.0
2024;2024-16;Cruz Alta;4;2024;452;88.49557522123894
2024;2024-16;Curitiba;243;2024;14168;171.51326933935627
2024;2024-16;Curitibanos;1;2024;21;476.19047619047615
2024;2024-16;Distrito Federal;153;2024;12381;123.57644778289314
2024;2024-16;Frederico Westphalen;18;2024;276;652.1739130434783
2024;2024-16;Goiana ¿ Timbaúba;1;2024;210;47.61904761904762
2024;2024-16;Guarabira;0;2024;56;0.0
2024;2024-16;Guarapuava;1;2024;17;588.2352941176471
2024;2024-16;Gurupi;0;2024;23;0.0
2024;2024-16;Ijuí;10;2024;516;193.7984496124031
2024;2024-16;Imperatriz;0;2024;15;0.0
2024;2024-16;Itacoatiara;0;2024;51;0.0
2024;2024-16;Jaú;0;2024;143;0.0
2024;2024-16;Ji-Paraná;0;2024;6;0.0
2024;2024-16;Joaçaba - Herval d'Oeste;11;2024;258;426.3565891472868
2024;2024-16;Joinville;0;2024;12;0.0
2024;2024-16;Juiz de Fora;26;2024;2050;126.82926829268294
2024;2024-16;Linhares;5;2024;650;76.92307692307693
2024;2024-16;Maceió;0;2024;8;0.0
2024;2024-16;Manaus;27;2024;4770;56.60377358490565
2024;2024-16;Mantena;0;2024;112;0.0
2024;2024-16;Maringá;22;2024;3069;71.68458781362007
2024;2024-16;Marília;12;2024;1784;67.2645739910314
2024;2024-16;Monteiro;0;2024;11;0.0
2024;2024-16;Mossoró;0;2024;24;0.0
2024;2024-16;Natal;0;2024;18;0.0
2024;2024-16;Nazaré ¿ Maragogipe;0;2024;76;0.0
2024;2024-16;Nova Prata - Guaporé;8;2024;339;235.9882005899705
2024;2024-16;Oliveira;2;2024;587;34.07155025553663
2024;2024-16;Passo Fundo;12;2024;831;144.4043321299639
2024;2024-16;Passos;8;2024;614;130.29315960912052
2024;2024-16;Patos;0;2024;53;0.0
2024;2024-16;Pinheiro;0;2024;23;0.0
2024;2024-16;Pirapora;2;2024;239;83.68200836820083
2024;2024-16;Piumhi;0;2024;12;0.0
2024;2024-16;Ponte Nova;0;2024;29;0.0
2024;2024-16;Porto Alegre;272;2024;15338;177.3373321163124
2024;2024-16;Princesa Isabel;0;2024;42;0.0
2024;2024-16;Quirinópolis;0;2024;76;0.0
2024;2024-16;Resende;1;2024;460;21.73913043478261
2024;2024-16;Ribeirão Preto;28;2024;5172;54.13766434648105
2024;2024-16;Rio Claro;4;2024;333;120.12012012012012
2024;2024-16;Rio de Janeiro;316;2024;38026;83.10103613317203
2024;2024-16;Russas - Limoeiro do Norte;5;2024;1229;40.68348250610252
2024;2024-16;Salvador;139;2024;11852;117.27978400269996
2024;2024-16;Santa Cruz do Sul;9;2024;694;129.6829971181556
2024;2024-16;Santa Inês;2;2024;75;266.6666666666667
2024;2024-16;Santa Maria;57;2024;1076;529.7397769516729
2024;2024-16;Santa Maria da Vitoria;0;2024;11;0.0
2024;2024-16;Santana do Livramento;1;2024;137;72.99270072992701
2024;2024-16;Santos;10;2024;901;110.98779134295228
2024;2024-16;Serra Talhada;0;2024;82;0.0
2024;2024-16;Soledade;0;2024;84;0.0
2024;2024-16;São Miguel do Oeste;4;2024;287;139.37282229965157
2024;2024-16;São Paulo;1184;2024;67129;176.3768267067884
2024;2024-16;Teófilo Otoni;9;2024;810;111.11111111111111
2024;2024-16;Toledo;2;2024;47;425.531914893617
2024;2024-16;Uberaba;12;2024;1341;89.48545861297539
2024;2024-16;Uberlândia;30;2024;3401;88.20935019112027
2024;2024-16;Uruguaiana;2;2024;226;88.49557522123894
2024;2024-16;Valença;0;2024;41;0.0
2024;2024-16;Vitória;1;2024;37;270.27027027027026
2024;2024-16;Vitória da Conquista;0;2024;24;0.0
2024;2024-16;Volta Redonda - Barra Mansa;21;2024;1788;117.4496644295302
2024;2024-17;Afonso Cláudio - Venda Nova do Imigrante - Santa Maria de Jetibá;7;2024;625;112.0
2024;2024-17;Alegre;6;2024;335;179.1044776119403
2024;2024-17;Araranguá;3;2024;621;48.30917874396135
2024;2024-17;Atalaia;0;2024;36;0.0
2024;2024-17;Bagé;0;2024;167;0.0
2024;2024-17;Belo Horizonte;278;2024;23019;120.7697988618098
2024;2024-17;Belém;58;2024;8448;68.65530303030303
2024;2024-17;Bento Gonçalves;2;2024;386;51.81347150259067
2024;2024-17;Boa Vista;5;2024;789;63.371356147021544
2024;2024-17;Bragança Paulista;0;2024;23;0.0
2024;2024-17;Brumado;1;2024;297;33.67003367003367
2024;2024-17;Camacan;0;2024;2;0.0
2024;2024-17;Campina Grande;7;2024;1519;46.08294930875576
2024;2024-17;Campo Belo;0;2024;5;0.0
2024;2024-17;Campos dos Goytacazes;0;2024;924;0.0
2024;2024-17;Caratinga;4;2024;539;74.21150278293136
2024;2024-17;Carazinho;3;2024;53;566.0377358490566
2024;2024-17;Cascavel;0;2024;27;0.0
2024;2024-17;Catalão;4;2024;360;111.11111111111111
2024;2024-17;Catanduva;0;2024;1;0.0
2024;2024-17;Caxias do Sul;10;2024;2651;37.72161448509996
2024;2024-17;Ceres - Rialma - Goianésia;0;2024;20;0.0
2024;2024-17;Conceição do Coité;0;2024;30;0.0
2024;2024-17;Cruz Alta;6;2024;452;132.7433628318584
2024;2024-17;Curitiba;266;2024;14168;187.74703557312253
2024;2024-17;Curitibanos;0;2024;21;0.0
2024;2024-17;Distrito Federal;120;2024;12381;96.9227041434456
2024;2024-17;Frederico Westphalen;16;2024;276;579.7101449275362
2024;2024-17;Goiana ¿ Timbaúba;1;2024;210;47.61904761904762
2024;2024-17;Guarabira;0;2024;56;0.0
2024;2024-17;Guarapuava;0;2024;17;0.0
2024;2024-17;Gurupi;0;2024;23;0.0
2024;2024-17;Ijuí;10;2024;516;193.7984496124031
2024;2024-17;Imperatriz;0;2024;15;0.0
2024;2024-17;Itacoatiara;0;2024;51;0.0
2024;2024-17;Jaú;0;2024;143;0.0
2024;2024-17;Ji-Paraná;0;2024;6;0.0
2024;2024-17;Joaçaba - Herval d'Oeste;14;2024;258;542.6356589147287
2024;2024-17;Joinville;0;2024;12;0.0
2024;2024-17;Juiz de Fora;21;2024;2050;102.4390243902439
2024;2024-17;Linhares;7;2024;650;107.6923076923077
2024;2024-17;Maceió;0;2024;8;0.0
2024;2024-17;Manaus;20;2024;4770;41.928721174004195
2024;2024-17;Mantena;0;2024;112;0.0
2024;2024-17;Maringá;39;2024;3069;127.07722385141741
2024;2024-17;Marília;11;2024;1784;61.6591928251121
2024;2024-17;Monteiro;0;2024;11;0.0
2024;2024-17;Mossoró;0;2024;24;0.0
2024;2024-17;Natal;0;2024;18;0.0
2024;2024-17;Nazaré ¿ Maragogipe;0;2024;76;0.0
2024;2024-17;Nova Prata - Guaporé;8;2024;339;235.9882005899705
2024;2024-17;Oliveira;0;2024;587;0.0
2024;2024-17;Passo Fundo;11;2024;831;132.37063778580023
2024;2024-17;Passos;7;2024;614;114.00651465798046
2024;2024-17;Patos;0;2024;53;0.0
2024;2024-17;Pinheiro;0;2024;23;0.0
2024;2024-17;Pirapora;1;2024;239;41.84100418410041
2024;2024-17;Piumhi;0;2024;12;0.0
2024;2024-17;Ponte Nova;0;2024;29;0.0
2024;2024-17;Porto Alegre;238;2024;15338;155.17016560177336
2024;2024-17;Princesa Isabel;0;2024;42;0.0
2024;2024-17;Quirinópolis;0;2024;76;0.0
2024;2024-17;Resende;0;2024;460;0.0
2024;2024-17;Ribeirão Preto;29;2024;5172;56.07115235885538
2024;2024-17;Rio Claro;6;2024;333;180.18018018018017
2024;2024-17;Rio de Janeiro;255;2024;38026;67.05938042392047
2024;2024-17;Russas - Limoeiro do Norte;10;2024;1229;81.36696501220504
2024;2024-17;Salvador;118;2024;11852;99.56125548430644
2024;2024-17;Santa Cruz do Sul;8;2024;694;115.27377521613832
2024;2024-17;Santa Inês;0;2024;75;0.0
2024;2024-17;Santa Maria;40;2024;1076;371.7472118959108
2024;2024-17;Santa Maria da Vitoria;0;2024;11;0.0
2024;2024-17;Santana do Livramento;1;2024;137;72.99270072992701
2024;2024-17;Santos;4;2024;901;44.39511653718091
2024;2024-17;Serra Talhada;0;2024;82;0.0
2024;2024-17;Soledade;1;2024;84;119.04761904761904
2024;2024-17;São Miguel do Oeste;4;2024;287;139.37282229965157
2024;2024-17;São Paulo;997;2024;67129;148.52001370495614
2024;2024-17;Teófilo Otoni;14;2024;810;172.8395061728395
2024;2024-17;Toledo;1;2024;47;212.7659574468085
2024;2024-17;Uberaba;5;2024;1341;37.28560775540642
2024;2024-17;Uberlândia;40;2024;3401;117.61246692149369
2024;2024-17;Uruguaiana;2;2024;226;88.49557522123894
2024;2024-17;Valença;1;2024;41;243.90243902439025
2024;2024-17;Vitória;1;2024;37;270.27027027027026
2024;2024-17;Vitória da Conquista;0;2024;24;0.0
2024;2024-17;Volta Redonda - Barra Mansa;14;2024;1788;78.29977628635346
2024;2024-18;Afonso Cláudio - Venda Nova do Imigrante - Santa Maria de Jetibá;3;2024;625;47.99999999999999
2024;2024-18;Alegre;1;2024;335;29.850746268656717
2024;2024-18;Araranguá;1;2024;621;16.10305958132045
2024;2024-18;Atalaia;0;2024;36;0.0
2024;2024-18;Bagé;2;2024;167;119.76047904191617
2024;2024-18;Belo Horizonte;230;2024;23019;99.91745948998654
2024;2024-18;Belém;49;2024;8448;58.00189393939394
2024;2024-18;Bento Gonçalves;3;2024;386;77.720207253886
2024;2024-18;Boa Vista;2;2024;789;25.348542458808616
2024;2024-18;Bragança Paulista;0;2024;23;0.0
2024;2024-18;Brumado;3;2024;297;101.01010101010102
2024;2024-18;Camacan;0;2024;2;0.0
2024;2024-18;Campina Grande;16;2024;1519;105.33245556287031
2024;2024-18;Campo Belo;0;2024;5;0.0
2024;2024-18;Campos dos Goytacazes;2;2024;924;21.645021645021647
2024;2024-18;Caratinga;0;2024;539;0.0
2024;2024-18;Carazinho;2;2024;53;377.35849056603774
2024;2024-18;Cascavel;0;2024;27;0.0
2024;2024-18;Catalão;3;2024;360;83.33333333333333
2024;2024-18;Catanduva;0;2024;1;0.0
2024;2024-18;Caxias do Sul;9;2024;2651;33.949453036589965
2024;2024-18;Ceres - Rialma - Goianésia;0;2024;20;0.0
2024;2024-18;Conceição do Coité;1;2024;30;333.3333333333333
2024;2024-18;Cruz Alta;2;2024;452;44.24778761061947
2024;2024-18;Curitiba;195;2024;14168;137.63410502540938
2024;2024-18;Curitibanos;0;2024;21;0.0
2024;2024-18;Distrito Federal;139;2024;12381;112.26879896615782
2024;2024-18;Frederico Westphalen;8;2024;276;289.8550724637681
2024;2024-18;Goiana ¿ Timbaúba;1;2024;210;47.61904761904762
2024;2024-18;Guarabira;0;2024;56;0.0
2024;2024-18;Guarapuava;0;2024;17;0.0
2024;2024-18;Gurupi;0;2024;23;0.0
2024;2024-18;Ijuí;8;2024;516;155.03875968992247
2024;2024-18;Imperatriz;0;2024;15;0.0
2024;2024-18;Itacoatiara;0;2024;51;0.0
2024;2024-18;Jaú;0;2024;143;0.0
2024;2024-18;Ji-Paraná;0;2024;6;0.0
2024;2024-18;Joaçaba - Herval d'Oeste;10;2024;258;387.5968992248062
2024;2024-18;Joinville;0;2024;12;0.0
2024;2024-18;Juiz de Fora;16;2024;2050;78.04878048780488
2024;2024-18;Linhares;2;2024;650;30.76923076923077
2024;2024-18;Maceió;0;2024;8;0.0
2024;2024-18;Manaus;41;2024;4770;85.95387840670858
2024;2024-18;Mantena;0;2024;112;0.0
2024;2024-18;Maringá;21;2024;3069;68.42619745845552
2024;2024-18;Marília;6;2024;1784;33.6322869955157
2024;2024-18;Monteiro;0;2024;11;0.0
2024;2024-18;Mossoró;0;2024;24;0.0
2024;2024-18;Natal;0;2024;18;0.0
2024;2024-18;Nazaré ¿ Maragogipe;0;2024;76;0.0
2024;2024-18;Nova Prata - Guaporé;4;2024;339;117.99410029498524
2024;2024-18;Oliveira;1;2024;587;17.035775127768314
2024;2024-18;Passo Fundo;6;2024;831;72.20216606498195
2024;2024-18;Passos;7;2024;614;114.00651465798046
2024;2024-18;Patos;0;2024;53;0.0
2024;2024-18;Pinheiro;0;2024;23;0.0
2024;2024-18;Pirapora;1;2024;239;41.84100418410041
2024;2024-18;Piumhi;0;2024;12;0.0
2024;2024-18;Ponte Nova;0;2024;29;0.0
2024;2024-18;Porto Alegre;147;2024;15338;95.84039640109532
2024;2024-18;Princesa Isabel;0;2024;42;0.0
2024;2024-18;Quirinópolis;0;2024;76;0.0
2024;2024-18;Resende;2;2024;460;43.47826086956522
2024;2024-18;Ribeirão Preto;36;2024;5172;69.60556844547564
2024;2024-18;Rio Claro;7;2024;333;210.21021021021022
2024;2024-18;Rio de Janeiro;244;2024;38026;64.16662283700626
2024;2024-18;Russas - Limoeiro do Norte;5;2024;1229;40.68348250610252
2024;2024-18;Salvador;120;2024;11852;101.24873439082012
2024;2024-18;Santa Cruz do Sul;12;2024;694;172.91066282420752
2024;2024-18;Santa Inês;0;2024;75;0.0
2024;2024-18;Santa Maria;15;2024;1076;139.40520446096653
2024;2024-18;Santa Maria da Vitoria;1;2024;11;909.0909090909091
2024;2024-18;Santana do Livramento;1;2024;137;72.99270072992701
2024;2024-18;Santos;3;2024;901;33.29633740288568
2024;2024-18;Serra Talhada;0;2024;82;0.0
2024;2024-18;Soledade;0;2024;84;0.0
2024;2024-18;São Miguel do Oeste;3;2024;287;104.52961672473869
2024;2024-18;São Paulo;925;2024;67129;137.79439586467845
2024;2024-18;Teófilo Otoni;4;2024;810;49.382716049382715
2024;2024-18;Toledo;0;2024;47;0.0
2024;2024-18;Uberaba;6;2024;1341;44.742729306487696
2024;2024-18;Uberlândia;23;2024;3401;67.62716847985887
2024;2024-18;Uruguaiana;4;2024;226;176.99115044247787
2024;2024-18;Valença;0;2024;41;0.0
2024;2024-18;Vitória;0;2024;37;0.0
2024;2024-18;Vitória da Conquista;0;2024;24;0.0
2024;2024-18;Volta Redonda - Barra Mansa;10;2024;1788;55.928411633109626
2024;2024-19;Afonso Cláudio - Venda Nova do Imigrante - Santa Maria de Jetibá;1;2024;625;16.0
2024;2024-19;Alegre;1;2024;335;29.850746268656717
2024;2024-19;Araranguá;5;2024;621;80.51529790660224
2024;2024-19;Atalaia;0;2024;36;0.0
2024;2024-19;Bagé;1;2024;167;59.880239520958085
2024;2024-19;Belo Horizonte;194;2024;23019;84.27820496111907
2024;2024-19;Belém;36;2024;8448;42.61363636363636
2024;2024-19;Bento Gonçalves;2;2024;386;51.81347150259067
2024;2024-19;Boa Vista;3;2024;789;38.02281368821293
2024;2024-19;Bragança Paulista;0;2024;23;0.0
2024;2024-19;Brumado;3;2024;297;101.01010101010102
2024;2024-19;Camacan;0;2024;2;0.0
2024;2024-19;Campina Grande;5;2024;1519;32.91639236339697
2024;2024-19;Campo Belo;0;2024;5;0.0
2024;2024-19;Campos dos Goytacazes;0;2024;924;0.0
2024;2024-19;Caratinga;2;2024;539;37.10575139146568
2024;2024-19;Carazinho;0;2024;53;0.0
2024;2024-19;Cascavel;0;2024;27;0.0
2024;2024-19;Catalão;1;2024;360;27.77777777777778
2024;2024-19;Catanduva;0;2024;1;0.0
2024;2024-19;Caxias do Sul;17;2024;2651;64.12674462466994
2024;2024-19;Ceres - Rialma - Goianésia;0;2024;20;0.0
2024;2024-19;Conceição do Coité;1;2024;30;333.3333333333333
2024;2024-19;Cruz Alta;8;2024;452;176.99115044247787
2024;2024-19;Curitiba;222;2024;14168;156.69113495200452
2024;2024-19;Curitibanos;0;2024;21;0.0
2024;2024-19;Distrito Federal;118;2024;12381;95.30732574105484
2024;2024-19;Frederico Westphalen;5;2024;276;181.1594202898551
2024;2024-19;Goiana ¿ Timbaúba;0;2024;210;0.0
2024;2024-19;Guarabira;0;2024;56;0.0
2024;2024-19;Guarapuava;0;2024;17;0.0
2024;2024-19;Gurupi;0;2024;23;0.0
2024;2024-19;Ijuí;10;2024;516;193.7984496124031
2024;2024-19;Imperatriz;0;2024;15;0.0
2024;2024-19;Itacoatiara;0;2024;51;0.0
2024;2024-19;Jaú;1;2024;143;69.93006993006993
2024;2024-19;Ji-Paraná;0;2024;6;0.0
2024;2024-19;Joaçaba - Herval d'Oeste;5;2024;258;193.7984496124031
2024;2024-19;Joinville;0;2024;12;0.0
2024;2024-19;Juiz de Fora;21;2024;2050;102.4390243902439
2024;2024-19;Linhares;5;2024;650;76.92307692307693
2024;2024-19;Maceió;1;2024;8;1250.0
2024;2024-19;Manaus;25;2024;4770;52.41090146750524
2024;2024-19;Mantena;0;2024;112;0.0
2024;2024-19;Maringá;19;2024;3069;61.909416748126425
2024;2024-19;Marília;8;2024;1784;44.84304932735426
2024;2024-19;Monteiro;0;2024;11;0.0
2024;2024-19;Mossoró;0;2024;24;0.0
2024;2024-19;Natal;0;2024;18;0.0
2024;2024-19;Nazaré ¿ Maragogipe;0;2024;76;0.0
2024;2024-19;Nova Prata - Guaporé;1;2024;339;29.49852507374631
2024;2024-19;Oliveira;0;2024;587;0.0
2024;2024-19;Passo Fundo;15;2024;831;180.50541516245488
2024;2024-19;Passos;2;2024;614;32.57328990228013
2024;2024-19;Patos;0;2024;53;0.0
2024;2024-19;Pinheiro;0;2024;23;0.0
2024;2024-19;Pirapora;0;2024;239;0.0
2024;2024-19;Piumhi;0;2024;12;0.0
2024;2024-19;Ponte Nova;0;2024;29;0.0
2024;2024-19;Porto Alegre;163;2024;15338;106.27200417264312
2024;2024-19;Princesa Isabel;0;2024;42;0.0
2024;2024-19;Quirinópolis;1;2024;76;131.57894736842104
2024;2024-19;Resende;1;2024;460;21.73913043478261
2024;2024-19;Ribeirão Preto;32;2024;5172;61.87161639597835
2024;2024-19;Rio Claro;0;2024;333;0.0
2024;2024-19;Rio de Janeiro;223;2024;38026;58.64408562562458
2024;2024-19;Russas - Limoeiro do Norte;6;2024;1229;48.82017900732303
2024;2024-19;Salvador;102;2024;11852;86.0614242321971
2024;2024-19;Santa Cruz do Sul;9;2024;694;129.6829971181556
2024;2024-19;Santa Inês;0;2024;75;0.0
2024;2024-19;Santa Maria;16;2024;1076;148.6988847583643
2024;2024-19;Santa Maria da Vitoria;0;2024;11;0.0
2024;2024-19;Santana do Livramento;0;2024;137;0.0
2024;2024-19;Santos;1;2024;901;11.098779134295228
2024;2024-19;Serra Talhada;0;2024;82;0.0
2024;2024-19;Soledade;0;2024;84;0.0
2024;2024-19;São Miguel do Oeste;7;2024;287;243.90243902439025
2024;2024-19;São Paulo;982;2024;67129;146.2855099882316
2024;2024-19;Teófilo Otoni;10;2024;810;123.45679012345678
2024;2024-19;Toledo;4;2024;47;851.063829787234
2024;2024-19;Uberaba;11;2024;1341;82.0283370618941
2024;2024-19;Uberlândia;33;2024;3401;97.0302852102323
2024;2024-19;Uruguaiana;1;2024;226;44.24778761061947
2024;2024-19;Valença;0;2024;41;0.0
2024;2024-19;Vitória;4;2024;37;1081.081081081081
2024;2024-19;Vitória da Conquista;0;2024;24;0.0
2024;2024-19;Volta Redonda - Barra Mansa;5;2024;1788;27.964205816554813
2024;2024-20;Afonso Cláudio - Venda Nova do Imigrante - Santa Maria de Jetibá;0;2024;625;0.0
2024;2024-20;Alegre;0;2024;335;0.0
2024;2024-20;Araranguá;6;2024;621;96.6183574879227
2024;2024-20;Atalaia;0;2024;36;0.0
2024;2024-20;Bagé;0;2024;167;0.0
2024;2024-20;Belo Horizonte;158;2024;23019;68.63895043225162
2024;2024-20;Belém;38;2024;8448;44.98106060606061
2024;2024-20;Bento Gonçalves;2;2024;386;51.81347150259067
2024;2024-20;Boa Vista;10;2024;789;126.74271229404309
2024;2024-20;Bragança Paulista;0;2024;23;0.0
2024;2024-20;Brumado;3;2024;297;101.01010101010102
2024;2024-20;Camacan;0;2024;2;0.0
2024;2024-20;Campina Grande;8;2024;1519;52.666227781435154
2024;2024-20;Campo Belo;0;2024;5;0.0
2024;2024-20;Campos dos Goytacazes;1;2024;924;10.822510822510823
2024;2024-20;Caratinga;1;2024;539;18.55287569573284
2024;2024-20;Carazinho;0;2024;53;0.0
2024;2024-20;Cascavel;0;2024;27;0.0
2024;2024-20;Catalão;2;2024;360;55.55555555555556
2024;2024-20;Catanduva;1;2024;1;10000.0
2024;2024-20;Caxias do Sul;13;2024;2651;49.038098830629956
2024;2024-20;Ceres - Rialma - Goianésia;0;2024;20;0.0
2024;2024-20;Conceição do Coité;1;2024;30;333.3333333333333
2024;2024-20;Cruz Alta;3;2024;452;66.3716814159292
2024;2024-20;Curitiba;203;2024;14168;143.2806324110672
2024;2024-20;Curitibanos;1;2024;21;476.19047619047615
2024;2024-20;Distrito Federal;104;2024;12381;83.99967692431952
2024;2024-20;Frederico Westphalen;6;2024;276;217.3913043478261
2024;2024-20;Goiana ¿ Timbaúba;1;2024;210;47.61904761904762
2024;2024-20;Guarabira;0;2024;56;0.0
2024;2024-20;Guarapuava;0;2024;17;0.0
2024;2024-20;Gurupi;0;2024;23;0.0
2024;2024-20;Ijuí;13;2024;516;251.93798449612402
2024;2024-20;Imperatriz;0;2024;15;0.0
2024;2024-20;Itacoatiara;0;2024;51;0.0
2024;2024-20;Jaú;2;2024;143;139.86013986013987
2024;2024-20;Ji-Paraná;0;2024;6;0.0
2024;2024-20;Joaçaba - Herval d'Oeste;9;2024;258;348.83720930232556
2024;2024-20;Joinville;0;2024;12;0.0
2024;2024-20;Juiz de Fora;19;2024;2050;92.68292682926828
2024;2024-20;Linhares;3;2024;650;46.15384615384616
2024;2024-20;Maceió;0;2024;8;0.0
2024;2024-20;Manaus;9;2024;4770;18.867924528301888
2024;2024-20;Mantena;0;2024;112;0.0
2024;2024-20;Maringá;26;2024;3069;84.71814923427827
2024;2024-20;Marília;6;2024;1784;33.6322869955157
2024;2024-20;Monteiro;0;2024;11;0.0
2024;2024-20;Mossoró;0;2024;24;0.0
2024;2024-20;Natal;0;2024;18;0.0
2024;2024-20;Nazaré ¿ Maragogipe;0;2024;76;0.0
2024;2024-20;Nova Prata - Guaporé;3;2024;339;88.49557522123894
2024;2024-20;Oliveira;1;2024;587;17.035775127768314
2024;2024-20;Passo Fundo;10;2024;831;120.33694344163659
2024;2024-20;Passos;2;2024;614;32.57328990228013
2024;2024-20;Patos;0;2024;53;0.0
2024;2024-20;Pinheiro;0;2024;23;0.0
2024;2024-20;Pirapora;1;2024;239;41.84100418410041
2024;2024-20;Piumhi;0;2024;12;0.0
2024;2024-20;Ponte Nova;0;2024;29;0.0
2024;2024-20;Porto Alegre;191;2024;15338;124.52731777285173
2024;2024-20;Princesa Isabel;0;2024;42;0.0
2024;2024-20;Quirinópolis;0;2024;76;0.0
2024;2024-20;Resende;2;2024;460;43.47826086956522
2024;2024-20;Ribeirão Preto;28;2024;5172;54.13766434648105
2024;2024-20;Rio Claro;4;2024;333;120.12012012012012
2024;2024-20;Rio de Janeiro;242;2024;38026;63.64066691211276
2024;2024-20;Russas - Limoeiro do Norte;2;2024;1229;16.273393002441008
2024;2024-20;Salvador;74;2024;11852;62.436719541005736
2024;2024-20;Santa Cruz do Sul;23;2024;694;331.4121037463977
2024;2024-20;Santa Inês;0;2024;75;0.0
2024;2024-20;Santa Maria;15;2024;1076;139.40520446096653
2024;2024-20;Santa Maria da Vitoria;1;2024;11;909.0909090909091
2024;2024-20;Santana do Livramento;1;2024;137;72.99270072992701
2024;2024-20;Santos;1;2024;901;11.098779134295228
2024;2024-20;Serra Talhada;0;2024;82;0.0
2024;2024-20;Soledade;0;2024;84;0.0
2024;2024-20;São Miguel do Oeste;1;2024;287;34.84320557491289
2024;2024-20;São Paulo;934;2024;67129;139.13509809471316
2024;2024-20;Teófilo Otoni;5;2024;810;61.72839506172839
2024;2024-20;Toledo;2;2024;47;425.531914893617
2024;2024-20;Uberaba;17;2024;1341;126.7710663683818
2024;2024-20;Uberlândia;14;2024;3401;41.16436342252279
2024;2024-20;Uruguaiana;0;2024;226;0.0
2024;2024-20;Valença;0;2024;41;0.0
2024;2024-20;Vitória;0;2024;37;0.0
2024;2024-20;Vitória da Conquista;0;2024;24;0.0
2024;2024-20;Volta Redonda - Barra Mansa;13;2024;1788;72.7069351230425
2024;2024-21;Afonso Cláudio - Venda Nova do Imigrante - Santa Maria de Jetibá;2;2024;625;32.0
2024;2024-21;Alegre;0;2024;335;0.0
2024;2024-21;Araranguá;7;2024;621;112.72141706924316
2024;2024-21;Atalaia;0;2024;36;0.0
2024;2024-21;Bagé;0;2024;167;0.0
2024;2024-21;Belo Horizonte;101;2024;23019;43.876797428211475
2024;2024-21;Belém;23;2024;8448;27.22537878787879
2024;2024-21;Bento Gonçalves;5;2024;386;129.5336787564767
2024;2024-21;Boa Vista;4;2024;789;50.69708491761723
2024;2024-21;Bragança Paulista;0;2024;23;0.0
2024;2024-21;Brumado;2;2024;297;67.34006734006734
2024;2024-21;Camacan;0;2024;2;0.0
2024;2024-21;Campina Grande;14;2024;1519;92.16589861751152
2024;2024-21;Campo Belo;0;2024;5;0.0
2024;2024-21;Campos dos Goytacazes;4;2024;924;43.29004329004329
2024;2024-21;Caratinga;1;2024;539;18.55287569573284
2024;2024-21;Carazinho;0;2024;53;0.0
2024;2024-21;Cascavel;0;2024;27;0.0
2024;2024-21;Catalão;4;2024;360;111.11111111111111
2024;2024-21;Catanduva;0;2024;1;0.0
2024;2024-21;Caxias do Sul;9;2024;2651;33.949453036589965
2024;2024-21;Ceres - Rialma - Goianésia;0;2024;20;0.0
2024;2024-21;Conceição do Coité;1;2024;30;333.3333333333333
2024;2024-21;Cruz Alta;3;2024;452;66.3716814159292
2024;2024-21;Curitiba;170;2024;14168;119.98870694522869
2024;2024-21;Curitibanos;0;2024;21;0.0
2024;2024-21;Distrito Federal;66;2024;12381;53.30748727889508
2024;2024-21;Frederico Westphalen;3;2024;276;108.69565217391305
2024;2024-21;Goiana ¿ Timbaúba;0;2024;210;0.0
2024;2024-21;Guarabira;0;2024;56;0.0
2024;2024-21;Guarapuava;0;2024;17;0.0
2024;2024-21;Gurupi;0;2024;23;0.0
2024;2024-21;Ijuí;6;2024;516;116.27906976744185
2024;2024-21;Imperatriz;0;2024;15;0.0
2024;2024-21;Itacoatiara;0;2024;51;0.0
2024;2024-21;Jaú;1;2024;143;69.93006993006993
2024;2024-21;Ji-Paraná;0;2024;6;0.0
2024;2024-21;Joaçaba - Herval d'Oeste;8;2024;258;310.07751937984494
2024;2024-21;Joinville;0;2024;12;0.0
2024;2024-21;Juiz de Fora;10;2024;2050;48.78048780487805
2024;2024-21;Linhares;2;2024;650;30.76923076923077
2024;2024-21;Maceió;0;2024;8;0.0
2024;2024-21;Manaus;23;2024;4770;48.21802935010482
2024;2024-21;Mantena;0;2024;112;0.0
2024;2024-21;Maringá;20;2024;3069;65.16780710329097
2024;2024-21;Marília;6;2024;1784;33.6322869955157
2024;2024-21;Monteiro;0;2024;11;0.0
2024;2024-21;Mossoró;0;2024;24;0.0
2024;2024-21;Natal;0;2024;18;0.0
2024;2024-21;Nazaré ¿ Maragogipe;0;2024;76;0.0
2024;2024-21;Nova Prata - Guaporé;1;2024;339;29.49852507374631
2024;2024-21;Oliveira;0;2024;587;0.0
2024;2024-21;Passo Fundo;8;2024;831;96.26955475330927
2024;2024-21;Passos;1;2024;614;16.286644951140065
2024;2024-21;Patos;0;2024;53;0.0
2024;2024-21;Pinheiro;0;2024;23;0.0
2024;2024-21;Pirapora;0;2024;239;0.0
2024;2024-21;Piumhi;0;2024;12;0.0
2024;2024-21;Ponte Nova;1;2024;29;344.82758620689657
2024;2024-21;Porto Alegre;176;2024;15338;114.74768548702569
2024;2024-21;Princesa Isabel;0;2024;42;0.0
2024;2024-21;Quirinópolis;0;2024;76;0.0
2024;2024-21;Resende;3;2024;460;65.21739130434783
2024;2024-21;Ribeirão Preto;30;2024;5172;58.0046403712297
2024;2024-21;Rio Claro;5;2024;333;150.15015015015015
2024;2024-21;Rio de Janeiro;202;2024;38026;53.12154841424288
2024;2024-21;Russas - Limoeiro do Norte;2;2024;1229;16.273393002441008
2024;2024-21;Salvador;77;2024;11852;64.96793790077623
2024;2024-21;Santa Cruz do Sul;16;2024;694;230.54755043227664
2024;2024-21;Santa Inês;0;2024;75;0.0
2024;2024-21;Santa Maria;10;2024;1076;92.9368029739777
2024;2024-21;Santa Maria da Vitoria;0;2024;11;0.0
2024;2024-21;Santana do Livramento;1;2024;137;72.99270072992701
2024;2024-21;Santos;1;2024;901;11.098779134295228
2024;2024-21;Serra Talhada;1;2024;82;121.95121951219512
2024;2024-21;Soledade;0;2024;84;0.0
2024;2024-21;São Miguel do Oeste;6;2024;287;209.05923344947738
2024;2024-21;São Paulo;807;2024;67129;120.21629995977892
2024;2024-21;Teófilo Otoni;2;2024;810;24.691358024691358
2024;2024-21;Toledo;2;2024;47;425.531914893617
2024;2024-21;Uberaba;9;2024;1341;67.11409395973155
2024;2024-21;Uberlândia;14;2024;3401;41.16436342252279
2024;2024-21;Uruguaiana;0;2024;226;0.0
2024;2024-21;Valença;0;2024;41;0.0
2024;2024-21;Vitória;0;2024;37;0.0
2024;2024-21;Vitória da Conquista;0;2024;24;0.0
2024;2024-21;Volta Redonda - Barra Mansa;7;2024;1788;39.14988814317673
2024;2024-22;Afonso Cláudio - Venda Nova do Imigrante - Santa Maria de Jetibá;1;2024;625;16.0
2024;2024-22;Alegre;1;2024;335;29.850746268656717
2024;2024-22;Araranguá;4;2024;621;64.4122383252818
2024;2024-22;Atalaia;0;2024;36;0.0
2024;2024-22;Bagé;0;2024;167;0.0
2024;2024-22;Belo Horizonte;81;2024;23019;35.18832268995178
2024;2024-22;Belém;21;2024;8448;24.857954545454547
2024;2024-22;Bento Gonçalves;2;2024;386;51.81347150259067
2024;2024-22;Boa Vista;6;2024;789;76.04562737642586
2024;2024-22;Bragança Paulista;0;2024;23;0.0
2024;2024-22;Brumado;0;2024;297;0.0
2024;2024-22;Camacan;0;2024;2;0.0
2024;2024-22;Campina Grande;6;2024;1519;39.49967083607637
2024;2024-22;Campo Belo;0;2024;5;0.0
2024;2024-22;Campos dos Goytacazes;1;2024;924;10.822510822510823
2024;2024-22;Caratinga;0;2024;539;0.0
2024;2024-22;Carazinho;0;2024;53;0.0
2024;2024-22;Cascavel;0;2024;27;0.0
2024;2024-22;Catalão;4;2024;360;111.11111111111111
2024;2024-22;Catanduva;0;2024;1;0.0
2024;2024-22;Caxias do Sul;4;2024;2651;15.088645794039985
2024;2024-22;Ceres - Rialma - Goianésia;0;2024;20;0.0
2024;2024-22;Conceição do Coité;0;2024;30;0.0
2024;2024-22;Cruz Alta;2;2024;452;44.24778761061947
2024;2024-22;Curitiba;78;2024;14168;55.05364201016375
2024;2024-22;Curitibanos;0;2024;21;0.0
2024;2024-22;Distrito Federal;68;2024;12381;54.92286568128584
2024;2024-22;Frederico Westphalen;1;2024;276;36.231884057971016
2024;2024-22;Goiana ¿ Timbaúba;0;2024;210;0.0
2024;2024-22;Guarabira;0;2024;56;0.0
2024;2024-22;Guarapuava;0;2024;17;0.0
2024;2024-22;Gurupi;0;2024;23;0.0
2024;2024-22;Ijuí;4;2024;516;77.51937984496124
2024;2024-22;Imperatriz;0;2024;15;0.0
2024;2024-22;Itacoatiara;0;2024;51;0.0
2024;2024-22;Jaú;2;2024;143;139.86013986013987
2024;2024-22;Ji-Paraná;0;2024;6;0.0
2024;2024-22;Joaçaba - Herval d'Oeste;1;2024;258;38.75968992248062
2024;2024-22;Joinville;0;2024;12;0.0
2024;2024-22;Juiz de Fora;7;2024;2050;34.146341463414636
2024;2024-22;Linhares;0;2024;650;0.0
2024;2024-22;Maceió;0;2024;8;0.0
2024;2024-22;Manaus;12;2024;4770;25.157232704402514
2024;2024-22;Mantena;0;2024;112;0.0
2024;2024-22;Maringá;11;2024;3069;35.842293906810035
2024;2024-22;Marília;5;2024;1784;28.026905829596412
2024;2024-22;Monteiro;0;2024;11;0.0
2024;2024-22;Mossoró;0;2024;24;0.0
2024;2024-22;Natal;0;2024;18;0.0
2024;2024-22;Nazaré ¿ Maragogipe;0;2024;76;0.0
2024;2024-22;Nova Prata - Guaporé;3;2024;339;88.49557522123894
2024;2024-22;Oliveira;2;2024;587;34.07155025553663
2024;2024-22;Passo Fundo;2;2024;831;24.067388688327316
2024;2024-22;Passos;2;2024;614;32.57328990228013
2024;2024-22;Patos;0;2024;53;0.0
2024;2024-22;Pinheiro;0;2024;23;0.0
2024;2024-22;Pirapora;0;2024;239;0.0
2024;2024-22;Piumhi;0;2024;12;0.0
2024;2024-22;Ponte Nova;0;2024;29;0.0
2024;2024-22;Porto Alegre;65;2024;15338;42.3784065719129
2024;2024-22;Princesa Isabel;0;2024;42;0.0
2024;2024-22;Quirinópolis;0;2024;76;0.0
2024;2024-22;Resende;1;2024;460;21.73913043478261
2024;2024-22;Ribeirão Preto;25;2024;5172;48.33720030935808
2024;2024-22;Rio Claro;0;2024;333;0.0
2024;2024-22;Rio de Janeiro;168;2024;38026;44.18029769105349
2024;2024-22;Russas - Limoeiro do Norte;1;2024;1229;8.136696501220504
2024;2024-22;Salvador;61;2024;11852;51.4681066486669
2024;2024-22;Santa Cruz do Sul;1;2024;694;14.40922190201729
2024;2024-22;Santa Inês;0;2024;75;0.0
2024;2024-22;Santa Maria;8;2024;1076;74.34944237918215
2024;2024-22;Santa Maria da Vitoria;0;2024;11;0.0
2024;2024-22;Santana do Livramento;0;2024;137;0.0
2024;2024-22;Santos;2;2024;901;22.197558268590456
2024;2024-22;Serra Talhada;1;2024;82;121.95121951219512
2024;2024-22;Soledade;0;2024;84;0.0
2024;2024-22;São Miguel do Oeste;2;2024;287;69.68641114982579
2024;2024-22;São Paulo;505;2024;67129;75.22829179639201
2024;2024-22;Teófilo Otoni;0;2024;810;0.0
2024;2024-22;Toledo;0;2024;47;0.0
2024;2024-22;Uberaba;7;2024;1341;52.19985085756898
2024;2024-22;Uberlândia;11;2024;3401;32.34342840341076
2024;2024-22;Uruguaiana;0;2024;226;0.0
2024;2024-22;Valença;1;2024;41;243.90243902439025
2024;2024-22;Vitória;0;2024;37;0.0
2024;2024-22;Vitória da Conquista;0;2024;24;0.0
2024;2024-22;Volta Redonda - Barra Mansa;4;2024;1788;22.371364653243848
2024;2024-23;Afonso Cláudio - Venda Nova do Imigrante - Santa Maria de Jetibá;2;2024;625;32.0
2024;2024-23;Alegre;0;2024;335;0.0
2024;2024-23;Araranguá;5;2024;621;80.51529790660224
2024;2024-23;Atalaia;0;2024;36;0.0
2024;2024-23;Bagé;0;2024;167;0.0
2024;2024-23;Belo Horizonte;99;2024;23019;43.00794995438551
2024;2024-23;Belém;30;2024;8448;35.51136363636363
2024;2024-23;Bento Gonçalves;2;2024;386;51.81347150259067
2024;2024-23;Boa Vista;8;2024;789;101.39416983523446
2024;2024-23;Bragança Paulista;0;2024;23;0.0
2024;2024-23;Brumado;0;2024;297;0.0
2024;2024-23;Camacan;0;2024;2;0.0
2024;2024-23;Campina Grande;2;2024;1519;13.166556945358789
2024;2024-23;Campo Belo;0;2024;5;0.0
2024;2024-23;Campos dos Goytacazes;1;2024;924;10.822510822510823
2024;2024-23;Caratinga;1;2024;539;18.55287569573284
2024;2024-23;Carazinho;0;2024;53;0.0
2024;2024-23;Cascavel;0;2024;27;0.0
2024;2024-23;Catalão;2;2024;360;55.55555555555556
2024;2024-23;Catanduva;1;2024;1;10000.0
2024;2024-23;Caxias do Sul;4;2024;2651;15.088645794039985
2024;2024-23;Ceres - Rialma - Goianésia;0;2024;20;0.0
2024;2024-23;Conceição do Coité;0;2024;30;0.0
2024;2024-23;Cruz Alta;0;2024;452;0.0
2024;2024-23;Curitiba;62;2024;14168;43.76058723884811
2024;2024-23;Curitibanos;0;2024;21;0.0
2024;2024-23;Distrito Federal;49;2024;12381;39.57677085857362
2024;2024-23;Frederico Westphalen;1;2024;276;36.231884057971016
2024;2024-23;Goiana ¿ Timbaúba;0;2024;210;0.0
2024;2024-23;Guarabira;0;2024;56;0.0
2024;2024-23;Guarapuava;0;2024;17;0.0
2024;2024-23;Gurupi;0;2024;23;0.0
2024;2024-23;Ijuí;1;2024;516;19.37984496124031
2024;2024-23;Imperatriz;0;2024;15;0.0
2024;2024-23;Itacoatiara;0;2024;51;0.0
2024;2024-23;Jaú;7;2024;143;489.5104895104895
2024;2024-23;Ji-Paraná;0;2024;6;0.0
2024;2024-23;Joaçaba - Herval d'Oeste;1;2024;258;38.75968992248062
2024;2024-23;Joinville;0;2024;12;0.0
2024;2024-23;Juiz de Fora;10;2024;2050;48.78048780487805
2024;2024-23;Linhares;3;2024;650;46.15384615384616
2024;2024-23;Maceió;1;2024;8;1250.0
2024;2024-23;Manaus;24;2024;4770;50.31446540880503
2024;2024-23;Mantena;0;2024;112;0.0
2024;2024-23;Maringá;10;2024;3069;32.583903551645484
2024;2024-23;Marília;2;2024;1784;11.210762331838565
2024;2024-23;Monteiro;0;2024;11;0.0
2024;2024-23;Mossoró;0;2024;24;0.0
2024;2024-23;Natal;0;2024;18;0.0
2024;2024-23;Nazaré ¿ Maragogipe;0;2024;76;0.0
2024;2024-23;Nova Prata - Guaporé;0;2024;339;0.0
2024;2024-23;Oliveira;1;2024;587;17.035775127768314
2024;2024-23;Passo Fundo;6;2024;831;72.20216606498195
2024;2024-23;Passos;2;2024;614;32.57328990228013
2024;2024-23;Patos;0;2024;53;0.0
2024;2024-23;Pinheiro;0;2024;23;0.0
2024;2024-23;Pirapora;0;2024;239;0.0
2024;2024-23;Piumhi;0;2024;12;0.0
2024;2024-23;Ponte Nova;0;2024;29;0.0
2024;2024-23;Porto Alegre;78;2024;15338;50.854087886295474
2024;2024-23;Princesa Isabel;0;2024;42;0.0
2024;2024-23;Quirinópolis;0;2024;76;0.0
2024;2024-23;Resende;2;2024;460;43.47826086956522
2024;2024-23;Ribeirão Preto;15;2024;5172;29.00232018561485
2024;2024-23;Rio Claro;1;2024;333;30.03003003003003
2024;2024-23;Rio de Janeiro;115;2024;38026;30.242465681375897
2024;2024-23;Russas - Limoeiro do Norte;2;2024;1229;16.273393002441008
2024;2024-23;Salvador;84;2024;11852;70.87411407357408
2024;2024-23;Santa Cruz do Sul;2;2024;694;28.81844380403458
2024;2024-23;Santa Inês;0;2024;75;0.0
2024;2024-23;Santa Maria;7;2024;1076;65.0557620817844
2024;2024-23;Santa Maria da Vitoria;0;2024;11;0.0
2024;2024-23;Santana do Livramento;0;2024;137;0.0
2024;2024-23;Santos;1;2024;901;11.098779134295228
2024;2024-23;Serra Talhada;0;2024;82;0.0
2024;2024-23;Soledade;0;2024;84;0.0
2024;2024-23;São Miguel do Oeste;3;2024;287;104.52961672473869
2024;2024-23;São Paulo;366;2024;67129;54.52189068807817
2024;2024-23;Teófilo Otoni;0;2024;810;0.0
2024;2024-23;Toledo;0;2024;47;0.0
2024;2024-23;Uberaba;5;2024;1341;37.28560775540642
2024;2024-23;Uberlândia;18;2024;3401;52.92561011467215
2024;2024-23;Uruguaiana;0;2024;226;0.0
2024;2024-23;Valença;0;2024;41;0.0
2024;2024-23;Vitória;0;2024;37;0.0
2024;2024-23;Vitória da Conquista;0;2024;24;0.0
2024;2024-23;Volta Redonda - Barra Mansa;10;2024;1788;55.928411633109626
2024;2024-24;Afonso Cláudio - Venda Nova do Imigrante - Santa Maria de Jetibá;0;2024;625;0.0
2024;2024-24;Alegre;0;2024;335;0.0
2024;2024-24;Araranguá;3;2024;621;48.30917874396135
2024;2024-24;Atalaia;0;2024;36;0.0
2024;2024-24;Bagé;0;2024;167;0.0
2024;2024-24;Belo Horizonte;63;2024;23019;27.368695425518048
2024;2024-24;Belém;38;2024;8448;44.98106060606061
2024;2024-24;Bento Gonçalves;0;2024;386;0.0
2024;2024-24;Boa Vista;4;2024;789;50.69708491761723
2024;2024-24;Bragança Paulista;0;2024;23;0.0
2024;2024-24;Brumado;0;2024;297;0.0
2024;2024-24;Camacan;0;2024;2;0.0
2024;2024-24;Campina Grande;6;2024;1519;39.49967083607637
2024;2024-24;Campo Belo;0;2024;5;0.0
2024;2024-24;Campos dos Goytacazes;1;2024;924;10.822510822510823
2024;2024-24;Caratinga;0;2024;539;0.0
2024;2024-24;Carazinho;0;2024;53;0.0
2024;2024-24;Cascavel;0;2024;27;0.0
2024;2024-24;Catalão;1;2024;360;27.77777777777778
2024;2024-24;Catanduva;0;2024;1;0.0
2024;2024-24;Caxias do Sul;9;2024;2651;33.949453036589965
2024;2024-24;Ceres - Rialma - Goianésia;0;2024;20;0.0
2024;2024-24;Conceição do Coité;0;2024;30;0.0
2024;2024-24;Cruz Alta;0;2024;452;0.0
2024;2024-24;Curitiba;47;2024;14168;33.1733483907397
2024;2024-24;Curitibanos;0;2024;21;0.0
2024;2024-24;Distrito Federal;41;2024;12381;33.11525724901058
2024;2024-24;Frederico Westphalen;2;2024;276;72.46376811594203
2024;2024-24;Goiana ¿ Timbaúba;0;2024;210;0.0
2024;2024-24;Guarabira;0;2024;56;0.0
2024;2024-24;Guarapuava;0;2024;17;0.0
2024;2024-24;Gurupi;0;2024;23;0.0
2024;2024-24;Ijuí;2;2024;516;38.75968992248062
2024;2024-24;Imperatriz;0;2024;15;0.0
2024;2024-24;Itacoatiara;0;2024;51;0.0
2024;2024-24;Jaú;1;2024;143;69.93006993006993
2024;2024-24;Ji-Paraná;0;2024;6;0.0
2024;2024-24;Joaçaba - Herval d'Oeste;1;2024;258;38.75968992248062
2024;2024-24;Joinville;0;2024;12;0.0
2024;2024-24;Juiz de Fora;6;2024;2050;29.26829268292683
2024;2024-24;Linhares;2;2024;650;30.76923076923077
2024;2024-24;Maceió;0;2024;8;0.0
2024;2024-24;Manaus;22;2024;4770;46.121593291404615
2024;2024-24;Mantena;0;2024;112;0.0
2024;2024-24;Maringá;6;2024;3069;19.550342130987293
2024;2024-24;Marília;2;2024;1784;11.210762331838565
2024;2024-24;Monteiro;0;2024;11;0.0
2024;2024-24;Mossoró;0;2024;24;0.0
2024;2024-24;Natal;0;2024;18;0.0
2024;2024-24;Nazaré ¿ Maragogipe;0;2024;76;0.0
2024;2024-24;Nova Prata - Guaporé;0;2024;339;0.0
2024;2024-24;Oliveira;0;2024;587;0.0
2024;2024-24;Passo Fundo;2;2024;831;24.067388688327316
2024;2024-24;Passos;4;2024;614;65.14657980456026
2024;2024-24;Patos;0;2024;53;0.0
2024;2024-24;Pinheiro;0;2024;23;0.0
2024;2024-24;Pirapora;0;2024;239;0.0
2024;2024-24;Piumhi;0;2024;12;0.0
2024;2024-24;Ponte Nova;0;2024;29;0.0
2024;2024-24;Porto Alegre;83;2024;15338;54.113965314904156
2024;2024-24;Princesa Isabel;0;2024;42;0.0
2024;2024-24;Quirinópolis;0;2024;76;0.0
2024;2024-24;Resende;0;2024;460;0.0
2024;2024-24;Ribeirão Preto;11;2024;5172;21.268368136117555
2024;2024-24;Rio Claro;0;2024;333;0.0
2024;2024-24;Rio de Janeiro;91;2024;38026;23.930994582653977
2024;2024-24;Russas - Limoeiro do Norte;3;2024;1229;24.410089503661514
2024;2024-24;Salvador;78;2024;11852;65.81167735403308
2024;2024-24;Santa Cruz do Sul;0;2024;694;0.0
2024;2024-24;Santa Inês;0;2024;75;0.0
2024;2024-24;Santa Maria;8;2024;1076;74.34944237918215
2024;2024-24;Santa Maria da Vitoria;0;2024;11;0.0
2024;2024-24;Santana do Livramento;2;2024;137;145.98540145985402
2024;2024-24;Santos;3;2024;901;33.29633740288568
2024;2024-24;Serra Talhada;1;2024;82;121.95121951219512
2024;2024-24;Soledade;0;2024;84;0.0
2024;2024-24;São Miguel do Oeste;0;2024;287;0.0
2024;2024-24;São Paulo;292;2024;67129;43.498339018903906
2024;2024-24;Teófilo Otoni;1;2024;810;12.345679012345679
2024;2024-24;Toledo;0;2024;47;0.0
2024;2024-24;Uberaba;7;2024;1341;52.19985085756898
2024;2024-24;Uberlândia;8;2024;3401;23.522493384298734
2024;2024-24;Uruguaiana;3;2024;226;132.7433628318584
2024;2024-24;Valença;0;2024;41;0.0
2024;2024-24;Vitória;0;2024;37;0.0
2024;2024-24;Vitória da Conquista;0;2024;24;0.0
2024;2024-24;Volta Redonda - Barra Mansa;2;2024;1788;11.185682326621924
2024;2024-25;Afonso Cláudio - Venda Nova do Imigrante - Santa Maria de Jetibá;0;2024;625;0.0
2024;2024-25;Alegre;0;2024;335;0.0
2024;2024-25;Araranguá;6;2024;621;96.6183574879227
2024;2024-25;Atalaia;0;2024;36;0.0
2024;2024-25;Bagé;0;2024;167;0.0
2024;2024-25;Belo Horizonte;44;2024;23019;19.114644424171335
2024;2024-25;Belém;34;2024;8448;40.24621212121212
2024;2024-25;Bento Gonçalves;2;2024;386;51.81347150259067
2024;2024-25;Boa Vista;4;2024;789;50.69708491761723
2024;2024-25;Bragança Paulista;0;2024;23;0.0
2024;2024-25;Brumado;0;2024;297;0.0
2024;2024-25;Camacan;0;2024;2;0.0
2024;2024-25;Campina Grande;5;2024;1519;32.91639236339697
2024;2024-25;Campo Belo;0;2024;5;0.0
2024;2024-25;Campos dos Goytacazes;2;2024;924;21.645021645021647
2024;2024-25;Caratinga;0;2024;539;0.0
2024;2024-25;Carazinho;1;2024;53;188.67924528301887
2024;2024-25;Cascavel;0;2024;27;0.0
2024;2024-25;Catalão;1;2024;360;27.77777777777778
2024;2024-25;Catanduva;0;2024;1;0.0
2024;2024-25;Caxias do Sul;5;2024;2651;18.86080724254998
2024;2024-25;Ceres - Rialma - Goianésia;0;2024;20;0.0
2024;2024-25;Conceição do Coité;0;2024;30;0.0
2024;2024-25;Cruz Alta;0;2024;452;0.0
2024;2024-25;Curitiba;80;2024;14168;56.4652738565782
2024;2024-25;Curitibanos;0;2024;21;0.0
2024;2024-25;Distrito Federal;39;2024;12381;31.499878846619822
2024;2024-25;Frederico Westphalen;2;2024;276;72.46376811594203
2024;2024-25;Goiana ¿ Timbaúba;0;2024;210;0.0
2024;2024-25;Guarabira;0;2024;56;0.0
2024;2024-25;Guarapuava;0;2024;17;0.0
2024;2024-25;Gurupi;0;2024;23;0.0
2024;2024-25;Ijuí;1;2024;516;19.37984496124031
2024;2024-25;Imperatriz;0;2024;15;0.0
2024;2024-25;Itacoatiara;0;2024;51;0.0
2024;2024-25;Jaú;0;2024;143;0.0
2024;2024-25;Ji-Paraná;0;2024;6;0.0
2024;2024-25;Joaçaba - Herval d'Oeste;1;2024;258;38.75968992248062
2024;2024-25;Joinville;0;2024;12;0.0
2024;2024-25;Juiz de Fora;0;2024;2050;0.0
2024;2024-25;Linhares;0;2024;650;0.0
2024;2024-25;Maceió;0;2024;8;0.0
2024;2024-25;Manaus;6;2024;4770;12.578616352201257
2024;2024-25;Mantena;0;2024;112;0.0
2024;2024-25;Maringá;6;2024;3069;19.550342130987293
2024;2024-25;Marília;2;2024;1784;11.210762331838565
2024;2024-25;Monteiro;0;2024;11;0.0
2024;2024-25;Mossoró;0;2024;24;0.0
2024;2024-25;Natal;0;2024;18;0.0
2024;2024-25;Nazaré ¿ Maragogipe;0;2024;76;0.0
2024;2024-25;Nova Prata - Guaporé;3;2024;339;88.49557522123894
2024;2024-25;Oliveira;1;2024;587;17.035775127768314
2024;2024-25;Passo Fundo;6;2024;831;72.20216606498195
2024;2024-25;Passos;1;2024;614;16.286644951140065
2024;2024-25;Patos;0;2024;53;0.0
2024;2024-25;Pinheiro;0;2024;23;0.0
2024;2024-25;Pirapora;0;2024;239;0.0
2024;2024-25;Piumhi;0;2024;12;0.0
2024;2024-25;Ponte Nova;0;2024;29;0.0
2024;2024-25;Porto Alegre;80;2024;15338;52.15803885773895
2024;2024-25;Princesa Isabel;0;2024;42;0.0
2024;2024-25;Quirinópolis;0;2024;76;0.0
2024;2024-25;Resende;0;2024;460;0.0
2024;2024-25;Ribeirão Preto;16;2024;5172;30.935808197989175
2024;2024-25;Rio Claro;1;2024;333;30.03003003003003
2024;2024-25;Rio de Janeiro;100;2024;38026;26.297796244674696
2024;2024-25;Russas - Limoeiro do Norte;4;2024;1229;32.546786004882016
2024;2024-25;Salvador;72;2024;11852;60.74924063449207
2024;2024-25;Santa Cruz do Sul;2;2024;694;28.81844380403458
2024;2024-25;Santa Inês;0;2024;75;0.0
2024;2024-25;Santa Maria;1;2024;1076;9.293680297397769
2024;2024-25;Santa Maria da Vitoria;0;2024;11;0.0
2024;2024-25;Santana do Livramento;0;2024;137;0.0
2024;2024-25;Santos;4;2024;901;44.39511653718091
2024;2024-25;Serra Talhada;0;2024;82;0.0
2024;2024-25;Soledade;0;2024;84;0.0
2024;2024-25;São Miguel do Oeste;2;2024;287;69.68641114982579
2024;2024-25;São Paulo;286;2024;67129;42.604537532214096
2024;2024-25;Teófilo Otoni;1;2024;810;12.345679012345679
2024;2024-25;Toledo;0;2024;47;0.0
2024;2024-25;Uberaba;3;2024;1341;22.371364653243848
2024;2024-25;Uberlândia;9;2024;3401;26.462805057336077
2024;2024-25;Uruguaiana;0;2024;226;0.0
2024;2024-25;Valença;0;2024;41;0.0
2024;2024-25;Vitória;0;2024;37;0.0
2024;2024-25;Vitória da Conquista;0;2024;24;0.0
2024;2024-25;Volta Redonda - Barra Mansa;4;2024;1788;22.371364653243848
2024;2024-26;Afonso Cláudio - Venda Nova do Imigrante - Santa Maria de Jetibá;1;2024;625;16.0
2024;2024-26;Alegre;0;2024;335;0.0
2024;2024-26;Araranguá;4;2024;621;64.4122383252818
2024;2024-26;Atalaia;0;2024;36;0.0
2024;2024-26;Bagé;0;2024;167;0.0
2024;2024-26;Belo Horizonte;39;2024;23019;16.942525739606413
2024;2024-26;Belém;20;2024;8448;23.674242424242426
2024;2024-26;Bento Gonçalves;0;2024;386;0.0
2024;2024-26;Boa Vista;2;2024;789;25.348542458808616
2024;2024-26;Bragança Paulista;0;2024;23;0.0
2024;2024-26;Brumado;0;2024;297;0.0
2024;2024-26;Camacan;0;2024;2;0.0
2024;2024-26;Campina Grande;4;2024;1519;26.333113890717577
2024;2024-26;Campo Belo;0;2024;5;0.0
2024;2024-26;Campos dos Goytacazes;1;2024;924;10.822510822510823
2024;2024-26;Caratinga;1;2024;539;18.55287569573284
2024;2024-26;Carazinho;0;2024;53;0.0
2024;2024-26;Cascavel;0;2024;27;0.0
2024;2024-26;Catalão;1;2024;360;27.77777777777778
2024;2024-26;Catanduva;0;2024;1;0.0
2024;2024-26;Caxias do Sul;4;2024;2651;15.088645794039985
2024;2024-26;Ceres - Rialma - Goianésia;0;2024;20;0.0
2024;2024-26;Conceição do Coité;0;2024;30;0.0
2024;2024-26;Cruz Alta;1;2024;452;22.123893805309734
2024;2024-26;Curitiba;66;2024;14168;46.58385093167702
2024;2024-26;Curitibanos;0;2024;21;0.0
2024;2024-26;Distrito Federal;22;2024;12381;17.76916242629836
2024;2024-26;Frederico Westphalen;1;2024;276;36.231884057971016
2024;2024-26;Goiana ¿ Timbaúba;0;2024;210;0.0
2024;2024-26;Guarabira;0;2024;56;0.0
2024;2024-26;Guarapuava;0;2024;17;0.0
2024;2024-26;Gurupi;1;2024;23;434.7826086956522
2024;2024-26;Ijuí;1;2024;516;19.37984496124031
2024;2024-26;Imperatriz;0;2024;15;0.0
2024;2024-26;Itacoatiara;0;2024;51;0.0
2024;2024-26;Jaú;0;2024;143;0.0
2024;2024-26;Ji-Paraná;0;2024;6;0.0
2024;2024-26;Joaçaba - Herval d'Oeste;0;2024;258;0.0
2024;2024-26;Joinville;0;2024;12;0.0
2024;2024-26;Juiz de Fora;4;2024;2050;19.51219512195122
2024;2024-26;Linhares;4;2024;650;61.53846153846154
2024;2024-26;Maceió;0;2024;8;0.0
2024;2024-26;Manaus;3;2024;4770;6.289308176100628
2024;2024-26;Mantena;0;2024;112;0.0
2024;2024-26;Maringá;1;2024;3069;3.258390355164549
2024;2024-26;Marília;3;2024;1784;16.81614349775785
2024;2024-26;Monteiro;0;2024;11;0.0
2024;2024-26;Mossoró;0;2024;24;0.0
2024;2024-26;Natal;0;2024;18;0.0
2024;2024-26;Nazaré ¿ Maragogipe;0;2024;76;0.0
2024;2024-26;Nova Prata - Guaporé;1;2024;339;29.49852507374631
2024;2024-26;Oliveira;1;2024;587;17.035775127768314
2024;2024-26;Passo Fundo;0;2024;831;0.0
2024;2024-26;Passos;3;2024;614;48.85993485342019
2024;2024-26;Patos;0;2024;53;0.0
2024;2024-26;Pinheiro;0;2024;23;0.0
2024;2024-26;Pirapora;0;2024;239;0.0
2024;2024-26;Piumhi;0;2024;12;0.0
2024;2024-26;Ponte Nova;0;2024;29;0.0
2024;2024-26;Porto Alegre;50;2024;15338;32.598774286086844
2024;2024-26;Princesa Isabel;0;2024;42;0.0
2024;2024-26;Quirinópolis;0;2024;76;0.0
2024;2024-26;Resende;0;2024;460;0.0
2024;2024-26;Ribeirão Preto;16;2024;5172;30.935808197989175
2024;2024-26;Rio Claro;3;2024;333;90.09009009009009
2024;2024-26;Rio de Janeiro;88;2024;38026;23.142060695313734
2024;2024-26;Russas - Limoeiro do Norte;2;2024;1229;16.273393002441008
2024;2024-26;Salvador;72;2024;11852;60.74924063449207
2024;2024-26;Santa Cruz do Sul;8;2024;694;115.27377521613832
2024;2024-26;Santa Inês;0;2024;75;0.0
2024;2024-26;Santa Maria;3;2024;1076;27.881040892193308
2024;2024-26;Santa Maria da Vitoria;0;2024;11;0.0
2024;2024-26;Santana do Livramento;0;2024;137;0.0
2024;2024-26;Santos;2;2024;901;22.197558268590456
2024;2024-26;Serra Talhada;0;2024;82;0.0
2024;2024-26;Soledade;1;2024;84;119.04761904761904
2024;2024-26;São Miguel do Oeste;2;2024;287;69.68641114982579
2024;2024-26;São Paulo;251;2024;67129;37.39069552652356
2024;2024-26;Teófilo Otoni;0;2024;810;0.0
2024;2024-26;Toledo;2;2024;47;425.531914893617
2024;2024-26;Uberaba;3;2024;1341;22.371364653243848
2024;2024-26;Uberlândia;10;2024;3401;29.403116730373423
2024;2024-26;Uruguaiana;0;2024;226;0.0
2024;2024-26;Valença;0;2024;41;0.0
2024;2024-26;Vitória;0;2024;37;0.0
2024;2024-26;Vitória da Conquista;0;2024;24;0.0
2024;2024-26;Volta Redonda - Barra Mansa;1;2024;1788;5.592841163310962
2024;2024-27;Afonso Cláudio - Venda Nova do Imigrante - Santa Maria de Jetibá;0;2024;625;0.0
2024;2024-27;Alegre;1;2024;335;29.850746268656717
2024;2024-27;Araranguá;0;2024;621;0.0
2024;2024-27;Atalaia;0;2024;36;0.0
2024;2024-27;Bagé;0;2024;167;0.0
2024;2024-27;Belo Horizonte;32;2024;23019;13.901559581215519
2024;2024-27;Belém;20;2024;8448;23.674242424242426
2024;2024-27;Bento Gonçalves;1;2024;386;25.906735751295336
2024;2024-27;Boa Vista;2;2024;789;25.348542458808616
2024;2024-27;Bragança Paulista;0;2024;23;0.0
2024;2024-27;Brumado;0;2024;297;0.0
2024;2024-27;Camacan;0;2024;2;0.0
2024;2024-27;Campina Grande;6;2024;1519;39.49967083607637
2024;2024-27;Campo Belo;0;2024;5;0.0
2024;2024-27;Campos dos Goytacazes;2;2024;924;21.645021645021647
2024;2024-27;Caratinga;1;2024;539;18.55287569573284
2024;2024-27;Carazinho;0;2024;53;0.0
2024;2024-27;Cascavel;0;2024;27;0.0
2024;2024-27;Catalão;0;2024;360;0.0
2024;2024-27;Catanduva;0;2024;1;0.0
2024;2024-27;Caxias do Sul;5;2024;2651;18.86080724254998
2024;2024-27;Ceres - Rialma - Goianésia;1;2024;20;500.0
2024;2024-27;Conceição do Coité;0;2024;30;0.0
2024;2024-27;Cruz Alta;0;2024;452;0.0
2024;2024-27;Curitiba;41;2024;14168;28.93845285149633
2024;2024-27;Curitibanos;0;2024;21;0.0
2024;2024-27;Distrito Federal;29;2024;12381;23.42298683466602
2024;2024-27;Frederico Westphalen;0;2024;276;0.0
2024;2024-27;Goiana ¿ Timbaúba;0;2024;210;0.0
2024;2024-27;Guarabira;0;2024;56;0.0
2024;2024-27;Guarapuava;0;2024;17;0.0
2024;2024-27;Gurupi;0;2024;23;0.0
2024;2024-27;Ijuí;0;2024;516;0.0
2024;2024-27;Imperatriz;0;2024;15;0.0
2024;2024-27;Itacoatiara;0;2024;51;0.0
2024;2024-27;Jaú;0;2024;143;0.0
2024;2024-27;Ji-Paraná;0;2024;6;0.0
2024;2024-27;Joaçaba - Herval d'Oeste;0;2024;258;0.0
2024;2024-27;Joinville;0;2024;12;0.0
2024;2024-27;Juiz de Fora;1;2024;2050;4.878048780487805
2024;2024-27;Linhares;4;2024;650;61.53846153846154
2024;2024-27;Maceió;0;2024;8;0.0
2024;2024-27;Manaus;11;2024;4770;23.060796645702307
2024;2024-27;Mantena;0;2024;112;0.0
2024;2024-27;Maringá;1;2024;3069;3.258390355164549
2024;2024-27;Marília;1;2024;1784;5.605381165919282
2024;2024-27;Monteiro;0;2024;11;0.0
2024;2024-27;Mossoró;0;2024;24;0.0
2024;2024-27;Natal;0;2024;18;0.0
2024;2024-27;Nazaré ¿ Maragogipe;0;2024;76;0.0
2024;2024-27;Nova Prata - Guaporé;1;2024;339;29.49852507374631
2024;2024-27;Oliveira;0;2024;587;0.0
2024;2024-27;Passo Fundo;1;2024;831;12.033694344163658
2024;2024-27;Passos;2;2024;614;32.57328990228013
2024;2024-27;Patos;0;2024;53;0.0
2024;2024-27;Pinheiro;0;2024;23;0.0
2024;2024-27;Pirapora;0;2024;239;0.0
2024;2024-27;Piumhi;0;2024;12;0.0
2024;2024-27;Ponte Nova;0;2024;29;0.0
2024;2024-27;Porto Alegre;37;2024;15338;24.123092971704263
2024;2024-27;Princesa Isabel;0;2024;42;0.0
2024;2024-27;Quirinópolis;0;2024;76;0.0
2024;2024-27;Resende;1;2024;460;21.73913043478261
2024;2024-27;Ribeirão Preto;13;2024;5172;25.135344160866204
2024;2024-27;Rio Claro;1;2024;333;30.03003003003003
2024;2024-27;Rio de Janeiro;72;2024;38026;18.934413296165783
2024;2024-27;Russas - Limoeiro do Norte;2;2024;1229;16.273393002441008
2024;2024-27;Salvador;49;2024;11852;41.34323320958488
2024;2024-27;Santa Cruz do Sul;1;2024;694;14.40922190201729
2024;2024-27;Santa Inês;1;2024;75;133.33333333333334
2024;2024-27;Santa Maria;5;2024;1076;46.46840148698885
2024;2024-27;Santa Maria da Vitoria;0;2024;11;0.0
2024;2024-27;Santana do Livramento;0;2024;137;0.0
2024;2024-27;Santos;1;2024;901;11.098779134295228
2024;2024-27;Serra Talhada;0;2024;82;0.0
2024;2024-27;Soledade;0;2024;84;0.0
2024;2024-27;São Miguel do Oeste;0;2024;287;0.0
2024;2024-27;São Paulo;224;2024;67129;33.368588836419434
2024;2024-27;Teófilo Otoni;0;2024;810;0.0
2024;2024-27;Toledo;0;2024;47;0.0
2024;2024-27;Uberaba;2;2024;1341;14.914243102162564
2024;2024-27;Uberlândia;14;2024;3401;41.16436342252279
2024;2024-27;Uruguaiana;1;2024;226;44.24778761061947
2024;2024-27;Valença;0;2024;41;0.0
2024;2024-27;Vitória;0;2024;37;0.0
2024;2024-27;Vitória da Conquista;0;2024;24;0.0
2024;2024-27;Volta Redonda - Barra Mansa;1;2024;1788;5.592841163310962
2024;2024-28;Afonso Cláudio - Venda Nova do Imigrante - Santa Maria de Jetibá;0;2024;625;0.0
2024;2024-28;Alegre;0;2024;335;0.0
2024;2024-28;Araranguá;0;2024;621;0.0
2024;2024-28;Atalaia;0;2024;36;0.0
2024;2024-28;Bagé;0;2024;167;0.0
2024;2024-28;Belo Horizonte;28;2024;23019;12.163864633563577
2024;2024-28;Belém;21;2024;8448;24.857954545454547
2024;2024-28;Bento Gonçalves;0;2024;386;0.0
2024;2024-28;Boa Vista;1;2024;789;12.674271229404308
2024;2024-28;Bragança Paulista;0;2024;23;0.0
2024;2024-28;Brumado;0;2024;297;0.0
2024;2024-28;Camacan;0;2024;2;0.0
2024;2024-28;Campina Grande;3;2024;1519;19.749835418038185
2024;2024-28;Campo Belo;0;2024;5;0.0
2024;2024-28;Campos dos Goytacazes;2;2024;924;21.645021645021647
2024;2024-28;Caratinga;0;2024;539;0.0
2024;2024-28;Carazinho;0;2024;53;0.0
2024;2024-28;Cascavel;0;2024;27;0.0
2024;2024-28;Catalão;0;2024;360;0.0
2024;2024-28;Catanduva;0;2024;1;0.0
2024;2024-28;Caxias do Sul;5;2024;2651;18.86080724254998
2024;2024-28;Ceres - Rialma - Goianésia;0;2024;20;0.0
2024;2024-28;Conceição do Coité;1;2024;30;333.3333333333333
2024;2024-28;Cruz Alta;0;2024;452;0.0
2024;2024-28;Curitiba;26;2024;14168;18.351214003387916
2024;2024-28;Curitibanos;0;2024;21;0.0
2024;2024-28;Distrito Federal;17;2024;12381;13.73071642032146
2024;2024-28;Frederico Westphalen;0;2024;276;0.0
2024;2024-28;Goiana ¿ Timbaúba;1;2024;210;47.61904761904762
2024;2024-28;Guarabira;0;2024;56;0.0
2024;2024-28;Guarapuava;0;2024;17;0.0
2024;2024-28;Gurupi;0;2024;23;0.0
2024;2024-28;Ijuí;0;2024;516;0.0
2024;2024-28;Imperatriz;0;2024;15;0.0
2024;2024-28;Itacoatiara;0;2024;51;0.0
2024;2024-28;Jaú;1;2024;143;69.93006993006993
2024;2024-28;Ji-Paraná;0;2024;6;0.0
2024;2024-28;Joaçaba - Herval d'Oeste;0;2024;258;0.0
2024;2024-28;Joinville;0;2024;12;0.0
2024;2024-28;Juiz de Fora;3;2024;2050;14.634146341463415
2024;2024-28;Linhares;1;2024;650;15.384615384615385
2024;2024-28;Maceió;0;2024;8;0.0
2024;2024-28;Manaus;10;2024;4770;20.964360587002098
2024;2024-28;Mantena;0;2024;112;0.0
2024;2024-28;Maringá;5;2024;3069;16.291951775822742
2024;2024-28;Marília;5;2024;1784;28.026905829596412
2024;2024-28;Monteiro;0;2024;11;0.0
2024;2024-28;Mossoró;0;2024;24;0.0
2024;2024-28;Natal;0;2024;18;0.0
2024;2024-28;Nazaré ¿ Maragogipe;1;2024;76;131.57894736842104
2024;2024-28;Nova Prata - Guaporé;0;2024;339;0.0
2024;2024-28;Oliveira;1;2024;587;17.035775127768314
2024;2024-28;Passo Fundo;0;2024;831;0.0
2024;2024-28;Passos;0;2024;614;0.0
2024;2024-28;Patos;0;2024;53;0.0
2024;2024-28;Pinheiro;0;2024;23;0.0
2024;2024-28;Pirapora;0;2024;239;0.0
2024;2024-28;Piumhi;0;2024;12;0.0
2024;2024-28;Ponte Nova;0;2024;29;0.0
2024;2024-28;Porto Alegre;30;2024;15338;19.559264571652104
2024;2024-28;Princesa Isabel;0;2024;42;0.0
2024;2024-28;Quirinópolis;0;2024;76;0.0
2024;2024-28;Resende;0;2024;460;0.0
2024;2024-28;Ribeirão Preto;13;2024;5172;25.135344160866204
2024;2024-28;Rio Claro;0;2024;333;0.0
2024;2024-28;Rio de Janeiro;59;2024;38026;15.51569978435807
2024;2024-28;Russas - Limoeiro do Norte;2;2024;1229;16.273393002441008
2024;2024-28;Salvador;36;2024;11852;30.374620317246034
2024;2024-28;Santa Cruz do Sul;0;2024;694;0.0
2024;2024-28;Santa Inês;0;2024;75;0.0
2024;2024-28;Santa Maria;2;2024;1076;18.587360594795538
2024;2024-28;Santa Maria da Vitoria;0;2024;11;0.0
2024;2024-28;Santana do Livramento;0;2024;137;0.0
2024;2024-28;Santos;2;2024;901;22.197558268590456
2024;2024-28;Serra Talhada;0;2024;82;0.0
2024;2024-28;Soledade;0;2024;84;0.0
2024;2024-28;São Miguel do Oeste;0;2024;287;0.0
2024;2024-28;São Paulo;154;2024;67129;22.94090482503836
2024;2024-28;Teófilo Otoni;0;2024;810;0.0
2024;2024-28;Toledo;0;2024;47;0.0
2024;2024-28;Uberaba;0;2024;1341;0.0
2024;2024-28;Uberlândia;13;2024;3401;38.22405174948545
2024;2024-28;Uruguaiana;0;2024;226;0.0
2024;2024-28;Valença;0;2024;41;0.0
2024;2024-28;Vitória;0;2024;37;0.0
2024;2024-28;Vitória da Conquista;0;2024;24;0.0
2024;2024-28;Volta Redonda - Barra Mansa;0;2024;1788;0.0
2024;2024-29;Afonso Cláudio - Venda Nova do Imigrante - Santa Maria de Jetibá;0;2024;625;0.0
2024;2024-29;Alegre;0;2024;335;0.0
2024;2024-29;Araranguá;2;2024;621;32.2061191626409
2024;2024-29;Atalaia;0;2024;36;0.0
2024;2024-29;Bagé;0;2024;167;0.0
2024;2024-29;Belo Horizonte;31;2024;23019;13.467135844302534
2024;2024-29;Belém;32;2024;8448;37.87878787878788
2024;2024-29;Bento Gonçalves;1;2024;386;25.906735751295336
2024;2024-29;Boa Vista;0;2024;789;0.0
2024;2024-29;Bragança Paulista;0;2024;23;0.0
2024;2024-29;Brumado;0;2024;297;0.0
2024;2024-29;Camacan;0;2024;2;0.0
2024;2024-29;Campina Grande;1;2024;1519;6.583278472679394
2024;2024-29;Campo Belo;0;2024;5;0.0
2024;2024-29;Campos dos Goytacazes;1;2024;924;10.822510822510823
2024;2024-29;Caratinga;0;2024;539;0.0
2024;2024-29;Carazinho;0;2024;53;0.0
2024;2024-29;Cascavel;0;2024;27;0.0
2024;2024-29;Catalão;1;2024;360;27.77777777777778
2024;2024-29;Catanduva;0;2024;1;0.0
2024;2024-29;Caxias do Sul;7;2024;2651;26.405130139569973
2024;2024-29;Ceres - Rialma - Goianésia;0;2024;20;0.0
2024;2024-29;Conceição do Coité;0;2024;30;0.0
2024;2024-29;Cruz Alta;0;2024;452;0.0
2024;2024-29;Curitiba;16;2024;14168;11.29305477131564
2024;2024-29;Curitibanos;0;2024;21;0.0
2024;2024-29;Distrito Federal;20;2024;12381;16.1537840239076
2024;2024-29;Frederico Westphalen;0;2024;276;0.0
2024;2024-29;Goiana ¿ Timbaúba;0;2024;210;0.0
2024;2024-29;Guarabira;0;2024;56;0.0
2024;2024-29;Guarapuava;0;2024;17;0.0
2024;2024-29;Gurupi;0;2024;23;0.0
2024;2024-29;Ijuí;0;2024;516;0.0
2024;2024-29;Imperatriz;0;2024;15;0.0
2024;2024-29;Itacoatiara;0;2024;51;0.0
2024;2024-29;Jaú;0;2024;143;0.0
2024;2024-29;Ji-Paraná;0;2024;6;0.0
2024;2024-29;Joaçaba - Herval d'Oeste;0;2024;258;0.0
2024;2024-29;Joinville;0;2024;12;0.0
2024;2024-29;Juiz de Fora;4;2024;2050;19.51219512195122
2024;2024-29;Linhares;0;2024;650;0.0
2024;2024-29;Maceió;0;2024;8;0.0
2024;2024-29;Manaus;7;2024;4770;14.675052410901468
2024;2024-29;Mantena;0;2024;112;0.0
2024;2024-29;Maringá;3;2024;3069;9.775171065493646
2024;2024-29;Marília;1;2024;1784;5.605381165919282
2024;2024-29;Monteiro;0;2024;11;0.0
2024;2024-29;Mossoró;0;2024;24;0.0
2024;2024-29;Natal;0;2024;18;0.0
2024;2024-29;Nazaré ¿ Maragogipe;0;2024;76;0.0
2024;2024-29;Nova Prata - Guaporé;1;2024;339;29.49852507374631
2024;2024-29;Oliveira;0;2024;587;0.0
2024;2024-29;Passo Fundo;0;2024;831;0.0
2024;2024-29;Passos;1;2024;614;16.286644951140065
2024;2024-29;Patos;0;2024;53;0.0
2024;2024-29;Pinheiro;0;2024;23;0.0
2024;2024-29;Pirapora;0;2024;239;0.0
2024;2024-29;Piumhi;0;2024;12;0.0
2024;2024-29;Ponte Nova;0;2024;29;0.0
2024;2024-29;Porto Alegre;26;2024;15338;16.951362628765157
2024;2024-29;Princesa Isabel;1;2024;42;238.09523809523807
2024;2024-29;Quirinópolis;0;2024;76;0.0
2024;2024-29;Resende;0;2024;460;0.0
2024;2024-29;Ribeirão Preto;3;2024;5172;5.800464037122969
2024;2024-29;Rio Claro;0;2024;333;0.0
2024;2024-29;Rio de Janeiro;65;2024;38026;17.093567559038554
2024;2024-29;Russas - Limoeiro do Norte;4;2024;1229;32.546786004882016
2024;2024-29;Salvador;40;2024;11852;33.74957813027337
2024;2024-29;Santa Cruz do Sul;1;2024;694;14.40922190201729
2024;2024-29;Santa Inês;0;2024;75;0.0
2024;2024-29;Santa Maria;6;2024;1076;55.762081784386616
2024;2024-29;Santa Maria da Vitoria;0;2024;11;0.0
2024;2024-29;Santana do Livramento;0;2024;137;0.0
2024;2024-29;Santos;0;2024;901;0.0
2024;2024-29;Serra Talhada;0;2024;82;0.0
2024;2024-29;Soledade;0;2024;84;0.0
2024;2024-29;São Miguel do Oeste;0;2024;287;0.0
2024;2024-29;São Paulo;155;2024;67129;23.08987173948666
2024;2024-29;Teófilo Otoni;0;2024;810;0.0
2024;2024-29;Toledo;0;2024;47;0.0
2024;2024-29;Uberaba;0;2024;1341;0.0
2024;2024-29;Uberlândia;6;2024;3401;17.641870038224052
2024;2024-29;Uruguaiana;0;2024;226;0.0
2024;2024-29;Valença;0;2024;41;0.0
2024;2024-29;Vitória;0;2024;37;0.0
2024;2024-29;Vitória da Conquista;0;2024;24;0.0
2024;2024-29;Volta Redonda - Barra Mansa;2;2024;1788;11.185682326621924
2024;2024-30;Afonso Cláudio - Venda Nova do Imigrante - Santa Maria de Jetibá;1;2024;625;16.0
2024;2024-30;Alegre;0;2024;335;0.0
2024;2024-30;Araranguá;2;2024;621;32.2061191626409
2024;2024-30;Atalaia;1;2024;36;277.77777777777777
2024;2024-30;Bagé;0;2024;167;0.0
2024;2024-30;Belo Horizonte;27;2024;23019;11.729440896650592
2024;2024-30;Belém;28;2024;8448;33.1439393939394
2024;2024-30;Bento Gonçalves;0;2024;386;0.0
2024;2024-30;Boa Vista;0;2024;789;0.0
2024;2024-30;Bragança Paulista;0;2024;23;0.0
2024;2024-30;Brumado;0;2024;297;0.0
2024;2024-30;Camacan;0;2024;2;0.0
2024;2024-30;Campina Grande;3;2024;1519;19.749835418038185
2024;2024-30;Campo Belo;0;2024;5;0.0
2024;2024-30;Campos dos Goytacazes;0;2024;924;0.0
2024;2024-30;Caratinga;0;2024;539;0.0
2024;2024-30;Carazinho;0;2024;53;0.0
2024;2024-30;Cascavel;0;2024;27;0.0
2024;2024-30;Catalão;0;2024;360;0.0
2024;2024-30;Catanduva;0;2024;1;0.0
2024;2024-30;Caxias do Sul;5;2024;2651;18.86080724254998
2024;2024-30;Ceres - Rialma - Goianésia;0;2024;20;0.0
2024;2024-30;Conceição do Coité;0;2024;30;0.0
2024;2024-30;Cruz Alta;0;2024;452;0.0
2024;2024-30;Curitiba;29;2024;14168;20.4686617730096
2024;2024-30;Curitibanos;0;2024;21;0.0
2024;2024-30;Distrito Federal;14;2024;12381;11.30764881673532
2024;2024-30;Frederico Westphalen;1;2024;276;36.231884057971016
2024;2024-30;Goiana ¿ Timbaúba;0;2024;210;0.0
2024;2024-30;Guarabira;0;2024;56;0.0
2024;2024-30;Guarapuava;0;2024;17;0.0
2024;2024-30;Gurupi;0;2024;23;0.0
2024;2024-30;Ijuí;0;2024;516;0.0
2024;2024-30;Imperatriz;0;2024;15;0.0
2024;2024-30;Itacoatiara;0;2024;51;0.0
2024;2024-30;Jaú;0;2024;143;0.0
2024;2024-30;Ji-Paraná;0;2024;6;0.0
2024;2024-30;Joaçaba - Herval d'Oeste;3;2024;258;116.27906976744185
2024;2024-30;Joinville;0;2024;12;0.0
2024;2024-30;Juiz de Fora;5;2024;2050;24.390243902439025
2024;2024-30;Linhares;1;2024;650;15.384615384615385
2024;2024-30;Maceió;0;2024;8;0.0
2024;2024-30;Manaus;10;2024;4770;20.964360587002098
2024;2024-30;Mantena;0;2024;112;0.0
2024;2024-30;Maringá;4;2024;3069;13.033561420658195
2024;2024-30;Marília;2;2024;1784;11.210762331838565
2024;2024-30;Monteiro;0;2024;11;0.0
2024;2024-30;Mossoró;2;2024;24;833.3333333333333
2024;2024-30;Natal;0;2024;18;0.0
2024;2024-30;Nazaré ¿ Maragogipe;0;2024;76;0.0
2024;2024-30;Nova Prata - Guaporé;1;2024;339;29.49852507374631
2024;2024-30;Oliveira;0;2024;587;0.0
2024;2024-30;Passo Fundo;0;2024;831;0.0
2024;2024-30;Passos;0;2024;614;0.0
2024;2024-30;Patos;0;2024;53;0.0
2024;2024-30;Pinheiro;0;2024;23;0.0
2024;2024-30;Pirapora;0;2024;239;0.0
2024;2024-30;Piumhi;0;2024;12;0.0
2024;2024-30;Ponte Nova;0;2024;29;0.0
2024;2024-30;Porto Alegre;34;2024;15338;22.16716651453905
2024;2024-30;Princesa Isabel;0;2024;42;0.0
2024;2024-30;Quirinópolis;0;2024;76;0.0
2024;2024-30;Resende;0;2024;460;0.0
2024;2024-30;Ribeirão Preto;8;2024;5172;15.467904098994588
2024;2024-30;Rio Claro;1;2024;333;30.03003003003003
2024;2024-30;Rio de Janeiro;57;2024;38026;14.989743859464577
2024;2024-30;Russas - Limoeiro do Norte;1;2024;1229;8.136696501220504
2024;2024-30;Salvador;51;2024;11852;43.03071211609855
2024;2024-30;Santa Cruz do Sul;4;2024;694;57.63688760806916
2024;2024-30;Santa Inês;0;2024;75;0.0
2024;2024-30;Santa Maria;2;2024;1076;18.587360594795538
2024;2024-30;Santa Maria da Vitoria;0;2024;11;0.0
2024;2024-30;Santana do Livramento;0;2024;137;0.0
2024;2024-30;Santos;0;2024;901;0.0
2024;2024-30;Serra Talhada;0;2024;82;0.0
2024;2024-30;Soledade;0;2024;84;0.0
2024;2024-30;São Miguel do Oeste;0;2024;287;0.0
2024;2024-30;São Paulo;147;2024;67129;21.898136423900254
2024;2024-30;Teófilo Otoni;1;2024;810;12.345679012345679
2024;2024-30;Toledo;0;2024;47;0.0
2024;2024-30;Uberaba;1;2024;1341;7.457121551081282
2024;2024-30;Uberlândia;11;2024;3401;32.34342840341076
2024;2024-30;Uruguaiana;0;2024;226;0.0
2024;2024-30;Valença;0;2024;41;0.0
2024;2024-30;Vitória;0;2024;37;0.0
2024;2024-30;Vitória da Conquista;0;2024;24;0.0
2024;2024-30;Volta Redonda - Barra Mansa;1;2024;1788;5.592841163310962
2024;2024-31;Afonso Cláudio - Venda Nova do Imigrante - Santa Maria de Jetibá;2;2024;625;32.0
2024;2024-31;Alegre;0;2024;335;0.0
2024;2024-31;Araranguá;5;2024;621;80.51529790660224
2024;2024-31;Atalaia;0;2024;36;0.0
2024;2024-31;Bagé;0;2024;167;0.0
2024;2024-31;Belo Horizonte;29;2024;23019;12.598288370476562
2024;2024-31;Belém;38;2024;8448;44.98106060606061
2024;2024-31;Bento Gonçalves;0;2024;386;0.0
2024;2024-31;Boa Vista;5;2024;789;63.371356147021544
2024;2024-31;Bragança Paulista;0;2024;23;0.0
2024;2024-31;Brumado;0;2024;297;0.0
2024;2024-31;Camacan;0;2024;2;0.0
2024;2024-31;Campina Grande;5;2024;1519;32.91639236339697
2024;2024-31;Campo Belo;0;2024;5;0.0
2024;2024-31;Campos dos Goytacazes;0;2024;924;0.0
2024;2024-31;Caratinga;0;2024;539;0.0
2024;2024-31;Carazinho;0;2024;53;0.0
2024;2024-31;Cascavel;0;2024;27;0.0
2024;2024-31;Catalão;0;2024;360;0.0
2024;2024-31;Catanduva;0;2024;1;0.0
2024;2024-31;Caxias do Sul;2;2024;2651;7.544322897019993
2024;2024-31;Ceres - Rialma - Goianésia;0;2024;20;0.0
2024;2024-31;Conceição do Coité;1;2024;30;333.3333333333333
2024;2024-31;Cruz Alta;0;2024;452;0.0
2024;2024-31;Curitiba;30;2024;14168;21.174477696216826
2024;2024-31;Curitibanos;0;2024;21;0.0
2024;2024-31;Distrito Federal;24;2024;12381;19.384540828689122
2024;2024-31;Frederico Westphalen;1;2024;276;36.231884057971016
2024;2024-31;Goiana ¿ Timbaúba;2;2024;210;95.23809523809524
2024;2024-31;Guarabira;0;2024;56;0.0
2024;2024-31;Guarapuava;0;2024;17;0.0
2024;2024-31;Gurupi;0;2024;23;0.0
2024;2024-31;Ijuí;0;2024;516;0.0
2024;2024-31;Imperatriz;0;2024;15;0.0
2024;2024-31;Itacoatiara;0;2024;51;0.0
2024;2024-31;Jaú;0;2024;143;0.0
2024;2024-31;Ji-Paraná;0;2024;6;0.0
2024;2024-31;Joaçaba - Herval d'Oeste;0;2024;258;0.0
2024;2024-31;Joinville;0;2024;12;0.0
2024;2024-31;Juiz de Fora;1;2024;2050;4.878048780487805
2024;2024-31;Linhares;0;2024;650;0.0
2024;2024-31;Maceió;0;2024;8;0.0
2024;2024-31;Manaus;8;2024;4770;16.771488469601675
2024;2024-31;Mantena;0;2024;112;0.0
2024;2024-31;Maringá;4;2024;3069;13.033561420658195
2024;2024-31;Marília;0;2024;1784;0.0
2024;2024-31;Monteiro;0;2024;11;0.0
2024;2024-31;Mossoró;0;2024;24;0.0
2024;2024-31;Natal;0;2024;18;0.0
2024;2024-31;Nazaré ¿ Maragogipe;0;2024;76;0.0
2024;2024-31;Nova Prata - Guaporé;1;2024;339;29.49852507374631
2024;2024-31;Oliveira;3;2024;587;51.10732538330494
2024;2024-31;Passo Fundo;1;2024;831;12.033694344163658
2024;2024-31;Passos;0;2024;614;0.0
2024;2024-31;Patos;0;2024;53;0.0
2024;2024-31;Pinheiro;0;2024;23;0.0
2024;2024-31;Pirapora;0;2024;239;0.0
2024;2024-31;Piumhi;0;2024;12;0.0
2024;2024-31;Ponte Nova;0;2024;29;0.0
2024;2024-31;Porto Alegre;16;2024;15338;10.431607771547789
2024;2024-31;Princesa Isabel;0;2024;42;0.0
2024;2024-31;Quirinópolis;0;2024;76;0.0
2024;2024-31;Resende;2;2024;460;43.47826086956522
2024;2024-31;Ribeirão Preto;6;2024;5172;11.600928074245939
2024;2024-31;Rio Claro;1;2024;333;30.03003003003003
2024;2024-31;Rio de Janeiro;55;2024;38026;14.463787934571084
2024;2024-31;Russas - Limoeiro do Norte;5;2024;1229;40.68348250610252
2024;2024-31;Salvador;39;2024;11852;32.90583867701654
2024;2024-31;Santa Cruz do Sul;0;2024;694;0.0
2024;2024-31;Santa Inês;0;2024;75;0.0
2024;2024-31;Santa Maria;3;2024;1076;27.881040892193308
2024;2024-31;Santa Maria da Vitoria;0;2024;11;0.0
2024;2024-31;Santana do Livramento;0;2024;137;0.0
2024;2024-31;Santos;0;2024;901;0.0
2024;2024-31;Serra Talhada;0;2024;82;0.0
2024;2024-31;Soledade;0;2024;84;0.0
2024;2024-31;São Miguel do Oeste;0;2024;287;0.0
2024;2024-31;São Paulo;106;2024;67129;15.790492931519909
2024;2024-31;Teófilo Otoni;0;2024;810;0.0
2024;2024-31;Toledo;0;2024;47;0.0
2024;2024-31;Uberaba;1;2024;1341;7.457121551081282
2024;2024-31;Uberlândia;15;2024;3401;44.10467509556013
2024;2024-31;Uruguaiana;0;2024;226;0.0
2024;2024-31;Valença;0;2024;41;0.0
2024;2024-31;Vitória;0;2024;37;0.0
2024;2024-31;Vitória da Conquista;0;2024;24;0.0
2024;2024-31;Volta Redonda - Barra Mansa;1;2024;1788;5.592841163310962
2024;2024-32;Afonso Cláudio - Venda Nova do Imigrante - Santa Maria de Jetibá;0;2024;625;0.0
2024;2024-32;Alegre;0;2024;335;0.0
2024;2024-32;Araranguá;3;2024;621;48.30917874396135
2024;2024-32;Atalaia;0;2024;36;0.0
2024;2024-32;Bagé;0;2024;167;0.0
2024;2024-32;Belo Horizonte;26;2024;23019;11.295017159737608
2024;2024-32;Belém;27;2024;8448;31.960227272727273
2024;2024-32;Bento Gonçalves;0;2024;386;0.0
2024;2024-32;Boa Vista;4;2024;789;50.69708491761723
2024;2024-32;Bragança Paulista;0;2024;23;0.0
2024;2024-32;Brumado;1;2024;297;33.67003367003367
2024;2024-32;Camacan;0;2024;2;0.0
2024;2024-32;Campina Grande;4;2024;1519;26.333113890717577
2024;2024-32;Campo Belo;0;2024;5;0.0
2024;2024-32;Campos dos Goytacazes;1;2024;924;10.822510822510823
2024;2024-32;Caratinga;0;2024;539;0.0
2024;2024-32;Carazinho;0;2024;53;0.0
2024;2024-32;Cascavel;0;2024;27;0.0
2024;2024-32;Catalão;0;2024;360;0.0
2024;2024-32;Catanduva;0;2024;1;0.0
2024;2024-32;Caxias do Sul;2;2024;2651;7.544322897019993
2024;2024-32;Ceres - Rialma - Goianésia;0;2024;20;0.0
2024;2024-32;Conceição do Coité;0;2024;30;0.0
2024;2024-32;Cruz Alta;2;2024;452;44.24778761061947
2024;2024-32;Curitiba;31;2024;14168;21.880293619424055
2024;2024-32;Curitibanos;0;2024;21;0.0
2024;2024-32;Distrito Federal;14;2024;12381;11.30764881673532
2024;2024-32;Frederico Westphalen;1;2024;276;36.231884057971016
2024;2024-32;Goiana ¿ Timbaúba;0;2024;210;0.0
2024;2024-32;Guarabira;0;2024;56;0.0
2024;2024-32;Guarapuava;0;2024;17;0.0
2024;2024-32;Gurupi;0;2024;23;0.0
2024;2024-32;Ijuí;0;2024;516;0.0
2024;2024-32;Imperatriz;0;2024;15;0.0
2024;2024-32;Itacoatiara;0;2024;51;0.0
2024;2024-32;Jaú;0;2024;143;0.0
2024;2024-32;Ji-Paraná;0;2024;6;0.0
2024;2024-32;Joaçaba - Herval d'Oeste;1;2024;258;38.75968992248062
2024;2024-32;Joinville;0;2024;12;0.0
2024;2024-32;Juiz de Fora;1;2024;2050;4.878048780487805
2024;2024-32;Linhares;2;2024;650;30.76923076923077
2024;2024-32;Maceió;0;2024;8;0.0
2024;2024-32;Manaus;5;2024;4770;10.482180293501049
2024;2024-32;Mantena;0;2024;112;0.0
2024;2024-32;Maringá;2;2024;3069;6.516780710329098
2024;2024-32;Marília;4;2024;1784;22.42152466367713
2024;2024-32;Monteiro;0;2024;11;0.0
2024;2024-32;Mossoró;0;2024;24;0.0
2024;2024-32;Natal;0;2024;18;0.0
2024;2024-32;Nazaré ¿ Maragogipe;0;2024;76;0.0
2024;2024-32;Nova Prata - Guaporé;0;2024;339;0.0
2024;2024-32;Oliveira;0;2024;587;0.0
2024;2024-32;Passo Fundo;1;2024;831;12.033694344163658
2024;2024-32;Passos;1;2024;614;16.286644951140065
2024;2024-32;Patos;0;2024;53;0.0
2024;2024-32;Pinheiro;0;2024;23;0.0
2024;2024-32;Pirapora;0;2024;239;0.0
2024;2024-32;Piumhi;0;2024;12;0.0
2024;2024-32;Ponte Nova;0;2024;29;0.0
2024;2024-32;Porto Alegre;21;2024;15338;13.691485200156475
2024;2024-32;Princesa Isabel;0;2024;42;0.0
2024;2024-32;Quirinópolis;0;2024;76;0.0
2024;2024-32;Resende;0;2024;460;0.0
2024;2024-32;Ribeirão Preto;9;2024;5172;17.40139211136891
2024;2024-32;Rio Claro;0;2024;333;0.0
2024;2024-32;Rio de Janeiro;37;2024;38026;9.730184610529639
2024;2024-32;Russas - Limoeiro do Norte;1;2024;1229;8.136696501220504
2024;2024-32;Salvador;32;2024;11852;26.999662504218698
2024;2024-32;Santa Cruz do Sul;2;2024;694;28.81844380403458
2024;2024-32;Santa Inês;1;2024;75;133.33333333333334
2024;2024-32;Santa Maria;2;2024;1076;18.587360594795538
2024;2024-32;Santa Maria da Vitoria;0;2024;11;0.0
2024;2024-32;Santana do Livramento;0;2024;137;0.0
2024;2024-32;Santos;0;2024;901;0.0
2024;2024-32;Serra Talhada;0;2024;82;0.0
2024;2024-32;Soledade;0;2024;84;0.0
2024;2024-32;São Miguel do Oeste;1;2024;287;34.84320557491289
2024;2024-32;São Paulo;115;2024;67129;17.13119516155462
2024;2024-32;Teófilo Otoni;0;2024;810;0.0
2024;2024-32;Toledo;2;2024;47;425.531914893617
2024;2024-32;Uberaba;4;2024;1341;29.828486204325127
2024;2024-32;Uberlândia;13;2024;3401;38.22405174948545
2024;2024-32;Uruguaiana;0;2024;226;0.0
2024;2024-32;Valença;0;2024;41;0.0
2024;2024-32;Vitória;0;2024;37;0.0
2024;2024-32;Vitória da Conquista;0;2024;24;0.0
2024;2024-32;Volta Redonda - Barra Mansa;0;2024;1788;0.0
2024;2024-33;Afonso Cláudio - Venda Nova do Imigrante - Santa Maria de Jetibá;0;2024;625;0.0
2024;2024-33;Alegre;0;2024;335;0.0
2024;2024-33;Araranguá;0;2024;621;0.0
2024;2024-33;Atalaia;0;2024;36;0.0
2024;2024-33;Bagé;0;2024;167;0.0
2024;2024-33;Belo Horizonte;14;2024;23019;6.0819323167817885
2024;2024-33;Belém;22;2024;8448;26.041666666666664
2024;2024-33;Bento Gonçalves;0;2024;386;0.0
2024;2024-33;Boa Vista;5;2024;789;63.371356147021544
2024;2024-33;Bragança Paulista;0;2024;23;0.0
2024;2024-33;Brumado;1;2024;297;33.67003367003367
2024;2024-33;Camacan;0;2024;2;0.0
2024;2024-33;Campina Grande;8;2024;1519;52.666227781435154
2024;2024-33;Campo Belo;0;2024;5;0.0
2024;2024-33;Campos dos Goytacazes;0;2024;924;0.0
2024;2024-33;Caratinga;0;2024;539;0.0
2024;2024-33;Carazinho;0;2024;53;0.0
2024;2024-33;Cascavel;0;2024;27;0.0
2024;2024-33;Catalão;2;2024;360;55.55555555555556
2024;2024-33;Catanduva;0;2024;1;0.0
2024;2024-33;Caxias do Sul;1;2024;2651;3.7721614485099964
2024;2024-33;Ceres - Rialma - Goianésia;0;2024;20;0.0
2024;2024-33;Conceição do Coité;2;2024;30;666.6666666666666
2024;2024-33;Cruz Alta;0;2024;452;0.0
2024;2024-33;Curitiba;17;2024;14168;11.998870694522868
2024;2024-33;Curitibanos;0;2024;21;0.0
2024;2024-33;Distrito Federal;13;2024;12381;10.49995961553994
2024;2024-33;Frederico Westphalen;1;2024;276;36.231884057971016
2024;2024-33;Goiana ¿ Timbaúba;3;2024;210;142.85714285714286
2024;2024-33;Guarabira;0;2024;56;0.0
2024;2024-33;Guarapuava;0;2024;17;0.0
2024;2024-33;Gurupi;0;2024;23;0.0
2024;2024-33;Ijuí;0;2024;516;0.0
2024;2024-33;Imperatriz;0;2024;15;0.0
2024;2024-33;Itacoatiara;0;2024;51;0.0
2024;2024-33;Jaú;0;2024;143;0.0
2024;2024-33;Ji-Paraná;0;2024;6;0.0
2024;2024-33;Joaçaba - Herval d'Oeste;0;2024;258;0.0
2024;2024-33;Joinville;0;2024;12;0.0
2024;2024-33;Juiz de Fora;2;2024;2050;9.75609756097561
2024;2024-33;Linhares;0;2024;650;0.0
2024;2024-33;Maceió;0;2024;8;0.0
2024;2024-33;Manaus;4;2024;4770;8.385744234800837
2024;2024-33;Mantena;0;2024;112;0.0
2024;2024-33;Maringá;3;2024;3069;9.775171065493646
2024;2024-33;Marília;2;2024;1784;11.210762331838565
2024;2024-33;Monteiro;0;2024;11;0.0
2024;2024-33;Mossoró;0;2024;24;0.0
2024;2024-33;Natal;0;2024;18;0.0
2024;2024-33;Nazaré ¿ Maragogipe;0;2024;76;0.0
2024;2024-33;Nova Prata - Guaporé;0;2024;339;0.0
2024;2024-33;Oliveira;0;2024;587;0.0
2024;2024-33;Passo Fundo;0;2024;831;0.0
2024;2024-33;Passos;0;2024;614;0.0
2024;2024-33;Patos;0;2024;53;0.0
2024;2024-33;Pinheiro;0;2024;23;0.0
2024;2024-33;Pirapora;0;2024;239;0.0
2024;2024-33;Piumhi;0;2024;12;0.0
2024;2024-33;Ponte Nova;0;2024;29;0.0
2024;2024-33;Porto Alegre;16;2024;15338;10.431607771547789
2024;2024-33;Princesa Isabel;0;2024;42;0.0
2024;2024-33;Quirinópolis;0;2024;76;0.0
2024;2024-33;Resende;0;2024;460;0.0
2024;2024-33;Ribeirão Preto;3;2024;5172;5.800464037122969
2024;2024-33;Rio Claro;0;2024;333;0.0
2024;2024-33;Rio de Janeiro;50;2024;38026;13.148898122337348
2024;2024-33;Russas - Limoeiro do Norte;5;2024;1229;40.68348250610252
2024;2024-33;Salvador;42;2024;11852;35.43705703678704
2024;2024-33;Santa Cruz do Sul;1;2024;694;14.40922190201729
2024;2024-33;Santa Inês;0;2024;75;0.0
2024;2024-33;Santa Maria;1;2024;1076;9.293680297397769
2024;2024-33;Santa Maria da Vitoria;0;2024;11;0.0
2024;2024-33;Santana do Livramento;0;2024;137;0.0
2024;2024-33;Santos;0;2024;901;0.0
2024;2024-33;Serra Talhada;0;2024;82;0.0
2024;2024-33;Soledade;0;2024;84;0.0
2024;2024-33;São Miguel do Oeste;0;2024;287;0.0
2024;2024-33;São Paulo;93;2024;67129;13.853923043691996
2024;2024-33;Teófilo Otoni;0;2024;810;0.0
2024;2024-33;Toledo;1;2024;47;212.7659574468085
2024;2024-33;Uberaba;1;2024;1341;7.457121551081282
2024;2024-33;Uberlândia;14;2024;3401;41.16436342252279
2024;2024-33;Uruguaiana;0;2024;226;0.0
2024;2024-33;Valença;0;2024;41;0.0
2024;2024-33;Vitória;0;2024;37;0.0
2024;2024-33;Vitória da Conquista;0;2024;24;0.0
2024;2024-33;Volta Redonda - Barra Mansa;2;2024;1788;11.185682326621924
2024;2024-34;Afonso Cláudio - Venda Nova do Imigrante - Santa Maria de Jetibá;1;2024;625;16.0
2024;2024-34;Alegre;0;2024;335;0.0
2024;2024-34;Araranguá;2;2024;621;32.2061191626409
2024;2024-34;Atalaia;0;2024;36;0.0
2024;2024-34;Bagé;0;2024;167;0.0
2024;2024-34;Belo Horizonte;24;2024;23019;10.426169685911638
2024;2024-34;Belém;15;2024;8448;17.755681818181817
2024;2024-34;Bento Gonçalves;0;2024;386;0.0
2024;2024-34;Boa Vista;2;2024;789;25.348542458808616
2024;2024-34;Bragança Paulista;0;2024;23;0.0
2024;2024-34;Brumado;0;2024;297;0.0
2024;2024-34;Camacan;0;2024;2;0.0
2024;2024-34;Campina Grande;11;2024;1519;72.41606319947334
2024;2024-34;Campo Belo;0;2024;5;0.0
2024;2024-34;Campos dos Goytacazes;0;2024;924;0.0
2024;2024-34;Caratinga;0;2024;539;0.0
2024;2024-34;Carazinho;0;2024;53;0.0
2024;2024-34;Cascavel;0;2024;27;0.0
2024;2024-34;Catalão;0;2024;360;0.0
2024;2024-34;Catanduva;0;2024;1;0.0
2024;2024-34;Caxias do Sul;4;2024;2651;15.088645794039985
2024;2024-34;Ceres - Rialma - Goianésia;0;2024;20;0.0
2024;2024-34;Conceição do Coité;2;2024;30;666.6666666666666
2024;2024-34;Cruz Alta;4;2024;452;88.49557522123894
2024;2024-34;Curitiba;23;2024;14168;16.233766233766236
2024;2024-34;Curitibanos;0;2024;21;0.0
2024;2024-34;Distrito Federal;12;2024;12381;9.692270414344561
2024;2024-34;Frederico Westphalen;0;2024;276;0.0
2024;2024-34;Goiana ¿ Timbaúba;0;2024;210;0.0
2024;2024-34;Guarabira;0;2024;56;0.0
2024;2024-34;Guarapuava;0;2024;17;0.0
2024;2024-34;Gurupi;0;2024;23;0.0
2024;2024-34;Ijuí;0;2024;516;0.0
2024;2024-34;Imperatriz;0;2024;15;0.0
2024;2024-34;Itacoatiara;0;2024;51;0.0
2024;2024-34;Jaú;0;2024;143;0.0
2024;2024-34;Ji-Paraná;0;2024;6;0.0
2024;2024-34;Joaçaba - Herval d'Oeste;0;2024;258;0.0
2024;2024-34;Joinville;0;2024;12;0.0
2024;2024-34;Juiz de Fora;0;2024;2050;0.0
2024;2024-34;Linhares;1;2024;650;15.384615384615385
2024;2024-34;Maceió;0;2024;8;0.0
2024;2024-34;Manaus;9;2024;4770;18.867924528301888
2024;2024-34;Mantena;0;2024;112;0.0
2024;2024-34;Maringá;2;2024;3069;6.516780710329098
2024;2024-34;Marília;0;2024;1784;0.0
2024;2024-34;Monteiro;0;2024;11;0.0
2024;2024-34;Mossoró;0;2024;24;0.0
2024;2024-34;Natal;0;2024;18;0.0
2024;2024-34;Nazaré ¿ Maragogipe;0;2024;76;0.0
2024;2024-34;Nova Prata - Guaporé;0;2024;339;0.0
2024;2024-34;Oliveira;1;2024;587;17.035775127768314
2024;2024-34;Passo Fundo;0;2024;831;0.0
2024;2024-34;Passos;1;2024;614;16.286644951140065
2024;2024-34;Patos;0;2024;53;0.0
2024;2024-34;Pinheiro;0;2024;23;0.0
2024;2024-34;Pirapora;0;2024;239;0.0
2024;2024-34;Piumhi;0;2024;12;0.0
2024;2024-34;Ponte Nova;0;2024;29;0.0
2024;2024-34;Porto Alegre;17;2024;15338;11.083583257269526
2024;2024-34;Princesa Isabel;0;2024;42;0.0
2024;2024-34;Quirinópolis;0;2024;76;0.0
2024;2024-34;Resende;0;2024;460;0.0
2024;2024-34;Ribeirão Preto;3;2024;5172;5.800464037122969
2024;2024-34;Rio Claro;0;2024;333;0.0
2024;2024-34;Rio de Janeiro;38;2024;38026;9.993162572976384
2024;2024-34;Russas - Limoeiro do Norte;2;2024;1229;16.273393002441008
2024;2024-34;Salvador;9;2024;11852;7.5936550793115085
2024;2024-34;Santa Cruz do Sul;1;2024;694;14.40922190201729
2024;2024-34;Santa Inês;0;2024;75;0.0
2024;2024-34;Santa Maria;0;2024;1076;0.0
2024;2024-34;Santa Maria da Vitoria;0;2024;11;0.0
2024;2024-34;Santana do Livramento;0;2024;137;0.0
2024;2024-34;Santos;2;2024;901;22.197558268590456
2024;2024-34;Serra Talhada;0;2024;82;0.0
2024;2024-34;Soledade;0;2024;84;0.0
2024;2024-34;São Miguel do Oeste;0;2024;287;0.0
2024;2024-34;São Paulo;89;2024;67129;13.258055385898793
2024;2024-34;Teófilo Otoni;0;2024;810;0.0
2024;2024-34;Toledo;0;2024;47;0.0
2024;2024-34;Uberaba;2;2024;1341;14.914243102162564
2024;2024-34;Uberlândia;19;2024;3401;55.865921787709496
2024;2024-34;Uruguaiana;0;2024;226;0.0
2024;2024-34;Valença;0;2024;41;0.0
2024;2024-34;Vitória;1;2024;37;270.27027027027026
2024;2024-34;Vitória da Conquista;0;2024;24;0.0
2024;2024-34;Volta Redonda - Barra Mansa;0;2024;1788;0.0
2024;2024-35;Afonso Cláudio - Venda Nova do Imigrante - Santa Maria de Jetibá;1;2024;625;16.0
2024;2024-35;Alegre;1;2024;335;29.850746268656717
2024;2024-35;Araranguá;0;2024;621;0.0
2024;2024-35;Atalaia;0;2024;36;0.0
2024;2024-35;Bagé;0;2024;167;0.0
2024;2024-35;Belo Horizonte;25;2024;23019;10.860593422824623
2024;2024-35;Belém;30;2024;8448;35.51136363636363
2024;2024-35;Bento Gonçalves;0;2024;386;0.0
2024;2024-35;Boa Vista;3;2024;789;38.02281368821293
2024;2024-35;Bragança Paulista;0;2024;23;0.0
2024;2024-35;Brumado;0;2024;297;0.0
2024;2024-35;Camacan;0;2024;2;0.0
2024;2024-35;Campina Grande;5;2024;1519;32.91639236339697
2024;2024-35;Campo Belo;0;2024;5;0.0
2024;2024-35;Campos dos Goytacazes;0;2024;924;0.0
2024;2024-35;Caratinga;0;2024;539;0.0
2024;2024-35;Carazinho;0;2024;53;0.0
2024;2024-35;Cascavel;0;2024;27;0.0
2024;2024-35;Catalão;1;2024;360;27.77777777777778
2024;2024-35;Catanduva;0;2024;1;0.0
2024;2024-35;Caxias do Sul;1;2024;2651;3.7721614485099964
2024;2024-35;Ceres - Rialma - Goianésia;0;2024;20;0.0
2024;2024-35;Conceição do Coité;2;2024;30;666.6666666666666
2024;2024-35;Cruz Alta;1;2024;452;22.123893805309734
2024;2024-35;Curitiba;17;2024;14168;11.998870694522868
2024;2024-35;Curitibanos;0;2024;21;0.0
2024;2024-35;Distrito Federal;17;2024;12381;13.73071642032146
2024;2024-35;Frederico Westphalen;0;2024;276;0.0
2024;2024-35;Goiana ¿ Timbaúba;3;2024;210;142.85714285714286
2024;2024-35;Guarabira;0;2024;56;0.0
2024;2024-35;Guarapuava;0;2024;17;0.0
2024;2024-35;Gurupi;0;2024;23;0.0
2024;2024-35;Ijuí;0;2024;516;0.0
2024;2024-35;Imperatriz;0;2024;15;0.0
2024;2024-35;Itacoatiara;0;2024;51;0.0
2024;2024-35;Jaú;0;2024;143;0.0
2024;2024-35;Ji-Paraná;0;2024;6;0.0
2024;2024-35;Joaçaba - Herval d'Oeste;0;2024;258;0.0
2024;2024-35;Joinville;0;2024;12;0.0
2024;2024-35;Juiz de Fora;0;2024;2050;0.0
2024;2024-35;Linhares;1;2024;650;15.384615384615385
2024;2024-35;Maceió;0;2024;8;0.0
2024;2024-35;Manaus;4;2024;4770;8.385744234800837
2024;2024-35;Mantena;0;2024;112;0.0
2024;2024-35;Maringá;7;2024;3069;22.80873248615184
2024;2024-35;Marília;1;2024;1784;5.605381165919282
2024;2024-35;Monteiro;0;2024;11;0.0
2024;2024-35;Mossoró;0;2024;24;0.0
2024;2024-35;Natal;0;2024;18;0.0
2024;2024-35;Nazaré ¿ Maragogipe;0;2024;76;0.0
2024;2024-35;Nova Prata - Guaporé;0;2024;339;0.0
2024;2024-35;Oliveira;0;2024;587;0.0
2024;2024-35;Passo Fundo;0;2024;831;0.0
2024;2024-35;Passos;0;2024;614;0.0
2024;2024-35;Patos;0;2024;53;0.0
2024;2024-35;Pinheiro;0;2024;23;0.0
2024;2024-35;Pirapora;0;2024;239;0.0
2024;2024-35;Piumhi;0;2024;12;0.0
2024;2024-35;Ponte Nova;0;2024;29;0.0
2024;2024-35;Porto Alegre;11;2024;15338;7.171730342939106
2024;2024-35;Princesa Isabel;0;2024;42;0.0
2024;2024-35;Quirinópolis;0;2024;76;0.0
2024;2024-35;Resende;0;2024;460;0.0
2024;2024-35;Ribeirão Preto;3;2024;5172;5.800464037122969
2024;2024-35;Rio Claro;0;2024;333;0.0
2024;2024-35;Rio de Janeiro;30;2024;38026;7.8893388734024095
2024;2024-35;Russas - Limoeiro do Norte;2;2024;1229;16.273393002441008
2024;2024-35;Salvador;30;2024;11852;25.31218359770503
2024;2024-35;Santa Cruz do Sul;0;2024;694;0.0
2024;2024-35;Santa Inês;0;2024;75;0.0
2024;2024-35;Santa Maria;0;2024;1076;0.0
2024;2024-35;Santa Maria da Vitoria;0;2024;11;0.0
2024;2024-35;Santana do Livramento;0;2024;137;0.0
2024;2024-35;Santos;0;2024;901;0.0
2024;2024-35;Serra Talhada;0;2024;82;0.0
2024;2024-35;Soledade;0;2024;84;0.0
2024;2024-35;São Miguel do Oeste;0;2024;287;0.0
2024;2024-35;São Paulo;85;2024;67129;12.662187728105588
2024;2024-35;Teófilo Otoni;0;2024;810;0.0
2024;2024-35;Toledo;0;2024;47;0.0
2024;2024-35;Uberaba;6;2024;1341;44.742729306487696
2024;2024-35;Uberlândia;12;2024;3401;35.283740076448105
2024;2024-35;Uruguaiana;0;2024;226;0.0
2024;2024-35;Valença;0;2024;41;0.0
2024;2024-35;Vitória;1;2024;37;270.27027027027026
2024;2024-35;Vitória da Conquista;0;2024;24;0.0
2024;2024-35;Volta Redonda - Barra Mansa;0;2024;1788;0.0
2024;2024-36;Afonso Cláudio - Venda Nova do Imigrante - Santa Maria de Jetibá;1;2024;625;16.0
2024;2024-36;Alegre;0;2024;335;0.0
2024;2024-36;Araranguá;0;2024;621;0.0
2024;2024-36;Atalaia;0;2024;36;0.0
2024;2024-36;Bagé;0;2024;167;0.0
2024;2024-36;Belo Horizonte;46;2024;23019;19.983491897997308
2024;2024-36;Belém;19;2024;8448;22.490530303030305
2024;2024-36;Bento Gonçalves;1;2024;386;25.906735751295336
2024;2024-36;Boa Vista;2;2024;789;25.348542458808616
2024;2024-36;Bragança Paulista;0;2024;23;0.0
2024;2024-36;Brumado;0;2024;297;0.0
2024;2024-36;Camacan;0;2024;2;0.0
2024;2024-36;Campina Grande;3;2024;1519;19.749835418038185
2024;2024-36;Campo Belo;0;2024;5;0.0
2024;2024-36;Campos dos Goytacazes;0;2024;924;0.0
2024;2024-36;Caratinga;1;2024;539;18.55287569573284
2024;2024-36;Carazinho;0;2024;53;0.0
2024;2024-36;Cascavel;0;2024;27;0.0
2024;2024-36;Catalão;1;2024;360;27.77777777777778
2024;2024-36;Catanduva;0;2024;1;0.0
2024;2024-36;Caxias do Sul;3;2024;2651;11.31648434552999
2024;2024-36;Ceres - Rialma - Goianésia;0;2024;20;0.0
2024;2024-36;Conceição do Coité;0;2024;30;0.0
2024;2024-36;Cruz Alta;0;2024;452;0.0
2024;2024-36;Curitiba;30;2024;14168;21.174477696216826
2024;2024-36;Curitibanos;0;2024;21;0.0
2024;2024-36;Distrito Federal;15;2024;12381;12.1153380179307
2024;2024-36;Frederico Westphalen;0;2024;276;0.0
2024;2024-36;Goiana ¿ Timbaúba;1;2024;210;47.61904761904762
2024;2024-36;Guarabira;0;2024;56;0.0
2024;2024-36;Guarapuava;0;2024;17;0.0
2024;2024-36;Gurupi;0;2024;23;0.0
2024;2024-36;Ijuí;0;2024;516;0.0
2024;2024-36;Imperatriz;0;2024;15;0.0
2024;2024-36;Itacoatiara;0;2024;51;0.0
2024;2024-36;Jaú;0;2024;143;0.0
2024;2024-36;Ji-Paraná;0;2024;6;0.0
2024;2024-36;Joaçaba - Herval d'Oeste;0;2024;258;0.0
2024;2024-36;Joinville;0;2024;12;0.0
2024;2024-36;Juiz de Fora;3;2024;2050;14.634146341463415
2024;2024-36;Linhares;0;2024;650;0.0
2024;2024-36;Maceió;0;2024;8;0.0
2024;2024-36;Manaus;7;2024;4770;14.675052410901468
2024;2024-36;Mantena;0;2024;112;0.0
2024;2024-36;Maringá;3;2024;3069;9.775171065493646
2024;2024-36;Marília;0;2024;1784;0.0
2024;2024-36;Monteiro;0;2024;11;0.0
2024;2024-36;Mossoró;0;2024;24;0.0
2024;2024-36;Natal;0;2024;18;0.0
2024;2024-36;Nazaré ¿ Maragogipe;0;2024;76;0.0
2024;2024-36;Nova Prata - Guaporé;1;2024;339;29.49852507374631
2024;2024-36;Oliveira;0;2024;587;0.0
2024;2024-36;Passo Fundo;0;2024;831;0.0
2024;2024-36;Passos;0;2024;614;0.0
2024;2024-36;Patos;0;2024;53;0.0
2024;2024-36;Pinheiro;0;2024;23;0.0
2024;2024-36;Pirapora;1;2024;239;41.84100418410041
2024;2024-36;Piumhi;0;2024;12;0.0
2024;2024-36;Ponte Nova;0;2024;29;0.0
2024;2024-36;Porto Alegre;15;2024;15338;9.779632285826052
2024;2024-36;Princesa Isabel;0;2024;42;0.0
2024;2024-36;Quirinópolis;0;2024;76;0.0
2024;2024-36;Resende;0;2024;460;0.0
2024;2024-36;Ribeirão Preto;2;2024;5172;3.866976024748647
2024;2024-36;Rio Claro;0;2024;333;0.0
2024;2024-36;Rio de Janeiro;47;2024;38026;12.359964234997106
2024;2024-36;Russas - Limoeiro do Norte;0;2024;1229;0.0
2024;2024-36;Salvador;23;2024;11852;19.406007424907187
2024;2024-36;Santa Cruz do Sul;5;2024;694;72.04610951008645
2024;2024-36;Santa Inês;0;2024;75;0.0
2024;2024-36;Santa Maria;0;2024;1076;0.0
2024;2024-36;Santa Maria da Vitoria;0;2024;11;0.0
2024;2024-36;Santana do Livramento;0;2024;137;0.0
2024;2024-36;Santos;0;2024;901;0.0
2024;2024-36;Serra Talhada;0;2024;82;0.0
2024;2024-36;Soledade;0;2024;84;0.0
2024;2024-36;São Miguel do Oeste;0;2024;287;0.0
2024;2024-36;São Paulo;105;2024;67129;15.641526017071607
2024;2024-36;Teófilo Otoni;2;2024;810;24.691358024691358
2024;2024-36;Toledo;0;2024;47;0.0
2024;2024-36;Uberaba;2;2024;1341;14.914243102162564
2024;2024-36;Uberlândia;9;2024;3401;26.462805057336077
2024;2024-36;Uruguaiana;0;2024;226;0.0
2024;2024-36;Valença;0;2024;41;0.0
2024;2024-36;Vitória;0;2024;37;0.0
2024;2024-36;Vitória da Conquista;0;2024;24;0.0
2024;2024-36;Volta Redonda - Barra Mansa;6;2024;1788;33.557046979865774
2024;2024-37;Afonso Cláudio - Venda Nova do Imigrante - Santa Maria de Jetibá;1;2024;625;16.0
2024;2024-37;Alegre;0;2024;335;0.0
2024;2024-37;Araranguá;2;2024;621;32.2061191626409
2024;2024-37;Atalaia;0;2024;36;0.0
2024;2024-37;Bagé;0;2024;167;0.0
2024;2024-37;Belo Horizonte;37;2024;23019;16.073678265780444
2024;2024-37;Belém;25;2024;8448;29.59280303030303
2024;2024-37;Bento Gonçalves;0;2024;386;0.0
2024;2024-37;Boa Vista;3;2024;789;38.02281368821293
2024;2024-37;Bragança Paulista;0;2024;23;0.0
2024;2024-37;Brumado;0;2024;297;0.0
2024;2024-37;Camacan;0;2024;2;0.0
2024;2024-37;Campina Grande;1;2024;1519;6.583278472679394
2024;2024-37;Campo Belo;0;2024;5;0.0
2024;2024-37;Campos dos Goytacazes;0;2024;924;0.0
2024;2024-37;Caratinga;0;2024;539;0.0
2024;2024-37;Carazinho;0;2024;53;0.0
2024;2024-37;Cascavel;0;2024;27;0.0
2024;2024-37;Catalão;0;2024;360;0.0
2024;2024-37;Catanduva;0;2024;1;0.0
2024;2024-37;Caxias do Sul;6;2024;2651;22.63296869105998
2024;2024-37;Ceres - Rialma - Goianésia;0;2024;20;0.0
2024;2024-37;Conceição do Coité;0;2024;30;0.0
2024;2024-37;Cruz Alta;1;2024;452;22.123893805309734
2024;2024-37;Curitiba;16;2024;14168;11.29305477131564
2024;2024-37;Curitibanos;0;2024;21;0.0
2024;2024-37;Distrito Federal;18;2024;12381;14.53840562151684
2024;2024-37;Frederico Westphalen;0;2024;276;0.0
2024;2024-37;Goiana ¿ Timbaúba;0;2024;210;0.0
2024;2024-37;Guarabira;0;2024;56;0.0
2024;2024-37;Guarapuava;0;2024;17;0.0
2024;2024-37;Gurupi;0;2024;23;0.0
2024;2024-37;Ijuí;0;2024;516;0.0
2024;2024-37;Imperatriz;0;2024;15;0.0
2024;2024-37;Itacoatiara;0;2024;51;0.0
2024;2024-37;Jaú;0;2024;143;0.0
2024;2024-37;Ji-Paraná;0;2024;6;0.0
2024;2024-37;Joaçaba - Herval d'Oeste;0;2024;258;0.0
2024;2024-37;Joinville;0;2024;12;0.0
2024;2024-37;Juiz de Fora;3;2024;2050;14.634146341463415
2024;2024-37;Linhares;2;2024;650;30.76923076923077
2024;2024-37;Maceió;0;2024;8;0.0
2024;2024-37;Manaus;9;2024;4770;18.867924528301888
2024;2024-37;Mantena;0;2024;112;0.0
2024;2024-37;Maringá;4;2024;3069;13.033561420658195
2024;2024-37;Marília;1;2024;1784;5.605381165919282
2024;2024-37;Monteiro;0;2024;11;0.0
2024;2024-37;Mossoró;0;2024;24;0.0
2024;2024-37;Natal;0;2024;18;0.0
2024;2024-37;Nazaré ¿ Maragogipe;0;2024;76;0.0
2024;2024-37;Nova Prata - Guaporé;0;2024;339;0.0
2024;2024-37;Oliveira;0;2024;587;0.0
2024;2024-37;Passo Fundo;0;2024;831;0.0
2024;2024-37;Passos;0;2024;614;0.0
2024;2024-37;Patos;0;2024;53;0.0
2024;2024-37;Pinheiro;0;2024;23;0.0
2024;2024-37;Pirapora;0;2024;239;0.0
2024;2024-37;Piumhi;0;2024;12;0.0
2024;2024-37;Ponte Nova;0;2024;29;0.0
2024;2024-37;Porto Alegre;11;2024;15338;7.171730342939106
2024;2024-37;Princesa Isabel;0;2024;42;0.0
2024;2024-37;Quirinópolis;0;2024;76;0.0
2024;2024-37;Resende;0;2024;460;0.0
2024;2024-37;Ribeirão Preto;9;2024;5172;17.40139211136891
2024;2024-37;Rio Claro;1;2024;333;30.03003003003003
2024;2024-37;Rio de Janeiro;55;2024;38026;14.463787934571084
2024;2024-37;Russas - Limoeiro do Norte;1;2024;1229;8.136696501220504
2024;2024-37;Salvador;29;2024;11852;24.468444144448192
2024;2024-37;Santa Cruz do Sul;1;2024;694;14.40922190201729
2024;2024-37;Santa Inês;0;2024;75;0.0
2024;2024-37;Santa Maria;2;2024;1076;18.587360594795538
2024;2024-37;Santa Maria da Vitoria;0;2024;11;0.0
2024;2024-37;Santana do Livramento;0;2024;137;0.0
2024;2024-37;Santos;3;2024;901;33.29633740288568
2024;2024-37;Serra Talhada;0;2024;82;0.0
2024;2024-37;Soledade;0;2024;84;0.0
2024;2024-37;São Miguel do Oeste;0;2024;287;0.0
2024;2024-37;São Paulo;85;2024;67129;12.662187728105588
2024;2024-37;Teófilo Otoni;0;2024;810;0.0
2024;2024-37;Toledo;0;2024;47;0.0
2024;2024-37;Uberaba;3;2024;1341;22.371364653243848
2024;2024-37;Uberlândia;4;2024;3401;11.761246692149367
2024;2024-37;Uruguaiana;0;2024;226;0.0
2024;2024-37;Valença;0;2024;41;0.0
2024;2024-37;Vitória;0;2024;37;0.0
2024;2024-37;Vitória da Conquista;0;2024;24;0.0
2024;2024-37;Volta Redonda - Barra Mansa;4;2024;1788;22.371364653243848
2024;2024-38;Afonso Cláudio - Venda Nova do Imigrante - Santa Maria de Jetibá;0;2024;625;0.0
2024;2024-38;Alegre;0;2024;335;0.0
2024;2024-38;Araranguá;0;2024;621;0.0
2024;2024-38;Atalaia;0;2024;36;0.0
2024;2024-38;Bagé;0;2024;167;0.0
2024;2024-38;Belo Horizonte;42;2024;23019;18.245796950345365
2024;2024-38;Belém;12;2024;8448;14.204545454545455
2024;2024-38;Bento Gonçalves;0;2024;386;0.0
2024;2024-38;Boa Vista;2;2024;789;25.348542458808616
2024;2024-38;Bragança Paulista;0;2024;23;0.0
2024;2024-38;Brumado;0;2024;297;0.0
2024;2024-38;Camacan;0;2024;2;0.0
2024;2024-38;Campina Grande;3;2024;1519;19.749835418038185
2024;2024-38;Campo Belo;0;2024;5;0.0
2024;2024-38;Campos dos Goytacazes;0;2024;924;0.0
2024;2024-38;Caratinga;0;2024;539;0.0
2024;2024-38;Carazinho;0;2024;53;0.0
2024;2024-38;Cascavel;0;2024;27;0.0
2024;2024-38;Catalão;0;2024;360;0.0
2024;2024-38;Catanduva;0;2024;1;0.0
2024;2024-38;Caxias do Sul;4;2024;2651;15.088645794039985
2024;2024-38;Ceres - Rialma - Goianésia;0;2024;20;0.0
2024;2024-38;Conceição do Coité;2;2024;30;666.6666666666666
2024;2024-38;Cruz Alta;0;2024;452;0.0
2024;2024-38;Curitiba;10;2024;14168;7.058159232072275
2024;2024-38;Curitibanos;0;2024;21;0.0
2024;2024-38;Distrito Federal;19;2024;12381;15.346094822712221
2024;2024-38;Frederico Westphalen;0;2024;276;0.0
2024;2024-38;Goiana ¿ Timbaúba;0;2024;210;0.0
2024;2024-38;Guarabira;0;2024;56;0.0
2024;2024-38;Guarapuava;0;2024;17;0.0
2024;2024-38;Gurupi;0;2024;23;0.0
2024;2024-38;Ijuí;0;2024;516;0.0
2024;2024-38;Imperatriz;0;2024;15;0.0
2024;2024-38;Itacoatiara;0;2024;51;0.0
2024;2024-38;Jaú;0;2024;143;0.0
2024;2024-38;Ji-Paraná;0;2024;6;0.0
2024;2024-38;Joaçaba - Herval d'Oeste;0;2024;258;0.0
2024;2024-38;Joinville;0;2024;12;0.0
2024;2024-38;Juiz de Fora;0;2024;2050;0.0
2024;2024-38;Linhares;2;2024;650;30.76923076923077
2024;2024-38;Maceió;0;2024;8;0.0
2024;2024-38;Manaus;7;2024;4770;14.675052410901468
2024;2024-38;Mantena;0;2024;112;0.0
2024;2024-38;Maringá;4;2024;3069;13.033561420658195
2024;2024-38;Marília;1;2024;1784;5.605381165919282
2024;2024-38;Monteiro;0;2024;11;0.0
2024;2024-38;Mossoró;0;2024;24;0.0
2024;2024-38;Natal;0;2024;18;0.0
2024;2024-38;Nazaré ¿ Maragogipe;0;2024;76;0.0
2024;2024-38;Nova Prata - Guaporé;1;2024;339;29.49852507374631
2024;2024-38;Oliveira;0;2024;587;0.0
2024;2024-38;Passo Fundo;0;2024;831;0.0
2024;2024-38;Passos;1;2024;614;16.286644951140065
2024;2024-38;Patos;0;2024;53;0.0
2024;2024-38;Pinheiro;0;2024;23;0.0
2024;2024-38;Pirapora;0;2024;239;0.0
2024;2024-38;Piumhi;0;2024;12;0.0
2024;2024-38;Ponte Nova;0;2024;29;0.0
2024;2024-38;Porto Alegre;12;2024;15338;7.8237058286608425
2024;2024-38;Princesa Isabel;0;2024;42;0.0
2024;2024-38;Quirinópolis;0;2024;76;0.0
2024;2024-38;Resende;0;2024;460;0.0
2024;2024-38;Ribeirão Preto;9;2024;5172;17.40139211136891
2024;2024-38;Rio Claro;0;2024;333;0.0
2024;2024-38;Rio de Janeiro;53;2024;38026;13.937832009677589
2024;2024-38;Russas - Limoeiro do Norte;2;2024;1229;16.273393002441008
2024;2024-38;Salvador;21;2024;11852;17.71852851839352
2024;2024-38;Santa Cruz do Sul;1;2024;694;14.40922190201729
2024;2024-38;Santa Inês;0;2024;75;0.0
2024;2024-38;Santa Maria;2;2024;1076;18.587360594795538
2024;2024-38;Santa Maria da Vitoria;0;2024;11;0.0
2024;2024-38;Santana do Livramento;0;2024;137;0.0
2024;2024-38;Santos;1;2024;901;11.098779134295228
2024;2024-38;Serra Talhada;0;2024;82;0.0
2024;2024-38;Soledade;0;2024;84;0.0
2024;2024-38;São Miguel do Oeste;0;2024;287;0.0
2024;2024-38;São Paulo;88;2024;67129;13.109088471450491
2024;2024-38;Teófilo Otoni;0;2024;810;0.0
2024;2024-38;Toledo;0;2024;47;0.0
2024;2024-38;Uberaba;9;2024;1341;67.11409395973155
2024;2024-38;Uberlândia;6;2024;3401;17.641870038224052
2024;2024-38;Uruguaiana;0;2024;226;0.0
2024;2024-38;Valença;0;2024;41;0.0
2024;2024-38;Vitória;0;2024;37;0.0
2024;2024-38;Vitória da Conquista;0;2024;24;0.0
2024;2024-38;Volta Redonda - Barra Mansa;2;2024;1788;11.185682326621924
2024;2024-39;Afonso Cláudio - Venda Nova do Imigrante - Santa Maria de Jetibá;1;2024;625;16.0
2024;2024-39;Alegre;0;2024;335;0.0
2024;2024-39;Araranguá;0;2024;621;0.0
2024;2024-39;Atalaia;0;2024;36;0.0
2024;2024-39;Bagé;0;2024;167;0.0
2024;2024-39;Belo Horizonte;40;2024;23019;17.376949476519396
2024;2024-39;Belém;7;2024;8448;8.28598484848485
2024;2024-39;Bento Gonçalves;0;2024;386;0.0
2024;2024-39;Boa Vista;4;2024;789;50.69708491761723
2024;2024-39;Bragança Paulista;0;2024;23;0.0
2024;2024-39;Brumado;0;2024;297;0.0
2024;2024-39;Camacan;0;2024;2;0.0
2024;2024-39;Campina Grande;3;2024;1519;19.749835418038185
2024;2024-39;Campo Belo;0;2024;5;0.0
2024;2024-39;Campos dos Goytacazes;1;2024;924;10.822510822510823
2024;2024-39;Caratinga;0;2024;539;0.0
2024;2024-39;Carazinho;0;2024;53;0.0
2024;2024-39;Cascavel;0;2024;27;0.0
2024;2024-39;Catalão;0;2024;360;0.0
2024;2024-39;Catanduva;0;2024;1;0.0
2024;2024-39;Caxias do Sul;0;2024;2651;0.0
2024;2024-39;Ceres - Rialma - Goianésia;0;2024;20;0.0
2024;2024-39;Conceição do Coité;0;2024;30;0.0
2024;2024-39;Cruz Alta;0;2024;452;0.0
2024;2024-39;Curitiba;16;2024;14168;11.29305477131564
2024;2024-39;Curitibanos;0;2024;21;0.0
2024;2024-39;Distrito Federal;7;2024;12381;5.65382440836766
2024;2024-39;Frederico Westphalen;0;2024;276;0.0
2024;2024-39;Goiana ¿ Timbaúba;0;2024;210;0.0
2024;2024-39;Guarabira;0;2024;56;0.0
2024;2024-39;Guarapuava;0;2024;17;0.0
2024;2024-39;Gurupi;0;2024;23;0.0
2024;2024-39;Ijuí;0;2024;516;0.0
2024;2024-39;Imperatriz;0;2024;15;0.0
2024;2024-39;Itacoatiara;0;2024;51;0.0
2024;2024-39;Jaú;0;2024;143;0.0
2024;2024-39;Ji-Paraná;0;2024;6;0.0
2024;2024-39;Joaçaba - Herval d'Oeste;2;2024;258;77.51937984496124
2024;2024-39;Joinville;0;2024;12;0.0
2024;2024-39;Juiz de Fora;2;2024;2050;9.75609756097561
2024;2024-39;Linhares;0;2024;650;0.0
2024;2024-39;Maceió;0;2024;8;0.0
2024;2024-39;Manaus;7;2024;4770;14.675052410901468
2024;2024-39;Mantena;0;2024;112;0.0
2024;2024-39;Maringá;3;2024;3069;9.775171065493646
2024;2024-39;Marília;1;2024;1784;5.605381165919282
2024;2024-39;Monteiro;0;2024;11;0.0
2024;2024-39;Mossoró;0;2024;24;0.0
2024;2024-39;Natal;0;2024;18;0.0
2024;2024-39;Nazaré ¿ Maragogipe;0;2024;76;0.0
2024;2024-39;Nova Prata - Guaporé;2;2024;339;58.99705014749262
2024;2024-39;Oliveira;0;2024;587;0.0
2024;2024-39;Passo Fundo;0;2024;831;0.0
2024;2024-39;Passos;1;2024;614;16.286644951140065
2024;2024-39;Patos;0;2024;53;0.0
2024;2024-39;Pinheiro;0;2024;23;0.0
2024;2024-39;Pirapora;0;2024;239;0.0
2024;2024-39;Piumhi;0;2024;12;0.0
2024;2024-39;Ponte Nova;0;2024;29;0.0
2024;2024-39;Porto Alegre;21;2024;15338;13.691485200156475
2024;2024-39;Princesa Isabel;0;2024;42;0.0
2024;2024-39;Quirinópolis;0;2024;76;0.0
2024;2024-39;Resende;0;2024;460;0.0
2024;2024-39;Ribeirão Preto;0;2024;5172;0.0
2024;2024-39;Rio Claro;0;2024;333;0.0
2024;2024-39;Rio de Janeiro;46;2024;38026;12.09698627255036
2024;2024-39;Russas - Limoeiro do Norte;0;2024;1229;0.0
2024;2024-39;Salvador;25;2024;11852;21.093486331420856
2024;2024-39;Santa Cruz do Sul;1;2024;694;14.40922190201729
2024;2024-39;Santa Inês;0;2024;75;0.0
2024;2024-39;Santa Maria;1;2024;1076;9.293680297397769
2024;2024-39;Santa Maria da Vitoria;0;2024;11;0.0
2024;2024-39;Santana do Livramento;0;2024;137;0.0
2024;2024-39;Santos;0;2024;901;0.0
2024;2024-39;Serra Talhada;0;2024;82;0.0
2024;2024-39;Soledade;0;2024;84;0.0
2024;2024-39;São Miguel do Oeste;0;2024;287;0.0
2024;2024-39;São Paulo;72;2024;67129;10.725617840277675
2024;2024-39;Teófilo Otoni;0;2024;810;0.0
2024;2024-39;Toledo;1;2024;47;212.7659574468085
2024;2024-39;Uberaba;3;2024;1341;22.371364653243848
2024;2024-39;Uberlândia;12;2024;3401;35.283740076448105
2024;2024-39;Uruguaiana;0;2024;226;0.0
2024;2024-39;Valença;0;2024;41;0.0
2024;2024-39;Vitória;0;2024;37;0.0
2024;2024-39;Vitória da Conquista;0;2024;24;0.0
2024;2024-39;Volta Redonda - Barra Mansa;0;2024;1788;0.0
2024;2024-40;Afonso Cláudio - Venda Nova do Imigrante - Santa Maria de Jetibá;1;2024;625;16.0
2024;2024-40;Alegre;0;2024;335;0.0
2024;2024-40;Araranguá;0;2024;621;0.0
2024;2024-40;Atalaia;2;2024;36;555.5555555555555
2024;2024-40;Bagé;0;2024;167;0.0
2024;2024-40;Belo Horizonte;27;2024;23019;11.729440896650592
2024;2024-40;Belém;9;2024;8448;10.65340909090909
2024;2024-40;Bento Gonçalves;0;2024;386;0.0
2024;2024-40;Boa Vista;3;2024;789;38.02281368821293
2024;2024-40;Bragança Paulista;0;2024;23;0.0
2024;2024-40;Brumado;0;2024;297;0.0
2024;2024-40;Camacan;0;2024;2;0.0
2024;2024-40;Campina Grande;3;2024;1519;19.749835418038185
2024;2024-40;Campo Belo;0;2024;5;0.0
2024;2024-40;Campos dos Goytacazes;0;2024;924;0.0
2024;2024-40;Caratinga;0;2024;539;0.0
2024;2024-40;Carazinho;0;2024;53;0.0
2024;2024-40;Cascavel;0;2024;27;0.0
2024;2024-40;Catalão;0;2024;360;0.0
2024;2024-40;Catanduva;0;2024;1;0.0
2024;2024-40;Caxias do Sul;3;2024;2651;11.31648434552999
2024;2024-40;Ceres - Rialma - Goianésia;0;2024;20;0.0
2024;2024-40;Conceição do Coité;0;2024;30;0.0
2024;2024-40;Cruz Alta;0;2024;452;0.0
2024;2024-40;Curitiba;16;2024;14168;11.29305477131564
2024;2024-40;Curitibanos;0;2024;21;0.0
2024;2024-40;Distrito Federal;14;2024;12381;11.30764881673532
2024;2024-40;Frederico Westphalen;0;2024;276;0.0
2024;2024-40;Goiana ¿ Timbaúba;0;2024;210;0.0
2024;2024-40;Guarabira;0;2024;56;0.0
2024;2024-40;Guarapuava;0;2024;17;0.0
2024;2024-40;Gurupi;0;2024;23;0.0
2024;2024-40;Ijuí;2;2024;516;38.75968992248062
2024;2024-40;Imperatriz;0;2024;15;0.0
2024;2024-40;Itacoatiara;0;2024;51;0.0
2024;2024-40;Jaú;0;2024;143;0.0
2024;2024-40;Ji-Paraná;0;2024;6;0.0
2024;2024-40;Joaçaba - Herval d'Oeste;0;2024;258;0.0
2024;2024-40;Joinville;0;2024;12;0.0
2024;2024-40;Juiz de Fora;1;2024;2050;4.878048780487805
2024;2024-40;Linhares;0;2024;650;0.0
2024;2024-40;Maceió;0;2024;8;0.0
2024;2024-40;Manaus;3;2024;4770;6.289308176100628
2024;2024-40;Mantena;0;2024;112;0.0
2024;2024-40;Maringá;1;2024;3069;3.258390355164549
2024;2024-40;Marília;3;2024;1784;16.81614349775785
2024;2024-40;Monteiro;0;2024;11;0.0
2024;2024-40;Mossoró;0;2024;24;0.0
2024;2024-40;Natal;2;2024;18;1111.111111111111
2024;2024-40;Nazaré ¿ Maragogipe;0;2024;76;0.0
2024;2024-40;Nova Prata - Guaporé;0;2024;339;0.0
2024;2024-40;Oliveira;1;2024;587;17.035775127768314
2024;2024-40;Passo Fundo;0;2024;831;0.0
2024;2024-40;Passos;0;2024;614;0.0
2024;2024-40;Patos;0;2024;53;0.0
2024;2024-40;Pinheiro;0;2024;23;0.0
2024;2024-40;Pirapora;1;2024;239;41.84100418410041
2024;2024-40;Piumhi;0;2024;12;0.0
2024;2024-40;Ponte Nova;0;2024;29;0.0
2024;2024-40;Porto Alegre;16;2024;15338;10.431607771547789
2024;2024-40;Princesa Isabel;0;2024;42;0.0
2024;2024-40;Quirinópolis;0;2024;76;0.0
2024;2024-40;Resende;0;2024;460;0.0
2024;2024-40;Ribeirão Preto;8;2024;5172;15.467904098994588
2024;2024-40;Rio Claro;0;2024;333;0.0
2024;2024-40;Rio de Janeiro;41;2024;38026;10.782096460316625
2024;2024-40;Russas - Limoeiro do Norte;2;2024;1229;16.273393002441008
2024;2024-40;Salvador;14;2024;11852;11.81235234559568
2024;2024-40;Santa Cruz do Sul;1;2024;694;14.40922190201729
2024;2024-40;Santa Inês;0;2024;75;0.0
2024;2024-40;Santa Maria;0;2024;1076;0.0
2024;2024-40;Santa Maria da Vitoria;0;2024;11;0.0
2024;2024-40;Santana do Livramento;1;2024;137;72.99270072992701
2024;2024-40;Santos;0;2024;901;0.0
2024;2024-40;Serra Talhada;0;2024;82;0.0
2024;2024-40;Soledade;0;2024;84;0.0
2024;2024-40;São Miguel do Oeste;0;2024;287;0.0
2024;2024-40;São Paulo;83;2024;67129;12.364253899208984
2024;2024-40;Teófilo Otoni;2;2024;810;24.691358024691358
2024;2024-40;Toledo;0;2024;47;0.0
2024;2024-40;Uberaba;7;2024;1341;52.19985085756898
2024;2024-40;Uberlândia;7;2024;3401;20.582181711261395
2024;2024-40;Uruguaiana;0;2024;226;0.0
2024;2024-40;Valença;0;2024;41;0.0
2024;2024-40;Vitória;0;2024;37;0.0
2024;2024-40;Vitória da Conquista;0;2024;24;0.0
2024;2024-40;Volta Redonda - Barra Mansa;3;2024;1788;16.778523489932887
2024;2024-41;Afonso Cláudio - Venda Nova do Imigrante - Santa Maria de Jetibá;0;2024;625;0.0
2024;2024-41;Alegre;1;2024;335;29.850746268656717
2024;2024-41;Araranguá;0;2024;621;0.0
2024;2024-41;Atalaia;0;2024;36;0.0
2024;2024-41;Bagé;0;2024;167;0.0
2024;2024-41;Belo Horizonte;28;2024;23019;12.163864633563577
2024;2024-41;Belém;23;2024;8448;27.22537878787879
2024;2024-41;Bento Gonçalves;0;2024;386;0.0
2024;2024-41;Boa Vista;1;2024;789;12.674271229404308
2024;2024-41;Bragança Paulista;0;2024;23;0.0
2024;2024-41;Brumado;0;2024;297;0.0
2024;2024-41;Camacan;0;2024;2;0.0
2024;2024-41;Campina Grande;1;2024;1519;6.583278472679394
2024;2024-41;Campo Belo;0;2024;5;0.0
2024;2024-41;Campos dos Goytacazes;0;2024;924;0.0
2024;2024-41;Caratinga;0;2024;539;0.0
2024;2024-41;Carazinho;0;2024;53;0.0
2024;2024-41;Cascavel;0;2024;27;0.0
2024;2024-41;Catalão;1;2024;360;27.77777777777778
2024;2024-41;Catanduva;0;2024;1;0.0
2024;2024-41;Caxias do Sul;6;2024;2651;22.63296869105998
2024;2024-41;Ceres - Rialma - Goianésia;0;2024;20;0.0
2024;2024-41;Conceição do Coité;1;2024;30;333.3333333333333
2024;2024-41;Cruz Alta;1;2024;452;22.123893805309734
2024;2024-41;Curitiba;22;2024;14168;15.527950310559005
2024;2024-41;Curitibanos;0;2024;21;0.0
2024;2024-41;Distrito Federal;8;2024;12381;6.46151360956304
2024;2024-41;Frederico Westphalen;0;2024;276;0.0
2024;2024-41;Goiana ¿ Timbaúba;0;2024;210;0.0
2024;2024-41;Guarabira;0;2024;56;0.0
2024;2024-41;Guarapuava;0;2024;17;0.0
2024;2024-41;Gurupi;0;2024;23;0.0
2024;2024-41;Ijuí;3;2024;516;58.13953488372093
2024;2024-41;Imperatriz;0;2024;15;0.0
2024;2024-41;Itacoatiara;0;2024;51;0.0
2024;2024-41;Jaú;0;2024;143;0.0
2024;2024-41;Ji-Paraná;0;2024;6;0.0
2024;2024-41;Joaçaba - Herval d'Oeste;0;2024;258;0.0
2024;2024-41;Joinville;0;2024;12;0.0
2024;2024-41;Juiz de Fora;1;2024;2050;4.878048780487805
2024;2024-41;Linhares;2;2024;650;30.76923076923077
2024;2024-41;Maceió;0;2024;8;0.0
2024;2024-41;Manaus;7;2024;4770;14.675052410901468
2024;2024-41;Mantena;0;2024;112;0.0
2024;2024-41;Maringá;3;2024;3069;9.775171065493646
2024;2024-41;Marília;2;2024;1784;11.210762331838565
2024;2024-41;Monteiro;0;2024;11;0.0
2024;2024-41;Mossoró;0;2024;24;0.0
2024;2024-41;Natal;0;2024;18;0.0
2024;2024-41;Nazaré ¿ Maragogipe;0;2024;76;0.0
2024;2024-41;Nova Prata - Guaporé;1;2024;339;29.49852507374631
2024;2024-41;Oliveira;0;2024;587;0.0
2024;2024-41;Passo Fundo;3;2024;831;36.101083032490976
2024;2024-41;Passos;2;2024;614;32.57328990228013
2024;2024-41;Patos;0;2024;53;0.0
2024;2024-41;Pinheiro;0;2024;23;0.0
2024;2024-41;Pirapora;0;2024;239;0.0
2024;2024-41;Piumhi;0;2024;12;0.0
2024;2024-41;Ponte Nova;0;2024;29;0.0
2024;2024-41;Porto Alegre;22;2024;15338;14.343460685878211
2024;2024-41;Princesa Isabel;0;2024;42;0.0
2024;2024-41;Quirinópolis;0;2024;76;0.0
2024;2024-41;Resende;0;2024;460;0.0
2024;2024-41;Ribeirão Preto;8;2024;5172;15.467904098994588
2024;2024-41;Rio Claro;0;2024;333;0.0
2024;2024-41;Rio de Janeiro;48;2024;38026;12.622942197443853
2024;2024-41;Russas - Limoeiro do Norte;0;2024;1229;0.0
2024;2024-41;Salvador;13;2024;11852;10.968612892338847
2024;2024-41;Santa Cruz do Sul;1;2024;694;14.40922190201729
2024;2024-41;Santa Inês;0;2024;75;0.0
2024;2024-41;Santa Maria;1;2024;1076;9.293680297397769
2024;2024-41;Santa Maria da Vitoria;0;2024;11;0.0
2024;2024-41;Santana do Livramento;0;2024;137;0.0
2024;2024-41;Santos;0;2024;901;0.0
2024;2024-41;Serra Talhada;0;2024;82;0.0
2024;2024-41;Soledade;0;2024;84;0.0
2024;2024-41;São Miguel do Oeste;0;2024;287;0.0
2024;2024-41;São Paulo;68;2024;67129;10.12975018248447
2024;2024-41;Teófilo Otoni;1;2024;810;12.345679012345679
2024;2024-41;Toledo;0;2024;47;0.0
2024;2024-41;Uberaba;6;2024;1341;44.742729306487696
2024;2024-41;Uberlândia;3;2024;3401;8.820935019112026
2024;2024-41;Uruguaiana;0;2024;226;0.0
2024;2024-41;Valença;0;2024;41;0.0
2024;2024-41;Vitória;0;2024;37;0.0
2024;2024-41;Vitória da Conquista;0;2024;24;0.0
2024;2024-41;Volta Redonda - Barra Mansa;2;2024;1788;11.185682326621924
2024;2024-42;Afonso Cláudio - Venda Nova do Imigrante - Santa Maria de Jetibá;2;2024;625;32.0
2024;2024-42;Alegre;0;2024;335;0.0
2024;2024-42;Araranguá;0;2024;621;0.0
2024;2024-42;Atalaia;0;2024;36;0.0
2024;2024-42;Bagé;0;2024;167;0.0
2024;2024-42;Belo Horizonte;38;2024;23019;16.508102002693427
2024;2024-42;Belém;11;2024;8448;13.020833333333332
2024;2024-42;Bento Gonçalves;0;2024;386;0.0
2024;2024-42;Boa Vista;2;2024;789;25.348542458808616
2024;2024-42;Bragança Paulista;0;2024;23;0.0
2024;2024-42;Brumado;1;2024;297;33.67003367003367
2024;2024-42;Camacan;0;2024;2;0.0
2024;2024-42;Campina Grande;4;2024;1519;26.333113890717577
2024;2024-42;Campo Belo;0;2024;5;0.0
2024;2024-42;Campos dos Goytacazes;1;2024;924;10.822510822510823
2024;2024-42;Caratinga;0;2024;539;0.0
2024;2024-42;Carazinho;0;2024;53;0.0
2024;2024-42;Cascavel;0;2024;27;0.0
2024;2024-42;Catalão;0;2024;360;0.0
2024;2024-42;Catanduva;0;2024;1;0.0
2024;2024-42;Caxias do Sul;1;2024;2651;3.7721614485099964
2024;2024-42;Ceres - Rialma - Goianésia;0;2024;20;0.0
2024;2024-42;Conceição do Coité;0;2024;30;0.0
2024;2024-42;Cruz Alta;0;2024;452;0.0
2024;2024-42;Curitiba;21;2024;14168;14.822134387351777
2024;2024-42;Curitibanos;0;2024;21;0.0
2024;2024-42;Distrito Federal;16;2024;12381;12.92302721912608
2024;2024-42;Frederico Westphalen;0;2024;276;0.0
2024;2024-42;Goiana ¿ Timbaúba;0;2024;210;0.0
2024;2024-42;Guarabira;0;2024;56;0.0
2024;2024-42;Guarapuava;0;2024;17;0.0
2024;2024-42;Gurupi;0;2024;23;0.0
2024;2024-42;Ijuí;0;2024;516;0.0
2024;2024-42;Imperatriz;0;2024;15;0.0
2024;2024-42;Itacoatiara;0;2024;51;0.0
2024;2024-42;Jaú;0;2024;143;0.0
2024;2024-42;Ji-Paraná;0;2024;6;0.0
2024;2024-42;Joaçaba - Herval d'Oeste;0;2024;258;0.0
2024;2024-42;Joinville;0;2024;12;0.0
2024;2024-42;Juiz de Fora;0;2024;2050;0.0
2024;2024-42;Linhares;0;2024;650;0.0
2024;2024-42;Maceió;0;2024;8;0.0
2024;2024-42;Manaus;13;2024;4770;27.253668763102723
2024;2024-42;Mantena;0;2024;112;0.0
2024;2024-42;Maringá;0;2024;3069;0.0
2024;2024-42;Marília;2;2024;1784;11.210762331838565
2024;2024-42;Monteiro;1;2024;11;909.0909090909091
2024;2024-42;Mossoró;0;2024;24;0.0
2024;2024-42;Natal;0;2024;18;0.0
2024;2024-42;Nazaré ¿ Maragogipe;0;2024;76;0.0
2024;2024-42;Nova Prata - Guaporé;0;2024;339;0.0
2024;2024-42;Oliveira;0;2024;587;0.0
2024;2024-42;Passo Fundo;2;2024;831;24.067388688327316
2024;2024-42;Passos;1;2024;614;16.286644951140065
2024;2024-42;Patos;0;2024;53;0.0
2024;2024-42;Pinheiro;0;2024;23;0.0
2024;2024-42;Pirapora;1;2024;239;41.84100418410041
2024;2024-42;Piumhi;0;2024;12;0.0
2024;2024-42;Ponte Nova;0;2024;29;0.0
2024;2024-42;Porto Alegre;24;2024;15338;15.647411657321685
2024;2024-42;Princesa Isabel;0;2024;42;0.0
2024;2024-42;Quirinópolis;0;2024;76;0.0
2024;2024-42;Resende;0;2024;460;0.0
2024;2024-42;Ribeirão Preto;5;2024;5172;9.667440061871616
2024;2024-42;Rio Claro;0;2024;333;0.0
2024;2024-42;Rio de Janeiro;47;2024;38026;12.359964234997106
2024;2024-42;Russas - Limoeiro do Norte;1;2024;1229;8.136696501220504
2024;2024-42;Salvador;7;2024;11852;5.90617617279784
2024;2024-42;Santa Cruz do Sul;0;2024;694;0.0
2024;2024-42;Santa Inês;1;2024;75;133.33333333333334
2024;2024-42;Santa Maria;0;2024;1076;0.0
2024;2024-42;Santa Maria da Vitoria;0;2024;11;0.0
2024;2024-42;Santana do Livramento;0;2024;137;0.0
2024;2024-42;Santos;2;2024;901;22.197558268590456
2024;2024-42;Serra Talhada;0;2024;82;0.0
2024;2024-42;Soledade;0;2024;84;0.0
2024;2024-42;São Miguel do Oeste;1;2024;287;34.84320557491289
2024;2024-42;São Paulo;67;2024;67129;9.980783268036168
2024;2024-42;Teófilo Otoni;0;2024;810;0.0
2024;2024-42;Toledo;0;2024;47;0.0
2024;2024-42;Uberaba;0;2024;1341;0.0
2024;2024-42;Uberlândia;5;2024;3401;14.701558365186711
2024;2024-42;Uruguaiana;0;2024;226;0.0
2024;2024-42;Valença;0;2024;41;0.0
2024;2024-42;Vitória;0;2024;37;0.0
2024;2024-42;Vitória da Conquista;0;2024;24;0.0
2024;2024-42;Volta Redonda - Barra Mansa;1;2024;1788;5.592841163310962
2024;2024-43;Afonso Cláudio - Venda Nova do Imigrante - Santa Maria de Jetibá;0;2024;625;0.0
2024;2024-43;Alegre;0;2024;335;0.0
2024;2024-43;Araranguá;0;2024;621;0.0
2024;2024-43;Atalaia;0;2024;36;0.0
2024;2024-43;Bagé;0;2024;167;0.0
2024;2024-43;Belo Horizonte;20;2024;23019;8.688474738259698
2024;2024-43;Belém;14;2024;8448;16.5719696969697
2024;2024-43;Bento Gonçalves;0;2024;386;0.0
2024;2024-43;Boa Vista;1;2024;789;12.674271229404308
2024;2024-43;Bragança Paulista;0;2024;23;0.0
2024;2024-43;Brumado;0;2024;297;0.0
2024;2024-43;Camacan;0;2024;2;0.0
2024;2024-43;Campina Grande;5;2024;1519;32.91639236339697
2024;2024-43;Campo Belo;0;2024;5;0.0
2024;2024-43;Campos dos Goytacazes;1;2024;924;10.822510822510823
2024;2024-43;Caratinga;0;2024;539;0.0
2024;2024-43;Carazinho;0;2024;53;0.0
2024;2024-43;Cascavel;0;2024;27;0.0
2024;2024-43;Catalão;0;2024;360;0.0
2024;2024-43;Catanduva;0;2024;1;0.0
2024;2024-43;Caxias do Sul;1;2024;2651;3.7721614485099964
2024;2024-43;Ceres - Rialma - Goianésia;0;2024;20;0.0
2024;2024-43;Conceição do Coité;1;2024;30;333.3333333333333
2024;2024-43;Cruz Alta;1;2024;452;22.123893805309734
2024;2024-43;Curitiba;22;2024;14168;15.527950310559005
2024;2024-43;Curitibanos;0;2024;21;0.0
2024;2024-43;Distrito Federal;19;2024;12381;15.346094822712221
2024;2024-43;Frederico Westphalen;0;2024;276;0.0
2024;2024-43;Goiana ¿ Timbaúba;0;2024;210;0.0
2024;2024-43;Guarabira;0;2024;56;0.0
2024;2024-43;Guarapuava;0;2024;17;0.0
2024;2024-43;Gurupi;0;2024;23;0.0
2024;2024-43;Ijuí;1;2024;516;19.37984496124031
2024;2024-43;Imperatriz;0;2024;15;0.0
2024;2024-43;Itacoatiara;0;2024;51;0.0
2024;2024-43;Jaú;0;2024;143;0.0
2024;2024-43;Ji-Paraná;0;2024;6;0.0
2024;2024-43;Joaçaba - Herval d'Oeste;0;2024;258;0.0
2024;2024-43;Joinville;0;2024;12;0.0
2024;2024-43;Juiz de Fora;4;2024;2050;19.51219512195122
2024;2024-43;Linhares;1;2024;650;15.384615384615385
2024;2024-43;Maceió;0;2024;8;0.0
2024;2024-43;Manaus;9;2024;4770;18.867924528301888
2024;2024-43;Mantena;0;2024;112;0.0
2024;2024-43;Maringá;4;2024;3069;13.033561420658195
2024;2024-43;Marília;4;2024;1784;22.42152466367713
2024;2024-43;Monteiro;0;2024;11;0.0
2024;2024-43;Mossoró;0;2024;24;0.0
2024;2024-43;Natal;0;2024;18;0.0
2024;2024-43;Nazaré ¿ Maragogipe;0;2024;76;0.0
2024;2024-43;Nova Prata - Guaporé;0;2024;339;0.0
2024;2024-43;Oliveira;1;2024;587;17.035775127768314
2024;2024-43;Passo Fundo;2;2024;831;24.067388688327316
2024;2024-43;Passos;0;2024;614;0.0
2024;2024-43;Patos;0;2024;53;0.0
2024;2024-43;Pinheiro;0;2024;23;0.0
2024;2024-43;Pirapora;0;2024;239;0.0
2024;2024-43;Piumhi;0;2024;12;0.0
2024;2024-43;Ponte Nova;0;2024;29;0.0
2024;2024-43;Porto Alegre;15;2024;15338;9.779632285826052
2024;2024-43;Princesa Isabel;0;2024;42;0.0
2024;2024-43;Quirinópolis;0;2024;76;0.0
2024;2024-43;Resende;0;2024;460;0.0
2024;2024-43;Ribeirão Preto;14;2024;5172;27.068832173240526
2024;2024-43;Rio Claro;1;2024;333;30.03003003003003
2024;2024-43;Rio de Janeiro;67;2024;38026;17.619523483932046
2024;2024-43;Russas - Limoeiro do Norte;1;2024;1229;8.136696501220504
2024;2024-43;Salvador;21;2024;11852;17.71852851839352
2024;2024-43;Santa Cruz do Sul;0;2024;694;0.0
2024;2024-43;Santa Inês;0;2024;75;0.0
2024;2024-43;Santa Maria;2;2024;1076;18.587360594795538
2024;2024-43;Santa Maria da Vitoria;0;2024;11;0.0
2024;2024-43;Santana do Livramento;0;2024;137;0.0
2024;2024-43;Santos;1;2024;901;11.098779134295228
2024;2024-43;Serra Talhada;0;2024;82;0.0
2024;2024-43;Soledade;0;2024;84;0.0
2024;2024-43;São Miguel do Oeste;1;2024;287;34.84320557491289
2024;2024-43;São Paulo;89;2024;67129;13.258055385898793
2024;2024-43;Teófilo Otoni;1;2024;810;12.345679012345679
2024;2024-43;Toledo;0;2024;47;0.0
2024;2024-43;Uberaba;2;2024;1341;14.914243102162564
2024;2024-43;Uberlândia;6;2024;3401;17.641870038224052
2024;2024-43;Uruguaiana;0;2024;226;0.0
2024;2024-43;Valença;0;2024;41;0.0
2024;2024-43;Vitória;0;2024;37;0.0
2024;2024-43;Vitória da Conquista;0;2024;24;0.0
2024;2024-43;Volta Redonda - Barra Mansa;0;2024;1788;0.0
2024;2024-44;Afonso Cláudio - Venda Nova do Imigrante - Santa Maria de Jetibá;2;2024;625;32.0
2024;2024-44;Alegre;0;2024;335;0.0
2024;2024-44;Araranguá;1;2024;621;16.10305958132045
2024;2024-44;Atalaia;0;2024;36;0.0
2024;2024-44;Bagé;0;2024;167;0.0
2024;2024-44;Belo Horizonte;49;2024;23019;21.286763108736263
2024;2024-44;Belém;21;2024;8448;24.857954545454547
2024;2024-44;Bento Gonçalves;1;2024;386;25.906735751295336
2024;2024-44;Boa Vista;0;2024;789;0.0
2024;2024-44;Bragança Paulista;0;2024;23;0.0
2024;2024-44;Brumado;0;2024;297;0.0
2024;2024-44;Camacan;0;2024;2;0.0
2024;2024-44;Campina Grande;1;2024;1519;6.583278472679394
2024;2024-44;Campo Belo;0;2024;5;0.0
2024;2024-44;Campos dos Goytacazes;2;2024;924;21.645021645021647
2024;2024-44;Caratinga;1;2024;539;18.55287569573284
2024;2024-44;Carazinho;0;2024;53;0.0
2024;2024-44;Cascavel;0;2024;27;0.0
2024;2024-44;Catalão;2;2024;360;55.55555555555556
2024;2024-44;Catanduva;0;2024;1;0.0
2024;2024-44;Caxias do Sul;3;2024;2651;11.31648434552999
2024;2024-44;Ceres - Rialma - Goianésia;0;2024;20;0.0
2024;2024-44;Conceição do Coité;0;2024;30;0.0
2024;2024-44;Cruz Alta;0;2024;452;0.0
2024;2024-44;Curitiba;37;2024;14168;26.11518915866742
2024;2024-44;Curitibanos;0;2024;21;0.0
2024;2024-44;Distrito Federal;20;2024;12381;16.1537840239076
2024;2024-44;Frederico Westphalen;1;2024;276;36.231884057971016
2024;2024-44;Goiana ¿ Timbaúba;1;2024;210;47.61904761904762
2024;2024-44;Guarabira;0;2024;56;0.0
2024;2024-44;Guarapuava;0;2024;17;0.0
2024;2024-44;Gurupi;0;2024;23;0.0
2024;2024-44;Ijuí;0;2024;516;0.0
2024;2024-44;Imperatriz;0;2024;15;0.0
2024;2024-44;Itacoatiara;0;2024;51;0.0
2024;2024-44;Jaú;0;2024;143;0.0
2024;2024-44;Ji-Paraná;0;2024;6;0.0
2024;2024-44;Joaçaba - Herval d'Oeste;0;2024;258;0.0
2024;2024-44;Joinville;0;2024;12;0.0
2024;2024-44;Juiz de Fora;1;2024;2050;4.878048780487805
2024;2024-44;Linhares;1;2024;650;15.384615384615385
2024;2024-44;Maceió;0;2024;8;0.0
2024;2024-44;Manaus;2;2024;4770;4.192872117400419
2024;2024-44;Mantena;0;2024;112;0.0
2024;2024-44;Maringá;1;2024;3069;3.258390355164549
2024;2024-44;Marília;2;2024;1784;11.210762331838565
2024;2024-44;Monteiro;0;2024;11;0.0
2024;2024-44;Mossoró;0;2024;24;0.0
2024;2024-44;Natal;0;2024;18;0.0
2024;2024-44;Nazaré ¿ Maragogipe;0;2024;76;0.0
2024;2024-44;Nova Prata - Guaporé;0;2024;339;0.0
2024;2024-44;Oliveira;0;2024;587;0.0
2024;2024-44;Passo Fundo;3;2024;831;36.101083032490976
2024;2024-44;Passos;0;2024;614;0.0
2024;2024-44;Patos;0;2024;53;0.0
2024;2024-44;Pinheiro;0;2024;23;0.0
2024;2024-44;Pirapora;0;2024;239;0.0
2024;2024-44;Piumhi;0;2024;12;0.0
2024;2024-44;Ponte Nova;0;2024;29;0.0
2024;2024-44;Porto Alegre;26;2024;15338;16.951362628765157
2024;2024-44;Princesa Isabel;0;2024;42;0.0
2024;2024-44;Quirinópolis;0;2024;76;0.0
2024;2024-44;Resende;0;2024;460;0.0
2024;2024-44;Ribeirão Preto;4;2024;5172;7.733952049497294
2024;2024-44;Rio Claro;0;2024;333;0.0
2024;2024-44;Rio de Janeiro;37;2024;38026;9.730184610529639
2024;2024-44;Russas - Limoeiro do Norte;0;2024;1229;0.0
2024;2024-44;Salvador;16;2024;11852;13.499831252109349
2024;2024-44;Santa Cruz do Sul;1;2024;694;14.40922190201729
2024;2024-44;Santa Inês;0;2024;75;0.0
2024;2024-44;Santa Maria;5;2024;1076;46.46840148698885
2024;2024-44;Santa Maria da Vitoria;0;2024;11;0.0
2024;2024-44;Santana do Livramento;0;2024;137;0.0
2024;2024-44;Santos;0;2024;901;0.0
2024;2024-44;Serra Talhada;0;2024;82;0.0
2024;2024-44;Soledade;0;2024;84;0.0
2024;2024-44;São Miguel do Oeste;0;2024;287;0.0
2024;2024-44;São Paulo;73;2024;67129;10.874584754725976
2024;2024-44;Teófilo Otoni;1;2024;810;12.345679012345679
2024;2024-44;Toledo;0;2024;47;0.0
2024;2024-44;Uberaba;0;2024;1341;0.0
2024;2024-44;Uberlândia;4;2024;3401;11.761246692149367
2024;2024-44;Uruguaiana;1;2024;226;44.24778761061947
2024;2024-44;Valença;0;2024;41;0.0
2024;2024-44;Vitória;0;2024;37;0.0
2024;2024-44;Vitória da Conquista;0;2024;24;0.0
2024;2024-44;Volta Redonda - Barra Mansa;2;2024;1788;11.185682326621924
2024;2024-45;Afonso Cláudio - Venda Nova do Imigrante - Santa Maria de Jetibá;0;2024;625;0.0
2024;2024-45;Alegre;0;2024;335;0.0
2024;2024-45;Araranguá;3;2024;621;48.30917874396135
2024;2024-45;Atalaia;0;2024;36;0.0
2024;2024-45;Bagé;0;2024;167;0.0
2024;2024-45;Belo Horizonte;40;2024;23019;17.376949476519396
2024;2024-45;Belém;15;2024;8448;17.755681818181817
2024;2024-45;Bento Gonçalves;0;2024;386;0.0
2024;2024-45;Boa Vista;1;2024;789;12.674271229404308
2024;2024-45;Bragança Paulista;0;2024;23;0.0
2024;2024-45;Brumado;0;2024;297;0.0
2024;2024-45;Camacan;0;2024;2;0.0
2024;2024-45;Campina Grande;0;2024;1519;0.0
2024;2024-45;Campo Belo;0;2024;5;0.0
2024;2024-45;Campos dos Goytacazes;0;2024;924;0.0
2024;2024-45;Caratinga;2;2024;539;37.10575139146568
2024;2024-45;Carazinho;0;2024;53;0.0
2024;2024-45;Cascavel;0;2024;27;0.0
2024;2024-45;Catalão;0;2024;360;0.0
2024;2024-45;Catanduva;0;2024;1;0.0
2024;2024-45;Caxias do Sul;8;2024;2651;30.17729158807997
2024;2024-45;Ceres - Rialma - Goianésia;0;2024;20;0.0
2024;2024-45;Conceição do Coité;1;2024;30;333.3333333333333
2024;2024-45;Cruz Alta;2;2024;452;44.24778761061947
2024;2024-45;Curitiba;17;2024;14168;11.998870694522868
2024;2024-45;Curitibanos;0;2024;21;0.0
2024;2024-45;Distrito Federal;15;2024;12381;12.1153380179307
2024;2024-45;Frederico Westphalen;0;2024;276;0.0
2024;2024-45;Goiana ¿ Timbaúba;0;2024;210;0.0
2024;2024-45;Guarabira;0;2024;56;0.0
2024;2024-45;Guarapuava;0;2024;17;0.0
2024;2024-45;Gurupi;0;2024;23;0.0
2024;2024-45;Ijuí;0;2024;516;0.0
2024;2024-45;Imperatriz;0;2024;15;0.0
2024;2024-45;Itacoatiara;0;2024;51;0.0
2024;2024-45;Jaú;0;2024;143;0.0
2024;2024-45;Ji-Paraná;0;2024;6;0.0
2024;2024-45;Joaçaba - Herval d'Oeste;0;2024;258;0.0
2024;2024-45;Joinville;0;2024;12;0.0
2024;2024-45;Juiz de Fora;3;2024;2050;14.634146341463415
2024;2024-45;Linhares;0;2024;650;0.0
2024;2024-45;Maceió;0;2024;8;0.0
2024;2024-45;Manaus;3;2024;4770;6.289308176100628
2024;2024-45;Mantena;0;2024;112;0.0
2024;2024-45;Maringá;2;2024;3069;6.516780710329098
2024;2024-45;Marília;1;2024;1784;5.605381165919282
2024;2024-45;Monteiro;0;2024;11;0.0
2024;2024-45;Mossoró;0;2024;24;0.0
2024;2024-45;Natal;0;2024;18;0.0
2024;2024-45;Nazaré ¿ Maragogipe;0;2024;76;0.0
2024;2024-45;Nova Prata - Guaporé;1;2024;339;29.49852507374631
2024;2024-45;Oliveira;0;2024;587;0.0
2024;2024-45;Passo Fundo;0;2024;831;0.0
2024;2024-45;Passos;1;2024;614;16.286644951140065
2024;2024-45;Patos;0;2024;53;0.0
2024;2024-45;Pinheiro;0;2024;23;0.0
2024;2024-45;Pirapora;1;2024;239;41.84100418410041
2024;2024-45;Piumhi;0;2024;12;0.0
2024;2024-45;Ponte Nova;1;2024;29;344.82758620689657
2024;2024-45;Porto Alegre;15;2024;15338;9.779632285826052
2024;2024-45;Princesa Isabel;0;2024;42;0.0
2024;2024-45;Quirinópolis;0;2024;76;0.0
2024;2024-45;Resende;0;2024;460;0.0
2024;2024-45;Ribeirão Preto;5;2024;5172;9.667440061871616
2024;2024-45;Rio Claro;0;2024;333;0.0
2024;2024-45;Rio de Janeiro;53;2024;38026;13.937832009677589
2024;2024-45;Russas - Limoeiro do Norte;2;2024;1229;16.273393002441008
2024;2024-45;Salvador;21;2024;11852;17.71852851839352
2024;2024-45;Santa Cruz do Sul;0;2024;694;0.0
2024;2024-45;Santa Inês;0;2024;75;0.0
2024;2024-45;Santa Maria;2;2024;1076;18.587360594795538
2024;2024-45;Santa Maria da Vitoria;0;2024;11;0.0
2024;2024-45;Santana do Livramento;1;2024;137;72.99270072992701
2024;2024-45;Santos;0;2024;901;0.0
2024;2024-45;Serra Talhada;0;2024;82;0.0
2024;2024-45;Soledade;0;2024;84;0.0
2024;2024-45;São Miguel do Oeste;0;2024;287;0.0
2024;2024-45;São Paulo;98;2024;67129;14.5987576159335
2024;2024-45;Teófilo Otoni;3;2024;810;37.03703703703704
2024;2024-45;Toledo;0;2024;47;0.0
2024;2024-45;Uberaba;3;2024;1341;22.371364653243848
2024;2024-45;Uberlândia;5;2024;3401;14.701558365186711
2024;2024-45;Uruguaiana;0;2024;226;0.0
2024;2024-45;Valença;0;2024;41;0.0
2024;2024-45;Vitória;0;2024;37;0.0
2024;2024-45;Vitória da Conquista;0;2024;24;0.0
2024;2024-45;Volta Redonda - Barra Mansa;0;2024;1788;0.0
2024;2024-46;Afonso Cláudio - Venda Nova do Imigrante - Santa Maria de Jetibá;1;2024;625;16.0
2024;2024-46;Alegre;0;2024;335;0.0
2024;2024-46;Araranguá;1;2024;621;16.10305958132045
2024;2024-46;Atalaia;0;2024;36;0.0
2024;2024-46;Bagé;0;2024;167;0.0
2024;2024-46;Belo Horizonte;29;2024;23019;12.598288370476562
2024;2024-46;Belém;12;2024;8448;14.204545454545455
2024;2024-46;Bento Gonçalves;0;2024;386;0.0
2024;2024-46;Boa Vista;2;2024;789;25.348542458808616
2024;2024-46;Bragança Paulista;0;2024;23;0.0
2024;2024-46;Brumado;0;2024;297;0.0
2024;2024-46;Camacan;0;2024;2;0.0
2024;2024-46;Campina Grande;3;2024;1519;19.749835418038185
2024;2024-46;Campo Belo;0;2024;5;0.0
2024;2024-46;Campos dos Goytacazes;1;2024;924;10.822510822510823
2024;2024-46;Caratinga;0;2024;539;0.0
2024;2024-46;Carazinho;0;2024;53;0.0
2024;2024-46;Cascavel;0;2024;27;0.0
2024;2024-46;Catalão;2;2024;360;55.55555555555556
2024;2024-46;Catanduva;0;2024;1;0.0
2024;2024-46;Caxias do Sul;8;2024;2651;30.17729158807997
2024;2024-46;Ceres - Rialma - Goianésia;0;2024;20;0.0
2024;2024-46;Conceição do Coité;0;2024;30;0.0
2024;2024-46;Cruz Alta;1;2024;452;22.123893805309734
2024;2024-46;Curitiba;28;2024;14168;19.76284584980237
2024;2024-46;Curitibanos;0;2024;21;0.0
2024;2024-46;Distrito Federal;12;2024;12381;9.692270414344561
2024;2024-46;Frederico Westphalen;0;2024;276;0.0
2024;2024-46;Goiana ¿ Timbaúba;0;2024;210;0.0
2024;2024-46;Guarabira;0;2024;56;0.0
2024;2024-46;Guarapuava;0;2024;17;0.0
2024;2024-46;Gurupi;0;2024;23;0.0
2024;2024-46;Ijuí;1;2024;516;19.37984496124031
2024;2024-46;Imperatriz;0;2024;15;0.0
2024;2024-46;Itacoatiara;0;2024;51;0.0
2024;2024-46;Jaú;0;2024;143;0.0
2024;2024-46;Ji-Paraná;0;2024;6;0.0
2024;2024-46;Joaçaba - Herval d'Oeste;0;2024;258;0.0
2024;2024-46;Joinville;0;2024;12;0.0
2024;2024-46;Juiz de Fora;7;2024;2050;34.146341463414636
2024;2024-46;Linhares;2;2024;650;30.76923076923077
2024;2024-46;Maceió;0;2024;8;0.0
2024;2024-46;Manaus;5;2024;4770;10.482180293501049
2024;2024-46;Mantena;0;2024;112;0.0
2024;2024-46;Maringá;3;2024;3069;9.775171065493646
2024;2024-46;Marília;4;2024;1784;22.42152466367713
2024;2024-46;Monteiro;0;2024;11;0.0
2024;2024-46;Mossoró;0;2024;24;0.0
2024;2024-46;Natal;0;2024;18;0.0
2024;2024-46;Nazaré ¿ Maragogipe;0;2024;76;0.0
2024;2024-46;Nova Prata - Guaporé;1;2024;339;29.49852507374631
2024;2024-46;Oliveira;3;2024;587;51.10732538330494
2024;2024-46;Passo Fundo;1;2024;831;12.033694344163658
2024;2024-46;Passos;0;2024;614;0.0
2024;2024-46;Patos;0;2024;53;0.0
2024;2024-46;Pinheiro;0;2024;23;0.0
2024;2024-46;Pirapora;1;2024;239;41.84100418410041
2024;2024-46;Piumhi;0;2024;12;0.0
2024;2024-46;Ponte Nova;0;2024;29;0.0
2024;2024-46;Porto Alegre;15;2024;15338;9.779632285826052
2024;2024-46;Princesa Isabel;0;2024;42;0.0
2024;2024-46;Quirinópolis;0;2024;76;0.0
2024;2024-46;Resende;1;2024;460;21.73913043478261
2024;2024-46;Ribeirão Preto;4;2024;5172;7.733952049497294
2024;2024-46;Rio Claro;0;2024;333;0.0
2024;2024-46;Rio de Janeiro;52;2024;38026;13.674854047230841
2024;2024-46;Russas - Limoeiro do Norte;1;2024;1229;8.136696501220504
2024;2024-46;Salvador;16;2024;11852;13.499831252109349
2024;2024-46;Santa Cruz do Sul;1;2024;694;14.40922190201729
2024;2024-46;Santa Inês;0;2024;75;0.0
2024;2024-46;Santa Maria;1;2024;1076;9.293680297397769
2024;2024-46;Santa Maria da Vitoria;0;2024;11;0.0
2024;2024-46;Santana do Livramento;0;2024;137;0.0
2024;2024-46;Santos;0;2024;901;0.0
2024;2024-46;Serra Talhada;0;2024;82;0.0
2024;2024-46;Soledade;0;2024;84;0.0
2024;2024-46;São Miguel do Oeste;0;2024;287;0.0
2024;2024-46;São Paulo;89;2024;67129;13.258055385898793
2024;2024-46;Teófilo Otoni;0;2024;810;0.0
2024;2024-46;Toledo;0;2024;47;0.0
2024;2024-46;Uberaba;1;2024;1341;7.457121551081282
2024;2024-46;Uberlândia;7;2024;3401;20.582181711261395
2024;2024-46;Uruguaiana;0;2024;226;0.0
2024;2024-46;Valença;0;2024;41;0.0
2024;2024-46;Vitória;0;2024;37;0.0
2024;2024-46;Vitória da Conquista;0;2024;24;0.0
2024;2024-46;Volta Redonda - Barra Mansa;2;2024;1788;11.185682326621924
2024;2024-47;Afonso Cláudio - Venda Nova do Imigrante - Santa Maria de Jetibá;0;2024;625;0.0
2024;2024-47;Alegre;0;2024;335;0.0
2024;2024-47;Araranguá;0;2024;621;0.0
2024;2024-47;Atalaia;0;2024;36;0.0
2024;2024-47;Bagé;1;2024;167;59.880239520958085
2024;2024-47;Belo Horizonte;53;2024;23019;23.0244580563882
2024;2024-47;Belém;15;2024;8448;17.755681818181817
2024;2024-47;Bento Gonçalves;0;2024;386;0.0
2024;2024-47;Boa Vista;2;2024;789;25.348542458808616
2024;2024-47;Bragança Paulista;0;2024;23;0.0
2024;2024-47;Brumado;0;2024;297;0.0
2024;2024-47;Camacan;0;2024;2;0.0
2024;2024-47;Campina Grande;2;2024;1519;13.166556945358789
2024;2024-47;Campo Belo;0;2024;5;0.0
2024;2024-47;Campos dos Goytacazes;0;2024;924;0.0
2024;2024-47;Caratinga;0;2024;539;0.0
2024;2024-47;Carazinho;0;2024;53;0.0
2024;2024-47;Cascavel;0;2024;27;0.0
2024;2024-47;Catalão;1;2024;360;27.77777777777778
2024;2024-47;Catanduva;0;2024;1;0.0
2024;2024-47;Caxias do Sul;3;2024;2651;11.31648434552999
2024;2024-47;Ceres - Rialma - Goianésia;0;2024;20;0.0
2024;2024-47;Conceição do Coité;0;2024;30;0.0
2024;2024-47;Cruz Alta;1;2024;452;22.123893805309734
2024;2024-47;Curitiba;34;2024;14168;23.997741389045736
2024;2024-47;Curitibanos;0;2024;21;0.0
2024;2024-47;Distrito Federal;28;2024;12381;22.61529763347064
2024;2024-47;Frederico Westphalen;0;2024;276;0.0
2024;2024-47;Goiana ¿ Timbaúba;1;2024;210;47.61904761904762
2024;2024-47;Guarabira;0;2024;56;0.0
2024;2024-47;Guarapuava;0;2024;17;0.0
2024;2024-47;Gurupi;0;2024;23;0.0
2024;2024-47;Ijuí;1;2024;516;19.37984496124031
2024;2024-47;Imperatriz;0;2024;15;0.0
2024;2024-47;Itacoatiara;0;2024;51;0.0
2024;2024-47;Jaú;0;2024;143;0.0
2024;2024-47;Ji-Paraná;0;2024;6;0.0
2024;2024-47;Joaçaba - Herval d'Oeste;1;2024;258;38.75968992248062
2024;2024-47;Joinville;0;2024;12;0.0
2024;2024-47;Juiz de Fora;6;2024;2050;29.26829268292683
2024;2024-47;Linhares;1;2024;650;15.384615384615385
2024;2024-47;Maceió;0;2024;8;0.0
2024;2024-47;Manaus;3;2024;4770;6.289308176100628
2024;2024-47;Mantena;0;2024;112;0.0
2024;2024-47;Maringá;7;2024;3069;22.80873248615184
2024;2024-47;Marília;2;2024;1784;11.210762331838565
2024;2024-47;Monteiro;1;2024;11;909.0909090909091
2024;2024-47;Mossoró;0;2024;24;0.0
2024;2024-47;Natal;0;2024;18;0.0
2024;2024-47;Nazaré ¿ Maragogipe;0;2024;76;0.0
2024;2024-47;Nova Prata - Guaporé;0;2024;339;0.0
2024;2024-47;Oliveira;0;2024;587;0.0
2024;2024-47;Passo Fundo;3;2024;831;36.101083032490976
2024;2024-47;Passos;0;2024;614;0.0
2024;2024-47;Patos;0;2024;53;0.0
2024;2024-47;Pinheiro;0;2024;23;0.0
2024;2024-47;Pirapora;0;2024;239;0.0
2024;2024-47;Piumhi;0;2024;12;0.0
2024;2024-47;Ponte Nova;0;2024;29;0.0
2024;2024-47;Porto Alegre;17;2024;15338;11.083583257269526
2024;2024-47;Princesa Isabel;0;2024;42;0.0
2024;2024-47;Quirinópolis;0;2024;76;0.0
2024;2024-47;Resende;0;2024;460;0.0
2024;2024-47;Ribeirão Preto;13;2024;5172;25.135344160866204
2024;2024-47;Rio Claro;1;2024;333;30.03003003003003
2024;2024-47;Rio de Janeiro;50;2024;38026;13.148898122337348
2024;2024-47;Russas - Limoeiro do Norte;1;2024;1229;8.136696501220504
2024;2024-47;Salvador;23;2024;11852;19.406007424907187
2024;2024-47;Santa Cruz do Sul;1;2024;694;14.40922190201729
2024;2024-47;Santa Inês;0;2024;75;0.0
2024;2024-47;Santa Maria;4;2024;1076;37.174721189591075
2024;2024-47;Santa Maria da Vitoria;0;2024;11;0.0
2024;2024-47;Santana do Livramento;0;2024;137;0.0
2024;2024-47;Santos;0;2024;901;0.0
2024;2024-47;Serra Talhada;0;2024;82;0.0
2024;2024-47;Soledade;0;2024;84;0.0
2024;2024-47;São Miguel do Oeste;0;2024;287;0.0
2024;2024-47;São Paulo;110;2024;67129;16.386360589313114
2024;2024-47;Teófilo Otoni;1;2024;810;12.345679012345679
2024;2024-47;Toledo;0;2024;47;0.0
2024;2024-47;Uberaba;6;2024;1341;44.742729306487696
2024;2024-47;Uberlândia;5;2024;3401;14.701558365186711
2024;2024-47;Uruguaiana;0;2024;226;0.0
2024;2024-47;Valença;0;2024;41;0.0
2024;2024-47;Vitória;0;2024;37;0.0
2024;2024-47;Vitória da Conquista;0;2024;24;0.0
2024;2024-47;Volta Redonda - Barra Mansa;0;2024;1788;0.0
2024;2024-48;Afonso Cláudio - Venda Nova do Imigrante - Santa Maria de Jetibá;3;2024;625;47.99999999999999
2024;2024-48;Alegre;1;2024;335;29.850746268656717
2024;2024-48;Araranguá;4;2024;621;64.4122383252818
2024;2024-48;Atalaia;0;2024;36;0.0
2024;2024-48;Bagé;0;2024;167;0.0
2024;2024-48;Belo Horizonte;59;2024;23019;25.63100047786611
2024;2024-48;Belém;17;2024;8448;20.12310606060606
2024;2024-48;Bento Gonçalves;1;2024;386;25.906735751295336
2024;2024-48;Boa Vista;2;2024;789;25.348542458808616
2024;2024-48;Bragança Paulista;0;2024;23;0.0
2024;2024-48;Brumado;0;2024;297;0.0
2024;2024-48;Camacan;0;2024;2;0.0
2024;2024-48;Campina Grande;6;2024;1519;39.49967083607637
2024;2024-48;Campo Belo;0;2024;5;0.0
2024;2024-48;Campos dos Goytacazes;1;2024;924;10.822510822510823
2024;2024-48;Caratinga;4;2024;539;74.21150278293136
2024;2024-48;Carazinho;0;2024;53;0.0
2024;2024-48;Cascavel;0;2024;27;0.0
2024;2024-48;Catalão;2;2024;360;55.55555555555556
2024;2024-48;Catanduva;0;2024;1;0.0
2024;2024-48;Caxias do Sul;1;2024;2651;3.7721614485099964
2024;2024-48;Ceres - Rialma - Goianésia;0;2024;20;0.0
2024;2024-48;Conceição do Coité;0;2024;30;0.0
2024;2024-48;Cruz Alta;0;2024;452;0.0
2024;2024-48;Curitiba;32;2024;14168;22.58610954263128
2024;2024-48;Curitibanos;0;2024;21;0.0
2024;2024-48;Distrito Federal;34;2024;12381;27.46143284064292
2024;2024-48;Frederico Westphalen;1;2024;276;36.231884057971016
2024;2024-48;Goiana ¿ Timbaúba;0;2024;210;0.0
2024;2024-48;Guarabira;0;2024;56;0.0
2024;2024-48;Guarapuava;0;2024;17;0.0
2024;2024-48;Gurupi;0;2024;23;0.0
2024;2024-48;Ijuí;3;2024;516;58.13953488372093
2024;2024-48;Imperatriz;0;2024;15;0.0
2024;2024-48;Itacoatiara;0;2024;51;0.0
2024;2024-48;Jaú;0;2024;143;0.0
2024;2024-48;Ji-Paraná;0;2024;6;0.0
2024;2024-48;Joaçaba - Herval d'Oeste;1;2024;258;38.75968992248062
2024;2024-48;Joinville;0;2024;12;0.0
2024;2024-48;Juiz de Fora;6;2024;2050;29.26829268292683
2024;2024-48;Linhares;1;2024;650;15.384615384615385
2024;2024-48;Maceió;0;2024;8;0.0
2024;2024-48;Manaus;5;2024;4770;10.482180293501049
2024;2024-48;Mantena;0;2024;112;0.0
2024;2024-48;Maringá;3;2024;3069;9.775171065493646
2024;2024-48;Marília;3;2024;1784;16.81614349775785
2024;2024-48;Monteiro;0;2024;11;0.0
2024;2024-48;Mossoró;0;2024;24;0.0
2024;2024-48;Natal;0;2024;18;0.0
2024;2024-48;Nazaré ¿ Maragogipe;0;2024;76;0.0
2024;2024-48;Nova Prata - Guaporé;0;2024;339;0.0
2024;2024-48;Oliveira;1;2024;587;17.035775127768314
2024;2024-48;Passo Fundo;2;2024;831;24.067388688327316
2024;2024-48;Passos;1;2024;614;16.286644951140065
2024;2024-48;Patos;0;2024;53;0.0
2024;2024-48;Pinheiro;0;2024;23;0.0
2024;2024-48;Pirapora;0;2024;239;0.0
2024;2024-48;Piumhi;0;2024;12;0.0
2024;2024-48;Ponte Nova;0;2024;29;0.0
2024;2024-48;Porto Alegre;21;2024;15338;13.691485200156475
2024;2024-48;Princesa Isabel;0;2024;42;0.0
2024;2024-48;Quirinópolis;0;2024;76;0.0
2024;2024-48;Resende;1;2024;460;21.73913043478261
2024;2024-48;Ribeirão Preto;10;2024;5172;19.334880123743233
2024;2024-48;Rio Claro;0;2024;333;0.0
2024;2024-48;Rio de Janeiro;60;2024;38026;15.778677746804819
2024;2024-48;Russas - Limoeiro do Norte;1;2024;1229;8.136696501220504
2024;2024-48;Salvador;16;2024;11852;13.499831252109349
2024;2024-48;Santa Cruz do Sul;0;2024;694;0.0
2024;2024-48;Santa Inês;0;2024;75;0.0
2024;2024-48;Santa Maria;2;2024;1076;18.587360594795538
2024;2024-48;Santa Maria da Vitoria;0;2024;11;0.0
2024;2024-48;Santana do Livramento;0;2024;137;0.0
2024;2024-48;Santos;1;2024;901;11.098779134295228
2024;2024-48;Serra Talhada;0;2024;82;0.0
2024;2024-48;Soledade;0;2024;84;0.0
2024;2024-48;São Miguel do Oeste;1;2024;287;34.84320557491289
2024;2024-48;São Paulo;134;2024;67129;19.961566536072336
2024;2024-48;Teófilo Otoni;1;2024;810;12.345679012345679
2024;2024-48;Toledo;0;2024;47;0.0
2024;2024-48;Uberaba;1;2024;1341;7.457121551081282
2024;2024-48;Uberlândia;4;2024;3401;11.761246692149367
2024;2024-48;Uruguaiana;0;2024;226;0.0
2024;2024-48;Valença;0;2024;41;0.0
2024;2024-48;Vitória;0;2024;37;0.0
2024;2024-48;Vitória da Conquista;0;2024;24;0.0
2024;2024-48;Volta Redonda - Barra Mansa;5;2024;1788;27.964205816554813
2024;2024-49;Afonso Cláudio - Venda Nova do Imigrante - Santa Maria de Jetibá;7;2024;625;112.0
2024;2024-49;Alegre;0;2024;335;0.0
2024;2024-49;Araranguá;2;2024;621;32.2061191626409
2024;2024-49;Atalaia;0;2024;36;0.0
2024;2024-49;Bagé;0;2024;167;0.0
2024;2024-49;Belo Horizonte;66;2024;23019;28.671966636257007
2024;2024-49;Belém;21;2024;8448;24.857954545454547
2024;2024-49;Bento Gonçalves;0;2024;386;0.0
2024;2024-49;Boa Vista;4;2024;789;50.69708491761723
2024;2024-49;Bragança Paulista;0;2024;23;0.0
2024;2024-49;Brumado;0;2024;297;0.0
2024;2024-49;Camacan;0;2024;2;0.0
2024;2024-49;Campina Grande;6;2024;1519;39.49967083607637
2024;2024-49;Campo Belo;0;2024;5;0.0
2024;2024-49;Campos dos Goytacazes;0;2024;924;0.0
2024;2024-49;Caratinga;4;2024;539;74.21150278293136
2024;2024-49;Carazinho;4;2024;53;754.7169811320755
2024;2024-49;Cascavel;0;2024;27;0.0
2024;2024-49;Catalão;6;2024;360;166.66666666666666
2024;2024-49;Catanduva;0;2024;1;0.0
2024;2024-49;Caxias do Sul;6;2024;2651;22.63296869105998
2024;2024-49;Ceres - Rialma - Goianésia;0;2024;20;0.0
2024;2024-49;Conceição do Coité;0;2024;30;0.0
2024;2024-49;Cruz Alta;0;2024;452;0.0
2024;2024-49;Curitiba;40;2024;14168;28.2326369282891
2024;2024-49;Curitibanos;0;2024;21;0.0
2024;2024-49;Distrito Federal;33;2024;12381;26.65374363944754
2024;2024-49;Frederico Westphalen;0;2024;276;0.0
2024;2024-49;Goiana ¿ Timbaúba;0;2024;210;0.0
2024;2024-49;Guarabira;0;2024;56;0.0
2024;2024-49;Guarapuava;0;2024;17;0.0
2024;2024-49;Gurupi;0;2024;23;0.0
2024;2024-49;Ijuí;2;2024;516;38.75968992248062
2024;2024-49;Imperatriz;0;2024;15;0.0
2024;2024-49;Itacoatiara;0;2024;51;0.0
2024;2024-49;Jaú;1;2024;143;69.93006993006993
2024;2024-49;Ji-Paraná;0;2024;6;0.0
2024;2024-49;Joaçaba - Herval d'Oeste;2;2024;258;77.51937984496124
2024;2024-49;Joinville;0;2024;12;0.0
2024;2024-49;Juiz de Fora;5;2024;2050;24.390243902439025
2024;2024-49;Linhares;5;2024;650;76.92307692307693
2024;2024-49;Maceió;0;2024;8;0.0
2024;2024-49;Manaus;14;2024;4770;29.350104821802937
2024;2024-49;Mantena;0;2024;112;0.0
2024;2024-49;Maringá;5;2024;3069;16.291951775822742
2024;2024-49;Marília;6;2024;1784;33.6322869955157
2024;2024-49;Monteiro;0;2024;11;0.0
2024;2024-49;Mossoró;0;2024;24;0.0
2024;2024-49;Natal;0;2024;18;0.0
2024;2024-49;Nazaré ¿ Maragogipe;0;2024;76;0.0
2024;2024-49;Nova Prata - Guaporé;0;2024;339;0.0
2024;2024-49;Oliveira;2;2024;587;34.07155025553663
2024;2024-49;Passo Fundo;2;2024;831;24.067388688327316
2024;2024-49;Passos;1;2024;614;16.286644951140065
2024;2024-49;Patos;0;2024;53;0.0
2024;2024-49;Pinheiro;0;2024;23;0.0
2024;2024-49;Pirapora;0;2024;239;0.0
2024;2024-49;Piumhi;0;2024;12;0.0
2024;2024-49;Ponte Nova;0;2024;29;0.0
2024;2024-49;Porto Alegre;31;2024;15338;20.211240057373843
2024;2024-49;Princesa Isabel;0;2024;42;0.0
2024;2024-49;Quirinópolis;0;2024;76;0.0
2024;2024-49;Resende;0;2024;460;0.0
2024;2024-49;Ribeirão Preto;16;2024;5172;30.935808197989175
2024;2024-49;Rio Claro;0;2024;333;0.0
2024;2024-49;Rio de Janeiro;57;2024;38026;14.989743859464577
2024;2024-49;Russas - Limoeiro do Norte;3;2024;1229;24.410089503661514
2024;2024-49;Salvador;21;2024;11852;17.71852851839352
2024;2024-49;Santa Cruz do Sul;1;2024;694;14.40922190201729
2024;2024-49;Santa Inês;0;2024;75;0.0
2024;2024-49;Santa Maria;3;2024;1076;27.881040892193308
2024;2024-49;Santa Maria da Vitoria;0;2024;11;0.0
2024;2024-49;Santana do Livramento;0;2024;137;0.0
2024;2024-49;Santos;0;2024;901;0.0
2024;2024-49;Serra Talhada;0;2024;82;0.0
2024;2024-49;Soledade;0;2024;84;0.0
2024;2024-49;São Miguel do Oeste;0;2024;287;0.0
2024;2024-49;São Paulo;126;2024;67129;18.76983122048593
2024;2024-49;Teófilo Otoni;3;2024;810;37.03703703703704
2024;2024-49;Toledo;0;2024;47;0.0
2024;2024-49;Uberaba;4;2024;1341;29.828486204325127
2024;2024-49;Uberlândia;2;2024;3401;5.8806233460746835
2024;2024-49;Uruguaiana;0;2024;226;0.0
2024;2024-49;Valença;0;2024;41;0.0
2024;2024-49;Vitória;0;2024;37;0.0
2024;2024-49;Vitória da Conquista;0;2024;24;0.0
2024;2024-49;Volta Redonda - Barra Mansa;0;2024;1788;0.0
2024;2024-50;Afonso Cláudio - Venda Nova do Imigrante - Santa Maria de Jetibá;4;2024;625;64.0
2024;2024-50;Alegre;0;2024;335;0.0
2024;2024-50;Araranguá;1;2024;621;16.10305958132045
2024;2024-50;Atalaia;0;2024;36;0.0
2024;2024-50;Bagé;0;2024;167;0.0
2024;2024-50;Belo Horizonte;90;2024;23019;39.09813632216865
2024;2024-50;Belém;10;2024;8448;11.837121212121213
2024;2024-50;Bento Gonçalves;0;2024;386;0.0
2024;2024-50;Boa Vista;0;2024;789;0.0
2024;2024-50;Bragança Paulista;0;2024;23;0.0
2024;2024-50;Brumado;0;2024;297;0.0
2024;2024-50;Camacan;0;2024;2;0.0
2024;2024-50;Campina Grande;1;2024;1519;6.583278472679394
2024;2024-50;Campo Belo;0;2024;5;0.0
2024;2024-50;Campos dos Goytacazes;4;2024;924;43.29004329004329
2024;2024-50;Caratinga;0;2024;539;0.0
2024;2024-50;Carazinho;1;2024;53;188.67924528301887
2024;2024-50;Cascavel;0;2024;27;0.0
2024;2024-50;Catalão;1;2024;360;27.77777777777778
2024;2024-50;Catanduva;0;2024;1;0.0
2024;2024-50;Caxias do Sul;3;2024;2651;11.31648434552999
2024;2024-50;Ceres - Rialma - Goianésia;0;2024;20;0.0
2024;2024-50;Conceição do Coité;0;2024;30;0.0
2024;2024-50;Cruz Alta;1;2024;452;22.123893805309734
2024;2024-50;Curitiba;21;2024;14168;14.822134387351777
2024;2024-50;Curitibanos;0;2024;21;0.0
2024;2024-50;Distrito Federal;21;2024;12381;16.96147322510298
2024;2024-50;Frederico Westphalen;2;2024;276;72.46376811594203
2024;2024-50;Goiana ¿ Timbaúba;1;2024;210;47.61904761904762
2024;2024-50;Guarabira;1;2024;56;178.57142857142856
2024;2024-50;Guarapuava;0;2024;17;0.0
2024;2024-50;Gurupi;0;2024;23;0.0
2024;2024-50;Ijuí;1;2024;516;19.37984496124031
2024;2024-50;Imperatriz;0;2024;15;0.0
2024;2024-50;Itacoatiara;0;2024;51;0.0
2024;2024-50;Jaú;0;2024;143;0.0
2024;2024-50;Ji-Paraná;0;2024;6;0.0
2024;2024-50;Joaçaba - Herval d'Oeste;1;2024;258;38.75968992248062
2024;2024-50;Joinville;0;2024;12;0.0
2024;2024-50;Juiz de Fora;2;2024;2050;9.75609756097561
2024;2024-50;Linhares;1;2024;650;15.384615384615385
2024;2024-50;Maceió;0;2024;8;0.0
2024;2024-50;Manaus;9;2024;4770;18.867924528301888
2024;2024-50;Mantena;0;2024;112;0.0
2024;2024-50;Maringá;7;2024;3069;22.80873248615184
2024;2024-50;Marília;5;2024;1784;28.026905829596412
2024;2024-50;Monteiro;0;2024;11;0.0
2024;2024-50;Mossoró;0;2024;24;0.0
2024;2024-50;Natal;0;2024;18;0.0
2024;2024-50;Nazaré ¿ Maragogipe;0;2024;76;0.0
2024;2024-50;Nova Prata - Guaporé;0;2024;339;0.0
2024;2024-50;Oliveira;0;2024;587;0.0
2024;2024-50;Passo Fundo;2;2024;831;24.067388688327316
2024;2024-50;Passos;0;2024;614;0.0
2024;2024-50;Patos;0;2024;53;0.0
2024;2024-50;Pinheiro;0;2024;23;0.0
2024;2024-50;Pirapora;5;2024;239;209.20502092050208
2024;2024-50;Piumhi;0;2024;12;0.0
2024;2024-50;Ponte Nova;0;2024;29;0.0
2024;2024-50;Porto Alegre;15;2024;15338;9.779632285826052
2024;2024-50;Princesa Isabel;0;2024;42;0.0
2024;2024-50;Quirinópolis;0;2024;76;0.0
2024;2024-50;Resende;0;2024;460;0.0
2024;2024-50;Ribeirão Preto;19;2024;5172;36.736272235112146
2024;2024-50;Rio Claro;0;2024;333;0.0
2024;2024-50;Rio de Janeiro;76;2024;38026;19.98632514595277
2024;2024-50;Russas - Limoeiro do Norte;0;2024;1229;0.0
2024;2024-50;Salvador;24;2024;11852;20.249746878164025
2024;2024-50;Santa Cruz do Sul;3;2024;694;43.22766570605188
2024;2024-50;Santa Inês;0;2024;75;0.0
2024;2024-50;Santa Maria;2;2024;1076;18.587360594795538
2024;2024-50;Santa Maria da Vitoria;0;2024;11;0.0
2024;2024-50;Santana do Livramento;0;2024;137;0.0
2024;2024-50;Santos;0;2024;901;0.0
2024;2024-50;Serra Talhada;0;2024;82;0.0
2024;2024-50;Soledade;0;2024;84;0.0
2024;2024-50;São Miguel do Oeste;1;2024;287;34.84320557491289
2024;2024-50;São Paulo;145;2024;67129;21.60020259500365
2024;2024-50;Teófilo Otoni;0;2024;810;0.0
2024;2024-50;Toledo;0;2024;47;0.0
2024;2024-50;Uberaba;3;2024;1341;22.371364653243848
2024;2024-50;Uberlândia;8;2024;3401;23.522493384298734
2024;2024-50;Uruguaiana;0;2024;226;0.0
2024;2024-50;Valença;0;2024;41;0.0
2024;2024-50;Vitória;0;2024;37;0.0
2024;2024-50;Vitória da Conquista;0;2024;24;0.0
2024;2024-50;Volta Redonda - Barra Mansa;1;2024;1788;5.592841163310962
2024;2024-51;Afonso Cláudio - Venda Nova do Imigrante - Santa Maria de Jetibá;6;2024;625;95.99999999999999
2024;2024-51;Alegre;0;2024;335;0.0
2024;2024-51;Araranguá;0;2024;621;0.0
2024;2024-51;Atalaia;0;2024;36;0.0
2024;2024-51;Bagé;1;2024;167;59.880239520958085
2024;2024-51;Belo Horizonte;66;2024;23019;28.671966636257007
2024;2024-51;Belém;12;2024;8448;14.204545454545455
2024;2024-51;Bento Gonçalves;0;2024;386;0.0
2024;2024-51;Boa Vista;3;2024;789;38.02281368821293
2024;2024-51;Bragança Paulista;0;2024;23;0.0
2024;2024-51;Brumado;3;2024;297;101.01010101010102
2024;2024-51;Camacan;0;2024;2;0.0
2024;2024-51;Campina Grande;2;2024;1519;13.166556945358789
2024;2024-51;Campo Belo;0;2024;5;0.0
2024;2024-51;Campos dos Goytacazes;2;2024;924;21.645021645021647
2024;2024-51;Caratinga;3;2024;539;55.65862708719852
2024;2024-51;Carazinho;4;2024;53;754.7169811320755
2024;2024-51;Cascavel;1;2024;27;370.3703703703703
2024;2024-51;Catalão;4;2024;360;111.11111111111111
2024;2024-51;Catanduva;0;2024;1;0.0
2024;2024-51;Caxias do Sul;1;2024;2651;3.7721614485099964
2024;2024-51;Ceres - Rialma - Goianésia;0;2024;20;0.0
2024;2024-51;Conceição do Coité;1;2024;30;333.3333333333333
2024;2024-51;Cruz Alta;0;2024;452;0.0
2024;2024-51;Curitiba;33;2024;14168;23.29192546583851
2024;2024-51;Curitibanos;0;2024;21;0.0
2024;2024-51;Distrito Federal;36;2024;12381;29.07681124303368
2024;2024-51;Frederico Westphalen;0;2024;276;0.0
2024;2024-51;Goiana ¿ Timbaúba;0;2024;210;0.0
2024;2024-51;Guarabira;0;2024;56;0.0
2024;2024-51;Guarapuava;0;2024;17;0.0
2024;2024-51;Gurupi;0;2024;23;0.0
2024;2024-51;Ijuí;0;2024;516;0.0
2024;2024-51;Imperatriz;0;2024;15;0.0
2024;2024-51;Itacoatiara;0;2024;51;0.0
2024;2024-51;Jaú;0;2024;143;0.0
2024;2024-51;Ji-Paraná;0;2024;6;0.0
2024;2024-51;Joaçaba - Herval d'Oeste;5;2024;258;193.7984496124031
2024;2024-51;Joinville;0;2024;12;0.0
2024;2024-51;Juiz de Fora;3;2024;2050;14.634146341463415
2024;2024-51;Linhares;4;2024;650;61.53846153846154
2024;2024-51;Maceió;0;2024;8;0.0
2024;2024-51;Manaus;2;2024;4770;4.192872117400419
2024;2024-51;Mantena;0;2024;112;0.0
2024;2024-51;Maringá;5;2024;3069;16.291951775822742
2024;2024-51;Marília;14;2024;1784;78.47533632286995
2024;2024-51;Monteiro;0;2024;11;0.0
2024;2024-51;Mossoró;0;2024;24;0.0
2024;2024-51;Natal;0;2024;18;0.0
2024;2024-51;Nazaré ¿ Maragogipe;0;2024;76;0.0
2024;2024-51;Nova Prata - Guaporé;0;2024;339;0.0
2024;2024-51;Oliveira;0;2024;587;0.0
2024;2024-51;Passo Fundo;4;2024;831;48.13477737665463
2024;2024-51;Passos;2;2024;614;32.57328990228013
2024;2024-51;Patos;0;2024;53;0.0
2024;2024-51;Pinheiro;0;2024;23;0.0
2024;2024-51;Pirapora;2;2024;239;83.68200836820083
2024;2024-51;Piumhi;0;2024;12;0.0
2024;2024-51;Ponte Nova;0;2024;29;0.0
2024;2024-51;Porto Alegre;13;2024;15338;8.475681314382578
2024;2024-51;Princesa Isabel;0;2024;42;0.0
2024;2024-51;Quirinópolis;0;2024;76;0.0
2024;2024-51;Resende;1;2024;460;21.73913043478261
2024;2024-51;Ribeirão Preto;14;2024;5172;27.068832173240526
2024;2024-51;Rio Claro;0;2024;333;0.0
2024;2024-51;Rio de Janeiro;81;2024;38026;21.301214958186506
2024;2024-51;Russas - Limoeiro do Norte;3;2024;1229;24.410089503661514
2024;2024-51;Salvador;33;2024;11852;27.843401957475532
2024;2024-51;Santa Cruz do Sul;2;2024;694;28.81844380403458
2024;2024-51;Santa Inês;0;2024;75;0.0
2024;2024-51;Santa Maria;1;2024;1076;9.293680297397769
2024;2024-51;Santa Maria da Vitoria;0;2024;11;0.0
2024;2024-51;Santana do Livramento;0;2024;137;0.0
2024;2024-51;Santos;0;2024;901;0.0
2024;2024-51;Serra Talhada;0;2024;82;0.0
2024;2024-51;Soledade;0;2024;84;0.0
2024;2024-51;São Miguel do Oeste;4;2024;287;139.37282229965157
2024;2024-51;São Paulo;187;2024;67129;27.856813001832293
2024;2024-51;Teófilo Otoni;2;2024;810;24.691358024691358
2024;2024-51;Toledo;0;2024;47;0.0
2024;2024-51;Uberaba;6;2024;1341;44.742729306487696
2024;2024-51;Uberlândia;10;2024;3401;29.403116730373423
2024;2024-51;Uruguaiana;0;2024;226;0.0
2024;2024-51;Valença;0;2024;41;0.0
2024;2024-51;Vitória;0;2024;37;0.0
2024;2024-51;Vitória da Conquista;0;2024;24;0.0
2024;2024-51;Volta Redonda - Barra Mansa;3;2024;1788;16.778523489932887
2024;2024-52;Afonso Cláudio - Venda Nova do Imigrante - Santa Maria de Jetibá;9;2024;625;144.0
2024;2024-52;Alegre;0;2024;335;0.0
2024;2024-52;Araranguá;0;2024;621;0.0
2024;2024-52;Atalaia;0;2024;36;0.0
2024;2024-52;Bagé;0;2024;167;0.0
2024;2024-52;Belo Horizonte;55;2024;23019;23.89330553021417
2024;2024-52;Belém;24;2024;8448;28.40909090909091
2024;2024-52;Bento Gonçalves;0;2024;386;0.0
2024;2024-52;Boa Vista;0;2024;789;0.0
2024;2024-52;Bragança Paulista;0;2024;23;0.0
2024;2024-52;Brumado;0;2024;297;0.0
2024;2024-52;Camacan;0;2024;2;0.0
2024;2024-52;Campina Grande;3;2024;1519;19.749835418038185
2024;2024-52;Campo Belo;0;2024;5;0.0
2024;2024-52;Campos dos Goytacazes;3;2024;924;32.46753246753247
2024;2024-52;Caratinga;3;2024;539;55.65862708719852
2024;2024-52;Carazinho;1;2024;53;188.67924528301887
2024;2024-52;Cascavel;0;2024;27;0.0
2024;2024-52;Catalão;0;2024;360;0.0
2024;2024-52;Catanduva;0;2024;1;0.0
2024;2024-52;Caxias do Sul;0;2024;2651;0.0
2024;2024-52;Ceres - Rialma - Goianésia;0;2024;20;0.0
2024;2024-52;Conceição do Coité;0;2024;30;0.0
2024;2024-52;Cruz Alta;0;2024;452;0.0
2024;2024-52;Curitiba;48;2024;14168;33.87916431394692
2024;2024-52;Curitibanos;0;2024;21;0.0
2024;2024-52;Distrito Federal;22;2024;12381;17.76916242629836
2024;2024-52;Frederico Westphalen;1;2024;276;36.231884057971016
2024;2024-52;Goiana ¿ Timbaúba;0;2024;210;0.0
2024;2024-52;Guarabira;0;2024;56;0.0
2024;2024-52;Guarapuava;0;2024;17;0.0
2024;2024-52;Gurupi;0;2024;23;0.0
2024;2024-52;Ijuí;3;2024;516;58.13953488372093
2024;2024-52;Imperatriz;0;2024;15;0.0
2024;2024-52;Itacoatiara;0;2024;51;0.0
2024;2024-52;Jaú;0;2024;143;0.0
2024;2024-52;Ji-Paraná;0;2024;6;0.0
2024;2024-52;Joaçaba - Herval d'Oeste;4;2024;258;155.03875968992247
2024;2024-52;Joinville;0;2024;12;0.0
2024;2024-52;Juiz de Fora;4;2024;2050;19.51219512195122
2024;2024-52;Linhares;2;2024;650;30.76923076923077
2024;2024-52;Maceió;0;2024;8;0.0
2024;2024-52;Manaus;5;2024;4770;10.482180293501049
2024;2024-52;Mantena;0;2024;112;0.0
2024;2024-52;Maringá;6;2024;3069;19.550342130987293
2024;2024-52;Marília;18;2024;1784;100.89686098654708
2024;2024-52;Monteiro;0;2024;11;0.0
2024;2024-52;Mossoró;0;2024;24;0.0
2024;2024-52;Natal;0;2024;18;0.0
2024;2024-52;Nazaré ¿ Maragogipe;0;2024;76;0.0
2024;2024-52;Nova Prata - Guaporé;2;2024;339;58.99705014749262
2024;2024-52;Oliveira;0;2024;587;0.0
2024;2024-52;Passo Fundo;2;2024;831;24.067388688327316
2024;2024-52;Passos;2;2024;614;32.57328990228013
2024;2024-52;Patos;0;2024;53;0.0
2024;2024-52;Pinheiro;0;2024;23;0.0
2024;2024-52;Pirapora;0;2024;239;0.0
2024;2024-52;Piumhi;0;2024;12;0.0
2024;2024-52;Ponte Nova;0;2024;29;0.0
2024;2024-52;Porto Alegre;11;2024;15338;7.171730342939106
2024;2024-52;Princesa Isabel;0;2024;42;0.0
2024;2024-52;Quirinópolis;0;2024;76;0.0
2024;2024-52;Resende;2;2024;460;43.47826086956522
2024;2024-52;Ribeirão Preto;16;2024;5172;30.935808197989175
2024;2024-52;Rio Claro;0;2024;333;0.0
2024;2024-52;Rio de Janeiro;84;2024;38026;22.090148845526745
2024;2024-52;Russas - Limoeiro do Norte;1;2024;1229;8.136696501220504
2024;2024-52;Salvador;20;2024;11852;16.874789065136685
2024;2024-52;Santa Cruz do Sul;1;2024;694;14.40922190201729
2024;2024-52;Santa Inês;0;2024;75;0.0
2024;2024-52;Santa Maria;2;2024;1076;18.587360594795538
2024;2024-52;Santa Maria da Vitoria;0;2024;11;0.0
2024;2024-52;Santana do Livramento;0;2024;137;0.0
2024;2024-52;Santos;0;2024;901;0.0
2024;2024-52;Serra Talhada;0;2024;82;0.0
2024;2024-52;Soledade;0;2024;84;0.0
2024;2024-52;São Miguel do Oeste;0;2024;287;0.0
2024;2024-52;São Paulo;180;2024;67129;26.814044600694185
2024;2024-52;Teófilo Otoni;0;2024;810;0.0
2024;2024-52;Toledo;0;2024;47;0.0
2024;2024-52;Uberaba;2;2024;1341;14.914243102162564
2024;2024-52;Uberlândia;13;2024;3401;38.22405174948545
2024;2024-52;Uruguaiana;1;2024;226;44.24778761061947
2024;2024-52;Valença;0;2024;41;0.0
2024;2024-52;Vitória;0;2024;37;0.0
2024;2024-52;Vitória da Conquista;0;2024;24;0.0
2024;2024-52;Volta Redonda - Barra Mansa;2;2024;1788;11.185682326621924
2024;2024-53;Afonso Cláudio - Venda Nova do Imigrante - Santa Maria de Jetibá;1;2024;625;16.0
2024;2024-53;Alegre;0;2024;335;0.0
2024;2024-53;Araranguá;0;2024;621;0.0
2024;2024-53;Atalaia;0;2024;36;0.0
2024;2024-53;Bagé;0;2024;167;0.0
2024;2024-53;Belo Horizonte;18;2024;23019;7.819627264433729
2024;2024-53;Belém;3;2024;8448;3.5511363636363638
2024;2024-53;Bento Gonçalves;0;2024;386;0.0
2024;2024-53;Boa Vista;2;2024;789;25.348542458808616
2024;2024-53;Bragança Paulista;0;2024;23;0.0
2024;2024-53;Brumado;1;2024;297;33.67003367003367
2024;2024-53;Camacan;0;2024;2;0.0
2024;2024-53;Campina Grande;0;2024;1519;0.0
2024;2024-53;Campo Belo;0;2024;5;0.0
2024;2024-53;Campos dos Goytacazes;1;2024;924;10.822510822510823
2024;2024-53;Caratinga;0;2024;539;0.0
2024;2024-53;Carazinho;0;2024;53;0.0
2024;2024-53;Cascavel;0;2024;27;0.0
2024;2024-53;Catalão;0;2024;360;0.0
2024;2024-53;Catanduva;0;2024;1;0.0
2024;2024-53;Caxias do Sul;1;2024;2651;3.7721614485099964
2024;2024-53;Ceres - Rialma - Goianésia;0;2024;20;0.0
2024;2024-53;Conceição do Coité;0;2024;30;0.0
2024;2024-53;Cruz Alta;0;2024;452;0.0
2024;2024-53;Curitiba;10;2024;14168;7.058159232072275
2024;2024-53;Curitibanos;0;2024;21;0.0
2024;2024-53;Distrito Federal;13;2024;12381;10.49995961553994
2024;2024-53;Frederico Westphalen;0;2024;276;0.0
2024;2024-53;Goiana ¿ Timbaúba;0;2024;210;0.0
2024;2024-53;Guarabira;0;2024;56;0.0
2024;2024-53;Guarapuava;0;2024;17;0.0
2024;2024-53;Gurupi;0;2024;23;0.0
2024;2024-53;Ijuí;0;2024;516;0.0
2024;2024-53;Imperatriz;0;2024;15;0.0
2024;2024-53;Itacoatiara;0;2024;51;0.0
2024;2024-53;Jaú;0;2024;143;0.0
2024;2024-53;Ji-Paraná;0;2024;6;0.0
2024;2024-53;Joaçaba - Herval d'Oeste;0;2024;258;0.0
2024;2024-53;Joinville;0;2024;12;0.0
2024;2024-53;Juiz de Fora;0;2024;2050;0.0
2024;2024-53;Linhares;0;2024;650;0.0
2024;2024-53;Maceió;0;2024;8;0.0
2024;2024-53;Manaus;0;2024;4770;0.0
2024;2024-53;Mantena;0;2024;112;0.0
2024;2024-53;Maringá;3;2024;3069;9.775171065493646
2024;2024-53;Marília;3;2024;1784;16.81614349775785
2024;2024-53;Monteiro;0;2024;11;0.0
2024;2024-53;Mossoró;0;2024;24;0.0
2024;2024-53;Natal;0;2024;18;0.0
2024;2024-53;Nazaré ¿ Maragogipe;0;2024;76;0.0
2024;2024-53;Nova Prata - Guaporé;1;2024;339;29.49852507374631
2024;2024-53;Oliveira;1;2024;587;17.035775127768314
2024;2024-53;Passo Fundo;0;2024;831;0.0
2024;2024-53;Passos;0;2024;614;0.0
2024;2024-53;Patos;0;2024;53;0.0
2024;2024-53;Pinheiro;0;2024;23;0.0
2024;2024-53;Pirapora;0;2024;239;0.0
2024;2024-53;Piumhi;0;2024;12;0.0
2024;2024-53;Ponte Nova;0;2024;29;0.0
2024;2024-53;Porto Alegre;4;2024;15338;2.607901942886947
2024;2024-53;Princesa Isabel;0;2024;42;0.0
2024;2024-53;Quirinópolis;0;2024;76;0.0
2024;2024-53;Resende;1;2024;460;21.73913043478261
2024;2024-53;Ribeirão Preto;7;2024;5172;13.534416086620263
2024;2024-53;Rio Claro;0;2024;333;0.0
2024;2024-53;Rio de Janeiro;31;2024;38026;8.152316835849156
2024;2024-53;Russas - Limoeiro do Norte;0;2024;1229;0.0
2024;2024-53;Salvador;13;2024;11852;10.968612892338847
2024;2024-53;Santa Cruz do Sul;0;2024;694;0.0
2024;2024-53;Santa Inês;0;2024;75;0.0
2024;2024-53;Santa Maria;1;2024;1076;9.293680297397769
2024;2024-53;Santa Maria da Vitoria;0;2024;11;0.0
2024;2024-53;Santana do Livramento;0;2024;137;0.0
2024;2024-53;Santos;0;2024;901;0.0
2024;2024-53;Serra Talhada;1;2024;82;121.95121951219512
2024;2024-53;Soledade;0;2024;84;0.0
2024;2024-53;São Miguel do Oeste;0;2024;287;0.0
2024;2024-53;São Paulo;62;2024;67129;9.235948695794663
2024;2024-53;Teófilo Otoni;0;2024;810;0.0
2024;2024-53;Toledo;0;2024;47;0.0
2024;2024-53;Uberaba;0;2024;1341;0.0
2024;2024-53;Uberlândia;4;2024;3401;11.761246692149367
2024;2024-53;Uruguaiana;0;2024;226;0.0
2024;2024-53;Valença;0;2024;41;0.0
2024;2024-53;Vitória;0;2024;37;0.0
2024;2024-53;Vitória da Conquista;0;2024;24;0.0
2024;2024-53;Volta Redonda - Barra Mansa;0;2024;1788;0.0
